priority,state,id,name,layer,lat,lng,risk_signals,recommended_action,notes
P1,CA,s271,Eastern Sierra Visitor Center,Modern Campgrounds,36.5785973,-118.0559839,proxy-feature wording/name (review if used as exact campsite); Modern layer lacks visible modern-service proof in record text; legacy active row has no visible source URL,"High-priority manual review: possible wrong feature, wrong access type, fake precision, or contradicted service layer.",Automated risk flag only; user-approved nuance: boondocking/community vagueness and park/campground entrances are not automatic defects.
P1,CA,s802,San Onofre Beach,Modern Campgrounds,33.3728077,-117.5656012,proxy-feature wording/name (review if used as exact campsite); Modern layer lacks visible modern-service proof in record text; legacy active row has no visible source URL,"High-priority manual review: possible wrong feature, wrong access type, fake precision, or contradicted service layer.",Automated risk flag only; user-approved nuance: boondocking/community vagueness and park/campground entrances are not automatic defects.
P1,DE,s90,Big Oaks Campground,Private Campgrounds,38.7387651,-75.1312004,proxy-feature wording/name (review if used as exact campsite),"High-priority manual review: possible wrong feature, wrong access type, fake precision, or contradicted service layer.",Automated risk flag only; user-approved nuance: boondocking/community vagueness and park/campground entrances are not automatic defects.
P1,IA,ia-v23196-bridge-view-campground-rathbun,Bridgeview / Bridge View Campground,Modern Campgrounds,40.878611,-93.026667,vague/uncertain wording in non-boondocking record; Modern layer lacks visible modern-service proof in record text,"High-priority manual review: possible wrong feature, wrong access type, fake precision, or contradicted service layer.",Automated risk flag only; user-approved nuance: boondocking/community vagueness and park/campground entrances are not automatic defects.
P1,IA,ia-v23196-buck-creek-campground-rathbun,Buck Creek Campground,Modern Campgrounds,40.843705,-92.872074,proxy-feature wording/name (review if used as exact campsite); vague/uncertain wording in non-boondocking record,"High-priority manual review: possible wrong feature, wrong access type, fake precision, or contradicted service layer.",Automated risk flag only; user-approved nuance: boondocking/community vagueness and park/campground entrances are not automatic defects.
P1,IA,s395,Hills Access,Modern Campgrounds,41.5576137,-91.5213163,Modern layer conflicts with rustic/no-service wording; legacy active row has no visible source URL,"High-priority manual review: possible wrong feature, wrong access type, fake precision, or contradicted service layer.",Automated risk flag only; user-approved nuance: boondocking/community vagueness and park/campground entrances are not automatic defects.
P1,IA,ia-v23196-howell-station-campground-red-rock,Howell Station Campground,Modern Campgrounds,41.365034,-92.973747,vague/uncertain wording in non-boondocking record,"High-priority manual review: possible wrong feature, wrong access type, fake precision, or contradicted service layer.",Automated risk flag only; user-approved nuance: boondocking/community vagueness and park/campground entrances are not automatic defects.
P1,IA,s431,Iowa,Modern Campgrounds,41.9192188,-92.9997489,proxy-feature wording/name (review if used as exact campsite); Modern layer lacks visible modern-service proof in record text; legacy active row has no visible source URL,"High-priority manual review: possible wrong feature, wrong access type, fake precision, or contradicted service layer.",Automated risk flag only; user-approved nuance: boondocking/community vagueness and park/campground entrances are not automatic defects.
P1,IA,ia-v23196-island-view-campground-rathbun,Island View Campground,Modern Campgrounds,40.834738,-92.918844,vague/uncertain wording in non-boondocking record; Modern layer lacks visible modern-service proof in record text; access wording suggests Boat / Backpack review,"High-priority manual review: possible wrong feature, wrong access type, fake precision, or contradicted service layer.",Automated risk flag only; user-approved nuance: boondocking/community vagueness and park/campground entrances are not automatic defects.
P1,IA,ia-v23196-ivans-campground-red-rock,Ivans / Ivan’s Campground,Modern Campgrounds,41.360381,-92.972866,proxy-feature wording/name (review if used as exact campsite); vague/uncertain wording in non-boondocking record; Modern layer lacks visible modern-service proof in record text,"High-priority manual review: possible wrong feature, wrong access type, fake precision, or contradicted service layer.",Automated risk flag only; user-approved nuance: boondocking/community vagueness and park/campground entrances are not automatic defects.
P1,IA,ia-v23196-linder-point-campground-coralville,Linder Point Campground,Modern Campgrounds,41.725266,-91.541398,proxy-feature wording/name (review if used as exact campsite); vague/uncertain wording in non-boondocking record,"High-priority manual review: possible wrong feature, wrong access type, fake precision, or contradicted service layer.",Automated risk flag only; user-approved nuance: boondocking/community vagueness and park/campground entrances are not automatic defects.
P1,IA,ia-v23196-north-overlook-campground-red-rock,North Overlook Campground,Modern Campgrounds,41.380275,-92.969922,vague/uncertain wording in non-boondocking record; Modern layer conflicts with rustic/no-service wording,"High-priority manual review: possible wrong feature, wrong access type, fake precision, or contradicted service layer.",Automated risk flag only; user-approved nuance: boondocking/community vagueness and park/campground entrances are not automatic defects.
P1,IA,ia-v23196-prairie-ridge-campground-rathbun,Prairie Ridge Campground,Modern Campgrounds,40.840185,-92.881332,vague/uncertain wording in non-boondocking record,"High-priority manual review: possible wrong feature, wrong access type, fake precision, or contradicted service layer.",Automated risk flag only; user-approved nuance: boondocking/community vagueness and park/campground entrances are not automatic defects.
P1,IA,ia-v23196-sandy-beach-campground-coralville,Sandy Beach Campground,Modern Campgrounds,41.814652,-91.599785,proxy-feature wording/name (review if used as exact campsite); vague/uncertain wording in non-boondocking record; Modern layer conflicts with rustic/no-service wording,"High-priority manual review: possible wrong feature, wrong access type, fake precision, or contradicted service layer.",Automated risk flag only; user-approved nuance: boondocking/community vagueness and park/campground entrances are not automatic defects.
P1,IA,ia-v23196-sugar-bottom-campground-coralville,Sugar Bottom Campground,Modern Campgrounds,41.763484,-91.560751,vague/uncertain wording in non-boondocking record; access wording suggests Boat / Backpack review,"High-priority manual review: possible wrong feature, wrong access type, fake precision, or contradicted service layer.",Automated risk flag only; user-approved nuance: boondocking/community vagueness and park/campground entrances are not automatic defects.
P1,IA,ia-v23196-tailwater-east-campground-coralville,Tailwater East Campground,Modern Campgrounds,41.720323,-91.528391,proxy-feature wording/name (review if used as exact campsite); vague/uncertain wording in non-boondocking record; access wording suggests Boat / Backpack review,"High-priority manual review: possible wrong feature, wrong access type, fake precision, or contradicted service layer.",Automated risk flag only; user-approved nuance: boondocking/community vagueness and park/campground entrances are not automatic defects.
P1,IA,ia-v23196-tailwater-west-campground-coralville,Tailwater West Campground,Modern Campgrounds,41.72216,-91.5294,proxy-feature wording/name (review if used as exact campsite); vague/uncertain wording in non-boondocking record; Modern layer lacks visible modern-service proof in record text,"High-priority manual review: possible wrong feature, wrong access type, fake precision, or contradicted service layer.",Automated risk flag only; user-approved nuance: boondocking/community vagueness and park/campground entrances are not automatic defects.
P1,IA,ia-v23196-wallashuck-campground-red-rock,Wallashuck Campground,Modern Campgrounds,41.400249,-92.993495,vague/uncertain wording in non-boondocking record,"High-priority manual review: possible wrong feature, wrong access type, fake precision, or contradicted service layer.",Automated risk flag only; user-approved nuance: boondocking/community vagueness and park/campground entrances are not automatic defects.
P1,IL,s64,Beaver Dam State Park,Modern Campgrounds,39.2150072,-89.9770686,proxy-feature wording/name (review if used as exact campsite); Modern layer lacks visible modern-service proof in record text; broad park/forest/lake/river/system name; review as area/rule or component split; legacy active row has no visible source URL,"High-priority manual review: possible wrong feature, wrong access type, fake precision, or contradicted service layer.",Automated risk flag only; user-approved nuance: boondocking/community vagueness and park/campground entrances are not automatic defects.
P1,IL,s177,Cedar Lake,Modern Campgrounds,37.6378121,-89.2811636,proxy-feature wording/name (review if used as exact campsite); Modern layer conflicts with rustic/no-service wording; broad park/forest/lake/river/system name; review as area/rule or component split; legacy active row has no visible source URL,"High-priority manual review: possible wrong feature, wrong access type, fake precision, or contradicted service layer.",Automated risk flag only; user-approved nuance: boondocking/community vagueness and park/campground entrances are not automatic defects.
P1,IL,il-v23194-pharaoh-campground-garden-of-the-gods,Garden of the Gods / Pharaoh Campground,Rustic / Primitive,37.6025,-88.37944444,vague/uncertain wording in non-boondocking record,"High-priority manual review: possible wrong feature, wrong access type, fake precision, or contradicted service layer.",Automated risk flag only; user-approved nuance: boondocking/community vagueness and park/campground entrances are not automatic defects.
P1,IL,s361,Hamilton County - ?? not sure where in County,Modern Campgrounds,38.0543187,-88.556531,vague/uncertain wording in non-boondocking record; broad park/forest/lake/river/system name; review as area/rule or component split; legacy active row has no visible source URL,"High-priority manual review: possible wrong feature, wrong access type, fake precision, or contradicted service layer.",Automated risk flag only; user-approved nuance: boondocking/community vagueness and park/campground entrances are not automatic defects.
P1,IL,s378,Henderson County - ??,Modern Campgrounds,40.8335548,-90.9438468,vague/uncertain wording in non-boondocking record; Modern layer lacks visible modern-service proof in record text; legacy active row has no visible source URL,"High-priority manual review: possible wrong feature, wrong access type, fake precision, or contradicted service layer.",Automated risk flag only; user-approved nuance: boondocking/community vagueness and park/campground entrances are not automatic defects.
P1,IL,s451,Johnson Creek Recreation Area Campground,Rustic / Primitive,37.83444444,-89.52055556,proxy-feature wording/name (review if used as exact campsite),"High-priority manual review: possible wrong feature, wrong access type, fake precision, or contradicted service layer.",Automated risk flag only; user-approved nuance: boondocking/community vagueness and park/campground entrances are not automatic defects.
P1,IL,s467,Kinkaid Lake,Info / Reference,37.7981405,-89.4375736,proxy-feature wording/name (review if used as exact campsite); broad park/forest/lake/river/system name; review as area/rule or component split,"High-priority manual review: possible wrong feature, wrong access type, fake precision, or contradicted service layer.",Automated risk flag only; user-approved nuance: boondocking/community vagueness and park/campground entrances are not automatic defects.
P1,IL,il-v23141-kinkaid-lake-village-marina-campground,Kinkaid Lake Village Marina & Campground,Private Campgrounds,37.799181078721766,-89.41360062354141,proxy-feature wording/name (review if used as exact campsite),"High-priority manual review: possible wrong feature, wrong access type, fake precision, or contradicted service layer.",Automated risk flag only; user-approved nuance: boondocking/community vagueness and park/campground entrances are not automatic defects.
P1,IL,s512,Lake of Egypt,Boondocking / Dispersed,37.6250774,-88.9581318,proxy-feature wording/name (review if used as exact campsite); broad park/forest/lake/river/system name; review as area/rule or component split; legacy active row has no visible source URL,"High-priority manual review: possible wrong feature, wrong access type, fake precision, or contradicted service layer.",Automated risk flag only; user-approved nuance: boondocking/community vagueness and park/campground entrances are not automatic defects.
P1,IL,s677,Panther Den Wilderness,Modern Campgrounds,37.5928283,-89.0750763,Modern layer conflicts with rustic/no-service wording; broad park/forest/lake/river/system name; review as area/rule or component split; legacy active row has no visible source URL,"High-priority manual review: possible wrong feature, wrong access type, fake precision, or contradicted service layer.",Automated risk flag only; user-approved nuance: boondocking/community vagueness and park/campground entrances are not automatic defects.
P1,IL,s890,Sugar River Forest Preserve Campground,Modern Campgrounds,42.4634354,-89.2344366,proxy-feature wording/name (review if used as exact campsite); Modern layer conflicts with rustic/no-service wording; legacy active row has no visible source URL,"High-priority manual review: possible wrong feature, wrong access type, fake precision, or contradicted service layer.",Automated risk flag only; user-approved nuance: boondocking/community vagueness and park/campground entrances are not automatic defects.
P1,IL,s655,Turkey Bayou Campground / Oakwood Bottoms,Rustic / Primitive,37.685,-89.41138889,vague/uncertain wording in non-boondocking record,"High-priority manual review: possible wrong feature, wrong access type, fake precision, or contradicted service layer.",Automated risk flag only; user-approved nuance: boondocking/community vagueness and park/campground entrances are not automatic defects.
P1,IL,s985,Weldon Springs State Park,Modern Campgrounds,40.1211131,-88.9228436,Modern layer conflicts with rustic/no-service wording; broad park/forest/lake/river/system name; review as area/rule or component split; legacy active row has no visible source URL,"High-priority manual review: possible wrong feature, wrong access type, fake precision, or contradicted service layer.",Automated risk flag only; user-approved nuance: boondocking/community vagueness and park/campground entrances are not automatic defects.
P1,KS,ks-cedar-bluff-page-creek-camping-area,Cedar Bluff State Park — Page Creek Camping Area,Modern Campgrounds,38.749333,-99.76375,Modern layer conflicts with rustic/no-service wording; broad park/forest/lake/river/system name; review as area/rule or component split,"High-priority manual review: possible wrong feature, wrong access type, fake precision, or contradicted service layer.",Automated risk flag only; user-approved nuance: boondocking/community vagueness and park/campground entrances are not automatic defects.
P1,KS,ks-trego-cedar-bluff-wa-mossyhorn,Cedar Bluff Wildlife Area — Mossyhorn Camping Area,Rustic / Primitive,38.789153,-99.875481,vague/uncertain wording in non-boondocking record; broad park/forest/lake/river/system name; review as area/rule or component split,"High-priority manual review: possible wrong feature, wrong access type, fake precision, or contradicted service layer.",Automated risk flag only; user-approved nuance: boondocking/community vagueness and park/campground entrances are not automatic defects.
P1,KS,ks-trego-cedar-bluff-wa-riverview,Cedar Bluff Wildlife Area — Riverview Camping Area,Rustic / Primitive,38.783786,-99.887558,vague/uncertain wording in non-boondocking record; broad park/forest/lake/river/system name; review as area/rule or component split,"High-priority manual review: possible wrong feature, wrong access type, fake precision, or contradicted service layer.",Automated risk flag only; user-approved nuance: boondocking/community vagueness and park/campground entrances are not automatic defects.
P1,KS,ks-chase-sfl-east-camping-area,Chase State Fishing Lake — East Camping Area,Rustic / Primitive,38.367333,-96.590083,vague/uncertain wording in non-boondocking record; broad park/forest/lake/river/system name; review as area/rule or component split,"High-priority manual review: possible wrong feature, wrong access type, fake precision, or contradicted service layer.",Automated risk flag only; user-approved nuance: boondocking/community vagueness and park/campground entrances are not automatic defects.
P1,KS,ks-chase-sfl-shelterhouse-camping-area,Chase State Fishing Lake — Shelterhouse Camping Area,Rustic / Primitive,38.365556,-96.593889,vague/uncertain wording in non-boondocking record; broad park/forest/lake/river/system name; review as area/rule or component split,"High-priority manual review: possible wrong feature, wrong access type, fake precision, or contradicted service layer.",Automated risk flag only; user-approved nuance: boondocking/community vagueness and park/campground entrances are not automatic defects.
P1,KS,ks-chase-sfl-west-camping-area,Chase State Fishing Lake — West Camping Area,Rustic / Primitive,38.363556,-96.597889,vague/uncertain wording in non-boondocking record; broad park/forest/lake/river/system name; review as area/rule or component split,"High-priority manual review: possible wrong feature, wrong access type, fake precision, or contradicted service layer.",Automated risk flag only; user-approved nuance: boondocking/community vagueness and park/campground entrances are not automatic defects.
P1,KS,ks-cheney-east-shore-camping-area,Cheney State Park — East Shore Camping Area,Modern Campgrounds,37.74305,-97.7713,proxy-feature wording/name (review if used as exact campsite); Modern layer conflicts with rustic/no-service wording; broad park/forest/lake/river/system name; review as area/rule or component split,"High-priority manual review: possible wrong feature, wrong access type, fake precision, or contradicted service layer.",Automated risk flag only; user-approved nuance: boondocking/community vagueness and park/campground entrances are not automatic defects.
P1,KS,ks-cheney-west-shore-camping-area,Cheney State Park — West Shore Camping Area,Modern Campgrounds,37.720817,-97.833817,Modern layer conflicts with rustic/no-service wording; broad park/forest/lake/river/system name; review as area/rule or component split,"High-priority manual review: possible wrong feature, wrong access type, fake precision, or contradicted service layer.",Automated risk flag only; user-approved nuance: boondocking/community vagueness and park/campground entrances are not automatic defects.
P1,KS,ks-morton-cimarron-campground,Cimarron Campground,Rustic / Primitive,37.13547354,-101.8240195,vague/uncertain wording in non-boondocking record,"High-priority manual review: possible wrong feature, wrong access type, fake precision, or contradicted service layer.",Automated risk flag only; user-approved nuance: boondocking/community vagueness and park/campground entrances are not automatic defects.
P1,KS,ks-clark-sfl-bloom-cove-primitive,Clark State Fishing Lake — Bloom Cove Primitive Camping / Day Use,Rustic / Primitive,37.40058,-99.78297,proxy-feature wording/name (review if used as exact campsite); vague/uncertain wording in non-boondocking record; broad park/forest/lake/river/system name; review as area/rule or component split,"High-priority manual review: possible wrong feature, wrong access type, fake precision, or contradicted service layer.",Automated risk flag only; user-approved nuance: boondocking/community vagueness and park/campground entrances are not automatic defects.
P1,KS,ks-clark-sfl-east-shore-primitive,Clark State Fishing Lake — East Shore Primitive Camping / Day Use,Rustic / Primitive,37.39517,-99.78291,proxy-feature wording/name (review if used as exact campsite); vague/uncertain wording in non-boondocking record; broad park/forest/lake/river/system name; review as area/rule or component split,"High-priority manual review: possible wrong feature, wrong access type, fake precision, or contradicted service layer.",Automated risk flag only; user-approved nuance: boondocking/community vagueness and park/campground entrances are not automatic defects.
P1,KS,ks-clark-sfl-north-end-primitive,Clark State Fishing Lake — North End Primitive Camping / Day Use,Rustic / Primitive,37.40597,-99.78529,proxy-feature wording/name (review if used as exact campsite); vague/uncertain wording in non-boondocking record; broad park/forest/lake/river/system name; review as area/rule or component split,"High-priority manual review: possible wrong feature, wrong access type, fake precision, or contradicted service layer.",Automated risk flag only; user-approved nuance: boondocking/community vagueness and park/campground entrances are not automatic defects.
P1,KS,ks-clark-sfl-southend-primitive,Clark State Fishing Lake — Southend Primitive Camping / Day Use,Rustic / Primitive,37.38254,-99.78162,proxy-feature wording/name (review if used as exact campsite); vague/uncertain wording in non-boondocking record; broad park/forest/lake/river/system name; review as area/rule or component split,"High-priority manual review: possible wrong feature, wrong access type, fake precision, or contradicted service layer.",Automated risk flag only; user-approved nuance: boondocking/community vagueness and park/campground entrances are not automatic defects.
P1,KS,ks-council-grove-lake-canning-creek,Council Grove Lake — Canning Creek Campground,Modern Campgrounds,38.692317,-96.537283,vague/uncertain wording in non-boondocking record,"High-priority manual review: possible wrong feature, wrong access type, fake precision, or contradicted service layer.",Automated risk flag only; user-approved nuance: boondocking/community vagueness and park/campground entrances are not automatic defects.
P1,KS,ks-council-grove-lake-richey-cove,Council Grove Lake — Richey Cove Campground,Modern Campgrounds,38.700833,-96.49745,vague/uncertain wording in non-boondocking record; access wording suggests Boat / Backpack review,"High-priority manual review: possible wrong feature, wrong access type, fake precision, or contradicted service layer.",Automated risk flag only; user-approved nuance: boondocking/community vagueness and park/campground entrances are not automatic defects.
P1,KS,ks-council-grove-lake-santa-fe-trail,Council Grove Lake — Santa Fe Trail Campground,Modern Campgrounds,38.681617,-96.524817,proxy-feature wording/name (review if used as exact campsite); vague/uncertain wording in non-boondocking record; Modern layer lacks visible modern-service proof in record text,"High-priority manual review: possible wrong feature, wrong access type, fake precision, or contradicted service layer.",Automated risk flag only; user-approved nuance: boondocking/community vagueness and park/campground entrances are not automatic defects.
P1,KS,ks-cowley-sfl-hill-top-campground,Cowley State Fishing Lake — Hill Top Campground,Rustic / Primitive,37.100433,-96.801867,vague/uncertain wording in non-boondocking record,"High-priority manual review: possible wrong feature, wrong access type, fake precision, or contradicted service layer.",Automated risk flag only; user-approved nuance: boondocking/community vagueness and park/campground entrances are not automatic defects.
P1,KS,ks-cowley-sfl-shoreline-campground,Cowley State Fishing Lake — Shoreline Campground,Rustic / Primitive,37.102833,-96.787883,vague/uncertain wording in non-boondocking record,"High-priority manual review: possible wrong feature, wrong access type, fake precision, or contradicted service layer.",Automated risk flag only; user-approved nuance: boondocking/community vagueness and park/campground entrances are not automatic defects.
P1,KS,ks-crawford-oak-point-campground,Crawford State Park — Oak Point Campground,Modern Campgrounds,37.6402,-94.807183,Modern layer conflicts with rustic/no-service wording,"High-priority manual review: possible wrong feature, wrong access type, fake precision, or contradicted service layer.",Automated risk flag only; user-approved nuance: boondocking/community vagueness and park/campground entrances are not automatic defects.
P1,KS,ks-cross-timbers-holiday-hill-blackjack-camping-area,Cross Timbers State Park — Holiday Hill / Blackjack Camping Area,Modern Campgrounds,37.7482,-95.937533,Modern layer conflicts with rustic/no-service wording; broad park/forest/lake/river/system name; review as area/rule or component split,"High-priority manual review: possible wrong feature, wrong access type, fake precision, or contradicted service layer.",Automated risk flag only; user-approved nuance: boondocking/community vagueness and park/campground entrances are not automatic defects.
P1,KS,ks-cross-timbers-toronto-point-camping-area,Cross Timbers State Park — Toronto Point Camping Area,Modern Campgrounds,37.7771,-95.939667,Modern layer conflicts with rustic/no-service wording; broad park/forest/lake/river/system name; review as area/rule or component split,"High-priority manual review: possible wrong feature, wrong access type, fake precision, or contradicted service layer.",Automated risk flag only; user-approved nuance: boondocking/community vagueness and park/campground entrances are not automatic defects.
P1,KS,ks-eldorado-bluestem-point-camping-area,El Dorado State Park — Bluestem Point Camping Area,Modern Campgrounds,37.850217,-96.750133,Modern layer conflicts with rustic/no-service wording; broad park/forest/lake/river/system name; review as area/rule or component split,"High-priority manual review: possible wrong feature, wrong access type, fake precision, or contradicted service layer.",Automated risk flag only; user-approved nuance: boondocking/community vagueness and park/campground entrances are not automatic defects.
P1,KS,ks-elk-city-comfort-cove-camping-area,Elk City State Park — Comfort Cove Camping Area,Modern Campgrounds,37.255983,-95.775017,Modern layer conflicts with rustic/no-service wording; broad park/forest/lake/river/system name; review as area/rule or component split,"High-priority manual review: possible wrong feature, wrong access type, fake precision, or contradicted service layer.",Automated risk flag only; user-approved nuance: boondocking/community vagueness and park/campground entrances are not automatic defects.
P1,KS,ks-elk-city-day-use-camping-area,Elk City State Park — Day Use Camping Area,Modern Campgrounds,37.251517,-95.779267,proxy-feature wording/name (review if used as exact campsite); Modern layer conflicts with rustic/no-service wording; broad park/forest/lake/river/system name; review as area/rule or component split,"High-priority manual review: possible wrong feature, wrong access type, fake precision, or contradicted service layer.",Automated risk flag only; user-approved nuance: boondocking/community vagueness and park/campground entrances are not automatic defects.
P1,KS,ks-fall-river-fredonia-bay-camping-area,Fall River State Park — Fredonia Bay Camping Area,Modern Campgrounds,37.657067,-96.096867,Modern layer conflicts with rustic/no-service wording; broad park/forest/lake/river/system name; review as area/rule or component split,"High-priority manual review: possible wrong feature, wrong access type, fake precision, or contradicted service layer.",Automated risk flag only; user-approved nuance: boondocking/community vagueness and park/campground entrances are not automatic defects.
P1,KS,ks-ford-sfl-camping-area,Ford State Fishing Lake — Camping Area,Rustic / Primitive,37.82191,-99.922,vague/uncertain wording in non-boondocking record; broad park/forest/lake/river/system name; review as area/rule or component split,"High-priority manual review: possible wrong feature, wrong access type, fake precision, or contradicted service layer.",Automated risk flag only; user-approved nuance: boondocking/community vagueness and park/campground entrances are not automatic defects.
P1,KS,ks-w3-horsethief-reservoir-campground,HorseThief Reservoir Campground,Modern Campgrounds,38.059391,-100.055408,Modern layer conflicts with rustic/no-service wording,"High-priority manual review: possible wrong feature, wrong access type, fake precision, or contradicted service layer.",Automated risk flag only; user-approved nuance: boondocking/community vagueness and park/campground entrances are not automatic defects.
P1,KS,ks-lake-afton-park-campground,Lake Afton Park Campground,Modern Campgrounds,37.61400067,-97.63100067,Modern layer conflicts with rustic/no-service wording,"High-priority manual review: possible wrong feature, wrong access type, fake precision, or contradicted service layer.",Automated risk flag only; user-approved nuance: boondocking/community vagueness and park/campground entrances are not automatic defects.
P1,KS,ks-lyon-sfl-shelterhouse-primitive-camp,Lyon State Fishing Lake — Shelter House Primitive Camping Area,Rustic / Primitive,38.542433,-96.057583,vague/uncertain wording in non-boondocking record; broad park/forest/lake/river/system name; review as area/rule or component split,"High-priority manual review: possible wrong feature, wrong access type, fake precision, or contradicted service layer.",Automated risk flag only; user-approved nuance: boondocking/community vagueness and park/campground entrances are not automatic defects.
P1,KS,ks-miami-sfl-earthen-pier-01,Miami State Fishing Lake — Earthen Pier Primitive Camping Point 1,Rustic / Primitive,38.42522,-94.7891,proxy-feature wording/name (review if used as exact campsite); vague/uncertain wording in non-boondocking record; broad park/forest/lake/river/system name; review as area/rule or component split,"High-priority manual review: possible wrong feature, wrong access type, fake precision, or contradicted service layer.",Automated risk flag only; user-approved nuance: boondocking/community vagueness and park/campground entrances are not automatic defects.
P1,KS,ks-miami-sfl-earthen-pier-10,Miami State Fishing Lake — Earthen Pier Primitive Camping Point 10,Rustic / Primitive,38.41796,-94.79456,proxy-feature wording/name (review if used as exact campsite); vague/uncertain wording in non-boondocking record; broad park/forest/lake/river/system name; review as area/rule or component split,"High-priority manual review: possible wrong feature, wrong access type, fake precision, or contradicted service layer.",Automated risk flag only; user-approved nuance: boondocking/community vagueness and park/campground entrances are not automatic defects.
P1,KS,ks-miami-sfl-earthen-pier-11,Miami State Fishing Lake — Earthen Pier Primitive Camping Point 11,Rustic / Primitive,38.417,-94.79408,proxy-feature wording/name (review if used as exact campsite); vague/uncertain wording in non-boondocking record; broad park/forest/lake/river/system name; review as area/rule or component split,"High-priority manual review: possible wrong feature, wrong access type, fake precision, or contradicted service layer.",Automated risk flag only; user-approved nuance: boondocking/community vagueness and park/campground entrances are not automatic defects.
P1,KS,ks-miami-sfl-earthen-pier-12,Miami State Fishing Lake — Earthen Pier Primitive Camping Point 12,Rustic / Primitive,38.4175,-94.79214,proxy-feature wording/name (review if used as exact campsite); vague/uncertain wording in non-boondocking record; broad park/forest/lake/river/system name; review as area/rule or component split,"High-priority manual review: possible wrong feature, wrong access type, fake precision, or contradicted service layer.",Automated risk flag only; user-approved nuance: boondocking/community vagueness and park/campground entrances are not automatic defects.
P1,KS,ks-miami-sfl-earthen-pier-13,Miami State Fishing Lake — Earthen Pier Primitive Camping Point 13,Rustic / Primitive,38.41862,-94.79092,proxy-feature wording/name (review if used as exact campsite); vague/uncertain wording in non-boondocking record; broad park/forest/lake/river/system name; review as area/rule or component split,"High-priority manual review: possible wrong feature, wrong access type, fake precision, or contradicted service layer.",Automated risk flag only; user-approved nuance: boondocking/community vagueness and park/campground entrances are not automatic defects.
P1,KS,ks-miami-sfl-earthen-pier-02,Miami State Fishing Lake — Earthen Pier Primitive Camping Point 2,Rustic / Primitive,38.42445,-94.79015,proxy-feature wording/name (review if used as exact campsite); vague/uncertain wording in non-boondocking record; broad park/forest/lake/river/system name; review as area/rule or component split,"High-priority manual review: possible wrong feature, wrong access type, fake precision, or contradicted service layer.",Automated risk flag only; user-approved nuance: boondocking/community vagueness and park/campground entrances are not automatic defects.
P1,KS,ks-miami-sfl-earthen-pier-03,Miami State Fishing Lake — Earthen Pier Primitive Camping Point 3,Rustic / Primitive,38.4235,-94.79073,proxy-feature wording/name (review if used as exact campsite); vague/uncertain wording in non-boondocking record; broad park/forest/lake/river/system name; review as area/rule or component split,"High-priority manual review: possible wrong feature, wrong access type, fake precision, or contradicted service layer.",Automated risk flag only; user-approved nuance: boondocking/community vagueness and park/campground entrances are not automatic defects.
P1,KS,ks-miami-sfl-earthen-pier-04,Miami State Fishing Lake — Earthen Pier Primitive Camping Point 4,Rustic / Primitive,38.4228,-94.79198,proxy-feature wording/name (review if used as exact campsite); vague/uncertain wording in non-boondocking record; broad park/forest/lake/river/system name; review as area/rule or component split,"High-priority manual review: possible wrong feature, wrong access type, fake precision, or contradicted service layer.",Automated risk flag only; user-approved nuance: boondocking/community vagueness and park/campground entrances are not automatic defects.
P1,KS,ks-miami-sfl-earthen-pier-05,Miami State Fishing Lake — Earthen Pier Primitive Camping Point 5,Rustic / Primitive,38.42239,-94.79391,proxy-feature wording/name (review if used as exact campsite); vague/uncertain wording in non-boondocking record; broad park/forest/lake/river/system name; review as area/rule or component split,"High-priority manual review: possible wrong feature, wrong access type, fake precision, or contradicted service layer.",Automated risk flag only; user-approved nuance: boondocking/community vagueness and park/campground entrances are not automatic defects.
P1,KS,ks-miami-sfl-earthen-pier-06,Miami State Fishing Lake — Earthen Pier Primitive Camping Point 6,Rustic / Primitive,38.42235,-94.7951,proxy-feature wording/name (review if used as exact campsite); vague/uncertain wording in non-boondocking record; broad park/forest/lake/river/system name; review as area/rule or component split,"High-priority manual review: possible wrong feature, wrong access type, fake precision, or contradicted service layer.",Automated risk flag only; user-approved nuance: boondocking/community vagueness and park/campground entrances are not automatic defects.
P1,KS,ks-miami-sfl-earthen-pier-07,Miami State Fishing Lake — Earthen Pier Primitive Camping Point 7,Rustic / Primitive,38.42167,-94.79529,proxy-feature wording/name (review if used as exact campsite); vague/uncertain wording in non-boondocking record; broad park/forest/lake/river/system name; review as area/rule or component split,"High-priority manual review: possible wrong feature, wrong access type, fake precision, or contradicted service layer.",Automated risk flag only; user-approved nuance: boondocking/community vagueness and park/campground entrances are not automatic defects.
P1,KS,ks-miami-sfl-earthen-pier-08,Miami State Fishing Lake — Earthen Pier Primitive Camping Point 8,Rustic / Primitive,38.42054,-94.79523,proxy-feature wording/name (review if used as exact campsite); vague/uncertain wording in non-boondocking record; broad park/forest/lake/river/system name; review as area/rule or component split,"High-priority manual review: possible wrong feature, wrong access type, fake precision, or contradicted service layer.",Automated risk flag only; user-approved nuance: boondocking/community vagueness and park/campground entrances are not automatic defects.
P1,KS,ks-miami-sfl-earthen-pier-09,Miami State Fishing Lake — Earthen Pier Primitive Camping Point 9,Rustic / Primitive,38.41927,-94.79482,proxy-feature wording/name (review if used as exact campsite); vague/uncertain wording in non-boondocking record; broad park/forest/lake/river/system name; review as area/rule or component split,"High-priority manual review: possible wrong feature, wrong access type, fake precision, or contradicted service layer.",Automated risk flag only; user-approved nuance: boondocking/community vagueness and park/campground entrances are not automatic defects.
P1,KS,ks_usace_big_hill_mound_valley,"Mound Valley, Big Hill Lake",Modern Campgrounds,37.2694444,-95.4583333,proxy-feature wording/name (review if used as exact campsite); broad park/forest/lake/river/system name; review as area/rule or component split,"High-priority manual review: possible wrong feature, wrong access type, fake precision, or contradicted service layer.",Automated risk flag only; user-approved nuance: boondocking/community vagueness and park/campground entrances are not automatic defects.
P1,KS,ks-neosho-sfl-shelterhouse-reservable-camping,Neosho State Fishing Lake — Shelterhouse Reservable Camping,Rustic / Primitive,37.421092,-95.195642,vague/uncertain wording in non-boondocking record; broad park/forest/lake/river/system name; review as area/rule or component split,"High-priority manual review: possible wrong feature, wrong access type, fake precision, or contradicted service layer.",Automated risk flag only; user-approved nuance: boondocking/community vagueness and park/campground entrances are not automatic defects.
P1,KS,ks-ottawa-sfl-willow-point-primitive,Ottawa State Fishing Lake — Willow Point,Rustic / Primitive,39.115006,-97.569038,vague/uncertain wording in non-boondocking record; broad park/forest/lake/river/system name; review as area/rule or component split,"High-priority manual review: possible wrong feature, wrong access type, fake precision, or contradicted service layer.",Automated risk flag only; user-approved nuance: boondocking/community vagueness and park/campground entrances are not automatic defects.
P1,KS,ks-ottawa-sfl-wood-duck-cove-primitive,Ottawa State Fishing Lake — Wood Duck Cove,Rustic / Primitive,39.11055,-97.566942,vague/uncertain wording in non-boondocking record; broad park/forest/lake/river/system name; review as area/rule or component split,"High-priority manual review: possible wrong feature, wrong access type, fake precision, or contradicted service layer.",Automated risk flag only; user-approved nuance: boondocking/community vagueness and park/campground entrances are not automatic defects.
P1,KS,ks_usace_pomona_outlet,"Outlet, Pomona Lake",Modern Campgrounds,38.6458333,-95.5597222,proxy-feature wording/name (review if used as exact campsite); vague/uncertain wording in non-boondocking record; Modern layer lacks visible modern-service proof in record text; broad park/forest/lake/river/system name; review as area/rule or component split,"High-priority manual review: possible wrong feature, wrong access type, fake precision, or contradicted service layer.",Automated risk flag only; user-approved nuance: boondocking/community vagueness and park/campground entrances are not automatic defects.
P1,KS,ks-pottawatomie-sfl-1-primitive-campsites,Pottawatomie State Fishing Lake No. 1 — Primitive Camp Sites,Rustic / Primitive,39.47227,-96.40907,vague/uncertain wording in non-boondocking record; broad park/forest/lake/river/system name; review as area/rule or component split,"High-priority manual review: possible wrong feature, wrong access type, fake precision, or contradicted service layer.",Automated risk flag only; user-approved nuance: boondocking/community vagueness and park/campground entrances are not automatic defects.
P1,KS,ks-santa-fe-lake-campground,Santa Fe Lake Campground,Modern Campgrounds,37.70289538,-97.05285118,Modern layer conflicts with rustic/no-service wording,"High-priority manual review: possible wrong feature, wrong access type, fake precision, or contradicted service layer.",Automated risk flag only; user-approved nuance: boondocking/community vagueness and park/campground entrances are not automatic defects.
P1,KS,ks_usace_perry_slough_creek,"Slough Creek, Perry Lake",Modern Campgrounds,39.1347222,-95.4305556,proxy-feature wording/name (review if used as exact campsite); Modern layer lacks visible modern-service proof in record text; broad park/forest/lake/river/system name; review as area/rule or component split,"High-priority manual review: possible wrong feature, wrong access type, fake precision, or contradicted service layer.",Automated risk flag only; user-approved nuance: boondocking/community vagueness and park/campground entrances are not automatic defects.
P1,KS,ks_usace_wilson_sylvan_park,"Sylvan Park, Wilson Lake",Modern Campgrounds,38.9683333,-98.4916667,proxy-feature wording/name (review if used as exact campsite); Modern layer lacks visible modern-service proof in record text; broad park/forest/lake/river/system name; review as area/rule or component split,"High-priority manual review: possible wrong feature, wrong access type, fake precision, or contradicted service layer.",Automated risk flag only; user-approved nuance: boondocking/community vagueness and park/campground entrances are not automatic defects.
P1,KS,ks_usace_kanopolis_venango_park,"Venango Park, Kanopolis Lake",Modern Campgrounds,38.6330556,-97.9875,proxy-feature wording/name (review if used as exact campsite); Modern layer conflicts with rustic/no-service wording; broad park/forest/lake/river/system name; review as area/rule or component split,"High-priority manual review: possible wrong feature, wrong access type, fake precision, or contradicted service layer.",Automated risk flag only; user-approved nuance: boondocking/community vagueness and park/campground entrances are not automatic defects.
P1,KS,ks-wellington-lake-campground,Wellington Lake Campground,Modern Campgrounds,37.21600006,-97.52000028,Modern layer conflicts with rustic/no-service wording,"High-priority manual review: possible wrong feature, wrong access type, fake precision, or contradicted service layer.",Automated risk flag only; user-approved nuance: boondocking/community vagueness and park/campground entrances are not automatic defects.
P1,KS,ks-w3-winfield-city-lake-camping-zones,Winfield City Lake designated camping zones,Modern Campgrounds,37.34600013,-96.89600097,Modern layer conflicts with rustic/no-service wording; broad park/forest/lake/river/system name; review as area/rule or component split,"High-priority manual review: possible wrong feature, wrong access type, fake precision, or contradicted service layer.",Automated risk flag only; user-approved nuance: boondocking/community vagueness and park/campground entrances are not automatic defects.
P1,KY,ky-chadwell-gap-backcountry-campsite-v23136,Chadwell Gap Backcountry Campsite,Boat / Backpack,36.668761,-83.516715,proxy-feature wording/name (review if used as exact campsite),"High-priority manual review: possible wrong feature, wrong access type, fake precision, or contradicted service layer.",Automated risk flag only; user-approved nuance: boondocking/community vagueness and park/campground entrances are not automatic defects.
P1,KY,ky-claylick-boat-in-campground-v23136,Claylick Boat-in Campground,Boat / Backpack,38.0592388,-83.47144672,proxy-feature wording/name (review if used as exact campsite),"High-priority manual review: possible wrong feature, wrong access type, fake precision, or contradicted service layer.",Automated risk flag only; user-approved nuance: boondocking/community vagueness and park/campground entrances are not automatic defects.
P1,KY,ky-gibson-gap-backcountry-campsite-v23136,Gibson Gap Backcountry Campsite,Boat / Backpack,36.637601,-83.603992,proxy-feature wording/name (review if used as exact campsite),"High-priority manual review: possible wrong feature, wrong access type, fake precision, or contradicted service layer.",Automated risk flag only; user-approved nuance: boondocking/community vagueness and park/campground entrances are not automatic defects.
P1,KY,ky-hensley-camp-backcountry-campsite-v23136,Hensley Camp Backcountry Campsite,Boat / Backpack,36.669511,-83.519581,proxy-feature wording/name (review if used as exact campsite),"High-priority manual review: possible wrong feature, wrong access type, fake precision, or contradicted service layer.",Automated risk flag only; user-approved nuance: boondocking/community vagueness and park/campground entrances are not automatic defects.
P1,KY,ky-holly-bay-campground-v23136,Holly Bay Campground,Modern Campgrounds,36.98224853,-84.26665297,Modern layer conflicts with rustic/no-service wording; access wording suggests Boat / Backpack review,"High-priority manual review: possible wrong feature, wrong access type, fake precision, or contradicted service layer.",Automated risk flag only; user-approved nuance: boondocking/community vagueness and park/campground entrances are not automatic defects.
P1,KY,ky-jenny-wiley-state-resort-park-main-campground-v23136,Jenny Wiley State Resort Park Main Campground,Modern Campgrounds,37.71568,-82.74066,proxy-feature wording/name (review if used as exact campsite); access wording suggests Boat / Backpack review,"High-priority manual review: possible wrong feature, wrong access type, fake precision, or contradicted service layer.",Automated risk flag only; user-approved nuance: boondocking/community vagueness and park/campground entrances are not automatic defects.
P1,KY,ky-kentucky-dam-village-state-resort-park-campground-v23136,Kentucky Dam Village State Resort Park Campground,Modern Campgrounds,37.01248,-88.28172,proxy-feature wording/name (review if used as exact campsite),"High-priority manual review: possible wrong feature, wrong access type, fake precision, or contradicted service layer.",Automated risk flag only; user-approved nuance: boondocking/community vagueness and park/campground entrances are not automatic defects.
P1,KY,ky-lake-barkley-state-resort-park-campground-v23136,Lake Barkley State Resort Park Campground,Modern Campgrounds,36.85496,-87.91476,Modern layer conflicts with rustic/no-service wording,"High-priority manual review: possible wrong feature, wrong access type, fake precision, or contradicted service layer.",Automated risk flag only; user-approved nuance: boondocking/community vagueness and park/campground entrances are not automatic defects.
P1,KY,ky-lake-malone-state-park-campground-v23138,Lake Malone State Park Campground,Modern Campgrounds,37.07474,-87.04053,vague/uncertain wording in non-boondocking record; Modern layer conflicts with rustic/no-service wording,"High-priority manual review: possible wrong feature, wrong access type, fake precision, or contradicted service layer.",Automated risk flag only; user-approved nuance: boondocking/community vagueness and park/campground entrances are not automatic defects.
P1,KY,ky-martins-fork-backcountry-campsite-v23136,Martins Fork Backcountry Campsite,Boat / Backpack,36.671363,-83.513477,proxy-feature wording/name (review if used as exact campsite),"High-priority manual review: possible wrong feature, wrong access type, fake precision, or contradicted service layer.",Automated risk flag only; user-approved nuance: boondocking/community vagueness and park/campground entrances are not automatic defects.
P1,KY,ky-nolin-lake-state-park-campground-v23138,Nolin Lake State Park Campground,Modern Campgrounds,37.29613,-86.21285,vague/uncertain wording in non-boondocking record; Modern layer conflicts with rustic/no-service wording,"High-priority manual review: possible wrong feature, wrong access type, fake precision, or contradicted service layer.",Automated risk flag only; user-approved nuance: boondocking/community vagueness and park/campground entrances are not automatic defects.
P1,KY,ky-paintsville-lake-state-park-campground-v23138,Paintsville Lake State Park Campground,Modern Campgrounds,37.84273,-82.87874,vague/uncertain wording in non-boondocking record; Modern layer conflicts with rustic/no-service wording,"High-priority manual review: possible wrong feature, wrong access type, fake precision, or contradicted service layer.",Automated risk flag only; user-approved nuance: boondocking/community vagueness and park/campground entrances are not automatic defects.
P1,KY,ky-pennyrile-forest-state-resort-park-campground-equestrian-v23138,Pennyrile Forest State Resort Park Campground / Equestrian,Modern Campgrounds,37.07222,-87.65611,vague/uncertain wording in non-boondocking record; Modern layer conflicts with rustic/no-service wording,"High-priority manual review: possible wrong feature, wrong access type, fake precision, or contradicted service layer.",Automated risk flag only; user-approved nuance: boondocking/community vagueness and park/campground entrances are not automatic defects.
P1,KY,ky-taylorsville-lake-state-park-campground-equestrian-v23138,Taylorsville Lake State Park Campground / Equestrian,Modern Campgrounds,38.0292,-85.25576,vague/uncertain wording in non-boondocking record,"High-priority manual review: possible wrong feature, wrong access type, fake precision, or contradicted service layer.",Automated risk flag only; user-approved nuance: boondocking/community vagueness and park/campground entrances are not automatic defects.
P1,KY,ky-white-rocks-backcountry-campsite-v23136,White Rocks Backcountry Campsite,Boat / Backpack,36.668766,-83.447508,proxy-feature wording/name (review if used as exact campsite),"High-priority manual review: possible wrong feature, wrong access type, fake precision, or contradicted service layer.",Automated risk flag only; user-approved nuance: boondocking/community vagueness and park/campground entrances are not automatic defects.
P1,KY,ky-yatesville-lake-state-park-main-campground-pleasant-ridge-v23138,Yatesville Lake State Park Main Campground / Pleasant Ridge,Modern Campgrounds,38.09659,-82.68245,vague/uncertain wording in non-boondocking record; Modern layer conflicts with rustic/no-service wording; access wording suggests Boat / Backpack review,"High-priority manual review: possible wrong feature, wrong access type, fake precision, or contradicted service layer.",Automated risk flag only; user-approved nuance: boondocking/community vagueness and park/campground entrances are not automatic defects.
P1,ME,s445,Jewett Cove Campsite and Boat Launch,Modern Campgrounds,45.6871031,-69.5512633,proxy-feature wording/name (review if used as exact campsite); Modern layer lacks visible modern-service proof in record text; legacy active row has no visible source URL,"High-priority manual review: possible wrong feature, wrong access type, fake precision, or contradicted service layer.",Automated risk flag only; user-approved nuance: boondocking/community vagueness and park/campground entrances are not automatic defects.
P1,MI,s6,Adams Trail Dirt Lot,Boondocking / Dispersed,46.52726419,-86.22152352,proxy-feature wording/name (review if used as exact campsite); broad park/forest/lake/river/system name; review as area/rule or component split,"High-priority manual review: possible wrong feature, wrong access type, fake precision, or contradicted service layer.",Automated risk flag only; user-approved nuance: boondocking/community vagueness and park/campground entrances are not automatic defects.
P1,MI,s7,Addison Oaks County Park,Modern Campgrounds,42.8025656,-83.1625893,proxy-feature wording/name (review if used as exact campsite); broad park/forest/lake/river/system name; review as area/rule or component split,"High-priority manual review: possible wrong feature, wrong access type, fake precision, or contradicted service layer.",Automated risk flag only; user-approved nuance: boondocking/community vagueness and park/campground entrances are not automatic defects.
P1,MI,s1055,Agate Beach Park Campground,Rustic / Primitive,47.03968205,-88.9258144,proxy-feature wording/name (review if used as exact campsite),"High-priority manual review: possible wrong feature, wrong access type, fake precision, or contradicted service layer.",Automated risk flag only; user-approved nuance: boondocking/community vagueness and park/campground entrances are not automatic defects.
P1,MI,s9,Alcona Park Campground (west side),Modern Campgrounds,44.5808737,-83.8299351,proxy-feature wording/name (review if used as exact campsite); Modern layer conflicts with rustic/no-service wording,"High-priority manual review: possible wrong feature, wrong access type, fake precision, or contradicted service layer.",Automated risk flag only; user-approved nuance: boondocking/community vagueness and park/campground entrances are not automatic defects.
P1,MI,s10,Algonac State Park,Modern Campgrounds,42.647298,-82.5145568,Modern layer conflicts with rustic/no-service wording; broad park/forest/lake/river/system name; review as area/rule or component split,"High-priority manual review: possible wrong feature, wrong access type, fake precision, or contradicted service layer.",Automated risk flag only; user-approved nuance: boondocking/community vagueness and park/campground entrances are not automatic defects.
P1,MI,s11,Aloha State Park,Modern Campgrounds,45.524797,-84.4654541,proxy-feature wording/name (review if used as exact campsite); broad park/forest/lake/river/system name; review as area/rule or component split,"High-priority manual review: possible wrong feature, wrong access type, fake precision, or contradicted service layer.",Automated risk flag only; user-approved nuance: boondocking/community vagueness and park/campground entrances are not automatic defects.
P1,MI,s12,Aloha State Park Campground,Modern Campgrounds,45.51944,-84.46472,proxy-feature wording/name (review if used as exact campsite),"High-priority manual review: possible wrong feature, wrong access type, fake precision, or contradicted service layer.",Automated risk flag only; user-approved nuance: boondocking/community vagueness and park/campground entrances are not automatic defects.
P1,MI,s30,Au Gres City Park,Modern Campgrounds,44.0498037,-83.6859521,proxy-feature wording/name (review if used as exact campsite); access wording suggests Boat / Backpack review; broad park/forest/lake/river/system name; review as area/rule or component split,"High-priority manual review: possible wrong feature, wrong access type, fake precision, or contradicted service layer.",Automated risk flag only; user-approved nuance: boondocking/community vagueness and park/campground entrances are not automatic defects.
P1,MI,s31,Au Train Beach Campground,Private Campgrounds,46.4338165,-86.8647105,proxy-feature wording/name (review if used as exact campsite),"High-priority manual review: possible wrong feature, wrong access type, fake precision, or contradicted service layer.",Automated risk flag only; user-approved nuance: boondocking/community vagueness and park/campground entrances are not automatic defects.
P1,MI,mi-v23194-au-train-lake-campground,Au Train Lake Campground,Rustic / Primitive,46.3933107,-86.836261,vague/uncertain wording in non-boondocking record,"High-priority manual review: possible wrong feature, wrong access type, fake precision, or contradicted service layer.",Automated risk flag only; user-approved nuance: boondocking/community vagueness and park/campground entrances are not automatic defects.
P1,MI,s33,Aune Osborn Campground,Modern Campgrounds,46.4887214,-84.3079881,proxy-feature wording/name (review if used as exact campsite),"High-priority manual review: possible wrong feature, wrong access type, fake precision, or contradicted service layer.",Automated risk flag only; user-approved nuance: boondocking/community vagueness and park/campground entrances are not automatic defects.
P1,MI,s49,Bass Lake Campsites,Modern Campgrounds,46.1723,-86.4651,proxy-feature wording/name (review if used as exact campsite); Modern layer conflicts with rustic/no-service wording,"High-priority manual review: possible wrong feature, wrong access type, fake precision, or contradicted service layer.",Automated risk flag only; user-approved nuance: boondocking/community vagueness and park/campground entrances are not automatic defects.
P1,MI,s54,Bay County Pinconning Park,Modern Campgrounds,43.8532092,-83.9243862,proxy-feature wording/name (review if used as exact campsite); access wording suggests Boat / Backpack review; broad park/forest/lake/river/system name; review as area/rule or component split,"High-priority manual review: possible wrong feature, wrong access type, fake precision, or contradicted service layer.",Automated risk flag only; user-approved nuance: boondocking/community vagueness and park/campground entrances are not automatic defects.
P1,MI,s1079,Bear Lake Campsites,Modern Campgrounds,46.07073,-86.498547,proxy-feature wording/name (review if used as exact campsite); Modern layer conflicts with rustic/no-service wording,"High-priority manual review: possible wrong feature, wrong access type, fake precision, or contradicted service layer.",Automated risk flag only; user-approved nuance: boondocking/community vagueness and park/campground entrances are not automatic defects.
P1,MI,s65,Beaver Island Campground,Modern Campgrounds,47.904267,-89.1742311,proxy-feature wording/name (review if used as exact campsite); Modern layer conflicts with rustic/no-service wording; access wording suggests Boat / Backpack review; legacy active row has no visible source URL,"High-priority manual review: possible wrong feature, wrong access type, fake precision, or contradicted service layer.",Automated risk flag only; user-approved nuance: boondocking/community vagueness and park/campground entrances are not automatic defects.
P1,MI,s69,Beechwood Campground,Modern Campgrounds,44.0385771,-86.4955484,proxy-feature wording/name (review if used as exact campsite); Modern layer conflicts with rustic/no-service wording; access wording suggests Boat / Backpack review; legacy active row has no visible source URL,"High-priority manual review: possible wrong feature, wrong access type, fake precision, or contradicted service layer.",Automated risk flag only; user-approved nuance: boondocking/community vagueness and park/campground entrances are not automatic defects.
P1,MI,s1084,Bermuda Campsite on Grand Island,Boat / Backpack,46.471847,-86.653882,proxy-feature wording/name (review if used as exact campsite),"High-priority manual review: possible wrong feature, wrong access type, fake precision, or contradicted service layer.",Automated risk flag only; user-approved nuance: boondocking/community vagueness and park/campground entrances are not automatic defects.
P1,MI,s76,Bewabic State Park,Modern Campgrounds,46.0942849,-88.4255324,proxy-feature wording/name (review if used as exact campsite); access wording suggests Boat / Backpack review; broad park/forest/lake/river/system name; review as area/rule or component split,"High-priority manual review: possible wrong feature, wrong access type, fake precision, or contradicted service layer.",Automated risk flag only; user-approved nuance: boondocking/community vagueness and park/campground entrances are not automatic defects.
P1,MI,s77,Bewabic State Park Campground,Modern Campgrounds,46.28,-88.351,proxy-feature wording/name (review if used as exact campsite); access wording suggests Boat / Backpack review,"High-priority manual review: possible wrong feature, wrong access type, fake precision, or contradicted service layer.",Automated risk flag only; user-approved nuance: boondocking/community vagueness and park/campground entrances are not automatic defects.
P1,MI,s78,Bewabik Campground,Modern Campgrounds,46.0892801,-88.4350772,proxy-feature wording/name (review if used as exact campsite); Modern layer conflicts with rustic/no-service wording; access wording suggests Boat / Backpack review; legacy active row has no visible source URL,"High-priority manual review: possible wrong feature, wrong access type, fake precision, or contradicted service layer.",Automated risk flag only; user-approved nuance: boondocking/community vagueness and park/campground entrances are not automatic defects.
P1,MI,s84,Big Bend Park,Modern Campgrounds,43.5178831,-85.5795383,Modern layer conflicts with rustic/no-service wording; access wording suggests Boat / Backpack review; legacy active row has no visible source URL,"High-priority manual review: possible wrong feature, wrong access type, fake precision, or contradicted service layer.",Automated risk flag only; user-approved nuance: boondocking/community vagueness and park/campground entrances are not automatic defects.
P1,MI,s92,Bishop Lake Campgrounds,Modern Campgrounds,42.5028578,-83.8446521,proxy-feature wording/name (review if used as exact campsite); Modern layer conflicts with rustic/no-service wording; access wording suggests Boat / Backpack review,"High-priority manual review: possible wrong feature, wrong access type, fake precision, or contradicted service layer.",Automated risk flag only; user-approved nuance: boondocking/community vagueness and park/campground entrances are not automatic defects.
P1,MI,s115,Blue Lake Park,Modern Campgrounds,43.449488,-86.1934664,Modern layer conflicts with rustic/no-service wording; access wording suggests Boat / Backpack review; broad park/forest/lake/river/system name; review as area/rule or component split; legacy active row has no visible source URL,"High-priority manual review: possible wrong feature, wrong access type, fake precision, or contradicted service layer.",Automated risk flag only; user-approved nuance: boondocking/community vagueness and park/campground entrances are not automatic defects.
P1,MI,s1031,Bob Lake Campground,Modern Campgrounds,46.66230759,-88.91411255,proxy-feature wording/name (review if used as exact campsite); Modern layer conflicts with rustic/no-service wording,"High-priority manual review: possible wrong feature, wrong access type, fake precision, or contradicted service layer.",Automated risk flag only; user-approved nuance: boondocking/community vagueness and park/campground entrances are not automatic defects.
P1,MI,s117,Bobcat Campground,Modern Campgrounds,46.2355043,-89.2793081,proxy-feature wording/name (review if used as exact campsite); Modern layer conflicts with rustic/no-service wording; access wording suggests Boat / Backpack review; legacy active row has no visible source URL,"High-priority manual review: possible wrong feature, wrong access type, fake precision, or contradicted service layer.",Automated risk flag only; user-approved nuance: boondocking/community vagueness and park/campground entrances are not automatic defects.
P1,MI,s134,Brevoort Lake Campground,Rustic / Primitive,46.00755,-84.972104,proxy-feature wording/name (review if used as exact campsite),"High-priority manual review: possible wrong feature, wrong access type, fake precision, or contradicted service layer.",Automated risk flag only; user-approved nuance: boondocking/community vagueness and park/campground entrances are not automatic defects.
P1,MI,s135,Brimley State Park Campground,Modern Campgrounds,46.388,-84.555,proxy-feature wording/name (review if used as exact campsite); access wording suggests Boat / Backpack review,"High-priority manual review: possible wrong feature, wrong access type, fake precision, or contradicted service layer.",Automated risk flag only; user-approved nuance: boondocking/community vagueness and park/campground entrances are not automatic defects.
P1,MI,s138,Brower Park,Modern Campgrounds,43.5621029,-85.5437984,Modern layer conflicts with rustic/no-service wording; access wording suggests Boat / Backpack review; legacy active row has no visible source URL,"High-priority manual review: possible wrong feature, wrong access type, fake precision, or contradicted service layer.",Automated risk flag only; user-approved nuance: boondocking/community vagueness and park/campground entrances are not automatic defects.
P1,MI,s139,Bruin Lake Modern Campground,Modern Campgrounds,42.4236822,-84.0426624,proxy-feature wording/name (review if used as exact campsite); Modern layer conflicts with rustic/no-service wording; access wording suggests Boat / Backpack review,"High-priority manual review: possible wrong feature, wrong access type, fake precision, or contradicted service layer.",Automated risk flag only; user-approved nuance: boondocking/community vagueness and park/campground entrances are not automatic defects.
P1,MI,s1045,Burned Dam Campground,Rustic / Primitive,46.31379535,-89.05313987,proxy-feature wording/name (review if used as exact campsite); access wording suggests Boat / Backpack review,"High-priority manual review: possible wrong feature, wrong access type, fake precision, or contradicted service layer.",Automated risk flag only; user-approved nuance: boondocking/community vagueness and park/campground entrances are not automatic defects.
P1,MI,s147,Burt Lake State Park,Modern Campgrounds,45.4020491,-84.6217363,proxy-feature wording/name (review if used as exact campsite); broad park/forest/lake/river/system name; review as area/rule or component split,"High-priority manual review: possible wrong feature, wrong access type, fake precision, or contradicted service layer.",Automated risk flag only; user-approved nuance: boondocking/community vagueness and park/campground entrances are not automatic defects.
P1,MI,s148,Buttersville Park,Modern Campgrounds,43.9376252,-86.4524399,Modern layer conflicts with rustic/no-service wording; access wording suggests Boat / Backpack review; legacy active row has no visible source URL,"High-priority manual review: possible wrong feature, wrong access type, fake precision, or contradicted service layer.",Automated risk flag only; user-approved nuance: boondocking/community vagueness and park/campground entrances are not automatic defects.
P1,MI,s149,Cade Lake County Park & Campground,Modern Campgrounds,41.796808,-85.369557,proxy-feature wording/name (review if used as exact campsite); Modern layer conflicts with rustic/no-service wording; access wording suggests Boat / Backpack review,"High-priority manual review: possible wrong feature, wrong access type, fake precision, or contradicted service layer.",Automated risk flag only; user-approved nuance: boondocking/community vagueness and park/campground entrances are not automatic defects.
P1,MI,s154,Camp Cook Campsites,Modern Campgrounds,46.0391177,-86.581667,proxy-feature wording/name (review if used as exact campsite); Modern layer conflicts with rustic/no-service wording,"High-priority manual review: possible wrong feature, wrong access type, fake precision, or contradicted service layer.",Automated risk flag only; user-approved nuance: boondocking/community vagueness and park/campground entrances are not automatic defects.
P1,MI,s157,Camp Pet-O-Se-Ga,Modern Campgrounds,45.390394,-84.7411109,proxy-feature wording/name (review if used as exact campsite); Modern layer conflicts with rustic/no-service wording; access wording suggests Boat / Backpack review; legacy active row has no visible source URL,"High-priority manual review: possible wrong feature, wrong access type, fake precision, or contradicted service layer.",Automated risk flag only; user-approved nuance: boondocking/community vagueness and park/campground entrances are not automatic defects.
P1,MI,s1080,Carr Lake Campsites,Modern Campgrounds,46.0778063,-86.5081703,Modern layer conflicts with rustic/no-service wording; access wording suggests Boat / Backpack review,"High-priority manual review: possible wrong feature, wrong access type, fake precision, or contradicted service layer.",Automated risk flag only; user-approved nuance: boondocking/community vagueness and park/campground entrances are not automatic defects.
P1,MI,s169,Castle Rock Lakefront Campark,Modern Campgrounds,45.9088498,-84.7375751,proxy-feature wording/name (review if used as exact campsite); Modern layer conflicts with rustic/no-service wording; access wording suggests Boat / Backpack review; broad park/forest/lake/river/system name; review as area/rule or component split; legacy active row has no visible source URL,"High-priority manual review: possible wrong feature, wrong access type, fake precision, or contradicted service layer.",Automated risk flag only; user-approved nuance: boondocking/community vagueness and park/campground entrances are not automatic defects.
P1,MI,s174,Cedar Campground,Modern Campgrounds,44.0372751,-86.5015497,proxy-feature wording/name (review if used as exact campsite); Modern layer conflicts with rustic/no-service wording; access wording suggests Boat / Backpack review; legacy active row has no visible source URL,"High-priority manual review: possible wrong feature, wrong access type, fake precision, or contradicted service layer.",Automated risk flag only; user-approved nuance: boondocking/community vagueness and park/campground entrances are not automatic defects.
P1,MI,s185,Cheboygan State Park Campground,Modern Campgrounds,45.6581784,-84.4175978,proxy-feature wording/name (review if used as exact campsite),"High-priority manual review: possible wrong feature, wrong access type, fake precision, or contradicted service layer.",Automated risk flag only; user-approved nuance: boondocking/community vagueness and park/campground entrances are not automatic defects.
P1,MI,s193,City of Au Gres Riverfront Campground,Modern Campgrounds,44.049785,-83.68605,proxy-feature wording/name (review if used as exact campsite); access wording suggests Boat / Backpack review,"High-priority manual review: possible wrong feature, wrong access type, fake precision, or contradicted service layer.",Automated risk flag only; user-approved nuance: boondocking/community vagueness and park/campground entrances are not automatic defects.
P1,MI,s1058,City of Houghton RV Park,Modern Campgrounds,47.12032087,-88.58770467,proxy-feature wording/name (review if used as exact campsite); Modern layer lacks visible modern-service proof in record text,"High-priority manual review: possible wrong feature, wrong access type, fake precision, or contradicted service layer.",Automated risk flag only; user-approved nuance: boondocking/community vagueness and park/campground entrances are not automatic defects.
P1,MI,s196,Clear Lake State Campground,Modern Campgrounds,45.1334047,-84.1768065,proxy-feature wording/name (review if used as exact campsite); Modern layer conflicts with rustic/no-service wording; access wording suggests Boat / Backpack review,"High-priority manual review: possible wrong feature, wrong access type, fake precision, or contradicted service layer.",Automated risk flag only; user-approved nuance: boondocking/community vagueness and park/campground entrances are not automatic defects.
P1,MI,s198,Cliffs Individual Campsite,Modern Campgrounds,46.473569,-86.572191,proxy-feature wording/name (review if used as exact campsite); Modern layer conflicts with rustic/no-service wording; access wording suggests Boat / Backpack review; legacy active row has no visible source URL,"High-priority manual review: possible wrong feature, wrong access type, fake precision, or contradicted service layer.",Automated risk flag only; user-approved nuance: boondocking/community vagueness and park/campground entrances are not automatic defects.
P1,MI,s201,Cold Brook County Park,Modern Campgrounds,42.2567772,-85.3514099,proxy-feature wording/name (review if used as exact campsite); broad park/forest/lake/river/system name; review as area/rule or component split,"High-priority manual review: possible wrong feature, wrong access type, fake precision, or contradicted service layer.",Automated risk flag only; user-approved nuance: boondocking/community vagueness and park/campground entrances are not automatic defects.
P1,MI,s202,Coldwater Lake Family Park,Modern Campgrounds,43.6634453,-84.9498614,Modern layer conflicts with rustic/no-service wording; access wording suggests Boat / Backpack review; broad park/forest/lake/river/system name; review as area/rule or component split; legacy active row has no visible source URL,"High-priority manual review: possible wrong feature, wrong access type, fake precision, or contradicted service layer.",Automated risk flag only; user-approved nuance: boondocking/community vagueness and park/campground entrances are not automatic defects.
P1,MI,s205,Colwell Lake Campground,Rustic / Primitive,46.22147278,-86.43363833,proxy-feature wording/name (review if used as exact campsite); access wording suggests Boat / Backpack review,"High-priority manual review: possible wrong feature, wrong access type, fake precision, or contradicted service layer.",Automated risk flag only; user-approved nuance: boondocking/community vagueness and park/campground entrances are not automatic defects.
P1,MI,s211,Corner Lake Recreation Area,Modern Campgrounds,46.153293,-86.6079294,proxy-feature wording/name (review if used as exact campsite); Modern layer conflicts with rustic/no-service wording; access wording suggests Boat / Backpack review; broad park/forest/lake/river/system name; review as area/rule or component split; legacy active row has no visible source URL,"High-priority manual review: possible wrong feature, wrong access type, fake precision, or contradicted service layer.",Automated risk flag only; user-approved nuance: boondocking/community vagueness and park/campground entrances are not automatic defects.
P1,MI,s220,Craig Lake Trailhead,Modern Campgrounds,46.5993414,-88.1896578,proxy-feature wording/name (review if used as exact campsite); Modern layer conflicts with rustic/no-service wording; access wording suggests Boat / Backpack review; broad park/forest/lake/river/system name; review as area/rule or component split; legacy active row has no visible source URL,"High-priority manual review: possible wrong feature, wrong access type, fake precision, or contradicted service layer.",Automated risk flag only; user-approved nuance: boondocking/community vagueness and park/campground entrances are not automatic defects.
P1,MI,s225,Croton Township Campground,Modern Campgrounds,43.4463922,-85.658117,proxy-feature wording/name (review if used as exact campsite); Modern layer conflicts with rustic/no-service wording,"High-priority manual review: possible wrong feature, wrong access type, fake precision, or contradicted service layer.",Automated risk flag only; user-approved nuance: boondocking/community vagueness and park/campground entrances are not automatic defects.
P1,MI,s249,Devoe Campground,Modern Campgrounds,44.3973889,-84.0285556,proxy-feature wording/name (review if used as exact campsite); Modern layer conflicts with rustic/no-service wording; access wording suggests Boat / Backpack review; legacy active row has no visible source URL,"High-priority manual review: possible wrong feature, wrong access type, fake precision, or contradicted service layer.",Automated risk flag only; user-approved nuance: boondocking/community vagueness and park/campground entrances are not automatic defects.
P1,MI,s252,Dispersed Camping Hovey Lake Equine Trailhead,Boondocking / Dispersed,46.287288525247135,-86.70274273218466,proxy-feature wording/name (review if used as exact campsite); broad park/forest/lake/river/system name; review as area/rule or component split,"High-priority manual review: possible wrong feature, wrong access type, fake precision, or contradicted service layer.",Automated risk flag only; user-approved nuance: boondocking/community vagueness and park/campground entrances are not automatic defects.
P1,MI,s254,Drummond Island RV Park,Modern Campgrounds,46.0340028,-83.6749542,Modern layer conflicts with rustic/no-service wording; access wording suggests Boat / Backpack review; legacy active row has no visible source URL,"High-priority manual review: possible wrong feature, wrong access type, fake precision, or contradicted service layer.",Automated risk flag only; user-approved nuance: boondocking/community vagueness and park/campground entrances are not automatic defects.
P1,MI,s259,Dune Lake Campground,Modern Campgrounds,42.2573443,-86.329028,proxy-feature wording/name (review if used as exact campsite); Modern layer conflicts with rustic/no-service wording; access wording suggests Boat / Backpack review; legacy active row has no visible source URL,"High-priority manual review: possible wrong feature, wrong access type, fake precision, or contradicted service layer.",Automated risk flag only; user-approved nuance: boondocking/community vagueness and park/campground entrances are not automatic defects.
P1,MI,s260,Dunes campground,Rustic / Primitive,44.7154194,-86.119273,proxy-feature wording/name (review if used as exact campsite),"High-priority manual review: possible wrong feature, wrong access type, fake precision, or contradicted service layer.",Automated risk flag only; user-approved nuance: boondocking/community vagueness and park/campground entrances are not automatic defects.
P1,MI,s274,Elk Hill Campground,Modern Campgrounds,45.1821755,-84.4194743,proxy-feature wording/name (review if used as exact campsite); Modern layer conflicts with rustic/no-service wording; access wording suggests Boat / Backpack review,"High-priority manual review: possible wrong feature, wrong access type, fake precision, or contradicted service layer.",Automated risk flag only; user-approved nuance: boondocking/community vagueness and park/campground entrances are not automatic defects.
P1,MI,s278,Empire Township Campground,Modern Campgrounds,44.7860643,-86.0021442,Modern layer conflicts with rustic/no-service wording,"High-priority manual review: possible wrong feature, wrong access type, fake precision, or contradicted service layer.",Automated risk flag only; user-approved nuance: boondocking/community vagueness and park/campground entrances are not automatic defects.
P1,MI,s287,Fairport Marina Campground,Needs Verification,45.62536780231755,-86.66934906802747,proxy-feature wording/name (review if used as exact campsite); vague/uncertain wording in non-boondocking record; legacy active row has no visible source URL,"High-priority manual review: possible wrong feature, wrong access type, fake precision, or contradicted service layer.",Automated risk flag only; user-approved nuance: boondocking/community vagueness and park/campground entrances are not automatic defects.
P1,MI,s289,Farquar-Metsa Tourist Park,Modern Campgrounds,46.2839308,-87.4372214,Modern layer conflicts with rustic/no-service wording; access wording suggests Boat / Backpack review; legacy active row has no visible source URL,"High-priority manual review: possible wrong feature, wrong access type, fake precision, or contradicted service layer.",Automated risk flag only; user-approved nuance: boondocking/community vagueness and park/campground entrances are not automatic defects.
P1,MI,s297,Fisher's Run Park,Modern Campgrounds,44.7064027,-85.7774675,Modern layer conflicts with rustic/no-service wording; access wording suggests Boat / Backpack review; legacy active row has no visible source URL,"High-priority manual review: possible wrong feature, wrong access type, fake precision, or contradicted service layer.",Automated risk flag only; user-approved nuance: boondocking/community vagueness and park/campground entrances are not automatic defects.
P1,MI,s298,Fisherman's Island State Park,Modern Campgrounds,45.308006,-85.3101978,proxy-feature wording/name (review if used as exact campsite); Modern layer conflicts with rustic/no-service wording; access wording suggests Boat / Backpack review; broad park/forest/lake/river/system name; review as area/rule or component split,"High-priority manual review: possible wrong feature, wrong access type, fake precision, or contradicted service layer.",Automated risk flag only; user-approved nuance: boondocking/community vagueness and park/campground entrances are not automatic defects.
P1,MI,s300,Fisherman's Island State Park South Campground,Modern Campgrounds,45.2908431,-85.3352705,proxy-feature wording/name (review if used as exact campsite); access wording suggests Boat / Backpack review,"High-priority manual review: possible wrong feature, wrong access type, fake precision, or contradicted service layer.",Automated risk flag only; user-approved nuance: boondocking/community vagueness and park/campground entrances are not automatic defects.
P1,MI,s302,Flat Rock Campsite,Modern Campgrounds,46.4766564,-86.6072358,proxy-feature wording/name (review if used as exact campsite); Modern layer conflicts with rustic/no-service wording; access wording suggests Boat / Backpack review; legacy active row has no visible source URL,"High-priority manual review: possible wrong feature, wrong access type, fake precision, or contradicted service layer.",Automated risk flag only; user-approved nuance: boondocking/community vagueness and park/campground entrances are not automatic defects.
P1,MI,s306,Forestville Campground,Modern Campgrounds,46.5842414,-87.4801671,proxy-feature wording/name (review if used as exact campsite); Modern layer conflicts with rustic/no-service wording; access wording suggests Boat / Backpack review; legacy active row has no visible source URL,"High-priority manual review: possible wrong feature, wrong access type, fake precision, or contradicted service layer.",Automated risk flag only; user-approved nuance: boondocking/community vagueness and park/campground entrances are not automatic defects.
P1,MI,s318,Freighterview Campsite,Modern Campgrounds,46.5594076,-86.6531542,Modern layer conflicts with rustic/no-service wording; access wording suggests Boat / Backpack review; legacy active row has no visible source URL,"High-priority manual review: possible wrong feature, wrong access type, fake precision, or contradicted service layer.",Automated risk flag only; user-approved nuance: boondocking/community vagueness and park/campground entrances are not automatic defects.
P1,MI,s324,Fuller Park Picnic Area,Modern Campgrounds,45.578092,-87.246643,proxy-feature wording/name (review if used as exact campsite); Modern layer conflicts with rustic/no-service wording; access wording suggests Boat / Backpack review; legacy active row has no visible source URL,"High-priority manual review: possible wrong feature, wrong access type, fake precision, or contradicted service layer.",Automated risk flag only; user-approved nuance: boondocking/community vagueness and park/campground entrances are not automatic defects.
P1,MI,s325,Gamefence Campsite,Modern Campgrounds,46.4977613,-86.6827022,proxy-feature wording/name (review if used as exact campsite); Modern layer conflicts with rustic/no-service wording; access wording suggests Boat / Backpack review; legacy active row has no visible source URL,"High-priority manual review: possible wrong feature, wrong access type, fake precision, or contradicted service layer.",Automated risk flag only; user-approved nuance: boondocking/community vagueness and park/campground entrances are not automatic defects.
P1,MI,s328,Garnet Lake Campground,Modern Campgrounds,46.155129,-85.2993545,proxy-feature wording/name (review if used as exact campsite); Modern layer conflicts with rustic/no-service wording; access wording suggests Boat / Backpack review; legacy active row has no visible source URL,"High-priority manual review: possible wrong feature, wrong access type, fake precision, or contradicted service layer.",Automated risk flag only; user-approved nuance: boondocking/community vagueness and park/campground entrances are not automatic defects.
P1,MI,s337,Gladwin City Park,Modern Campgrounds,43.978963,-84.491836,proxy-feature wording/name (review if used as exact campsite); Modern layer lacks visible modern-service proof in record text; broad park/forest/lake/river/system name; review as area/rule or component split,"High-priority manual review: possible wrong feature, wrong access type, fake precision, or contradicted service layer.",Automated risk flag only; user-approved nuance: boondocking/community vagueness and park/campground entrances are not automatic defects.
P1,MI,s348,Green Lake Campground,Modern Campgrounds,44.6222724,-85.7622911,proxy-feature wording/name (review if used as exact campsite); Modern layer conflicts with rustic/no-service wording; access wording suggests Boat / Backpack review; legacy active row has no visible source URL,"High-priority manual review: possible wrong feature, wrong access type, fake precision, or contradicted service layer.",Automated risk flag only; user-approved nuance: boondocking/community vagueness and park/campground entrances are not automatic defects.
P1,MI,s350,Green Lake Township Memorial Park,Modern Campgrounds,44.6081454,-85.7599267,proxy-feature wording/name (review if used as exact campsite); Modern layer lacks visible modern-service proof in record text; broad park/forest/lake/river/system name; review as area/rule or component split,"High-priority manual review: possible wrong feature, wrong access type, fake precision, or contradicted service layer.",Automated risk flag only; user-approved nuance: boondocking/community vagueness and park/campground entrances are not automatic defects.
P1,MI,s355,Group Campground,Modern Campgrounds,47.4660331,-87.8774834,proxy-feature wording/name (review if used as exact campsite); Modern layer conflicts with rustic/no-service wording; access wording suggests Boat / Backpack review; legacy active row has no visible source URL,"High-priority manual review: possible wrong feature, wrong access type, fake precision, or contradicted service layer.",Automated risk flag only; user-approved nuance: boondocking/community vagueness and park/campground entrances are not automatic defects.
P1,MI,s357,Groveland Oaks County Park,Modern Campgrounds,42.8235245,-83.5507604,proxy-feature wording/name (review if used as exact campsite); broad park/forest/lake/river/system name; review as area/rule or component split,"High-priority manual review: possible wrong feature, wrong access type, fake precision, or contradicted service layer.",Automated risk flag only; user-approved nuance: boondocking/community vagueness and park/campground entrances are not automatic defects.
P1,MI,s1057,Hancock Recreation Area Beach & Campground,Modern Campgrounds,47.13271326,-88.6165734,proxy-feature wording/name (review if used as exact campsite),"High-priority manual review: possible wrong feature, wrong access type, fake precision, or contradicted service layer.",Automated risk flag only; user-approved nuance: boondocking/community vagueness and park/campground entrances are not automatic defects.
P1,MI,s364,Harrisville State Park,Modern Campgrounds,44.6474996,-83.2976411,proxy-feature wording/name (review if used as exact campsite); Modern layer lacks visible modern-service proof in record text; broad park/forest/lake/river/system name; review as area/rule or component split,"High-priority manual review: possible wrong feature, wrong access type, fake precision, or contradicted service layer.",Automated risk flag only; user-approved nuance: boondocking/community vagueness and park/campground entrances are not automatic defects.
P1,MI,s368,Hartwick Pines State Park Campground,Modern Campgrounds,44.739284,-84.6858119,proxy-feature wording/name (review if used as exact campsite); Modern layer conflicts with rustic/no-service wording,"High-priority manual review: possible wrong feature, wrong access type, fake precision, or contradicted service layer.",Automated risk flag only; user-approved nuance: boondocking/community vagueness and park/campground entrances are not automatic defects.
P1,MI,s370,Hayes State Park Campground-East Loop,Modern Campgrounds,42.0658728,-84.126153,proxy-feature wording/name (review if used as exact campsite),"High-priority manual review: possible wrong feature, wrong access type, fake precision, or contradicted service layer.",Automated risk flag only; user-approved nuance: boondocking/community vagueness and park/campground entrances are not automatic defects.
P1,MI,s371,Hayes State Park Campground-West Loop,Modern Campgrounds,42.0664426,-84.1315262,proxy-feature wording/name (review if used as exact campsite),"High-priority manual review: possible wrong feature, wrong access type, fake precision, or contradicted service layer.",Automated risk flag only; user-approved nuance: boondocking/community vagueness and park/campground entrances are not automatic defects.
P1,MI,s383,Herrick Recreational Area,Modern Campgrounds,43.799295,-84.719801,proxy-feature wording/name (review if used as exact campsite); Modern layer conflicts with rustic/no-service wording; access wording suggests Boat / Backpack review; legacy active row has no visible source URL,"High-priority manual review: possible wrong feature, wrong access type, fake precision, or contradicted service layer.",Automated risk flag only; user-approved nuance: boondocking/community vagueness and park/campground entrances are not automatic defects.
P1,MI,s397,Hoeft State Park,Modern Campgrounds,45.4637182,-83.8835546,proxy-feature wording/name (review if used as exact campsite); broad park/forest/lake/river/system name; review as area/rule or component split,"High-priority manual review: possible wrong feature, wrong access type, fake precision, or contradicted service layer.",Automated risk flag only; user-approved nuance: boondocking/community vagueness and park/campground entrances are not automatic defects.
P1,MI,s402,Holland State Park Campground,Modern Campgrounds,42.768,-86.219,proxy-feature wording/name (review if used as exact campsite),"High-priority manual review: possible wrong feature, wrong access type, fake precision, or contradicted service layer.",Automated risk flag only; user-approved nuance: boondocking/community vagueness and park/campground entrances are not automatic defects.
P1,MI,s403,Holly McGinnis Lake Campground,Modern Campgrounds,42.8198009,-83.5264172,proxy-feature wording/name (review if used as exact campsite); Modern layer conflicts with rustic/no-service wording; access wording suggests Boat / Backpack review; legacy active row has no visible source URL,"High-priority manual review: possible wrong feature, wrong access type, fake precision, or contradicted service layer.",Automated risk flag only; user-approved nuance: boondocking/community vagueness and park/campground entrances are not automatic defects.
P1,MI,s411,Hovey Lake Campground,Modern Campgrounds,46.2905062,-86.7009877,proxy-feature wording/name (review if used as exact campsite); Modern layer conflicts with rustic/no-service wording; access wording suggests Boat / Backpack review; legacy active row has no visible source URL,"High-priority manual review: possible wrong feature, wrong access type, fake precision, or contradicted service layer.",Automated risk flag only; user-approved nuance: boondocking/community vagueness and park/campground entrances are not automatic defects.
P1,MI,s420,Indian Lake State Park Campground,Modern Campgrounds,45.94126,-86.33275,proxy-feature wording/name (review if used as exact campsite); Modern layer conflicts with rustic/no-service wording,"High-priority manual review: possible wrong feature, wrong access type, fake precision, or contradicted service layer.",Automated risk flag only; user-approved nuance: boondocking/community vagueness and park/campground entrances are not automatic defects.
P1,MI,s421,Indian Lake West Shore Campground,Modern Campgrounds,45.9674978,-86.3593193,proxy-feature wording/name (review if used as exact campsite); Modern layer conflicts with rustic/no-service wording; access wording suggests Boat / Backpack review,"High-priority manual review: possible wrong feature, wrong access type, fake precision, or contradicted service layer.",Automated risk flag only; user-approved nuance: boondocking/community vagueness and park/campground entrances are not automatic defects.
P1,MI,s426,Interlochen Duck Lake Modern Campground,Modern Campgrounds,44.6278,-85.7629,proxy-feature wording/name (review if used as exact campsite); access wording suggests Boat / Backpack review,"High-priority manual review: possible wrong feature, wrong access type, fake precision, or contradicted service layer.",Automated risk flag only; user-approved nuance: boondocking/community vagueness and park/campground entrances are not automatic defects.
P1,MI,s428,Interlochen State Park,Modern Campgrounds,44.6285385,-85.7649223,proxy-feature wording/name (review if used as exact campsite); Modern layer conflicts with rustic/no-service wording; broad park/forest/lake/river/system name; review as area/rule or component split,"High-priority manual review: possible wrong feature, wrong access type, fake precision, or contradicted service layer.",Automated risk flag only; user-approved nuance: boondocking/community vagueness and park/campground entrances are not automatic defects.
P1,MI,s436,Jack Pine Campground,Modern Campgrounds,44.0444141,-86.5120353,proxy-feature wording/name (review if used as exact campsite); Modern layer conflicts with rustic/no-service wording; access wording suggests Boat / Backpack review; legacy active row has no visible source URL,"High-priority manual review: possible wrong feature, wrong access type, fake precision, or contradicted service layer.",Automated risk flag only; user-approved nuance: boondocking/community vagueness and park/campground entrances are not automatic defects.
P1,MI,s447,John Gurney Park,Modern Campgrounds,43.7041903,-86.3577063,Modern layer conflicts with rustic/no-service wording; access wording suggests Boat / Backpack review; legacy active row has no visible source URL,"High-priority manual review: possible wrong feature, wrong access type, fake precision, or contradicted service layer.",Automated risk flag only; user-approved nuance: boondocking/community vagueness and park/campground entrances are not automatic defects.
P1,MI,s459,Keith J. Charters Traverse City State Park Campground,Modern Campgrounds,44.7456,-85.5511,proxy-feature wording/name (review if used as exact campsite),"High-priority manual review: possible wrong feature, wrong access type, fake precision, or contradicted service layer.",Automated risk flag only; user-approved nuance: boondocking/community vagueness and park/campground entrances are not automatic defects.
P1,MI,s469,Kneff Lake Campground,Modern Campgrounds,44.6407834,-84.5882098,proxy-feature wording/name (review if used as exact campsite); Modern layer conflicts with rustic/no-service wording; access wording suggests Boat / Backpack review; legacy active row has no visible source URL,"High-priority manual review: possible wrong feature, wrong access type, fake precision, or contradicted service layer.",Automated risk flag only; user-approved nuance: boondocking/community vagueness and park/campground entrances are not automatic defects.
P1,MI,s1061,L'Anse Township Park & Campground,Modern Campgrounds,46.782548,-88.432739,proxy-feature wording/name (review if used as exact campsite),"High-priority manual review: possible wrong feature, wrong access type, fake precision, or contradicted service layer.",Automated risk flag only; user-approved nuance: boondocking/community vagueness and park/campground entrances are not automatic defects.
P1,MI,s483,Lake Ann Park,Modern Campgrounds,44.7242893,-85.843435,Modern layer conflicts with rustic/no-service wording; access wording suggests Boat / Backpack review; broad park/forest/lake/river/system name; review as area/rule or component split; legacy active row has no visible source URL,"High-priority manual review: possible wrong feature, wrong access type, fake precision, or contradicted service layer.",Automated risk flag only; user-approved nuance: boondocking/community vagueness and park/campground entrances are not automatic defects.
P1,MI,mi-v23192-lake-antoine-park-campground,Lake Antoine Park and Campground,Modern Campgrounds,45.843584,-88.023424,vague/uncertain wording in non-boondocking record,"High-priority manual review: possible wrong feature, wrong access type, fake precision, or contradicted service layer.",Automated risk flag only; user-approved nuance: boondocking/community vagueness and park/campground entrances are not automatic defects.
P1,MI,s1065,Lake Fanny Hooe Resort & Campground,Private Campgrounds,47.469698,-87.88719,proxy-feature wording/name (review if used as exact campsite),"High-priority manual review: possible wrong feature, wrong access type, fake precision, or contradicted service layer.",Automated risk flag only; user-approved nuance: boondocking/community vagueness and park/campground entrances are not automatic defects.
P1,MI,s1041,Lake Gogebic State Park Campground,Modern Campgrounds,46.5032,-89.5822,proxy-feature wording/name (review if used as exact campsite); Modern layer conflicts with rustic/no-service wording,"High-priority manual review: possible wrong feature, wrong access type, fake precision, or contradicted service layer.",Automated risk flag only; user-approved nuance: boondocking/community vagueness and park/campground entrances are not automatic defects.
P1,MI,s503,Lake Linden Campground,Modern Campgrounds,47.1898074,-88.4042089,proxy-feature wording/name (review if used as exact campsite); Modern layer conflicts with rustic/no-service wording; access wording suggests Boat / Backpack review; legacy active row has no visible source URL,"High-priority manual review: possible wrong feature, wrong access type, fake precision, or contradicted service layer.",Automated risk flag only; user-approved nuance: boondocking/community vagueness and park/campground entrances are not automatic defects.
P1,MI,s1060,Lake Linden Village Campground,Modern Campgrounds,47.18963604,-88.4050754,proxy-feature wording/name (review if used as exact campsite); Modern layer conflicts with rustic/no-service wording,"High-priority manual review: possible wrong feature, wrong access type, fake precision, or contradicted service layer.",Automated risk flag only; user-approved nuance: boondocking/community vagueness and park/campground entrances are not automatic defects.
P1,MI,s509,Lake Michigan Campground,Modern Campgrounds,45.9858333,-84.9716667,proxy-feature wording/name (review if used as exact campsite); Modern layer conflicts with rustic/no-service wording; access wording suggests Boat / Backpack review; legacy active row has no visible source URL,"High-priority manual review: possible wrong feature, wrong access type, fake precision, or contradicted service layer.",Automated risk flag only; user-approved nuance: boondocking/community vagueness and park/campground entrances are not automatic defects.
P1,MI,s510,Lake Michigan Recreation Area,Modern Campgrounds,45.9858333,-84.9716667,proxy-feature wording/name (review if used as exact campsite); Modern layer conflicts with rustic/no-service wording; broad park/forest/lake/river/system name; review as area/rule or component split,"High-priority manual review: possible wrong feature, wrong access type, fake precision, or contradicted service layer.",Automated risk flag only; user-approved nuance: boondocking/community vagueness and park/campground entrances are not automatic defects.
P1,MI,s519,Lake Superior Beachfront (US Forest Land),Boondocking / Dispersed,46.43867848,-86.68928482,proxy-feature wording/name (review if used as exact campsite); broad park/forest/lake/river/system name; review as area/rule or component split,"High-priority manual review: possible wrong feature, wrong access type, fake precision, or contradicted service layer.",Automated risk flag only; user-approved nuance: boondocking/community vagueness and park/campground entrances are not automatic defects.
P1,MI,s524,Lakeshore RV Campground,Modern Campgrounds,45.854689,-84.782352,Modern layer conflicts with rustic/no-service wording; access wording suggests Boat / Backpack review; legacy active row has no visible source URL,"High-priority manual review: possible wrong feature, wrong access type, fake precision, or contradicted service layer.",Automated risk flag only; user-approved nuance: boondocking/community vagueness and park/campground entrances are not automatic defects.
P1,MI,s529,Leelanau Pines Campground,Private Campgrounds,44.8674759,-85.7317465,proxy-feature wording/name (review if used as exact campsite),"High-priority manual review: possible wrong feature, wrong access type, fake precision, or contradicted service layer.",Automated risk flag only; user-approved nuance: boondocking/community vagueness and park/campground entrances are not automatic defects.
P1,MI,s534,Lighthouse County Park,Modern Campgrounds,44.0203096,-82.7952218,proxy-feature wording/name (review if used as exact campsite); Modern layer conflicts with rustic/no-service wording; broad park/forest/lake/river/system name; review as area/rule or component split,"High-priority manual review: possible wrong feature, wrong access type, fake precision, or contradicted service layer.",Automated risk flag only; user-approved nuance: boondocking/community vagueness and park/campground entrances are not automatic defects.
P1,MI,mi-v23194-little-bay-de-noc-campground,Little Bay De Noc Campground,Rustic / Primitive,45.838535,-86.98221,vague/uncertain wording in non-boondocking record,"High-priority manual review: possible wrong feature, wrong access type, fake precision, or contradicted service layer.",Automated risk flag only; user-approved nuance: boondocking/community vagueness and park/campground entrances are not automatic defects.
P1,MI,s543,Little Duck Campsite,Modern Campgrounds,46.4833553,-86.644631,proxy-feature wording/name (review if used as exact campsite); Modern layer conflicts with rustic/no-service wording; access wording suggests Boat / Backpack review; legacy active row has no visible source URL,"High-priority manual review: possible wrong feature, wrong access type, fake precision, or contradicted service layer.",Automated risk flag only; user-approved nuance: boondocking/community vagueness and park/campground entrances are not automatic defects.
P1,MI,s544,Little Dune 1 Campsite,Modern Campgrounds,46.4774084,-86.6309157,proxy-feature wording/name (review if used as exact campsite); Modern layer conflicts with rustic/no-service wording; access wording suggests Boat / Backpack review; legacy active row has no visible source URL,"High-priority manual review: possible wrong feature, wrong access type, fake precision, or contradicted service layer.",Automated risk flag only; user-approved nuance: boondocking/community vagueness and park/campground entrances are not automatic defects.
P1,MI,s545,Little Girls Point County Park,Modern Campgrounds,46.60387,-90.322092,proxy-feature wording/name (review if used as exact campsite); broad park/forest/lake/river/system name; review as area/rule or component split,"High-priority manual review: possible wrong feature, wrong access type, fake precision, or contradicted service layer.",Automated risk flag only; user-approved nuance: boondocking/community vagueness and park/campground entrances are not automatic defects.
P1,MI,s549,Little Presque Isle Cabins,Modern Campgrounds,46.6278133,-87.4938726,proxy-feature wording/name (review if used as exact campsite); Modern layer conflicts with rustic/no-service wording; access wording suggests Boat / Backpack review; legacy active row has no visible source URL,"High-priority manual review: possible wrong feature, wrong access type, fake precision, or contradicted service layer.",Automated risk flag only; user-approved nuance: boondocking/community vagueness and park/campground entrances are not automatic defects.
P1,MI,s551,Little Wolf Lake State Campground,Modern Campgrounds,44.855364,-84.2864247,proxy-feature wording/name (review if used as exact campsite); Modern layer conflicts with rustic/no-service wording; access wording suggests Boat / Backpack review; legacy active row has no visible source URL,"High-priority manual review: possible wrong feature, wrong access type, fake precision, or contradicted service layer.",Automated risk flag only; user-approved nuance: boondocking/community vagueness and park/campground entrances are not automatic defects.
P1,MI,s552,Lk Macatawa Campground,Modern Campgrounds,42.7793194,-86.1996015,proxy-feature wording/name (review if used as exact campsite); Modern layer conflicts with rustic/no-service wording; access wording suggests Boat / Backpack review; legacy active row has no visible source URL,"High-priority manual review: possible wrong feature, wrong access type, fake precision, or contradicted service layer.",Automated risk flag only; user-approved nuance: boondocking/community vagueness and park/campground entrances are not automatic defects.
P1,MI,s556,Log Cabin Resort & Campground,Private Campgrounds,46.2190861,-85.7835761,proxy-feature wording/name (review if used as exact campsite),"High-priority manual review: possible wrong feature, wrong access type, fake precision, or contradicted service layer.",Automated risk flag only; user-approved nuance: boondocking/community vagueness and park/campground entrances are not automatic defects.
P1,MI,s557,Log Lake Campground,Modern Campgrounds,44.7491726,-85.1514254,proxy-feature wording/name (review if used as exact campsite); Modern layer conflicts with rustic/no-service wording; access wording suggests Boat / Backpack review; legacy active row has no visible source URL,"High-priority manual review: possible wrong feature, wrong access type, fake precision, or contradicted service layer.",Automated risk flag only; user-approved nuance: boondocking/community vagueness and park/campground entrances are not automatic defects.
P1,MI,s564,Loons Point RV Park and Campground,Modern Campgrounds,45.994586,-84.335653,Modern layer conflicts with rustic/no-service wording; access wording suggests Boat / Backpack review; legacy active row has no visible source URL,"High-priority manual review: possible wrong feature, wrong access type, fake precision, or contradicted service layer.",Automated risk flag only; user-approved nuance: boondocking/community vagueness and park/campground entrances are not automatic defects.
P1,MI,s568,Lower Dam Campground,Modern Campgrounds,46.18688685020441,-87.66092363273724,proxy-feature wording/name (review if used as exact campsite); Modern layer conflicts with rustic/no-service wording; access wording suggests Boat / Backpack review; legacy active row has no visible source URL,"High-priority manual review: possible wrong feature, wrong access type, fake precision, or contradicted service layer.",Automated risk flag only; user-approved nuance: boondocking/community vagueness and park/campground entrances are not automatic defects.
P1,MI,s569,Lower Tahquamenon Falls Campground,Modern Campgrounds,46.556,-85.26,proxy-feature wording/name (review if used as exact campsite); Modern layer conflicts with rustic/no-service wording,"High-priority manual review: possible wrong feature, wrong access type, fake precision, or contradicted service layer.",Automated risk flag only; user-approved nuance: boondocking/community vagueness and park/campground entrances are not automatic defects.
P1,MI,s573,Ludington State Park Beechwood Campground,Modern Campgrounds,44.039,-86.498,proxy-feature wording/name (review if used as exact campsite); Modern layer conflicts with rustic/no-service wording; access wording suggests Boat / Backpack review,"High-priority manual review: possible wrong feature, wrong access type, fake precision, or contradicted service layer.",Automated risk flag only; user-approved nuance: boondocking/community vagueness and park/campground entrances are not automatic defects.
P1,MI,s572,Ludington State Park and Campgrounds,Modern Campgrounds,44.0515325,-86.4945494,proxy-feature wording/name (review if used as exact campsite),"High-priority manual review: possible wrong feature, wrong access type, fake precision, or contradicted service layer.",Automated risk flag only; user-approved nuance: boondocking/community vagueness and park/campground entrances are not automatic defects.
P1,MI,s580,Magnus Park,Modern Campgrounds,45.3726623,-84.9751954,Modern layer conflicts with rustic/no-service wording; access wording suggests Boat / Backpack review; legacy active row has no visible source URL,"High-priority manual review: possible wrong feature, wrong access type, fake precision, or contradicted service layer.",Automated risk flag only; user-approved nuance: boondocking/community vagueness and park/campground entrances are not automatic defects.
P1,MI,s584,Manistique Lakeshore Campground,Modern Campgrounds,45.9498291,-86.2537994,proxy-feature wording/name (review if used as exact campsite); Modern layer conflicts with rustic/no-service wording; access wording suggests Boat / Backpack review; legacy active row has no visible source URL,"High-priority manual review: possible wrong feature, wrong access type, fake precision, or contradicted service layer.",Automated risk flag only; user-approved nuance: boondocking/community vagueness and park/campground entrances are not automatic defects.
P1,MI,s588,Markin Glen Campgrounds,Modern Campgrounds,42.3342429,-85.5855721,proxy-feature wording/name (review if used as exact campsite); Modern layer conflicts with rustic/no-service wording; access wording suggests Boat / Backpack review; legacy active row has no visible source URL,"High-priority manual review: possible wrong feature, wrong access type, fake precision, or contradicted service layer.",Automated risk flag only; user-approved nuance: boondocking/community vagueness and park/campground entrances are not automatic defects.
P1,MI,s595,Mears State Park,Modern Campgrounds,43.7829978,-86.4395816,proxy-feature wording/name (review if used as exact campsite); broad park/forest/lake/river/system name; review as area/rule or component split,"High-priority manual review: possible wrong feature, wrong access type, fake precision, or contradicted service layer.",Automated risk flag only; user-approved nuance: boondocking/community vagueness and park/campground entrances are not automatic defects.
P1,MI,s596,Meinert Park,Modern Campgrounds,43.4583909,-86.4560645,Modern layer conflicts with rustic/no-service wording; access wording suggests Boat / Backpack review; legacy active row has no visible source URL,"High-priority manual review: possible wrong feature, wrong access type, fake precision, or contradicted service layer.",Automated risk flag only; user-approved nuance: boondocking/community vagueness and park/campground entrances are not automatic defects.
P1,MI,s604,Merwin Creek Campground,Modern Campgrounds,46.0308074,-86.1223571,proxy-feature wording/name (review if used as exact campsite); Modern layer conflicts with rustic/no-service wording; access wording suggests Boat / Backpack review; legacy active row has no visible source URL,"High-priority manual review: possible wrong feature, wrong access type, fake precision, or contradicted service layer.",Automated risk flag only; user-approved nuance: boondocking/community vagueness and park/campground entrances are not automatic defects.
P1,MI,s605,Metamora Hadley Campground Store,Modern Campgrounds,42.9436202,-83.3524324,proxy-feature wording/name (review if used as exact campsite); Modern layer conflicts with rustic/no-service wording; access wording suggests Boat / Backpack review; legacy active row has no visible source URL,"High-priority manual review: possible wrong feature, wrong access type, fake precision, or contradicted service layer.",Automated risk flag only; user-approved nuance: boondocking/community vagueness and park/campground entrances are not automatic defects.
P1,MI,s606,Michigamme beach area campground,Modern Campgrounds,46.5266966,-88.1229844,proxy-feature wording/name (review if used as exact campsite); Modern layer conflicts with rustic/no-service wording; access wording suggests Boat / Backpack review; legacy active row has no visible source URL,"High-priority manual review: possible wrong feature, wrong access type, fake precision, or contradicted service layer.",Automated risk flag only; user-approved nuance: boondocking/community vagueness and park/campground entrances are not automatic defects.
P1,MI,s609,Milakokia Lake State Forest Campground,Rustic / Primitive,46.0848049,-85.7927148,proxy-feature wording/name (review if used as exact campsite); access wording suggests Boat / Backpack review,"High-priority manual review: possible wrong feature, wrong access type, fake precision, or contradicted service layer.",Automated risk flag only; user-approved nuance: boondocking/community vagueness and park/campground entrances are not automatic defects.
P1,MI,s613,Misery Bay Boat Launch,Modern Campgrounds,46.9984775,-88.9794594,proxy-feature wording/name (review if used as exact campsite); Modern layer conflicts with rustic/no-service wording; access wording suggests Boat / Backpack review; legacy active row has no visible source URL,"High-priority manual review: possible wrong feature, wrong access type, fake precision, or contradicted service layer.",Automated risk flag only; user-approved nuance: boondocking/community vagueness and park/campground entrances are not automatic defects.
P1,MI,s626,Murray Bay Group Campsite on Grand Island,Boat / Backpack,46.4719444,-86.6547222,proxy-feature wording/name (review if used as exact campsite); legacy active row has no visible source URL,"High-priority manual review: possible wrong feature, wrong access type, fake precision, or contradicted service layer.",Automated risk flag only; user-approved nuance: boondocking/community vagueness and park/campground entrances are not automatic defects.
P1,MI,s628,Muskallonge Lake State Park,Modern Campgrounds,46.6766473,-85.6280737,proxy-feature wording/name (review if used as exact campsite); broad park/forest/lake/river/system name; review as area/rule or component split,"High-priority manual review: possible wrong feature, wrong access type, fake precision, or contradicted service layer.",Automated risk flag only; user-approved nuance: boondocking/community vagueness and park/campground entrances are not automatic defects.
P1,MI,s629,Muskallonge Lake State Park Campground,Modern Campgrounds,46.641,-85.428,proxy-feature wording/name (review if used as exact campsite),"High-priority manual review: possible wrong feature, wrong access type, fake precision, or contradicted service layer.",Automated risk flag only; user-approved nuance: boondocking/community vagueness and park/campground entrances are not automatic defects.
P1,MI,s630,Muskegon State Park Beach Campground,Modern Campgrounds,43.2618471,-86.356554,proxy-feature wording/name (review if used as exact campsite); access wording suggests Boat / Backpack review,"High-priority manual review: possible wrong feature, wrong access type, fake precision, or contradicted service layer.",Automated risk flag only; user-approved nuance: boondocking/community vagueness and park/campground entrances are not automatic defects.
P1,MI,s631,Muskegon State Park Campground,Modern Campgrounds,43.252,-86.275,proxy-feature wording/name (review if used as exact campsite); Modern layer conflicts with rustic/no-service wording,"High-priority manual review: possible wrong feature, wrong access type, fake precision, or contradicted service layer.",Automated risk flag only; user-approved nuance: boondocking/community vagueness and park/campground entrances are not automatic defects.
P1,MI,s632,Muskegon State Park Channel Campground,Modern Campgrounds,43.2336583,-86.3302071,proxy-feature wording/name (review if used as exact campsite); access wording suggests Boat / Backpack review,"High-priority manual review: possible wrong feature, wrong access type, fake precision, or contradicted service layer.",Automated risk flag only; user-approved nuance: boondocking/community vagueness and park/campground entrances are not automatic defects.
P1,MI,s637,Neebish Island Resort,Modern Campgrounds,46.267448,-84.1253436,proxy-feature wording/name (review if used as exact campsite); Modern layer conflicts with rustic/no-service wording; access wording suggests Boat / Backpack review; legacy active row has no visible source URL,"High-priority manual review: possible wrong feature, wrong access type, fake precision, or contradicted service layer.",Automated risk flag only; user-approved nuance: boondocking/community vagueness and park/campground entrances are not automatic defects.
P1,MI,s644,North Higgins Lake State Park,Modern Campgrounds,44.5134426,-84.7537537,proxy-feature wording/name (review if used as exact campsite); broad park/forest/lake/river/system name; review as area/rule or component split,"High-priority manual review: possible wrong feature, wrong access type, fake precision, or contradicted service layer.",Automated risk flag only; user-approved nuance: boondocking/community vagueness and park/campground entrances are not automatic defects.
P1,MI,s653,Oak CampGround,Modern Campgrounds,43.502883,-85.584532,proxy-feature wording/name (review if used as exact campsite); Modern layer conflicts with rustic/no-service wording; access wording suggests Boat / Backpack review; legacy active row has no visible source URL,"High-priority manual review: possible wrong feature, wrong access type, fake precision, or contradicted service layer.",Automated risk flag only; user-approved nuance: boondocking/community vagueness and park/campground entrances are not automatic defects.
P1,MI,s657,Ocqueoc Falls Campground,Modern Campgrounds,45.3942333,-84.0559219,proxy-feature wording/name (review if used as exact campsite); Modern layer conflicts with rustic/no-service wording; access wording suggests Boat / Backpack review; legacy active row has no visible source URL,"High-priority manual review: possible wrong feature, wrong access type, fake precision, or contradicted service layer.",Automated risk flag only; user-approved nuance: boondocking/community vagueness and park/campground entrances are not automatic defects.
P1,MI,s658,Ojibwa Campground,Modern Campgrounds,46.7891667,-88.4711111,proxy-feature wording/name (review if used as exact campsite); Modern layer conflicts with rustic/no-service wording; access wording suggests Boat / Backpack review; legacy active row has no visible source URL,"High-priority manual review: possible wrong feature, wrong access type, fake precision, or contradicted service layer.",Automated risk flag only; user-approved nuance: boondocking/community vagueness and park/campground entrances are not automatic defects.
P1,MI,s659,Old Orchard Park,Modern Campgrounds,44.4458746,-83.48166,Modern layer conflicts with rustic/no-service wording; access wording suggests Boat / Backpack review; legacy active row has no visible source URL,"High-priority manual review: possible wrong feature, wrong access type, fake precision, or contradicted service layer.",Automated risk flag only; user-approved nuance: boondocking/community vagueness and park/campground entrances are not automatic defects.
P1,MI,s663,Onaway State Park,Modern Campgrounds,45.4327038,-84.2283046,proxy-feature wording/name (review if used as exact campsite); broad park/forest/lake/river/system name; review as area/rule or component split,"High-priority manual review: possible wrong feature, wrong access type, fake precision, or contradicted service layer.",Automated risk flag only; user-approved nuance: boondocking/community vagueness and park/campground entrances are not automatic defects.
P1,MI,s1056,Ontonagon County Park on Lake Gogebic,Modern Campgrounds,46.5499474,-89.6246008,proxy-feature wording/name (review if used as exact campsite); Modern layer lacks visible modern-service proof in record text; broad park/forest/lake/river/system name; review as area/rule or component split,"High-priority manual review: possible wrong feature, wrong access type, fake precision, or contradicted service layer.",Automated risk flag only; user-approved nuance: boondocking/community vagueness and park/campground entrances are not automatic defects.
P1,MI,s666,Ontonagon Township Park and Campground,Modern Campgrounds,46.881934,-89.3038498,proxy-feature wording/name (review if used as exact campsite),"High-priority manual review: possible wrong feature, wrong access type, fake precision, or contradicted service layer.",Automated risk flag only; user-approved nuance: boondocking/community vagueness and park/campground entrances are not automatic defects.
P1,MI,s667,Orchard Beach State Park,Modern Campgrounds,44.2817026,-86.3152884,proxy-feature wording/name (review if used as exact campsite); broad park/forest/lake/river/system name; review as area/rule or component split,"High-priority manual review: possible wrong feature, wrong access type, fake precision, or contradicted service layer.",Automated risk flag only; user-approved nuance: boondocking/community vagueness and park/campground entrances are not automatic defects.
P1,MI,s669,Otsego Lake County Park,Modern Campgrounds,44.9657066,-84.7019982,proxy-feature wording/name (review if used as exact campsite); access wording suggests Boat / Backpack review; broad park/forest/lake/river/system name; review as area/rule or component split,"High-priority manual review: possible wrong feature, wrong access type, fake precision, or contradicted service layer.",Automated risk flag only; user-approved nuance: boondocking/community vagueness and park/campground entrances are not automatic defects.
P1,MI,s671,Otter Lake Campground,Private Campgrounds,46.305833,-86.717333,proxy-feature wording/name (review if used as exact campsite),"High-priority manual review: possible wrong feature, wrong access type, fake precision, or contradicted service layer.",Automated risk flag only; user-approved nuance: boondocking/community vagueness and park/campground entrances are not automatic defects.
P1,MI,s672,Oxbow Park,Modern Campgrounds,43.504153,-85.608951,Modern layer conflicts with rustic/no-service wording; access wording suggests Boat / Backpack review; legacy active row has no visible source URL,"High-priority manual review: possible wrong feature, wrong access type, fake precision, or contradicted service layer.",Automated risk flag only; user-approved nuance: boondocking/community vagueness and park/campground entrances are not automatic defects.
P1,MI,s673,P. J. Hoffmaster Campground,Modern Campgrounds,43.1371892,-86.2729923,proxy-feature wording/name (review if used as exact campsite),"High-priority manual review: possible wrong feature, wrong access type, fake precision, or contradicted service layer.",Automated risk flag only; user-approved nuance: boondocking/community vagueness and park/campground entrances are not automatic defects.
P1,MI,s679,Paris Park,Modern Campgrounds,43.7873972,-85.501934,Modern layer conflicts with rustic/no-service wording; access wording suggests Boat / Backpack review; legacy active row has no visible source URL,"High-priority manual review: possible wrong feature, wrong access type, fake precision, or contradicted service layer.",Automated risk flag only; user-approved nuance: boondocking/community vagueness and park/campground entrances are not automatic defects.
P1,MI,s687,Perkins Park,Modern Campgrounds,46.8131144,-87.7263906,Modern layer conflicts with rustic/no-service wording; access wording suggests Boat / Backpack review; legacy active row has no visible source URL,"High-priority manual review: possible wrong feature, wrong access type, fake precision, or contradicted service layer.",Automated risk flag only; user-approved nuance: boondocking/community vagueness and park/campground entrances are not automatic defects.
P1,MI,s688,Perrault Lake Campground,Modern Campgrounds,47.0296262,-88.7310288,proxy-feature wording/name (review if used as exact campsite); Modern layer conflicts with rustic/no-service wording; access wording suggests Boat / Backpack review; legacy active row has no visible source URL,"High-priority manual review: possible wrong feature, wrong access type, fake precision, or contradicted service layer.",Automated risk flag only; user-approved nuance: boondocking/community vagueness and park/campground entrances are not automatic defects.
P1,MI,s690,Pete's Lake Campground,Modern Campgrounds,46.2293431,-86.6016145,proxy-feature wording/name (review if used as exact campsite); Modern layer conflicts with rustic/no-service wording; access wording suggests Boat / Backpack review; legacy active row has no visible source URL,"High-priority manual review: possible wrong feature, wrong access type, fake precision, or contradicted service layer.",Automated risk flag only; user-approved nuance: boondocking/community vagueness and park/campground entrances are not automatic defects.
P1,MI,s692,Petoskey State Park Campground,Modern Campgrounds,45.3942711,-84.9119672,proxy-feature wording/name (review if used as exact campsite),"High-priority manual review: possible wrong feature, wrong access type, fake precision, or contradicted service layer.",Automated risk flag only; user-approved nuance: boondocking/community vagueness and park/campground entrances are not automatic defects.
P1,MI,s693,Petoskey State Park Tannery Creek Campground,Modern Campgrounds,45.389,-84.974,proxy-feature wording/name (review if used as exact campsite); Modern layer conflicts with rustic/no-service wording,"High-priority manual review: possible wrong feature, wrong access type, fake precision, or contradicted service layer.",Automated risk flag only; user-approved nuance: boondocking/community vagueness and park/campground entrances are not automatic defects.
P1,MI,s706,Pines Campground,Modern Campgrounds,44.0361158,-86.5064831,proxy-feature wording/name (review if used as exact campsite); Modern layer conflicts with rustic/no-service wording; access wording suggests Boat / Backpack review; legacy active row has no visible source URL,"High-priority manual review: possible wrong feature, wrong access type, fake precision, or contradicted service layer.",Automated risk flag only; user-approved nuance: boondocking/community vagueness and park/campground entrances are not automatic defects.
P1,MI,s715,Pioneer Park Campground,Modern Campgrounds,43.2822376,-86.365353,Modern layer conflicts with rustic/no-service wording; access wording suggests Boat / Backpack review; legacy active row has no visible source URL,"High-priority manual review: possible wrong feature, wrong access type, fake precision, or contradicted service layer.",Automated risk flag only; user-approved nuance: boondocking/community vagueness and park/campground entrances are not automatic defects.
P1,MI,s716,Pioneer Trail Park,Modern Campgrounds,45.7947063,-87.0716603,Modern layer conflicts with rustic/no-service wording; access wording suggests Boat / Backpack review; legacy active row has no visible source URL,"High-priority manual review: possible wrong feature, wrong access type, fake precision, or contradicted service layer.",Automated risk flag only; user-approved nuance: boondocking/community vagueness and park/campground entrances are not automatic defects.
P1,MI,s728,Point Au Gres Park & Campground,Modern Campgrounds,43.9931607,-83.6803885,Modern layer conflicts with rustic/no-service wording; access wording suggests Boat / Backpack review; legacy active row has no visible source URL,"High-priority manual review: possible wrong feature, wrong access type, fake precision, or contradicted service layer.",Automated risk flag only; user-approved nuance: boondocking/community vagueness and park/campground entrances are not automatic defects.
P1,MI,s737,Poplar Campground,Modern Campgrounds,43.504505,-85.590069,proxy-feature wording/name (review if used as exact campsite); Modern layer conflicts with rustic/no-service wording; access wording suggests Boat / Backpack review; legacy active row has no visible source URL,"High-priority manual review: possible wrong feature, wrong access type, fake precision, or contradicted service layer.",Automated risk flag only; user-approved nuance: boondocking/community vagueness and park/campground entrances are not automatic defects.
P1,MI,s739,Port Crescent State Park Campsite,Modern Campgrounds,44.0075254,-83.0524005,proxy-feature wording/name (review if used as exact campsite),"High-priority manual review: possible wrong feature, wrong access type, fake precision, or contradicted service layer.",Automated risk flag only; user-approved nuance: boondocking/community vagueness and park/campground entrances are not automatic defects.
P1,MI,s741,Portage Lake Campground,Modern Campgrounds,42.3289483,-84.2366057,proxy-feature wording/name (review if used as exact campsite); Modern layer conflicts with rustic/no-service wording; access wording suggests Boat / Backpack review; legacy active row has no visible source URL,"High-priority manual review: possible wrong feature, wrong access type, fake precision, or contradicted service layer.",Automated risk flag only; user-approved nuance: boondocking/community vagueness and park/campground entrances are not automatic defects.
P1,MI,s748,Presque Isle Campground,Modern Campgrounds,46.7062968,-89.9790469,proxy-feature wording/name (review if used as exact campsite); Modern layer conflicts with rustic/no-service wording; access wording suggests Boat / Backpack review,"High-priority manual review: possible wrong feature, wrong access type, fake precision, or contradicted service layer.",Automated risk flag only; user-approved nuance: boondocking/community vagueness and park/campground entrances are not automatic defects.
P1,MI,s749,Presque Isle State Park Campground,Modern Campgrounds,45.329,-83.487,proxy-feature wording/name (review if used as exact campsite); Modern layer conflicts with rustic/no-service wording,"High-priority manual review: possible wrong feature, wrong access type, fake precision, or contradicted service layer.",Automated risk flag only; user-approved nuance: boondocking/community vagueness and park/campground entrances are not automatic defects.
P1,MI,s764,Readmond Township Park,Modern Campgrounds,45.5738171,-85.1181938,proxy-feature wording/name (review if used as exact campsite); Modern layer conflicts with rustic/no-service wording; broad park/forest/lake/river/system name; review as area/rule or component split,"High-priority manual review: possible wrong feature, wrong access type, fake precision, or contradicted service layer.",Automated risk flag only; user-approved nuance: boondocking/community vagueness and park/campground entrances are not automatic defects.
P1,MI,mi-v23194-reed-green-bridge-sfcg,Reed & Green Bridge State Forest Campground,Rustic / Primitive,46.661448,-85.522359,vague/uncertain wording in non-boondocking record,"High-priority manual review: possible wrong feature, wrong access type, fake precision, or contradicted service layer.",Automated risk flag only; user-approved nuance: boondocking/community vagueness and park/campground entrances are not automatic defects.
P1,MI,s766,Reed & Green Campground,Modern Campgrounds,46.6613987,-85.5229102,proxy-feature wording/name (review if used as exact campsite); Modern layer conflicts with rustic/no-service wording; access wording suggests Boat / Backpack review; legacy active row has no visible source URL,"High-priority manual review: possible wrong feature, wrong access type, fake precision, or contradicted service layer.",Automated risk flag only; user-approved nuance: boondocking/community vagueness and park/campground entrances are not automatic defects.
P1,MI,s767,Reedsburg Dam State Forest Campground,Rustic / Primitive,44.359843,-84.856857,proxy-feature wording/name (review if used as exact campsite); legacy active row has no visible source URL,"High-priority manual review: possible wrong feature, wrong access type, fake precision, or contradicted service layer.",Automated risk flag only; user-approved nuance: boondocking/community vagueness and park/campground entrances are not automatic defects.
P1,MI,s772,Rifle River Campground & Canoe Livery,Modern Campgrounds,44.0839372,-84.0398037,proxy-feature wording/name (review if used as exact campsite); Modern layer conflicts with rustic/no-service wording; access wording suggests Boat / Backpack review; legacy active row has no visible source URL,"High-priority manual review: possible wrong feature, wrong access type, fake precision, or contradicted service layer.",Automated risk flag only; user-approved nuance: boondocking/community vagueness and park/campground entrances are not automatic defects.
P1,MI,s780,Riverside Park,Modern Campgrounds,43.9437111,-86.278726,Modern layer conflicts with rustic/no-service wording; access wording suggests Boat / Backpack review; broad park/forest/lake/river/system name; review as area/rule or component split; legacy active row has no visible source URL,"High-priority manual review: possible wrong feature, wrong access type, fake precision, or contradicted service layer.",Automated risk flag only; user-approved nuance: boondocking/community vagueness and park/campground entrances are not automatic defects.
P1,MI,s783,Road's End Campsite,Modern Campgrounds,46.494843,-86.6448526,proxy-feature wording/name (review if used as exact campsite); Modern layer conflicts with rustic/no-service wording; access wording suggests Boat / Backpack review; legacy active row has no visible source URL,"High-priority manual review: possible wrong feature, wrong access type, fake precision, or contradicted service layer.",Automated risk flag only; user-approved nuance: boondocking/community vagueness and park/campground entrances are not automatic defects.
P1,MI,s785,Robert Doerr Park,Modern Campgrounds,44.7071265,-85.7398218,Modern layer conflicts with rustic/no-service wording; access wording suggests Boat / Backpack review; legacy active row has no visible source URL,"High-priority manual review: possible wrong feature, wrong access type, fake precision, or contradicted service layer.",Automated risk flag only; user-approved nuance: boondocking/community vagueness and park/campground entrances are not automatic defects.
P1,MI,s786,Roberts Landing Campground,Modern Campgrounds,45.7226452,-84.6081804,proxy-feature wording/name (review if used as exact campsite); Modern layer conflicts with rustic/no-service wording; access wording suggests Boat / Backpack review; legacy active row has no visible source URL,"High-priority manual review: possible wrong feature, wrong access type, fake precision, or contradicted service layer.",Automated risk flag only; user-approved nuance: boondocking/community vagueness and park/campground entrances are not automatic defects.
P1,MI,s791,Ross Lake State Campground,Modern Campgrounds,46.4847965,-86.2663087,proxy-feature wording/name (review if used as exact campsite); Modern layer conflicts with rustic/no-service wording; access wording suggests Boat / Backpack review; legacy active row has no visible source URL,"High-priority manual review: possible wrong feature, wrong access type, fake precision, or contradicted service layer.",Automated risk flag only; user-approved nuance: boondocking/community vagueness and park/campground entrances are not automatic defects.
P1,MI,s804,Sand Lake Campground,Modern Campgrounds,42.8078397,-83.6552554,proxy-feature wording/name (review if used as exact campsite); Modern layer conflicts with rustic/no-service wording; access wording suggests Boat / Backpack review; legacy active row has no visible source URL,"High-priority manual review: possible wrong feature, wrong access type, fake precision, or contradicted service layer.",Automated risk flag only; user-approved nuance: boondocking/community vagueness and park/campground entrances are not automatic defects.
P1,MI,s809,Sanilac County Forester Campground,Modern Campgrounds,43.5117073,-82.5742618,proxy-feature wording/name (review if used as exact campsite); Modern layer conflicts with rustic/no-service wording,"High-priority manual review: possible wrong feature, wrong access type, fake precision, or contradicted service layer.",Automated risk flag only; user-approved nuance: boondocking/community vagueness and park/campground entrances are not automatic defects.
P1,MI,s810,Sanilac County Lexington Park,Modern Campgrounds,43.3154876,-82.5338526,proxy-feature wording/name (review if used as exact campsite); broad park/forest/lake/river/system name; review as area/rule or component split,"High-priority manual review: possible wrong feature, wrong access type, fake precision, or contradicted service layer.",Automated risk flag only; user-approved nuance: boondocking/community vagueness and park/campground entrances are not automatic defects.
P1,MI,s820,School Section Lake Veteran's Park,Modern Campgrounds,43.597875,-85.265172,Modern layer conflicts with rustic/no-service wording; access wording suggests Boat / Backpack review; broad park/forest/lake/river/system name; review as area/rule or component split; legacy active row has no visible source URL,"High-priority manual review: possible wrong feature, wrong access type, fake precision, or contradicted service layer.",Automated risk flag only; user-approved nuance: boondocking/community vagueness and park/campground entrances are not automatic defects.
P1,MI,s821,Schoolcraft Township Park,Modern Campgrounds,47.1797402,-88.2413117,proxy-feature wording/name (review if used as exact campsite); Modern layer conflicts with rustic/no-service wording; broad park/forest/lake/river/system name; review as area/rule or component split,"High-priority manual review: possible wrong feature, wrong access type, fake precision, or contradicted service layer.",Automated risk flag only; user-approved nuance: boondocking/community vagueness and park/campground entrances are not automatic defects.
P1,MI,s1067,Schoolcraft Township Rustic Campground,Rustic / Primitive,47.17331606576379,-88.24208889396004,proxy-feature wording/name (review if used as exact campsite),"High-priority manual review: possible wrong feature, wrong access type, fake precision, or contradicted service layer.",Automated risk flag only; user-approved nuance: boondocking/community vagueness and park/campground entrances are not automatic defects.
P1,MI,s825,Seney Township Campground,Modern Campgrounds,46.3539575,-85.9631114,Modern layer conflicts with rustic/no-service wording,"High-priority manual review: possible wrong feature, wrong access type, fake precision, or contradicted service layer.",Automated risk flag only; user-approved nuance: boondocking/community vagueness and park/campground entrances are not automatic defects.
P1,MI,s831,Shamrock Park,Private Campgrounds,41.9519924,-86.3344904,proxy-feature wording/name (review if used as exact campsite); broad park/forest/lake/river/system name; review as area/rule or component split,"High-priority manual review: possible wrong feature, wrong access type, fake precision, or contradicted service layer.",Automated risk flag only; user-approved nuance: boondocking/community vagueness and park/campground entrances are not automatic defects.
P1,MI,s843,Silver Lake State Park Campground,Modern Campgrounds,43.6614548,-86.4949624,proxy-feature wording/name (review if used as exact campsite),"High-priority manual review: possible wrong feature, wrong access type, fake precision, or contradicted service layer.",Automated risk flag only; user-approved nuance: boondocking/community vagueness and park/campground entrances are not automatic defects.
P1,MI,s849,Sleeper State Park,Modern Campgrounds,43.9789761,-83.2102189,proxy-feature wording/name (review if used as exact campsite); broad park/forest/lake/river/system name; review as area/rule or component split,"High-priority manual review: possible wrong feature, wrong access type, fake precision, or contradicted service layer.",Automated risk flag only; user-approved nuance: boondocking/community vagueness and park/campground entrances are not automatic defects.
P1,MI,s850,Sleeper State Park Campground,Modern Campgrounds,43.83,-83.1,proxy-feature wording/name (review if used as exact campsite); Modern layer conflicts with rustic/no-service wording,"High-priority manual review: possible wrong feature, wrong access type, fake precision, or contradicted service layer.",Automated risk flag only; user-approved nuance: boondocking/community vagueness and park/campground entrances are not automatic defects.
P1,MI,s860,South Higgins Lake State Park Campground,Modern Campgrounds,44.477,-84.69,proxy-feature wording/name (review if used as exact campsite); Modern layer conflicts with rustic/no-service wording,"High-priority manual review: possible wrong feature, wrong access type, fake precision, or contradicted service layer.",Automated risk flag only; user-approved nuance: boondocking/community vagueness and park/campground entrances are not automatic defects.
P1,MI,s862,South Manistique Lake State Forest Campground,Rustic / Primitive,46.1760957,-85.791507,proxy-feature wording/name (review if used as exact campsite); access wording suggests Boat / Backpack review,"High-priority manual review: possible wrong feature, wrong access type, fake precision, or contradicted service layer.",Automated risk flag only; user-approved nuance: boondocking/community vagueness and park/campground entrances are not automatic defects.
P1,MI,s870,Spruce Campground,Modern Campgrounds,44.3887337,-84.0330264,proxy-feature wording/name (review if used as exact campsite); Modern layer conflicts with rustic/no-service wording; access wording suggests Boat / Backpack review; legacy active row has no visible source URL,"High-priority manual review: possible wrong feature, wrong access type, fake precision, or contradicted service layer.",Automated risk flag only; user-approved nuance: boondocking/community vagueness and park/campground entrances are not automatic defects.
P1,MI,s873,Stafford County Park,Modern Campgrounds,43.9435442,-82.7098702,proxy-feature wording/name (review if used as exact campsite); broad park/forest/lake/river/system name; review as area/rule or component split,"High-priority manual review: possible wrong feature, wrong access type, fake precision, or contradicted service layer.",Automated risk flag only; user-approved nuance: boondocking/community vagueness and park/campground entrances are not automatic defects.
P1,MI,s884,Straits State Park Campground,Modern Campgrounds,45.851,-84.72,proxy-feature wording/name (review if used as exact campsite); Modern layer conflicts with rustic/no-service wording,"High-priority manual review: possible wrong feature, wrong access type, fake precision, or contradicted service layer.",Automated risk flag only; user-approved nuance: boondocking/community vagueness and park/campground entrances are not automatic defects.
P1,MI,s891,Sugarloaf Lake Campground,Modern Campgrounds,42.3419643,-84.121542,proxy-feature wording/name (review if used as exact campsite); Modern layer conflicts with rustic/no-service wording; access wording suggests Boat / Backpack review; legacy active row has no visible source URL,"High-priority manual review: possible wrong feature, wrong access type, fake precision, or contradicted service layer.",Automated risk flag only; user-approved nuance: boondocking/community vagueness and park/campground entrances are not automatic defects.
P1,MI,s894,Sunken Lake Park,Modern Campgrounds,45.2092606,-83.7240622,Modern layer conflicts with rustic/no-service wording; access wording suggests Boat / Backpack review; broad park/forest/lake/river/system name; review as area/rule or component split; legacy active row has no visible source URL,"High-priority manual review: possible wrong feature, wrong access type, fake precision, or contradicted service layer.",Automated risk flag only; user-approved nuance: boondocking/community vagueness and park/campground entrances are not automatic defects.
P1,MI,s903,Tahquamenon River Mouth Campground,Modern Campgrounds,46.559,-85.0351,Modern layer conflicts with rustic/no-service wording,"High-priority manual review: possible wrong feature, wrong access type, fake precision, or contradicted service layer.",Automated risk flag only; user-approved nuance: boondocking/community vagueness and park/campground entrances are not automatic defects.
P1,MI,s906,Tawas Point Campground,Modern Campgrounds,44.2577044,-83.4448277,proxy-feature wording/name (review if used as exact campsite); Modern layer conflicts with rustic/no-service wording; access wording suggests Boat / Backpack review,"High-priority manual review: possible wrong feature, wrong access type, fake precision, or contradicted service layer.",Automated risk flag only; user-approved nuance: boondocking/community vagueness and park/campground entrances are not automatic defects.
P1,MI,s907,Tee Pee Campgrounds,Modern Campgrounds,45.7649205,-84.7158295,proxy-feature wording/name (review if used as exact campsite); Modern layer conflicts with rustic/no-service wording; access wording suggests Boat / Backpack review; legacy active row has no visible source URL,"High-priority manual review: possible wrong feature, wrong access type, fake precision, or contradicted service layer.",Automated risk flag only; user-approved nuance: boondocking/community vagueness and park/campground entrances are not automatic defects.
P1,MI,s913,Thunder Bay River State Forest,Needs Verification,45.0897361,-83.3238602,vague/uncertain wording in non-boondocking record; broad park/forest/lake/river/system name; review as area/rule or component split,"High-priority manual review: possible wrong feature, wrong access type, fake precision, or contradicted service layer.",Automated risk flag only; user-approved nuance: boondocking/community vagueness and park/campground entrances are not automatic defects.
P1,MI,s915,Tiki RV Park,Modern Campgrounds,45.8825111,-84.72863,Modern layer conflicts with rustic/no-service wording; access wording suggests Boat / Backpack review; legacy active row has no visible source URL,"High-priority manual review: possible wrong feature, wrong access type, fake precision, or contradicted service layer.",Automated risk flag only; user-approved nuance: boondocking/community vagueness and park/campground entrances are not automatic defects.
P1,MI,s917,Tioga campground,Modern Campgrounds,46.51352,-87.0265277,proxy-feature wording/name (review if used as exact campsite); Modern layer conflicts with rustic/no-service wording; access wording suggests Boat / Backpack review; legacy active row has no visible source URL,"High-priority manual review: possible wrong feature, wrong access type, fake precision, or contradicted service layer.",Automated risk flag only; user-approved nuance: boondocking/community vagueness and park/campground entrances are not automatic defects.
P1,MI,s918,Tippy Dam Campground,Private Campgrounds,44.2544673,-85.9436416,proxy-feature wording/name (review if used as exact campsite),"High-priority manual review: possible wrong feature, wrong access type, fake precision, or contradicted service layer.",Automated risk flag only; user-approved nuance: boondocking/community vagueness and park/campground entrances are not automatic defects.
P1,MI,s919,Tippy Dam Campground-MDNR,Rustic / Primitive,44.264781,-85.9390709,proxy-feature wording/name (review if used as exact campsite); access wording suggests Boat / Backpack review,"High-priority manual review: possible wrong feature, wrong access type, fake precision, or contradicted service layer.",Automated risk flag only; user-approved nuance: boondocking/community vagueness and park/campground entrances are not automatic defects.
P1,MI,s922,Tourist Park,Modern Campgrounds,46.5689429,-87.4066982,Modern layer conflicts with rustic/no-service wording; access wording suggests Boat / Backpack review; legacy active row has no visible source URL,"High-priority manual review: possible wrong feature, wrong access type, fake precision, or contradicted service layer.",Automated risk flag only; user-approved nuance: boondocking/community vagueness and park/campground entrances are not automatic defects.
P1,MI,s926,Township Park,Modern Campgrounds,45.9938367,-83.7859154,proxy-feature wording/name (review if used as exact campsite); access wording suggests Boat / Backpack review; broad park/forest/lake/river/system name; review as area/rule or component split,"High-priority manual review: possible wrong feature, wrong access type, fake precision, or contradicted service layer.",Automated risk flag only; user-approved nuance: boondocking/community vagueness and park/campground entrances are not automatic defects.
P1,MI,s934,Traverse City State Park Campground,Modern Campgrounds,44.7479384,-85.5538382,proxy-feature wording/name (review if used as exact campsite),"High-priority manual review: possible wrong feature, wrong access type, fake precision, or contradicted service layer.",Automated risk flag only; user-approved nuance: boondocking/community vagueness and park/campground entrances are not automatic defects.
P1,MI,s942,Twelvemile Beach Campground,Rustic / Primitive,46.6398017,-86.2156923,proxy-feature wording/name (review if used as exact campsite); access wording suggests Boat / Backpack review,"High-priority manual review: possible wrong feature, wrong access type, fake precision, or contradicted service layer.",Automated risk flag only; user-approved nuance: boondocking/community vagueness and park/campground entrances are not automatic defects.
P1,MI,s1064,Twin Lakes State Park,Modern Campgrounds,46.8909,-88.8577,proxy-feature wording/name (review if used as exact campsite); Modern layer conflicts with rustic/no-service wording; broad park/forest/lake/river/system name; review as area/rule or component split,"High-priority manual review: possible wrong feature, wrong access type, fake precision, or contradicted service layer.",Automated risk flag only; user-approved nuance: boondocking/community vagueness and park/campground entrances are not automatic defects.
P1,MI,mi-v23192-up-state-fairgrounds-camping,U.P. State Fairgrounds Camping,Modern Campgrounds,45.7591,-87.0819,vague/uncertain wording in non-boondocking record,"High-priority manual review: possible wrong feature, wrong access type, fake precision, or contradicted service layer.",Automated risk flag only; user-approved nuance: boondocking/community vagueness and park/campground entrances are not automatic defects.
P1,MI,s947,Union Bay Campground,Modern Campgrounds,46.8198972,-89.6400293,proxy-feature wording/name (review if used as exact campsite); Modern layer conflicts with rustic/no-service wording; access wording suggests Boat / Backpack review; legacy active row has no visible source URL,"High-priority manual review: possible wrong feature, wrong access type, fake precision, or contradicted service layer.",Automated risk flag only; user-approved nuance: boondocking/community vagueness and park/campground entrances are not automatic defects.
P1,MI,s956,Van Buren State Park,Modern Campgrounds,42.3345576,-86.3005955,proxy-feature wording/name (review if used as exact campsite); broad park/forest/lake/river/system name; review as area/rule or component split,"High-priority manual review: possible wrong feature, wrong access type, fake precision, or contradicted service layer.",Automated risk flag only; user-approved nuance: boondocking/community vagueness and park/campground entrances are not automatic defects.
P1,MI,s964,Wabasis Lake Park Beach,Modern Campgrounds,43.1369889,-85.3895267,proxy-feature wording/name (review if used as exact campsite); Modern layer conflicts with rustic/no-service wording; access wording suggests Boat / Backpack review; broad park/forest/lake/river/system name; review as area/rule or component split; legacy active row has no visible source URL,"High-priority manual review: possible wrong feature, wrong access type, fake precision, or contradicted service layer.",Automated risk flag only; user-approved nuance: boondocking/community vagueness and park/campground entrances are not automatic defects.
P1,MI,s973,Warren Dunes State Park Campground,Modern Campgrounds,41.9099592,-86.5871294,proxy-feature wording/name (review if used as exact campsite); Modern layer conflicts with rustic/no-service wording,"High-priority manual review: possible wrong feature, wrong access type, fake precision, or contradicted service layer.",Automated risk flag only; user-approved nuance: boondocking/community vagueness and park/campground entrances are not automatic defects.
P1,MI,s975,Waterloo State Recreation Area,Modern Campgrounds,42.336258,-84.1706505,proxy-feature wording/name (review if used as exact campsite); Modern layer conflicts with rustic/no-service wording; access wording suggests Boat / Backpack review,"High-priority manual review: possible wrong feature, wrong access type, fake precision, or contradicted service layer.",Automated risk flag only; user-approved nuance: boondocking/community vagueness and park/campground entrances are not automatic defects.
P1,MI,s999,Widewaters Campground,Rustic / Primitive,46.2194444,-86.6283333,proxy-feature wording/name (review if used as exact campsite); access wording suggests Boat / Backpack review; legacy active row has no visible source URL,"High-priority manual review: possible wrong feature, wrong access type, fake precision, or contradicted service layer.",Automated risk flag only; user-approved nuance: boondocking/community vagueness and park/campground entrances are not automatic defects.
P1,MI,s1003,Wilderness State Park,Modern Campgrounds,45.7390953,-84.9220769,proxy-feature wording/name (review if used as exact campsite); Modern layer conflicts with rustic/no-service wording; access wording suggests Boat / Backpack review; broad park/forest/lake/river/system name; review as area/rule or component split,"High-priority manual review: possible wrong feature, wrong access type, fake precision, or contradicted service layer.",Automated risk flag only; user-approved nuance: boondocking/community vagueness and park/campground entrances are not automatic defects.
P1,MI,s1004,Wilderness State Park Campground,Modern Campgrounds,45.75475254,-84.92570418,Modern layer conflicts with rustic/no-service wording; access wording suggests Boat / Backpack review,"High-priority manual review: possible wrong feature, wrong access type, fake precision, or contradicted service layer.",Automated risk flag only; user-approved nuance: boondocking/community vagueness and park/campground entrances are not automatic defects.
P1,MI,s1005,Wilderness State Park Lakeshore Campground,Modern Campgrounds,45.767,-84.967,proxy-feature wording/name (review if used as exact campsite),"High-priority manual review: possible wrong feature, wrong access type, fake precision, or contradicted service layer.",Automated risk flag only; user-approved nuance: boondocking/community vagueness and park/campground entrances are not automatic defects.
P1,MI,s1006,Wilderness State Park Pines Campground,Modern Campgrounds,45.772,-84.969,Modern layer conflicts with rustic/no-service wording,"High-priority manual review: possible wrong feature, wrong access type, fake precision, or contradicted service layer.",Automated risk flag only; user-approved nuance: boondocking/community vagueness and park/campground entrances are not automatic defects.
P1,MI,s1009,Wilkins state park west camping ground,Modern Campgrounds,47.4663134,-87.8700101,Modern layer conflicts with rustic/no-service wording; access wording suggests Boat / Backpack review; broad park/forest/lake/river/system name; review as area/rule or component split; legacy active row has no visible source URL,"High-priority manual review: possible wrong feature, wrong access type, fake precision, or contradicted service layer.",Automated risk flag only; user-approved nuance: boondocking/community vagueness and park/campground entrances are not automatic defects.
P1,MI,s1018,Witz marine and campground,Modern Campgrounds,46.8871116,-88.2083892,proxy-feature wording/name (review if used as exact campsite); Modern layer conflicts with rustic/no-service wording; access wording suggests Boat / Backpack review; legacy active row has no visible source URL,"High-priority manual review: possible wrong feature, wrong access type, fake precision, or contradicted service layer.",Automated risk flag only; user-approved nuance: boondocking/community vagueness and park/campground entrances are not automatic defects.
P1,MI,s1021,Woodland Park Campground,Modern Campgrounds,46.6733343,-85.9910552,Modern layer conflicts with rustic/no-service wording; access wording suggests Boat / Backpack review; legacy active row has no visible source URL,"High-priority manual review: possible wrong feature, wrong access type, fake precision, or contradicted service layer.",Automated risk flag only; user-approved nuance: boondocking/community vagueness and park/campground entrances are not automatic defects.
P1,MN,mn-v23144-afton-state-park-backpack-campground,Afton State Park — Backpack Campground,Boat / Backpack,44.863,-92.788,proxy-feature wording/name (review if used as exact campsite),"High-priority manual review: possible wrong feature, wrong access type, fake precision, or contradicted service layer.",Automated risk flag only; user-approved nuance: boondocking/community vagueness and park/campground entrances are not automatic defects.
P1,MN,mn-v23143-bearskin-lake-backcountry-site,Bearskin Lake Backcountry Site,Boat / Backpack,48.0702467,-90.44267203,vague/uncertain wording in non-boondocking record; broad park/forest/lake/river/system name; review as area/rule or component split,"High-priority manual review: possible wrong feature, wrong access type, fake precision, or contradicted service layer.",Automated risk flag only; user-approved nuance: boondocking/community vagueness and park/campground entrances are not automatic defects.
P1,MN,mn-v23143-chippewa-campground-loop,Chippewa Campground Loop,Modern Campgrounds,47.382284,-94.508411,Modern layer conflicts with rustic/no-service wording,"High-priority manual review: possible wrong feature, wrong access type, fake precision, or contradicted service layer.",Automated risk flag only; user-approved nuance: boondocking/community vagueness and park/campground entrances are not automatic defects.
P1,MN,mn-rest-v58-i90-wb-dresbach,Dresbach Welcome Center / Rest Area - I-90/US-61 Westbound,rest-truck rest-area rest areas & roadside stops official mn,43.859473,-91.304562,proxy-feature wording/name (review if used as exact campsite),"High-priority manual review: possible wrong feature, wrong access type, fake precision, or contradicted service layer.",Automated risk flag only; user-approved nuance: boondocking/community vagueness and park/campground entrances are not automatic defects.
P1,MN,mn-v23144-greer-lake-campground,Greer Lake Campground,Rustic / Primitive,46.659,-94.064,proxy-feature wording/name (review if used as exact campsite),"High-priority manual review: possible wrong feature, wrong access type, fake precision, or contradicted service layer.",Automated risk flag only; user-approved nuance: boondocking/community vagueness and park/campground entrances are not automatic defects.
P1,MN,mn-v23144-norway-beach-campground-loop,Norway Beach Campground Loop,Rustic / Primitive,47.380268,-94.515872,proxy-feature wording/name (review if used as exact campsite),"High-priority manual review: possible wrong feature, wrong access type, fake precision, or contradicted service layer.",Automated risk flag only; user-approved nuance: boondocking/community vagueness and park/campground entrances are not automatic defects.
P1,MN,s877,State and National forests,Info / Reference,46.3523692,-94.6697496,proxy-feature wording/name (review if used as exact campsite); broad park/forest/lake/river/system name; review as area/rule or component split,"High-priority manual review: possible wrong feature, wrong access type, fake precision, or contradicted service layer.",Automated risk flag only; user-approved nuance: boondocking/community vagueness and park/campground entrances are not automatic defects.
P1,MN,mn-v23144-woodenfrog-state-forest-campground,Woodenfrog State Forest Campground,Rustic / Primitive,48.445,-93.01,proxy-feature wording/name (review if used as exact campsite),"High-priority manual review: possible wrong feature, wrong access type, fake precision, or contradicted service layer.",Automated risk flag only; user-approved nuance: boondocking/community vagueness and park/campground entrances are not automatic defects.
P1,MT,mt-v23196-bearpaw-lake-fishing-access-site,Bearpaw Lake Fishing Access Site,Rustic / Primitive,48.31699,-109.65775,vague/uncertain wording in non-boondocking record; broad park/forest/lake/river/system name; review as area/rule or component split,"High-priority manual review: possible wrong feature, wrong access type, fake precision, or contradicted service layer.",Automated risk flag only; user-approved nuance: boondocking/community vagueness and park/campground entrances are not automatic defects.
P1,MT,mt-v23196-beavertail-hill-state-park-campground,Beavertail Hill State Park Campground,Rustic / Primitive,46.719,-113.574,vague/uncertain wording in non-boondocking record,"High-priority manual review: possible wrong feature, wrong access type, fake precision, or contradicted service layer.",Automated risk flag only; user-approved nuance: boondocking/community vagueness and park/campground entrances are not automatic defects.
P1,MT,mt-v23196-brush-lake-state-park-campground,Brush Lake State Park Campground,Rustic / Primitive,48.603,-104.113,vague/uncertain wording in non-boondocking record,"High-priority manual review: possible wrong feature, wrong access type, fake precision, or contradicted service layer.",Automated risk flag only; user-approved nuance: boondocking/community vagueness and park/campground entrances are not automatic defects.
P1,MT,mt_copper_city_blm_community_reported,Copper City BLM dispersed camping,Boondocking / Dispersed,45.9769033,-111.5372215,proxy-feature wording/name (review if used as exact campsite),"High-priority manual review: possible wrong feature, wrong access type, fake precision, or contradicted service layer.",Automated risk flag only; user-approved nuance: boondocking/community vagueness and park/campground entrances are not automatic defects.
P1,MT,mt-v23196-gartside-reservoir-fishing-access-site,Gartside Reservoir Fishing Access Site,Rustic / Primitive,47.58626,-104.27128,vague/uncertain wording in non-boondocking record; broad park/forest/lake/river/system name; review as area/rule or component split,"High-priority manual review: possible wrong feature, wrong access type, fake precision, or contradicted service layer.",Automated risk flag only; user-approved nuance: boondocking/community vagueness and park/campground entrances are not automatic defects.
P1,MT,mt-v23196-glasgow-base-pond-fishing-access-site,Glasgow Base Pond Fishing Access Site,Rustic / Primitive,48.448837,-106.576822,proxy-feature wording/name (review if used as exact campsite); vague/uncertain wording in non-boondocking record,"High-priority manual review: possible wrong feature, wrong access type, fake precision, or contradicted service layer.",Automated risk flag only; user-approved nuance: boondocking/community vagueness and park/campground entrances are not automatic defects.
P1,MT,mt_homestake_pass_dispersed_community_reported,Homestake Pass dispersed camping / Homestake Road front dispersed area,Boondocking / Dispersed,45.926345,-112.405241,proxy-feature wording/name (review if used as exact campsite); broad park/forest/lake/river/system name; review as area/rule or component split,"High-priority manual review: possible wrong feature, wrong access type, fake precision, or contradicted service layer.",Automated risk flag only; user-approved nuance: boondocking/community vagueness and park/campground entrances are not automatic defects.
P1,MT,mt-v23196-red-rock-lakes-upper-lake-campground,Red Rock Lakes NWR — Upper Lake Campground,Rustic / Primitive,44.592742,-111.730712,vague/uncertain wording in non-boondocking record,"High-priority manual review: possible wrong feature, wrong access type, fake precision, or contradicted service layer.",Automated risk flag only; user-approved nuance: boondocking/community vagueness and park/campground entrances are not automatic defects.
P1,MT,mt-v23196-rock-creek-fishing-access-site,Rock Creek Fishing Access Site,Rustic / Primitive,47.76763,-106.28588,vague/uncertain wording in non-boondocking record,"High-priority manual review: possible wrong feature, wrong access type, fake precision, or contradicted service layer.",Automated risk flag only; user-approved nuance: boondocking/community vagueness and park/campground entrances are not automatic defects.
P1,ND,s1102,Campsite #2 — TRNP vicinity unverified KML point,Needs Verification,46.9544189,-103.5353013,vague/uncertain wording in non-boondocking record,"High-priority manual review: possible wrong feature, wrong access type, fake precision, or contradicted service layer.",Automated risk flag only; user-approved nuance: boondocking/community vagueness and park/campground entrances are not automatic defects.
P1,ND,nd-v23152-carbury-dam-recreation-area,Carbury Dam Recreation Area Campground,Rustic / Primitive,48.878327,-100.553308,proxy-feature wording/name (review if used as exact campsite),"High-priority manual review: possible wrong feature, wrong access type, fake precision, or contradicted service layer.",Automated risk flag only; user-approved nuance: boondocking/community vagueness and park/campground entrances are not automatic defects.
P1,ND,nd-v23194-clausen-springs-park-campground,Clausen Springs Park Campground,Modern Campgrounds,46.678031,-97.968712,vague/uncertain wording in non-boondocking record; Modern layer conflicts with rustic/no-service wording,"High-priority manual review: possible wrong feature, wrong access type, fake precision, or contradicted service layer.",Automated risk flag only; user-approved nuance: boondocking/community vagueness and park/campground entrances are not automatic defects.
P1,ND,nd-v23152-cross-ranch-state-park-campground,Cross Ranch State Park Campground System,Modern Campgrounds,47.0085,-100.994,Modern layer conflicts with rustic/no-service wording,"High-priority manual review: possible wrong feature, wrong access type, fake precision, or contradicted service layer.",Automated risk flag only; user-approved nuance: boondocking/community vagueness and park/campground entrances are not automatic defects.
P1,ND,nd-v23152-downstream-campground,Downstream Campground,Modern Campgrounds,47.5088,-101.3825,Modern layer conflicts with rustic/no-service wording,"High-priority manual review: possible wrong feature, wrong access type, fake precision, or contradicted service layer.",Automated risk flag only; user-approved nuance: boondocking/community vagueness and park/campground entrances are not automatic defects.
P1,ND,nd-v23152-east-totten-trail-campground,East Totten Trail Campground,Rustic / Primitive,47.6007,-101.2736,proxy-feature wording/name (review if used as exact campsite),"High-priority manual review: possible wrong feature, wrong access type, fake precision, or contradicted service layer.",Automated risk flag only; user-approved nuance: boondocking/community vagueness and park/campground entrances are not automatic defects.
P1,ND,nd-v23153-fort-rice-recreation-area,Fort Rice Recreation Area primitive camping,Rustic / Primitive,46.5038556,-100.5835359,proxy-feature wording/name (review if used as exact campsite),"High-priority manual review: possible wrong feature, wrong access type, fake precision, or contradicted service layer.",Automated risk flag only; user-approved nuance: boondocking/community vagueness and park/campground entrances are not automatic defects.
P1,ND,nd-v23152-fort-stevenson-state-park-campground,Fort Stevenson State Park Campground System,Modern Campgrounds,47.5889,-101.4213,Modern layer conflicts with rustic/no-service wording; access wording suggests Boat / Backpack review,"High-priority manual review: possible wrong feature, wrong access type, fake precision, or contradicted service layer.",Automated risk flag only; user-approved nuance: boondocking/community vagueness and park/campground entrances are not automatic defects.
P1,ND,nd-v23152-garrison-dam-sakakawea-recreation-directory,Garrison Dam / Lake Sakakawea Recreation Areas Directory,Info / Reference,47.504945,-101.429224,proxy-feature wording/name (review if used as exact campsite); broad park/forest/lake/river/system name; review as area/rule or component split,"High-priority manual review: possible wrong feature, wrong access type, fake precision, or contradicted service layer.",Automated risk flag only; user-approved nuance: boondocking/community vagueness and park/campground entrances are not automatic defects.
P1,ND,nd-v23153-graner-park,Graner Park,Rustic / Primitive,46.6549255,-100.7131666,proxy-feature wording/name (review if used as exact campsite),"High-priority manual review: possible wrong feature, wrong access type, fake precision, or contradicted service layer.",Automated risk flag only; user-approved nuance: boondocking/community vagueness and park/campground entrances are not automatic defects.
P1,ND,nd-v23153-hahns-bay-recreation-area-campground,Hahn’s Bay Recreation Area Campground,Rustic / Primitive,48.968246,-100.364356,proxy-feature wording/name (review if used as exact campsite),"High-priority manual review: possible wrong feature, wrong access type, fake precision, or contradicted service layer.",Automated risk flag only; user-approved nuance: boondocking/community vagueness and park/campground entrances are not automatic defects.
P1,ND,nd-v23153-harmon-lake-recreation-area,Harmon Lake Recreation Area,Rustic / Primitive,46.9396562,-100.9639263,proxy-feature wording/name (review if used as exact campsite); broad park/forest/lake/river/system name; review as area/rule or component split,"High-priority manual review: possible wrong feature, wrong access type, fake precision, or contradicted service layer.",Automated risk flag only; user-approved nuance: boondocking/community vagueness and park/campground entrances are not automatic defects.
P1,ND,nd-v23152-lake-sakakawea-state-park-campground,Lake Sakakawea State Park Campground System,Modern Campgrounds,47.525,-101.427,Modern layer conflicts with rustic/no-service wording,"High-priority manual review: possible wrong feature, wrong access type, fake precision, or contradicted service layer.",Automated risk flag only; user-approved nuance: boondocking/community vagueness and park/campground entrances are not automatic defects.
P1,ND,nd-v23152-lewis-clark-state-park-campground,Lewis & Clark State Park Campground System,Modern Campgrounds,48.121,-103.249,Modern layer conflicts with rustic/no-service wording; access wording suggests Boat / Backpack review,"High-priority manual review: possible wrong feature, wrong access type, fake precision, or contradicted service layer.",Automated risk flag only; user-approved nuance: boondocking/community vagueness and park/campground entrances are not automatic defects.
P1,ND,nd-v23153-sheyenne-river-water-trail-corridor,Sheyenne River Water Trail semi-primitive camping corridor,Boat / Backpack,46.45,-97.15,vague/uncertain wording in non-boondocking record; broad park/forest/lake/river/system name; review as area/rule or component split,"High-priority manual review: possible wrong feature, wrong access type, fake precision, or contradicted service layer.",Automated risk flag only; user-approved nuance: boondocking/community vagueness and park/campground entrances are not automatic defects.
P1,ND,nd-v23153-strawberry-lake-campground,Strawberry Lake Campground,Rustic / Primitive,48.944526,-100.508333,proxy-feature wording/name (review if used as exact campsite),"High-priority manual review: possible wrong feature, wrong access type, fake precision, or contradicted service layer.",Automated risk flag only; user-approved nuance: boondocking/community vagueness and park/campground entrances are not automatic defects.
P1,ND,nd-v23153-sweet-briar-lake,Sweet Briar Lake,Rustic / Primitive,46.8689694,-101.2694014,proxy-feature wording/name (review if used as exact campsite); broad park/forest/lake/river/system name; review as area/rule or component split,"High-priority manual review: possible wrong feature, wrong access type, fake precision, or contradicted service layer.",Automated risk flag only; user-approved nuance: boondocking/community vagueness and park/campground entrances are not automatic defects.
P1,ND,nd-v23152-whitetail-campground,Whitetail Campground / Picnic Area,Rustic / Primitive,47.19777778,-103.3033333,proxy-feature wording/name (review if used as exact campsite),"High-priority manual review: possible wrong feature, wrong access type, fake precision, or contradicted service layer.",Automated risk flag only; user-approved nuance: boondocking/community vagueness and park/campground entrances are not automatic defects.
P1,ND,nd-v23152-wolf-creek-campground,Wolf Creek Campground,Rustic / Primitive,47.5485,-101.342,proxy-feature wording/name (review if used as exact campsite),"High-priority manual review: possible wrong feature, wrong access type, fake precision, or contradicted service layer.",Automated risk flag only; user-approved nuance: boondocking/community vagueness and park/campground entrances are not automatic defects.
P1,NE,ne-v23194-ainsworth-east-city-park-campground,Ainsworth East City Park Campground,Rustic / Primitive,42.54724399,-99.844488,vague/uncertain wording in non-boondocking record,"High-priority manual review: possible wrong feature, wrong access type, fake precision, or contradicted service layer.",Automated risk flag only; user-approved nuance: boondocking/community vagueness and park/campground entrances are not automatic defects.
P1,NE,ne-v23194-atkinson-mill-race-park-campground,Atkinson Mill Race Park Campground,Rustic / Primitive,42.53680527,-98.99886582,vague/uncertain wording in non-boondocking record,"High-priority manual review: possible wrong feature, wrong access type, fake precision, or contradicted service layer.",Automated risk flag only; user-approved nuance: boondocking/community vagueness and park/campground entrances are not automatic defects.
P1,NE,ne-v23194-bassett-rv-camping-pads,Bassett RV Camping Pads / Fishing Ponds Area,Rustic / Primitive,42.57800032,-99.54100097,vague/uncertain wording in non-boondocking record,"High-priority manual review: possible wrong feature, wrong access type, fake precision, or contradicted service layer.",Automated risk flag only; user-approved nuance: boondocking/community vagueness and park/campground entrances are not automatic defects.
P1,NE,s129,Bow Creek Recreation Area,Needs Verification,42.7775913,-97.1481181,vague/uncertain wording in non-boondocking record; legacy active row has no visible source URL,"High-priority manual review: possible wrong feature, wrong access type, fake precision, or contradicted service layer.",Automated risk flag only; user-approved nuance: boondocking/community vagueness and park/campground entrances are not automatic defects.
P1,NE,ne-v23194-lake-mcconaughy-cedar-view-beach-camping,Lake McConaughy Cedar View Designated Beach Camping Area,Rustic / Primitive,41.29083,-101.92382,proxy-feature wording/name (review if used as exact campsite); vague/uncertain wording in non-boondocking record; broad park/forest/lake/river/system name; review as area/rule or component split,"High-priority manual review: possible wrong feature, wrong access type, fake precision, or contradicted service layer.",Automated risk flag only; user-approved nuance: boondocking/community vagueness and park/campground entrances are not automatic defects.
P1,NE,ne-v23194-lake-mcconaughy-otter-creek-campground,Lake McConaughy Otter Creek Campground,Rustic / Primitive,41.29749785,-101.92379318,vague/uncertain wording in non-boondocking record,"High-priority manual review: possible wrong feature, wrong access type, fake precision, or contradicted service layer.",Automated risk flag only; user-approved nuance: boondocking/community vagueness and park/campground entrances are not automatic defects.
P1,NE,ne-v23194-lake-ogallala-east-campground,Lake Ogallala East Campground,Modern Campgrounds,41.22589,-101.66231,vague/uncertain wording in non-boondocking record,"High-priority manual review: possible wrong feature, wrong access type, fake precision, or contradicted service layer.",Automated risk flag only; user-approved nuance: boondocking/community vagueness and park/campground entrances are not automatic defects.
P1,NE,ne-v23194-long-pine-sra-basic-campground,Long Pine SRA Basic Campground,Rustic / Primitive,42.5440008,-99.71600054,vague/uncertain wording in non-boondocking record,"High-priority manual review: possible wrong feature, wrong access type, fake precision, or contradicted service layer.",Automated risk flag only; user-approved nuance: boondocking/community vagueness and park/campground entrances are not automatic defects.
P1,NE,s641,Niobrara River,Needs Verification,42.7746406,-98.4422631,vague/uncertain wording in non-boondocking record; broad park/forest/lake/river/system name; review as area/rule or component split,"High-priority manual review: possible wrong feature, wrong access type, fake precision, or contradicted service layer.",Automated risk flag only; user-approved nuance: boondocking/community vagueness and park/campground entrances are not automatic defects.
P1,NE,ne-v23194-pelican-point-sra,Pelican Point SRA,Rustic / Primitive,41.83331,-96.11269,vague/uncertain wording in non-boondocking record,"High-priority manual review: possible wrong feature, wrong access type, fake precision, or contradicted service layer.",Automated risk flag only; user-approved nuance: boondocking/community vagueness and park/campground entrances are not automatic defects.
P1,NE,s725,Point 21,Needs Verification,41.2064355,-101.6765766,vague/uncertain wording in non-boondocking record; broad park/forest/lake/river/system name; review as area/rule or component split; legacy active row has no visible source URL,"High-priority manual review: possible wrong feature, wrong access type, fake precision, or contradicted service layer.",Automated risk flag only; user-approved nuance: boondocking/community vagueness and park/campground entrances are not automatic defects.
P1,NE,ne-v23194-summit-lake-sra,Summit Lake SRA Campground,Modern Campgrounds,41.7597,-96.29503,vague/uncertain wording in non-boondocking record; Modern layer conflicts with rustic/no-service wording,"High-priority manual review: possible wrong feature, wrong access type, fake precision, or contradicted service layer.",Automated risk flag only; user-approved nuance: boondocking/community vagueness and park/campground entrances are not automatic defects.
P1,NE,s897,Sunshine Bottom Boat Ramp,Needs Verification,42.9214399,-98.4076609,proxy-feature wording/name (review if used as exact campsite); vague/uncertain wording in non-boondocking record,"High-priority manual review: possible wrong feature, wrong access type, fake precision, or contradicted service layer.",Automated risk flag only; user-approved nuance: boondocking/community vagueness and park/campground entrances are not automatic defects.
P1,NE,ne-v23194-union-pacific-sra-basic-camping,Union Pacific SRA Basic Camping,Rustic / Primitive,40.67800072,-99.25300075,vague/uncertain wording in non-boondocking record,"High-priority manual review: possible wrong feature, wrong access type, fake precision, or contradicted service layer.",Automated risk flag only; user-approved nuance: boondocking/community vagueness and park/campground entrances are not automatic defects.
P1,OH,oh-v23194-burr-oak-sp-campground,Burr Oak State Park Campground,Modern Campgrounds,39.53738,-82.034677,vague/uncertain wording in non-boondocking record; Modern layer conflicts with rustic/no-service wording,"High-priority manual review: possible wrong feature, wrong access type, fake precision, or contradicted service layer.",Automated risk flag only; user-approved nuance: boondocking/community vagueness and park/campground entrances are not automatic defects.
P1,OH,oh-v23194-hocking-hills-sp-main-campground,Hocking Hills State Park Main Campground / Old Man’s Cave Campground,Modern Campgrounds,39.435117,-82.533587,vague/uncertain wording in non-boondocking record; Modern layer conflicts with rustic/no-service wording; access wording suggests Boat / Backpack review,"High-priority manual review: possible wrong feature, wrong access type, fake precision, or contradicted service layer.",Automated risk flag only; user-approved nuance: boondocking/community vagueness and park/campground entrances are not automatic defects.
P1,OH,oh-v23194-hueston-woods-sp-campground,Hueston Woods State Park Campground,Modern Campgrounds,39.583214,-84.768943,vague/uncertain wording in non-boondocking record,"High-priority manual review: possible wrong feature, wrong access type, fake precision, or contradicted service layer.",Automated risk flag only; user-approved nuance: boondocking/community vagueness and park/campground entrances are not automatic defects.
P1,OH,oh-v23194-independence-dam-sp-primitive-campground,Independence Dam State Park Primitive Campground,Rustic / Primitive,41.291726,-84.274088,proxy-feature wording/name (review if used as exact campsite); vague/uncertain wording in non-boondocking record,"High-priority manual review: possible wrong feature, wrong access type, fake precision, or contradicted service layer.",Automated risk flag only; user-approved nuance: boondocking/community vagueness and park/campground entrances are not automatic defects.
P1,OH,oh-v23194-kiser-lake-sp-campground,Kiser Lake State Park Campground,Rustic / Primitive,40.18202,-83.9494,vague/uncertain wording in non-boondocking record,"High-priority manual review: possible wrong feature, wrong access type, fake precision, or contradicted service layer.",Automated risk flag only; user-approved nuance: boondocking/community vagueness and park/campground entrances are not automatic defects.
P1,OH,oh-v23194-lake-snowden-campground,Lake Snowden Campground,Private Campgrounds,39.241727,-82.190762,vague/uncertain wording in non-boondocking record,"High-priority manual review: possible wrong feature, wrong access type, fake precision, or contradicted service layer.",Automated risk flag only; user-approved nuance: boondocking/community vagueness and park/campground entrances are not automatic defects.
P1,OH,oh-v23194-strouds-run-state-park-campground,Strouds Run State Park Campground,Rustic / Primitive,39.355664,-82.039032,vague/uncertain wording in non-boondocking record,"High-priority manual review: possible wrong feature, wrong access type, fake precision, or contradicted service layer.",Automated risk flag only; user-approved nuance: boondocking/community vagueness and park/campground entrances are not automatic defects.
P1,PA,pa-bald-eagle-state-park-russell-p-letterman-campground-v23161,Bald Eagle State Park Campground,Modern Campgrounds,41.03458,-77.6512,Modern layer conflicts with rustic/no-service wording; access wording suggests Boat / Backpack review,"High-priority manual review: possible wrong feature, wrong access type, fake precision, or contradicted service layer.",Automated risk flag only; user-approved nuance: boondocking/community vagueness and park/campground entrances are not automatic defects.
P1,PA,pa-black-moshannon-state-park-campground-v23161,Black Moshannon State Park Campground,Modern Campgrounds,40.91878,-78.06863,Modern layer conflicts with rustic/no-service wording; access wording suggests Boat / Backpack review,"High-priority manual review: possible wrong feature, wrong access type, fake precision, or contradicted service layer.",Automated risk flag only; user-approved nuance: boondocking/community vagueness and park/campground entrances are not automatic defects.
P1,PA,pa-blue-knob-state-park-campground,Blue Knob State Park Campground,Modern Campgrounds,40.28916,-78.58983,Modern layer conflicts with rustic/no-service wording; access wording suggests Boat / Backpack review,"High-priority manual review: possible wrong feature, wrong access type, fake precision, or contradicted service layer.",Automated risk flag only; user-approved nuance: boondocking/community vagueness and park/campground entrances are not automatic defects.
P1,PA,pa-warren-buckaloons-recreation-area-campground,Buckaloons Recreation Area Campground,Modern Campgrounds,41.83888889,-79.25722222,proxy-feature wording/name (review if used as exact campsite); Modern layer conflicts with rustic/no-service wording; access wording suggests Boat / Backpack review,"High-priority manual review: possible wrong feature, wrong access type, fake precision, or contradicted service layer.",Automated risk flag only; user-approved nuance: boondocking/community vagueness and park/campground entrances are not automatic defects.
P1,PA,pa-caledonia-chinquapin-hill-campground,Caledonia State Park - Chinquapin Hill Campground,Modern Campgrounds,39.90895,-77.48107,Modern layer conflicts with rustic/no-service wording; access wording suggests Boat / Backpack review,"High-priority manual review: possible wrong feature, wrong access type, fake precision, or contradicted service layer.",Automated risk flag only; user-approved nuance: boondocking/community vagueness and park/campground entrances are not automatic defects.
P1,PA,pa-caledonia-hosack-run-campground,Caledonia State Park - Hosack Run Campground,Modern Campgrounds,39.91488,-77.4684,Modern layer conflicts with rustic/no-service wording; access wording suggests Boat / Backpack review,"High-priority manual review: possible wrong feature, wrong access type, fake precision, or contradicted service layer.",Automated risk flag only; user-approved nuance: boondocking/community vagueness and park/campground entrances are not automatic defects.
P1,PA,pa-codorus-state-park-campground,Codorus State Park Campground,Modern Campgrounds,39.79066,-76.91891,proxy-feature wording/name (review if used as exact campsite); Modern layer conflicts with rustic/no-service wording; access wording suggests Boat / Backpack review,"High-priority manual review: possible wrong feature, wrong access type, fake precision, or contradicted service layer.",Automated risk flag only; user-approved nuance: boondocking/community vagueness and park/campground entrances are not automatic defects.
P1,PA,pa-v23194-conewago-campground,Conewago Campground,Private Campgrounds,39.946215,-77.339557,vague/uncertain wording in non-boondocking record,"High-priority manual review: possible wrong feature, wrong access type, fake precision, or contradicted service layer.",Automated risk flag only; user-approved nuance: boondocking/community vagueness and park/campground entrances are not automatic defects.
P1,PA,pa-cowans-gap-state-park-campground-system,Cowans Gap State Park Campground System,Modern Campgrounds,39.99478,-77.9249,Modern layer conflicts with rustic/no-service wording; access wording suggests Boat / Backpack review,"High-priority manual review: possible wrong feature, wrong access type, fake precision, or contradicted service layer.",Automated risk flag only; user-approved nuance: boondocking/community vagueness and park/campground entrances are not automatic defects.
P1,PA,pa-curwensville-lake-campground-v23161,Curwensville Lake Campground,Modern Campgrounds,40.938131,-78.537671,Modern layer conflicts with rustic/no-service wording; access wording suggests Boat / Backpack review,"High-priority manual review: possible wrong feature, wrong access type, fake precision, or contradicted service layer.",Automated risk flag only; user-approved nuance: boondocking/community vagueness and park/campground entrances are not automatic defects.
P1,PA,pa-luzerne-frances-slocum-state-park-campground,Frances Slocum State Park Campground,Modern Campgrounds,41.33616,-75.88358,Modern layer conflicts with rustic/no-service wording; access wording suggests Boat / Backpack review,"High-priority manual review: possible wrong feature, wrong access type, fake precision, or contradicted service layer.",Automated risk flag only; user-approved nuance: boondocking/community vagueness and park/campground entrances are not automatic defects.
P1,PA,pa-berks-chester-french-creek-state-park-campground,French Creek State Park Campground,Modern Campgrounds,40.2128,-75.78184,Modern layer conflicts with rustic/no-service wording; access wording suggests Boat / Backpack review,"High-priority manual review: possible wrong feature, wrong access type, fake precision, or contradicted service layer.",Automated risk flag only; user-approved nuance: boondocking/community vagueness and park/campground entrances are not automatic defects.
P1,PA,pa-v23194-friendship-village-campground,Friendship Village Campground & RV Park,Private Campgrounds,40.04507,-78.51743,vague/uncertain wording in non-boondocking record,"High-priority manual review: possible wrong feature, wrong access type, fake precision, or contradicted service layer.",Automated risk flag only; user-approved nuance: boondocking/community vagueness and park/campground entrances are not automatic defects.
P1,PA,pa-greenwood-furnace-state-park-campground,Greenwood Furnace State Park Campground,Modern Campgrounds,40.65051,-77.7544,Modern layer conflicts with rustic/no-service wording; access wording suggests Boat / Backpack review,"High-priority manual review: possible wrong feature, wrong access type, fake precision, or contradicted service layer.",Automated risk flag only; user-approved nuance: boondocking/community vagueness and park/campground entrances are not automatic defects.
P1,PA,pa-carbon-hickory-run-state-park-campground,Hickory Run State Park Campground,Modern Campgrounds,41.024698,-75.687251,Modern layer conflicts with rustic/no-service wording; access wording suggests Boat / Backpack review,"High-priority manual review: possible wrong feature, wrong access type, fake precision, or contradicted service layer.",Automated risk flag only; user-approved nuance: boondocking/community vagueness and park/campground entrances are not automatic defects.
P1,PA,pa-hills-creek-state-park-campground-v23161,Hills Creek State Park Campground,Modern Campgrounds,41.81076,-77.1934,Modern layer conflicts with rustic/no-service wording; access wording suggests Boat / Backpack review,"High-priority manual review: possible wrong feature, wrong access type, fake precision, or contradicted service layer.",Automated risk flag only; user-approved nuance: boondocking/community vagueness and park/campground entrances are not automatic defects.
P1,PA,pa-ives-run-campground-v23161,Ives Run Campground,Modern Campgrounds,41.905,-77.141,Modern layer conflicts with rustic/no-service wording; access wording suggests Boat / Backpack review,"High-priority manual review: possible wrong feature, wrong access type, fake precision, or contradicted service layer.",Automated risk flag only; user-approved nuance: boondocking/community vagueness and park/campground entrances are not automatic defects.
P1,PA,pa-fayette-ohiopyle-kentuck-campground,Kentuck Campground / Ohiopyle State Park,Modern Campgrounds,39.88783,-79.49427,Modern layer conflicts with rustic/no-service wording; access wording suggests Boat / Backpack review,"High-priority manual review: possible wrong feature, wrong access type, fake precision, or contradicted service layer.",Automated risk flag only; user-approved nuance: boondocking/community vagueness and park/campground entrances are not automatic defects.
P1,PA,pa-kettle-creek-state-park-campgrounds-v23161,Kettle Creek State Park Campgrounds,Modern Campgrounds,41.37517,-77.93277,Modern layer conflicts with rustic/no-service wording; access wording suggests Boat / Backpack review,"High-priority manual review: possible wrong feature, wrong access type, fake precision, or contradicted service layer.",Automated risk flag only; user-approved nuance: boondocking/community vagueness and park/campground entrances are not automatic defects.
P1,PA,pa-westmoreland-keystone-state-park-campgrounds,Keystone State Park Campgrounds,Modern Campgrounds,40.37376,-79.39635,Modern layer conflicts with rustic/no-service wording; access wording suggests Boat / Backpack review,"High-priority manual review: possible wrong feature, wrong access type, fake precision, or contradicted service layer.",Automated risk flag only; user-approved nuance: boondocking/community vagueness and park/campground entrances are not automatic defects.
P1,PA,pa-mckean-kiasutha-recreation-area-campground,Kiasutha Recreation Area Campground,Modern Campgrounds,41.78527778,-78.90388889,Modern layer conflicts with rustic/no-service wording; access wording suggests Boat / Backpack review,"High-priority manual review: possible wrong feature, wrong access type, fake precision, or contradicted service layer.",Automated risk flag only; user-approved nuance: boondocking/community vagueness and park/campground entrances are not automatic defects.
P1,PA,pa-somerset-kooser-state-park-campground,Kooser State Park Campground,Modern Campgrounds,40.06379,-79.23886,Modern layer conflicts with rustic/no-service wording; access wording suggests Boat / Backpack review,"High-priority manual review: possible wrong feature, wrong access type, fake precision, or contradicted service layer.",Automated risk flag only; user-approved nuance: boondocking/community vagueness and park/campground entrances are not automatic defects.
P1,PA,pa-lackawanna-lackawanna-state-park-campground,Lackawanna State Park Campground,Modern Campgrounds,41.55887,-75.70555,Modern layer conflicts with rustic/no-service wording; access wording suggests Boat / Backpack review,"High-priority manual review: possible wrong feature, wrong access type, fake precision, or contradicted service layer.",Automated risk flag only; user-approved nuance: boondocking/community vagueness and park/campground entrances are not automatic defects.
P1,PA,pa-lake-raystown-resort,Lake Raystown Resort & Lodge Campground,Private Campgrounds,40.30509,-78.17387,proxy-feature wording/name (review if used as exact campsite),"High-priority manual review: possible wrong feature, wrong access type, fake precision, or contradicted service layer.",Automated risk flag only; user-approved nuance: boondocking/community vagueness and park/campground entrances are not automatic defects.
P1,PA,pa-bradford-larnard-hornbrook-county-park-campground,Larnard-Hornbrook County Park Campground,Modern Campgrounds,41.81,-76.485,proxy-feature wording/name (review if used as exact campsite); Modern layer conflicts with rustic/no-service wording; access wording suggests Boat / Backpack review,"High-priority manual review: possible wrong feature, wrong access type, fake precision, or contradicted service layer.",Automated risk flag only; user-approved nuance: boondocking/community vagueness and park/campground entrances are not automatic defects.
P1,PA,pa-somerset-laurel-hill-state-park-campground,Laurel Hill State Park Campground,Modern Campgrounds,39.9922,-79.24191,Modern layer conflicts with rustic/no-service wording; access wording suggests Boat / Backpack review,"High-priority manual review: possible wrong feature, wrong access type, fake precision, or contradicted service layer.",Automated risk flag only; user-approved nuance: boondocking/community vagueness and park/campground entrances are not automatic defects.
P1,PA,pa-leonard-harrison-state-park-campground-v23161,Leonard Harrison State Park Campground,Modern Campgrounds,41.698,-77.45156,Modern layer conflicts with rustic/no-service wording; access wording suggests Boat / Backpack review,"High-priority manual review: possible wrong feature, wrong access type, fake precision, or contradicted service layer.",Automated risk flag only; user-approved nuance: boondocking/community vagueness and park/campground entrances are not automatic defects.
P1,PA,pa-little-buffalo-state-park-campground,Little Buffalo State Park Campground,Modern Campgrounds,40.4585,-77.1682,Modern layer conflicts with rustic/no-service wording; access wording suggests Boat / Backpack review,"High-priority manual review: possible wrong feature, wrong access type, fake precision, or contradicted service layer.",Automated risk flag only; user-approved nuance: boondocking/community vagueness and park/campground entrances are not automatic defects.
P1,PA,pa-little-pine-state-park-campground-v23161,Little Pine State Park Campground,Modern Campgrounds,41.36354,-77.3574,Modern layer conflicts with rustic/no-service wording; access wording suggests Boat / Backpack review,"High-priority manual review: possible wrong feature, wrong access type, fake precision, or contradicted service layer.",Automated risk flag only; user-approved nuance: boondocking/community vagueness and park/campground entrances are not automatic defects.
P1,PA,pa-schuylkill-locust-lake-state-park-campground,Locust Lake State Park Campground,Modern Campgrounds,40.78499,-76.11921,Modern layer conflicts with rustic/no-service wording; access wording suggests Boat / Backpack review,"High-priority manual review: possible wrong feature, wrong access type, fake precision, or contradicted service layer.",Automated risk flag only; user-approved nuance: boondocking/community vagueness and park/campground entrances are not automatic defects.
P1,PA,pa-lyman-run-daggett-run-campground-v23161,Lyman Run State Park — Daggett Run Campground,Modern Campgrounds,41.72808,-77.76192,Modern layer conflicts with rustic/no-service wording; access wording suggests Boat / Backpack review,"High-priority manual review: possible wrong feature, wrong access type, fake precision, or contradicted service layer.",Automated risk flag only; user-approved nuance: boondocking/community vagueness and park/campground entrances are not automatic defects.
P1,PA,pa-lyman-run-lower-campground-v23161,Lyman Run State Park — Lower Campground,Modern Campgrounds,41.71668,-77.74702,Modern layer conflicts with rustic/no-service wording; access wording suggests Boat / Backpack review,"High-priority manual review: possible wrong feature, wrong access type, fake precision, or contradicted service layer.",Automated risk flag only; user-approved nuance: boondocking/community vagueness and park/campground entrances are not automatic defects.
P1,PA,pa-carbon-mauch-chunk-lake-park-campground,Mauch Chunk Lake Park Campground,Modern Campgrounds,40.843701,-75.805572,Modern layer conflicts with rustic/no-service wording; access wording suggests Boat / Backpack review,"High-priority manual review: possible wrong feature, wrong access type, fake precision, or contradicted service layer.",Automated risk flag only; user-approved nuance: boondocking/community vagueness and park/campground entrances are not automatic defects.
P1,PA,pa-lancaster-county-mill-creek-camping-area,Mill Creek Camping Area - Lancaster County Central Park,Rustic / Primitive,40.0188,-76.2989,vague/uncertain wording in non-boondocking record; access wording suggests Boat / Backpack review,"High-priority manual review: possible wrong feature, wrong access type, fake precision, or contradicted service layer.",Automated risk flag only; user-approved nuance: boondocking/community vagueness and park/campground entrances are not automatic defects.
P1,PA,pa-parker-dam-state-park-campground-v23161,Parker Dam State Park Campground,Modern Campgrounds,41.19638,-78.50587,proxy-feature wording/name (review if used as exact campsite); Modern layer conflicts with rustic/no-service wording; access wording suggests Boat / Backpack review,"High-priority manual review: possible wrong feature, wrong access type, fake precision, or contradicted service layer.",Automated risk flag only; user-approved nuance: boondocking/community vagueness and park/campground entrances are not automatic defects.
P1,PA,pa-pike-promised-land-state-park-campground,Promised Land State Park Campgrounds,Modern Campgrounds,41.29942,-75.21412,Modern layer conflicts with rustic/no-service wording; access wording suggests Boat / Backpack review,"High-priority manual review: possible wrong feature, wrong access type, fake precision, or contradicted service layer.",Automated risk flag only; user-approved nuance: boondocking/community vagueness and park/campground entrances are not automatic defects.
P1,PA,pa-beaver-raccoon-creek-state-park-campground,Raccoon Creek State Park Campground,Modern Campgrounds,40.49673,-80.41805,Modern layer conflicts with rustic/no-service wording; access wording suggests Boat / Backpack review,"High-priority manual review: possible wrong feature, wrong access type, fake precision, or contradicted service layer.",Automated risk flag only; user-approved nuance: boondocking/community vagueness and park/campground entrances are not automatic defects.
P1,PA,pa-ravensburg-state-park-campground-v23161,Ravensburg State Park Campground,Modern Campgrounds,41.11011,-77.24203,Modern layer conflicts with rustic/no-service wording; access wording suggests Boat / Backpack review,"High-priority manual review: possible wrong feature, wrong access type, fake precision, or contradicted service layer.",Automated risk flag only; user-approved nuance: boondocking/community vagueness and park/campground entrances are not automatic defects.
P1,PA,pa-mckean-red-bridge-recreation-area-campground,Red Bridge Recreation Area Campground,Modern Campgrounds,41.77777778,-78.8875,Modern layer conflicts with rustic/no-service wording; access wording suggests Boat / Backpack review,"High-priority manual review: possible wrong feature, wrong access type, fake precision, or contradicted service layer.",Automated risk flag only; user-approved nuance: boondocking/community vagueness and park/campground entrances are not automatic defects.
P1,PA,pa-reeds-gap-state-park-campground-v23161,Reeds Gap State Park Campground,Modern Campgrounds,40.7232,-77.47504,Modern layer conflicts with rustic/no-service wording; access wording suggests Boat / Backpack review,"High-priority manual review: possible wrong feature, wrong access type, fake precision, or contradicted service layer.",Automated risk flag only; user-approved nuance: boondocking/community vagueness and park/campground entrances are not automatic defects.
P1,PA,pa-luzerne-sullivan-columbia-ricketts-glen-state-park-campground,Ricketts Glen State Park Campground,Modern Campgrounds,41.3261,-76.2794,Modern layer conflicts with rustic/no-service wording; access wording suggests Boat / Backpack review,"High-priority manual review: possible wrong feature, wrong access type, fake precision, or contradicted service layer.",Automated risk flag only; user-approved nuance: boondocking/community vagueness and park/campground entrances are not automatic defects.
P1,PA,pa-raystown-seven-points-campground,Seven Points Campground - Raystown Lake,Modern Campgrounds,40.39369,-78.09295,proxy-feature wording/name (review if used as exact campsite); Modern layer conflicts with rustic/no-service wording; access wording suggests Boat / Backpack review,"High-priority manual review: possible wrong feature, wrong access type, fake precision, or contradicted service layer.",Automated risk flag only; user-approved nuance: boondocking/community vagueness and park/campground entrances are not automatic defects.
P1,PA,pa-raystown-susquehannock-campground,Susquehannock Campground - Raystown Lake,Rustic / Primitive,40.4072707,-78.0712423,proxy-feature wording/name (review if used as exact campsite); access wording suggests Boat / Backpack review,"High-priority manual review: possible wrong feature, wrong access type, fake precision, or contradicted service layer.",Automated risk flag only; user-approved nuance: boondocking/community vagueness and park/campground entrances are not automatic defects.
P1,PA,pa-monroe-tobyhanna-state-park-campground,Tobyhanna State Park Campground,Modern Campgrounds,41.20736,-75.39643,Modern layer conflicts with rustic/no-service wording; access wording suggests Boat / Backpack review,"High-priority manual review: possible wrong feature, wrong access type, fake precision, or contradicted service layer.",Automated risk flag only; user-approved nuance: boondocking/community vagueness and park/campground entrances are not automatic defects.
P1,PA,pa-tompkins-campground-cowanesque-lake-v23161,Tompkins Campground — Cowanesque Lake,Modern Campgrounds,41.985,-77.17,Modern layer conflicts with rustic/no-service wording; access wording suggests Boat / Backpack review,"High-priority manual review: possible wrong feature, wrong access type, fake precision, or contradicted service layer.",Automated risk flag only; user-approved nuance: boondocking/community vagueness and park/campground entrances are not automatic defects.
P1,PA,pa-mckean-twin-lakes-recreation-area-campground,Twin Lakes Recreation Area Campground,Rustic / Primitive,41.61416667,-78.75555556,proxy-feature wording/name (review if used as exact campsite); access wording suggests Boat / Backpack review,"High-priority manual review: possible wrong feature, wrong access type, fake precision, or contradicted service layer.",Automated risk flag only; user-approved nuance: boondocking/community vagueness and park/campground entrances are not automatic defects.
P1,PA,pa-mckean-willow-bay-recreation-area-campground,Willow Bay Recreation Area Campground,Modern Campgrounds,41.98888889,-78.9175,Modern layer conflicts with rustic/no-service wording; access wording suggests Boat / Backpack review,"High-priority manual review: possible wrong feature, wrong access type, fake precision, or contradicted service layer.",Automated risk flag only; user-approved nuance: boondocking/community vagueness and park/campground entrances are not automatic defects.
P1,PA,pa-sullivan-worlds-end-state-park-campground,Worlds End State Park Campground,Modern Campgrounds,41.4718,-76.58145,Modern layer conflicts with rustic/no-service wording; access wording suggests Boat / Backpack review,"High-priority manual review: possible wrong feature, wrong access type, fake precision, or contradicted service layer.",Automated risk flag only; user-approved nuance: boondocking/community vagueness and park/campground entrances are not automatic defects.
P1,SD,sd-v23190-badlands-hotel-and-campground,Badlands Hotel & Campground,Private Campgrounds,43.72924722,-101.97878875,vague/uncertain wording in non-boondocking record,"High-priority manual review: possible wrong feature, wrong access type, fake precision, or contradicted service layer.",Automated risk flag only; user-approved nuance: boondocking/community vagueness and park/campground entrances are not automatic defects.
P1,SD,sd-v23190-bitter-lake-lodge-and-campground,Bitter Lake Lodge & Campground,Private Campgrounds,45.311918,-97.288737,proxy-feature wording/name (review if used as exact campsite),"High-priority manual review: possible wrong feature, wrong access type, fake precision, or contradicted service layer.",Automated risk flag only; user-approved nuance: boondocking/community vagueness and park/campground entrances are not automatic defects.
P1,SD,sd-calvin-coolidge-group-area-v23150,Calvin Coolidge Group Area,Modern Campgrounds,43.759,-103.388,Modern layer conflicts with rustic/no-service wording; broad park/forest/lake/river/system name; review as area/rule or component split,"High-priority manual review: possible wrong feature, wrong access type, fake precision, or contradicted service layer.",Automated risk flag only; user-approved nuance: boondocking/community vagueness and park/campground entrances are not automatic defects.
P1,SD,sd-custer-trail-campground-v23150,Custer Trail Campground,Rustic / Primitive,44.02685,-103.799397,proxy-feature wording/name (review if used as exact campsite),"High-priority manual review: possible wrong feature, wrong access type, fake precision, or contradicted service layer.",Automated risk flag only; user-approved nuance: boondocking/community vagueness and park/campground entrances are not automatic defects.
P1,SD,sd-fisher-grove-state-park-v23150,Fisher Grove State Park,Modern Campgrounds,44.88346,-98.35471,Modern layer conflicts with rustic/no-service wording; broad park/forest/lake/river/system name; review as area/rule or component split,"High-priority manual review: possible wrong feature, wrong access type, fake precision, or contradicted service layer.",Automated risk flag only; user-approved nuance: boondocking/community vagueness and park/campground entrances are not automatic defects.
P1,SD,sd-grace-coolidge-campground-v23150,Grace Coolidge Campground,Modern Campgrounds,43.7765,-103.407,Modern layer conflicts with rustic/no-service wording,"High-priority manual review: possible wrong feature, wrong access type, fake precision, or contradicted service layer.",Automated risk flag only; user-approved nuance: boondocking/community vagueness and park/campground entrances are not automatic defects.
P1,SD,sd-hartford-beach-state-park-v23150,Hartford Beach State Park,Modern Campgrounds,45.40219,-96.67307,proxy-feature wording/name (review if used as exact campsite); Modern layer conflicts with rustic/no-service wording; broad park/forest/lake/river/system name; review as area/rule or component split,"High-priority manual review: possible wrong feature, wrong access type, fake precision, or contradicted service layer.",Automated risk flag only; user-approved nuance: boondocking/community vagueness and park/campground entrances are not automatic defects.
P1,SD,s1096,Hidden Valley Campground — coordinate needs verification,Needs Verification,44.2975675,-103.6786634,vague/uncertain wording in non-boondocking record,"High-priority manual review: possible wrong feature, wrong access type, fake precision, or contradicted service layer.",Automated risk flag only; user-approved nuance: boondocking/community vagueness and park/campground entrances are not automatic defects.
P1,SD,sd-lake-cochrane-recreation-area-v23150,Lake Cochrane Recreation Area,Modern Campgrounds,44.71419,-96.47894,Modern layer conflicts with rustic/no-service wording; broad park/forest/lake/river/system name; review as area/rule or component split,"High-priority manual review: possible wrong feature, wrong access type, fake precision, or contradicted service layer.",Automated risk flag only; user-approved nuance: boondocking/community vagueness and park/campground entrances are not automatic defects.
P1,SD,sd-lake-herman-state-park-v23150,Lake Herman State Park,Modern Campgrounds,43.99288,-97.16042,Modern layer conflicts with rustic/no-service wording; broad park/forest/lake/river/system name; review as area/rule or component split,"High-priority manual review: possible wrong feature, wrong access type, fake precision, or contradicted service layer.",Automated risk flag only; user-approved nuance: boondocking/community vagueness and park/campground entrances are not automatic defects.
P1,SD,sd-v23190-lake-hiddenwood-recreation-area,Lake Hiddenwood Recreation Area,Modern Campgrounds,45.54985,-99.985,proxy-feature wording/name (review if used as exact campsite); broad park/forest/lake/river/system name; review as area/rule or component split,"High-priority manual review: possible wrong feature, wrong access type, fake precision, or contradicted service layer.",Automated risk flag only; user-approved nuance: boondocking/community vagueness and park/campground entrances are not automatic defects.
P1,SD,sd-lake-louise-recreation-area-v23150,Lake Louise Recreation Area,Modern Campgrounds,44.62055,-99.14056,Modern layer conflicts with rustic/no-service wording; broad park/forest/lake/river/system name; review as area/rule or component split,"High-priority manual review: possible wrong feature, wrong access type, fake precision, or contradicted service layer.",Automated risk flag only; user-approved nuance: boondocking/community vagueness and park/campground entrances are not automatic defects.
P1,SD,sd-lake-mitchell-campground-v23151,Lake Mitchell Campground,Modern Campgrounds,43.73472,-98.02592,Modern layer conflicts with rustic/no-service wording,"High-priority manual review: possible wrong feature, wrong access type, fake precision, or contradicted service layer.",Automated risk flag only; user-approved nuance: boondocking/community vagueness and park/campground entrances are not automatic defects.
P1,SD,sd-lake-poinsett-recreation-area-v23150,Lake Poinsett Recreation Area,Modern Campgrounds,44.53418,-97.08395,Modern layer conflicts with rustic/no-service wording; broad park/forest/lake/river/system name; review as area/rule or component split,"High-priority manual review: possible wrong feature, wrong access type, fake precision, or contradicted service layer.",Automated risk flag only; user-approved nuance: boondocking/community vagueness and park/campground entrances are not automatic defects.
P1,SD,sd-lake-thompson-recreation-area-v23150,Lake Thompson Recreation Area,Modern Campgrounds,44.32347,-97.43463,Modern layer conflicts with rustic/no-service wording; broad park/forest/lake/river/system name; review as area/rule or component split,"High-priority manual review: possible wrong feature, wrong access type, fake precision, or contradicted service layer.",Automated risk flag only; user-approved nuance: boondocking/community vagueness and park/campground entrances are not automatic defects.
P1,SD,sd-lake-vermillion-recreation-area-v23150,Lake Vermillion Recreation Area,Modern Campgrounds,43.59476,-97.18517,Modern layer conflicts with rustic/no-service wording; broad park/forest/lake/river/system name; review as area/rule or component split,"High-priority manual review: possible wrong feature, wrong access type, fake precision, or contradicted service layer.",Automated risk flag only; user-approved nuance: boondocking/community vagueness and park/campground entrances are not automatic defects.
P1,SD,sd-limestone-butte-dispersed-area-v23151,Limestone Butte Dispersed Camping Area,Boondocking / Dispersed,43.1606,-103.1638,proxy-feature wording/name (review if used as exact campsite); broad park/forest/lake/river/system name; review as area/rule or component split,"High-priority manual review: possible wrong feature, wrong access type, fake precision, or contradicted service layer.",Automated risk flag only; user-approved nuance: boondocking/community vagueness and park/campground entrances are not automatic defects.
P1,SD,sd-v23194-memorial-park-campground,Memorial Park Campground,Modern Campgrounds,44.36582,-98.19731,vague/uncertain wording in non-boondocking record,"High-priority manual review: possible wrong feature, wrong access type, fake precision, or contradicted service layer.",Automated risk flag only; user-approved nuance: boondocking/community vagueness and park/campground entrances are not automatic defects.
P1,SD,sd-mina-lake-recreation-area-v23150,Mina Lake Recreation Area,Modern Campgrounds,45.4467,-98.74082,Modern layer conflicts with rustic/no-service wording; broad park/forest/lake/river/system name; review as area/rule or component split,"High-priority manual review: possible wrong feature, wrong access type, fake precision, or contradicted service layer.",Automated risk flag only; user-approved nuance: boondocking/community vagueness and park/campground entrances are not automatic defects.
P1,SD,sd-newton-hills-state-park-v23150,Newton Hills State Park,Modern Campgrounds,43.21904,-96.57019,Modern layer conflicts with rustic/no-service wording; broad park/forest/lake/river/system name; review as area/rule or component split,"High-priority manual review: possible wrong feature, wrong access type, fake precision, or contradicted service layer.",Automated risk flag only; user-approved nuance: boondocking/community vagueness and park/campground entrances are not automatic defects.
P1,SD,s675,Palisades State Park,Modern Campgrounds,43.68764,-96.51717,Modern layer conflicts with rustic/no-service wording; broad park/forest/lake/river/system name; review as area/rule or component split,"High-priority manual review: possible wrong feature, wrong access type, fake precision, or contradicted service layer.",Automated risk flag only; user-approved nuance: boondocking/community vagueness and park/campground entrances are not automatic defects.
P1,SD,sd-pelican-lake-recreation-area-v23150,Pelican Lake Recreation Area,Modern Campgrounds,44.85222,-97.20845,Modern layer conflicts with rustic/no-service wording; broad park/forest/lake/river/system name; review as area/rule or component split,"High-priority manual review: possible wrong feature, wrong access type, fake precision, or contradicted service layer.",Automated risk flag only; user-approved nuance: boondocking/community vagueness and park/campground entrances are not automatic defects.
P1,SD,sd-pickerel-lake-recreation-area-v23150,Pickerel Lake Recreation Area,Modern Campgrounds,45.48555,-97.24813,Modern layer conflicts with rustic/no-service wording; broad park/forest/lake/river/system name; review as area/rule or component split,"High-priority manual review: possible wrong feature, wrong access type, fake precision, or contradicted service layer.",Automated risk flag only; user-approved nuance: boondocking/community vagueness and park/campground entrances are not automatic defects.
P1,SD,sd-richland-dam-vehicle-use-dispersed-area-v23151,Richland Dam Vehicle-Use Dispersed Area,Boondocking / Dispersed,44.1469,-100.408,proxy-feature wording/name (review if used as exact campsite),"High-priority manual review: possible wrong feature, wrong access type, fake precision, or contradicted service layer.",Automated risk flag only; user-approved nuance: boondocking/community vagueness and park/campground entrances are not automatic defects.
P1,SD,sd-richmond-lake-recreation-area-v23150,Richmond Lake Recreation Area — Campground / Day-use,Modern Campgrounds,45.53296,-98.61903,Modern layer conflicts with rustic/no-service wording,"High-priority manual review: possible wrong feature, wrong access type, fake precision, or contradicted service layer.",Automated risk flag only; user-approved nuance: boondocking/community vagueness and park/campground entrances are not automatic defects.
P1,SD,sd-v23194-river-city-campground,River City Campground,Private Campgrounds,43.808069,-99.315381,vague/uncertain wording in non-boondocking record,"High-priority manual review: possible wrong feature, wrong access type, fake precision, or contradicted service layer.",Automated risk flag only; user-approved nuance: boondocking/community vagueness and park/campground entrances are not automatic defects.
P1,SD,sd-roy-lake-state-park-v23150,Roy Lake State Park,Modern Campgrounds,45.70969,-97.44881,Modern layer conflicts with rustic/no-service wording; broad park/forest/lake/river/system name; review as area/rule or component split,"High-priority manual review: possible wrong feature, wrong access type, fake precision, or contradicted service layer.",Automated risk flag only; user-approved nuance: boondocking/community vagueness and park/campground entrances are not automatic defects.
P1,SD,sd-v23194-sage-creek-campground,Sage Creek Campground,Rustic / Primitive,43.893146,-102.414254,vague/uncertain wording in non-boondocking record,"High-priority manual review: possible wrong feature, wrong access type, fake precision, or contradicted service layer.",Automated risk flag only; user-approved nuance: boondocking/community vagueness and park/campground entrances are not automatic defects.
P1,SD,sd-sandy-shore-recreation-area-v23150,Sandy Shore Recreation Area,Modern Campgrounds,44.89384,-97.24095,Modern layer conflicts with rustic/no-service wording,"High-priority manual review: possible wrong feature, wrong access type, fake precision, or contradicted service layer.",Automated risk flag only; user-approved nuance: boondocking/community vagueness and park/campground entrances are not automatic defects.
P1,SD,sd-sherriff-dam-vehicle-use-dispersed-area-v23151,Sherriff Dam Vehicle-Use Dispersed Area,Boondocking / Dispersed,44.108,-100.426,proxy-feature wording/name (review if used as exact campsite),"High-priority manual review: possible wrong feature, wrong access type, fake precision, or contradicted service layer.",Automated risk flag only; user-approved nuance: boondocking/community vagueness and park/campground entrances are not automatic defects.
P1,SD,sd-split-rock-park-campground-v23151,Split Rock Park Campground,Modern Campgrounds,43.72024,-96.50193,Modern layer conflicts with rustic/no-service wording,"High-priority manual review: possible wrong feature, wrong access type, fake precision, or contradicted service layer.",Automated risk flag only; user-approved nuance: boondocking/community vagueness and park/campground entrances are not automatic defects.
P1,SD,sd-stockade-north-campground-v23150,Stockade North Campground,Modern Campgrounds,43.772,-103.522,Modern layer conflicts with rustic/no-service wording,"High-priority manual review: possible wrong feature, wrong access type, fake precision, or contradicted service layer.",Automated risk flag only; user-approved nuance: boondocking/community vagueness and park/campground entrances are not automatic defects.
P1,SD,sd-sylvan-lake-campground-v23150,Sylvan Lake Campground,Modern Campgrounds,43.8429,-103.5668,Modern layer conflicts with rustic/no-service wording,"High-priority manual review: possible wrong feature, wrong access type, fake precision, or contradicted service layer.",Automated risk flag only; user-approved nuance: boondocking/community vagueness and park/campground entrances are not automatic defects.
P1,SD,sd-union-grove-state-park-v23150,Union Grove State Park,Modern Campgrounds,42.92024,-96.78532,Modern layer conflicts with rustic/no-service wording; broad park/forest/lake/river/system name; review as area/rule or component split,"High-priority manual review: possible wrong feature, wrong access type, fake precision, or contradicted service layer.",Automated risk flag only; user-approved nuance: boondocking/community vagueness and park/campground entrances are not automatic defects.
P1,SD,sd-walkers-point-recreation-area-v23150,Walker's Point Recreation Area,Modern Campgrounds,43.95681,-97.02861,Modern layer conflicts with rustic/no-service wording,"High-priority manual review: possible wrong feature, wrong access type, fake precision, or contradicted service layer.",Automated risk flag only; user-approved nuance: boondocking/community vagueness and park/campground entrances are not automatic defects.
P1,SD,sd-west-pollock-recreation-area-v23150,West Pollock Recreation Area,Modern Campgrounds,45.88432,-100.3356,Modern layer conflicts with rustic/no-service wording,"High-priority manual review: possible wrong feature, wrong access type, fake precision, or contradicted service layer.",Automated risk flag only; user-approved nuance: boondocking/community vagueness and park/campground entrances are not automatic defects.
P1,SD,sd-v23194-white-lake-lodge-rv-campground,White Lake Lodge & RV Campground,Private Campgrounds,43.715911,-98.714654,vague/uncertain wording in non-boondocking record,"High-priority manual review: possible wrong feature, wrong access type, fake precision, or contradicted service layer.",Automated risk flag only; user-approved nuance: boondocking/community vagueness and park/campground entrances are not automatic defects.
P1,TN,tn-v23194-pickwick-dam-tva-campground,Pickwick Dam TVA Campground,Modern Campgrounds,35.06646519,-88.26120628,proxy-feature wording/name (review if used as exact campsite); vague/uncertain wording in non-boondocking record; Modern layer conflicts with rustic/no-service wording,"High-priority manual review: possible wrong feature, wrong access type, fake precision, or contradicted service layer.",Automated risk flag only; user-approved nuance: boondocking/community vagueness and park/campground entrances are not automatic defects.
P1,WI,s5,Ada Lake Recreation Area Campground,Rustic / Primitive,45.3696,-88.7315,proxy-feature wording/name (review if used as exact campsite),"High-priority manual review: possible wrong feature, wrong access type, fake precision, or contradicted service layer.",Automated risk flag only; user-approved nuance: boondocking/community vagueness and park/campground entrances are not automatic defects.
P1,WI,wi-traveler-andrew-krakow-public-access,Andrew Krakow Public Access and Fishery Area,rest-truck public-fishing-river-access rest areas & roadside,43.785949725827905,-89.32642153942624,proxy-feature wording/name (review if used as exact campsite); broad park/forest/lake/river/system name; review as area/rule or component split,"High-priority manual review: possible wrong feature, wrong access type, fake precision, or contradicted service layer.",Automated risk flag only; user-approved nuance: boondocking/community vagueness and park/campground entrances are not automatic defects.
P1,WI,s32,Audie Lake and Perch Lake County Campgrounds,Modern Campgrounds,45.5518085,-91.4242721,Modern layer conflicts with rustic/no-service wording,"High-priority manual review: possible wrong feature, wrong access type, fake precision, or contradicted service layer.",Automated risk flag only; user-approved nuance: boondocking/community vagueness and park/campground entrances are not automatic defects.
P1,WI,s60,Bear Lake Campground,Private Campgrounds,44.4109896,-88.9370834,proxy-feature wording/name (review if used as exact campsite),"High-priority manual review: possible wrong feature, wrong access type, fake precision, or contradicted service layer.",Automated risk flag only; user-approved nuance: boondocking/community vagueness and park/campground entrances are not automatic defects.
P1,WI,s59,Bear Lake Recreation Area,Rustic / Primitive,45.513166,-88.530101,proxy-feature wording/name (review if used as exact campsite); access wording suggests Boat / Backpack review; broad park/forest/lake/river/system name; review as area/rule or component split,"High-priority manual review: possible wrong feature, wrong access type, fake precision, or contradicted service layer.",Automated risk flag only; user-approved nuance: boondocking/community vagueness and park/campground entrances are not automatic defects.
P1,WI,wi-beaver-lake-recreation-area,Beaver Lake Recreation Area,Rustic / Primitive,46.30155,-90.89784,proxy-feature wording/name (review if used as exact campsite); vague/uncertain wording in non-boondocking record; broad park/forest/lake/river/system name; review as area/rule or component split,"High-priority manual review: possible wrong feature, wrong access type, fake precision, or contradicted service layer.",Automated risk flag only; user-approved nuance: boondocking/community vagueness and park/campground entrances are not automatic defects.
P1,WI,s67,Beaver's Resort,Private Campgrounds,46.1629591,-90.1654376,proxy-feature wording/name (review if used as exact campsite); broad park/forest/lake/river/system name; review as area/rule or component split,"High-priority manual review: possible wrong feature, wrong access type, fake precision, or contradicted service layer.",Automated risk flag only; user-approved nuance: boondocking/community vagueness and park/campground entrances are not automatic defects.
P1,WI,wi-rest-v60-22-beloit,Beloit Welcome Center / Safety Rest Area 22 - I-39/90 NB,rest-truck welcome-center rest areas & roadside stops offici,42.505278,-88.984278,proxy-feature wording/name (review if used as exact campsite),"High-priority manual review: possible wrong feature, wrong access type, fake precision, or contradicted service layer.",Automated risk flag only; user-approved nuance: boondocking/community vagueness and park/campground entrances are not automatic defects.
P1,WI,wi-traveler-berlin-lock-and-dam,Berlin Lock and Dam,rest-truck lock-dam-river-access rest areas & roadside stops,43.95305831356956,-88.95784824567554,proxy-feature wording/name (review if used as exact campsite); broad park/forest/lake/river/system name; review as area/rule or component split,"High-priority manual review: possible wrong feature, wrong access type, fake precision, or contradicted service layer.",Automated risk flag only; user-approved nuance: boondocking/community vagueness and park/campground entrances are not automatic defects.
P1,WI,s80,Big Bay State Park Campground,Modern Campgrounds,46.7881132,-90.6737266,proxy-feature wording/name (review if used as exact campsite); access wording suggests Boat / Backpack review,"High-priority manual review: possible wrong feature, wrong access type, fake precision, or contradicted service layer.",Automated risk flag only; user-approved nuance: boondocking/community vagueness and park/campground entrances are not automatic defects.
P1,WI,wi-nhal-rustic-big-lake,Big Lake Campground — Northern Highland-American Legion State Forest,Rustic / Primitive,46.166183,-89.788067,proxy-feature wording/name (review if used as exact campsite),"High-priority manual review: possible wrong feature, wrong access type, fake precision, or contradicted service layer.",Automated risk flag only; user-approved nuance: boondocking/community vagueness and park/campground entrances are not automatic defects.
P1,WI,wi-cnf-birch-grove-recreation-area-v23116,Birch Grove Recreation Area,Rustic / Primitive,46.6848,-91.0605,proxy-feature wording/name (review if used as exact campsite); broad park/forest/lake/river/system name; review as area/rule or component split,"High-priority manual review: possible wrong feature, wrong access type, fake precision, or contradicted service layer.",Automated risk flag only; user-approved nuance: boondocking/community vagueness and park/campground entrances are not automatic defects.
P1,WI,wi-traveler-black-lake-south-boat-launch,Black Lake South Boat Launch Picnic Area,Boat / Backpack,45.98399,-90.93476,proxy-feature wording/name (review if used as exact campsite); broad park/forest/lake/river/system name; review as area/rule or component split,"High-priority manual review: possible wrong feature, wrong access type, fake precision, or contradicted service layer.",Automated risk flag only; user-approved nuance: boondocking/community vagueness and park/campground entrances are not automatic defects.
P1,WI,wi-rest-v60-54-black-river-falls,Black River Falls Safety Rest Area 54 - I-94 WB,rest-truck rest-area rest areas & roadside stops official wi,44.247167,-90.738139,proxy-feature wording/name (review if used as exact campsite); broad park/forest/lake/river/system name; review as area/rule or component split,"High-priority manual review: possible wrong feature, wrong access type, fake precision, or contradicted service layer.",Automated risk flag only; user-approved nuance: boondocking/community vagueness and park/campground entrances are not automatic defects.
P1,WI,wi-black-river-sf-backpack-rule-area-v23113,Black River State Forest Backpack Camping Rule Area,Boat / Backpack,44.28,-90.86,proxy-feature wording/name (review if used as exact campsite); broad park/forest/lake/river/system name; review as area/rule or component split,"High-priority manual review: possible wrong feature, wrong access type, fake precision, or contradicted service layer.",Automated risk flag only; user-approved nuance: boondocking/community vagueness and park/campground entrances are not automatic defects.
P1,WI,s100,Blackhawk County Park Campground,Private Campgrounds,43.4586184,-91.2257143,proxy-feature wording/name (review if used as exact campsite),"High-priority manual review: possible wrong feature, wrong access type, fake precision, or contradicted service layer.",Automated risk flag only; user-approved nuance: boondocking/community vagueness and park/campground entrances are not automatic defects.
P1,WI,wi-blackjack-springs-wilderness,Blackjack Springs Wilderness,Boat / Backpack,45.968181,-89.0881238,proxy-feature wording/name (review if used as exact campsite); vague/uncertain wording in non-boondocking record; broad park/forest/lake/river/system name; review as area/rule or component split,"High-priority manual review: possible wrong feature, wrong access type, fake precision, or contradicted service layer.",Automated risk flag only; user-approved nuance: boondocking/community vagueness and park/campground entrances are not automatic defects.
P1,WI,wi-traveler-bladder-lake-day-use,Bladder Lake Day Use Area,rest-truck wayside-lake-access rest areas & roadside stops r,46.6033,-91.2978,proxy-feature wording/name (review if used as exact campsite); broad park/forest/lake/river/system name; review as area/rule or component split,"High-priority manual review: possible wrong feature, wrong access type, fake precision, or contradicted service layer.",Automated risk flag only; user-approved nuance: boondocking/community vagueness and park/campground entrances are not automatic defects.
P1,WI,s116,Blue Mound State Park Family Campground,Modern Campgrounds,43.0224674,-89.8499399,Modern layer conflicts with rustic/no-service wording; access wording suggests Boat / Backpack review,"High-priority manual review: possible wrong feature, wrong access type, fake precision, or contradicted service layer.",Automated risk flag only; user-approved nuance: boondocking/community vagueness and park/campground entrances are not automatic defects.
P1,WI,s120,Bois Brule Campground — Brule River State Forest,Rustic / Primitive,46.537,-91.5935,proxy-feature wording/name (review if used as exact campsite); access wording suggests Boat / Backpack review,"High-priority manual review: possible wrong feature, wrong access type, fake precision, or contradicted service layer.",Automated risk flag only; user-approved nuance: boondocking/community vagueness and park/campground entrances are not automatic defects.
P1,WI,s126,Boot Lake Recreation Area Campground,Rustic / Primitive,45.2684,-88.6456,proxy-feature wording/name (review if used as exact campsite),"High-priority manual review: possible wrong feature, wrong access type, fake precision, or contradicted service layer.",Automated risk flag only; user-approved nuance: boondocking/community vagueness and park/campground entrances are not automatic defects.
P1,WI,wi-cnf-bose-lake-campsite-v23110,Bose Lake Campsite,Boondocking / Dispersed,45.92931327907963,-88.96517289812164,proxy-feature wording/name (review if used as exact campsite),"High-priority manual review: possible wrong feature, wrong access type, fake precision, or contradicted service layer.",Automated risk flag only; user-approved nuance: boondocking/community vagueness and park/campground entrances are not automatic defects.
P1,WI,s128,Boulder Lake Recreation Area Campground,Modern Campgrounds,45.1411,-88.6344,proxy-feature wording/name (review if used as exact campsite); Modern layer conflicts with rustic/no-service wording,"High-priority manual review: possible wrong feature, wrong access type, fake precision, or contradicted service layer.",Automated risk flag only; user-approved nuance: boondocking/community vagueness and park/campground entrances are not automatic defects.
P1,WI,s133,Breezy Hill Campground,Private Campgrounds,43.694322,-88.409933,proxy-feature wording/name (review if used as exact campsite),"High-priority manual review: possible wrong feature, wrong access type, fake precision, or contradicted service layer.",Automated risk flag only; user-approved nuance: boondocking/community vagueness and park/campground entrances are not automatic defects.
P1,WI,wi-brule-river-state-forest-backpack-camping,Brule River State Forest Backpack Camping,Boat / Backpack,46.536679,-91.594547,proxy-feature wording/name (review if used as exact campsite); broad park/forest/lake/river/system name; review as area/rule or component split,"High-priority manual review: possible wrong feature, wrong access type, fake precision, or contradicted service layer.",Automated risk flag only; user-approved nuance: boondocking/community vagueness and park/campground entrances are not automatic defects.
P1,WI,wi-brunet-island-north-campground,Brunet Island North Campground,Rustic / Primitive,45.1799484,-91.1613807,vague/uncertain wording in non-boondocking record; access wording suggests Boat / Backpack review,"High-priority manual review: possible wrong feature, wrong access type, fake precision, or contradicted service layer.",Automated risk flag only; user-approved nuance: boondocking/community vagueness and park/campground entrances are not automatic defects.
P1,WI,wi-buffalo-bay-campground-legendary-waters,Buffalo Bay Campground at Legendary Waters Resort & Casino,Private Campgrounds,46.854791,-90.786659,proxy-feature wording/name (review if used as exact campsite); vague/uncertain wording in non-boondocking record,"High-priority manual review: possible wrong feature, wrong access type, fake precision, or contradicted service layer.",Automated risk flag only; user-approved nuance: boondocking/community vagueness and park/campground entrances are not automatic defects.
P1,WI,wi-nhal-rustic-buffalo-lake,Buffalo Lake Campground — Northern Highland-American Legion State Forest,Rustic / Primitive,45.87635,-89.5623,proxy-feature wording/name (review if used as exact campsite); access wording suggests Boat / Backpack review,"High-priority manual review: possible wrong feature, wrong access type, fake precision, or contradicted service layer.",Automated risk flag only; user-approved nuance: boondocking/community vagueness and park/campground entrances are not automatic defects.
P1,WI,wi-govearl-caldron-falls-crane-bay-v23123,Caldron Falls Reservoir Boat-in Campsite — Crane Bay,Boat / Backpack,45.372708,-88.293434,vague/uncertain wording in non-boondocking record,"High-priority manual review: possible wrong feature, wrong access type, fake precision, or contradicted service layer.",Automated risk flag only; user-approved nuance: boondocking/community vagueness and park/campground entrances are not automatic defects.
P1,WI,wi-govearl-caldron-falls-herons-retreat-v23123,Caldron Falls Reservoir Boat-in Campsite — Heron’s Retreat,Boat / Backpack,45.35957,-88.250094,vague/uncertain wording in non-boondocking record,"High-priority manual review: possible wrong feature, wrong access type, fake precision, or contradicted service layer.",Automated risk flag only; user-approved nuance: boondocking/community vagueness and park/campground entrances are not automatic defects.
P1,WI,wi-govearl-caldron-falls-thunder-mountain-view-v23123,Caldron Falls Reservoir Boat-in Campsite — Thunder Mountain View,Boat / Backpack,45.357332,-88.239704,vague/uncertain wording in non-boondocking record,"High-priority manual review: possible wrong feature, wrong access type, fake precision, or contradicted service layer.",Automated risk flag only; user-approved nuance: boondocking/community vagueness and park/campground entrances are not automatic defects.
P1,WI,s155,Camp Holiday Campground,Private Campgrounds,46.0939318,-89.7168089,proxy-feature wording/name (review if used as exact campsite),"High-priority manual review: possible wrong feature, wrong access type, fake precision, or contradicted service layer.",Automated risk flag only; user-approved nuance: boondocking/community vagueness and park/campground entrances are not automatic defects.
P1,WI,wi-nhal-rustic-carrol-lake,Carrol Lake Campground — Northern Highland-American Legion State Forest,Rustic / Primitive,45.888417,-89.634233,proxy-feature wording/name (review if used as exact campsite); access wording suggests Boat / Backpack review,"High-priority manual review: possible wrong feature, wrong access type, fake precision, or contradicted service layer.",Automated risk flag only; user-approved nuance: boondocking/community vagueness and park/campground entrances are not automatic defects.
P1,WI,wi-traveler-cherney-maribel-caves-county-park,Cherney Maribel Caves County Park,rest-truck county-park-scenic-caves-picnic rest areas & road,44.2866798,-87.7751034,proxy-feature wording/name (review if used as exact campsite); broad park/forest/lake/river/system name; review as area/rule or component split,"High-priority manual review: possible wrong feature, wrong access type, fake precision, or contradicted service layer.",Automated risk flag only; user-approved nuance: boondocking/community vagueness and park/campground entrances are not automatic defects.
P1,WI,wi-rest-v60-34-chetek,Chetek Safety Rest Area 34 - US 53 NB,rest-truck rest-area rest areas & roadside stops official wi,45.283972,-91.636972,proxy-feature wording/name (review if used as exact campsite),"High-priority manual review: possible wrong feature, wrong access type, fake precision, or contradicted service layer.",Automated risk flag only; user-approved nuance: boondocking/community vagueness and park/campground entrances are not automatic defects.
P1,WI,wi-chippewa-recreation-area-campground,Chippewa Recreation Area,Modern Campgrounds,45.2225,-90.70555556,proxy-feature wording/name (review if used as exact campsite); Modern layer conflicts with rustic/no-service wording; broad park/forest/lake/river/system name; review as area/rule or component split,"High-priority manual review: possible wrong feature, wrong access type, fake precision, or contradicted service layer.",Automated risk flag only; user-approved nuance: boondocking/community vagueness and park/campground entrances are not automatic defects.
P1,WI,wi-rest-v60-81-coloma,Coloma Safety Rest Area 81 - I-39 SB,rest-truck rest-area rest areas & roadside stops official wi,43.97675,-89.500139,proxy-feature wording/name (review if used as exact campsite),"High-priority manual review: possible wrong feature, wrong access type, fake precision, or contradicted service layer.",Automated risk flag only; user-approved nuance: boondocking/community vagueness and park/campground entrances are not automatic defects.
P1,WI,s227,Crystal Lake Campground and RV Park,Private Campgrounds,43.294975,-89.633128,proxy-feature wording/name (review if used as exact campsite),"High-priority manual review: possible wrong feature, wrong access type, fake precision, or contradicted service layer.",Automated risk flag only; user-approved nuance: boondocking/community vagueness and park/campground entrances are not automatic defects.
P1,WI,wi-nhal-rustic-cunard-lake,Cunard Lake Campground — Northern Highland-American Legion State Forest,Rustic / Primitive,45.847033,-89.583583,proxy-feature wording/name (review if used as exact campsite),"High-priority manual review: possible wrong feature, wrong access type, fake precision, or contradicted service layer.",Automated risk flag only; user-approved nuance: boondocking/community vagueness and park/campground entrances are not automatic defects.
P1,WI,wi-traveler-day-lake-boat-launch-picnic,Day Lake Boat Launch and Picnic Area,Boat / Backpack,46.1765,-90.90906,proxy-feature wording/name (review if used as exact campsite); broad park/forest/lake/river/system name; review as area/rule or component split,"High-priority manual review: possible wrong feature, wrong access type, fake precision, or contradicted service layer.",Automated risk flag only; user-approved nuance: boondocking/community vagueness and park/campground entrances are not automatic defects.
P1,WI,s235,Deep Lake Campground,Private Campgrounds,43.7793335,-89.6481924,proxy-feature wording/name (review if used as exact campsite),"High-priority manual review: possible wrong feature, wrong access type, fake precision, or contradicted service layer.",Automated risk flag only; user-approved nuance: boondocking/community vagueness and park/campground entrances are not automatic defects.
P1,WI,wi-rest-v60-52-denmark,Denmark Safety Rest Area 52 - I-43 NB,Needs Verification,44.322639,-87.815417,proxy-feature wording/name (review if used as exact campsite); vague/uncertain wording in non-boondocking record,"High-priority manual review: possible wrong feature, wrong access type, fake precision, or contradicted service layer.",Automated risk flag only; user-approved nuance: boondocking/community vagueness and park/campground entrances are not automatic defects.
P1,WI,wi-traveler-devils-river-denmark-depot-trailhead,Devil’s River State Trail — Denmark Depot Trailhead,rest-truck state-trailhead-parking-restrooms-picnic rest are,44.34923538976539,-87.8286703056858,proxy-feature wording/name (review if used as exact campsite); broad park/forest/lake/river/system name; review as area/rule or component split,"High-priority manual review: possible wrong feature, wrong access type, fake precision, or contradicted service layer.",Automated risk flag only; user-approved nuance: boondocking/community vagueness and park/campground entrances are not automatic defects.
P1,WI,s250,Diamond Lake Campground,Private Campgrounds,45.1710664,-87.8702429,proxy-feature wording/name (review if used as exact campsite),"High-priority manual review: possible wrong feature, wrong access type, fake precision, or contradicted service layer.",Automated risk flag only; user-approved nuance: boondocking/community vagueness and park/campground entrances are not automatic defects.
P1,WI,wi-rest-v60-106-dickeyville,Dickeyville Safety Rest Area 106 - US 61/151; WIS 11/35 all directions/interchange,rest-truck rest-area rest areas & roadside stops official wi,42.521222,-90.619528,proxy-feature wording/name (review if used as exact campsite),"High-priority manual review: possible wrong feature, wrong access type, fake precision, or contradicted service layer.",Automated risk flag only; user-approved nuance: boondocking/community vagueness and park/campground entrances are not automatic defects.
P1,WI,s255,Duck Creek Campground & Du Duck Inn Grill and Bar,Private Campgrounds,43.4996796,-89.3286514,proxy-feature wording/name (review if used as exact campsite),"High-priority manual review: possible wrong feature, wrong access type, fake precision, or contradicted service layer.",Automated risk flag only; user-approved nuance: boondocking/community vagueness and park/campground entrances are not automatic defects.
P1,WI,wi-east-arbutus-county-park-v23124,East Arbutus County Park,Modern Campgrounds,44.436917,-90.796269,proxy-feature wording/name (review if used as exact campsite); broad park/forest/lake/river/system name; review as area/rule or component split,"High-priority manual review: possible wrong feature, wrong access type, fake precision, or contradicted service layer.",Automated risk flag only; user-approved nuance: boondocking/community vagueness and park/campground entrances are not automatic defects.
P1,WI,wi-rest-v60-36-east-troy,East Troy Safety Rest Area 36 - I-43 SB,rest-truck rest-area rest areas & roadside stops official wi,42.733417,-88.461056,proxy-feature wording/name (review if used as exact campsite),"High-priority manual review: possible wrong feature, wrong access type, fake precision, or contradicted service layer.",Automated risk flag only; user-approved nuance: boondocking/community vagueness and park/campground entrances are not automatic defects.
P1,WI,wi-rest-v60-35-elkhorn,Elkhorn Safety Rest Area 35 - I-43 NB,rest-truck rest-area rest areas & roadside stops official wi,42.722222,-88.462806,proxy-feature wording/name (review if used as exact campsite),"High-priority manual review: possible wrong feature, wrong access type, fake precision, or contradicted service layer.",Automated risk flag only; user-approved nuance: boondocking/community vagueness and park/campground entrances are not automatic defects.
P1,WI,s284,Evergreen Campsites & Resort,Private Campgrounds,44.1721396,-89.1530656,proxy-feature wording/name (review if used as exact campsite),"High-priority manual review: possible wrong feature, wrong access type, fake precision, or contradicted service layer.",Automated risk flag only; user-approved nuance: boondocking/community vagueness and park/campground entrances are not automatic defects.
P1,WI,wi-cnf-farr-lake-nicolet-boondocking-v2318,"Farr Lake, Nicolet Forest",Boondocking / Dispersed,45.15656,-88.36237,proxy-feature wording/name (review if used as exact campsite); broad park/forest/lake/river/system name; review as area/rule or component split,"High-priority manual review: possible wrong feature, wrong access type, fake precision, or contradicted service layer.",Automated risk flag only; user-approved nuance: boondocking/community vagueness and park/campground entrances are not automatic defects.
P1,WI,s293,Fireside Campground,Private Campgrounds,43.211681,-90.271568,proxy-feature wording/name (review if used as exact campsite),"High-priority manual review: possible wrong feature, wrong access type, fake precision, or contradicted service layer.",Automated risk flag only; user-approved nuance: boondocking/community vagueness and park/campground entrances are not automatic defects.
P1,WI,wi-traveler-fischer-creek-conservation-area,Fischer Creek Conservation Area,rest-truck lake-michigan-shoreline-day-use rest areas & road,43.9398,-87.7215,proxy-feature wording/name (review if used as exact campsite); broad park/forest/lake/river/system name; review as area/rule or component split,"High-priority manual review: possible wrong feature, wrong access type, fake precision, or contradicted service layer.",Automated risk flag only; user-approved nuance: boondocking/community vagueness and park/campground entrances are not automatic defects.
P1,WI,wi-flambeau-river-primitive-canoe-camps,Flambeau River Primitive Canoe Camps,Boat / Backpack,45.76,-90.735,vague/uncertain wording in non-boondocking record; broad park/forest/lake/river/system name; review as area/rule or component split,"High-priority manual review: possible wrong feature, wrong access type, fake precision, or contradicted service layer.",Automated risk flag only; user-approved nuance: boondocking/community vagueness and park/campground entrances are not automatic defects.
P1,WI,wi-flambeau-river-backpack-camping-area,Flambeau River State Forest Backpack Camping Area,Boat / Backpack,45.782613,-90.717177,vague/uncertain wording in non-boondocking record; broad park/forest/lake/river/system name; review as area/rule or component split,"High-priority manual review: possible wrong feature, wrong access type, fake precision, or contradicted service layer.",Automated risk flag only; user-approved nuance: boondocking/community vagueness and park/campground entrances are not automatic defects.
P1,WI,wi-florence-county-forest-camping-rule-area-needs-verification-v23082,Florence County Forest Camping Rule Area — Needs Verification,Needs Verification,45.9222,-88.252,vague/uncertain wording in non-boondocking record; broad park/forest/lake/river/system name; review as area/rule or component split,"High-priority manual review: possible wrong feature, wrong access type, fake precision, or contradicted service layer.",Automated risk flag only; user-approved nuance: boondocking/community vagueness and park/campground entrances are not automatic defects.
P1,WI,wi-bayfield-flowmama-trailhead-research-v23113,FlowMama Trail Head Dispersed,Needs Verification,46.15286701932105,-91.25740752244984,proxy-feature wording/name (review if used as exact campsite); vague/uncertain wording in non-boondocking record,"High-priority manual review: possible wrong feature, wrong access type, fake precision, or contradicted service layer.",Automated risk flag only; user-approved nuance: boondocking/community vagueness and park/campground entrances are not automatic defects.
P1,WI,s317,Franklin Lake Recreation Area Campground,Modern Campgrounds,45.93138889,-88.99305556,proxy-feature wording/name (review if used as exact campsite); Modern layer conflicts with rustic/no-service wording,"High-priority manual review: possible wrong feature, wrong access type, fake precision, or contradicted service layer.",Automated risk flag only; user-approved nuance: boondocking/community vagueness and park/campground entrances are not automatic defects.
P1,WI,wi-traveler-george-w-mead-wildlife-area-visitor-center,George W. Mead Wildlife Area — Stanton W. Mead Visitor Center,rest-truck dnr-wildlife-area-visitor-center-trailhead rest a,44.69744446215444,-89.86238496511304,proxy-feature wording/name (review if used as exact campsite); broad park/forest/lake/river/system name; review as area/rule or component split,"High-priority manual review: possible wrong feature, wrong access type, fake precision, or contradicted service layer.",Automated risk flag only; user-approved nuance: boondocking/community vagueness and park/campground entrances are not automatic defects.
P1,WI,wi-gov-dodge-backpack-campsites,Governor Dodge Backpack Campsites,Boat / Backpack,43.0169077,-90.1413105,proxy-feature wording/name (review if used as exact campsite),"High-priority manual review: possible wrong feature, wrong access type, fake precision, or contradicted service layer.",Automated risk flag only; user-approved nuance: boondocking/community vagueness and park/campground entrances are not automatic defects.
P1,WI,wi-govearl-boat-in-campsites,Governor Earl Boat-in Campsites — system reference,Boat / Backpack,45.3233,-88.2218,vague/uncertain wording in non-boondocking record,"High-priority manual review: possible wrong feature, wrong access type, fake precision, or contradicted service layer.",Automated risk flag only; user-approved nuance: boondocking/community vagueness and park/campground entrances are not automatic defects.
P1,WI,wi-govearl-johnson-falls-remote-campsites-area-v23123,Governor Earl Johnson Falls Remote Campsites — Area Marker,Boat / Backpack,45.2695,-88.1601,vague/uncertain wording in non-boondocking record,"High-priority manual review: possible wrong feature, wrong access type, fake precision, or contradicted service layer.",Automated risk flag only; user-approved nuance: boondocking/community vagueness and park/campground entrances are not automatic defects.
P1,WI,wi-govearl-medicine-brook-remote-campsites-area-v23123,Governor Earl Medicine Brook Remote Campsites — Area Marker,Boat / Backpack,45.2435,-88.1207,vague/uncertain wording in non-boondocking record,"High-priority manual review: possible wrong feature, wrong access type, fake precision, or contradicted service layer.",Automated risk flag only; user-approved nuance: boondocking/community vagueness and park/campground entrances are not automatic defects.
P1,WI,wi-govearl-remote-campsites,Governor Earl Remote Campsites — system reference,Boat / Backpack,45.3470751,-88.1997247,vague/uncertain wording in non-boondocking record,"High-priority manual review: possible wrong feature, wrong access type, fake precision, or contradicted service layer.",Automated risk flag only; user-approved nuance: boondocking/community vagueness and park/campground entrances are not automatic defects.
P1,WI,wi-govearl-seymour-rapids-remote-campsites-area-v23123,Governor Earl Seymour Rapids Remote Campsites — Area Marker,Boat / Backpack,45.2534,-88.1372,vague/uncertain wording in non-boondocking record,"High-priority manual review: possible wrong feature, wrong access type, fake precision, or contradicted service layer.",Automated risk flag only; user-approved nuance: boondocking/community vagueness and park/campground entrances are not automatic defects.
P1,WI,wi-govthompson-boat-in-campsites,Governor Thompson State Park Boat-in Campsites,Boat / Backpack,45.3233,-88.2218,vague/uncertain wording in non-boondocking record,"High-priority manual review: possible wrong feature, wrong access type, fake precision, or contradicted service layer.",Automated risk flag only; user-approved nuance: boondocking/community vagueness and park/campground entrances are not automatic defects.
P1,WI,wi-traveler-grand-river-lock-and-dam,Grand River Lock and Dam,rest-truck lock-dam-river-access rest areas & roadside stops,43.72849787138195,-89.26060142951896,proxy-feature wording/name (review if used as exact campsite); broad park/forest/lake/river/system name; review as area/rule or component split,"High-priority manual review: possible wrong feature, wrong access type, fake precision, or contradicted service layer.",Automated risk flag only; user-approved nuance: boondocking/community vagueness and park/campground entrances are not automatic defects.
P1,WI,s346,Great Northern Campground,Private Campgrounds,45.2500526,-89.3249564,proxy-feature wording/name (review if used as exact campsite),"High-priority manual review: possible wrong feature, wrong access type, fake precision, or contradicted service layer.",Automated risk flag only; user-approved nuance: boondocking/community vagueness and park/campground entrances are not automatic defects.
P1,WI,s347,Green Lake Campground,Private Campgrounds,43.84007,-88.9998908,proxy-feature wording/name (review if used as exact campsite),"High-priority manual review: possible wrong feature, wrong access type, fake precision, or contradicted service layer.",Automated risk flag only; user-approved nuance: boondocking/community vagueness and park/campground entrances are not automatic defects.
P1,WI,s353,Greenbush Group Campground — Kettle Moraine State Forest Northern Unit,Rustic / Primitive,43.7511,-88.1009,vague/uncertain wording in non-boondocking record,"High-priority manual review: possible wrong feature, wrong access type, fake precision, or contradicted service layer.",Automated risk flag only; user-approved nuance: boondocking/community vagueness and park/campground entrances are not automatic defects.
P1,WI,wi-greenwood-park-campground-v23124,Greenwood Park and Campground,Rustic / Primitive,44.781405,-90.604006,proxy-feature wording/name (review if used as exact campsite),"High-priority manual review: possible wrong feature, wrong access type, fake precision, or contradicted service layer.",Automated risk flag only; user-approved nuance: boondocking/community vagueness and park/campground entrances are not automatic defects.
P1,WI,s366,Hartman Creek State Park Group Campsites,Rustic / Primitive,44.3228928,-89.2283523,vague/uncertain wording in non-boondocking record,"High-priority manual review: possible wrong feature, wrong access type, fake precision, or contradicted service layer.",Automated risk flag only; user-approved nuance: boondocking/community vagueness and park/campground entrances are not automatic defects.
P1,WI,s374,Headwaters Wilderness,Boat / Backpack,45.8123732,-88.9474883,proxy-feature wording/name (review if used as exact campsite); vague/uncertain wording in non-boondocking record; broad park/forest/lake/river/system name; review as area/rule or component split,"High-priority manual review: possible wrong feature, wrong access type, fake precision, or contradicted service layer.",Automated risk flag only; user-approved nuance: boondocking/community vagueness and park/campground entrances are not automatic defects.
P1,WI,s384,Hi Pines Campground,Private Campgrounds,45.945105,-89.248831,proxy-feature wording/name (review if used as exact campsite),"High-priority manual review: possible wrong feature, wrong access type, fake precision, or contradicted service layer.",Automated risk flag only; user-approved nuance: boondocking/community vagueness and park/campground entrances are not automatic defects.
P1,WI,wi-govearl-high-falls-eagles-nest-v23123,High Falls Flowage Boat-in Campsite — Eagle’s Nest,Boat / Backpack,45.298158,-88.198796,vague/uncertain wording in non-boondocking record,"High-priority manual review: possible wrong feature, wrong access type, fake precision, or contradicted service layer.",Automated risk flag only; user-approved nuance: boondocking/community vagueness and park/campground entrances are not automatic defects.
P1,WI,wi-govearl-high-falls-honkers-hideaway-v23123,High Falls Flowage Boat-in Campsite — Honker’s Hideaway,Boat / Backpack,45.299325,-88.199615,vague/uncertain wording in non-boondocking record,"High-priority manual review: possible wrong feature, wrong access type, fake precision, or contradicted service layer.",Automated risk flag only; user-approved nuance: boondocking/community vagueness and park/campground entrances are not automatic defects.
P1,WI,wi-govearl-high-falls-loon-landing-v23123,High Falls Flowage Boat-in Campsite — Loon Landing,Boat / Backpack,45.297231,-88.199436,vague/uncertain wording in non-boondocking record,"High-priority manual review: possible wrong feature, wrong access type, fake precision, or contradicted service layer.",Automated risk flag only; user-approved nuance: boondocking/community vagueness and park/campground entrances are not automatic defects.
P1,WI,wi-govearl-high-falls-mallards-cove-v23123,High Falls Flowage Boat-in Campsite — Mallard’s Cove,Boat / Backpack,45.297894,-88.199689,vague/uncertain wording in non-boondocking record,"High-priority manual review: possible wrong feature, wrong access type, fake precision, or contradicted service layer.",Automated risk flag only; user-approved nuance: boondocking/community vagueness and park/campground entrances are not automatic defects.
P1,WI,s398,Hoeft's Resort & Campground,Private Campgrounds,43.6245448,-88.1538355,proxy-feature wording/name (review if used as exact campsite),"High-priority manual review: possible wrong feature, wrong access type, fake precision, or contradicted service layer.",Automated risk flag only; user-approved nuance: boondocking/community vagueness and park/campground entrances are not automatic defects.
P1,WI,wi-traveler-hoffman-hills-state-recreation-area,Hoffman Hills State Recreation Area Trailhead / Day-Use Parking,rest-truck state-recreation-trailhead-scenic rest areas & ro,44.944,-91.7831,proxy-feature wording/name (review if used as exact campsite); broad park/forest/lake/river/system name; review as area/rule or component split,"High-priority manual review: possible wrong feature, wrong access type, fake precision, or contradicted service layer.",Automated risk flag only; user-approved nuance: boondocking/community vagueness and park/campground entrances are not automatic defects.
P1,WI,s400,Holiday Shores Campground & Resort,Private Campgrounds,43.6833701,-89.8061581,proxy-feature wording/name (review if used as exact campsite),"High-priority manual review: possible wrong feature, wrong access type, fake precision, or contradicted service layer.",Automated risk flag only; user-approved nuance: boondocking/community vagueness and park/campground entrances are not automatic defects.
P1,WI,wi-rest-v60-103-hurley,Hurley Safety Rest Area 103 - US 2/51,rest-truck rest-area rest areas & roadside stops official wi,46.463,-90.195472,proxy-feature wording/name (review if used as exact campsite),"High-priority manual review: possible wrong feature, wrong access type, fake precision, or contradicted service layer.",Automated risk flag only; user-approved nuance: boondocking/community vagueness and park/campground entrances are not automatic defects.
P1,WI,wi-nhal-rustic-indian-mounds,Indian Mounds Campground — Northern Highland-American Legion State Forest,Rustic / Primitive,45.8257,-89.635433,proxy-feature wording/name (review if used as exact campsite); access wording suggests Boat / Backpack review,"High-priority manual review: possible wrong feature, wrong access type, fake precision, or contradicted service layer.",Automated risk flag only; user-approved nuance: boondocking/community vagueness and park/campground entrances are not automatic defects.
P1,WI,s423,Indian Trails Campground,Private Campgrounds,43.554963,-89.323879,proxy-feature wording/name (review if used as exact campsite),"High-priority manual review: possible wrong feature, wrong access type, fake precision, or contradicted service layer.",Automated risk flag only; user-approved nuance: boondocking/community vagueness and park/campground entrances are not automatic defects.
P1,WI,wi-traveler-iverson-park-stevens-point-plover-river,Iverson Park — Stevens Point / Plover River,rest-truck municipal-river-park-picnic-restrooms-trail rest ,44.52340272512152,-89.5398507227365,proxy-feature wording/name (review if used as exact campsite); broad park/forest/lake/river/system name; review as area/rule or component split,"High-priority manual review: possible wrong feature, wrong access type, fake precision, or contradicted service layer.",Automated risk flag only; user-approved nuance: boondocking/community vagueness and park/campground entrances are not automatic defects.
P1,WI,wi-rest-v60-17-janesville,Janesville Safety Rest Area 17 - I-39/90 SB,rest-truck rest-area rest areas & roadside stops official wi,42.768694,-89.006917,proxy-feature wording/name (review if used as exact campsite),"High-priority manual review: possible wrong feature, wrong access type, fake precision, or contradicted service layer.",Automated risk flag only; user-approved nuance: boondocking/community vagueness and park/campground entrances are not automatic defects.
P1,WI,s444,"Jellystone Park Camp-Resort in Caledonia, WI",Private Campgrounds,42.8345412,-87.9139957,proxy-feature wording/name (review if used as exact campsite); broad park/forest/lake/river/system name; review as area/rule or component split,"High-priority manual review: possible wrong feature, wrong access type, fake precision, or contradicted service layer.",Automated risk flag only; user-approved nuance: boondocking/community vagueness and park/campground entrances are not automatic defects.
P1,WI,wi-rest-v60-14-johnson-creek,Johnson Creek Safety Rest Area 14 - I-94 WB,rest-truck rest-area rest areas & roadside stops official wi,43.087306,-88.823472,proxy-feature wording/name (review if used as exact campsite),"High-priority manual review: possible wrong feature, wrong access type, fake precision, or contradicted service layer.",Automated risk flag only; user-approved nuance: boondocking/community vagueness and park/campground entrances are not automatic defects.
P1,WI,wi-kvr-camp-aa-anderson-camp-v23112,KVR Camp AA — Anderson Camp,Rustic / Primitive,43.592052,-90.635433,proxy-feature wording/name (review if used as exact campsite),"High-priority manual review: possible wrong feature, wrong access type, fake precision, or contradicted service layer.",Automated risk flag only; user-approved nuance: boondocking/community vagueness and park/campground entrances are not automatic defects.
P1,WI,wi-kvr-camp-j-mule-camp-v23112,KVR Camp J — Mule Camp,Rustic / Primitive,43.62031,-90.610931,proxy-feature wording/name (review if used as exact campsite),"High-priority manual review: possible wrong feature, wrong access type, fake precision, or contradicted service layer.",Automated risk flag only; user-approved nuance: boondocking/community vagueness and park/campground entrances are not automatic defects.
P1,WI,wi-kvr-camp-k-jug-creek-camp-v23112,KVR Camp K — Jug Creek Camp,Rustic / Primitive,43.626899,-90.592744,proxy-feature wording/name (review if used as exact campsite),"High-priority manual review: possible wrong feature, wrong access type, fake precision, or contradicted service layer.",Automated risk flag only; user-approved nuance: boondocking/community vagueness and park/campground entrances are not automatic defects.
P1,WI,wi-kvr-camp-kk-nofsinger-camp-v23112,KVR Camp KK — Nofsinger Camp,Rustic / Primitive,43.628796,-90.598693,proxy-feature wording/name (review if used as exact campsite),"High-priority manual review: possible wrong feature, wrong access type, fake precision, or contradicted service layer.",Automated risk flag only; user-approved nuance: boondocking/community vagueness and park/campground entrances are not automatic defects.
P1,WI,wi-kvr-camp-o-ma-and-pas-park-camp-v23112,KVR Camp O — Ma & Pa’s Park Camp,Rustic / Primitive,43.628982,-90.636191,proxy-feature wording/name (review if used as exact campsite),"High-priority manual review: possible wrong feature, wrong access type, fake precision, or contradicted service layer.",Automated risk flag only; user-approved nuance: boondocking/community vagueness and park/campground entrances are not automatic defects.
P1,WI,wi-rest-v60-26-kenosha,Kenosha Welcome Center / Safety Rest Area 26 - I-94 Exit 347,rest-truck welcome-center rest areas & roadside stops offici,42.522361,-87.949444,proxy-feature wording/name (review if used as exact campsite),"High-priority manual review: possible wrong feature, wrong access type, fake precision, or contradicted service layer.",Automated risk flag only; user-approved nuance: boondocking/community vagueness and park/campground entrances are not automatic defects.
P1,WI,wi-cnf-kentuck-lake-recreation-area-v23116,Kentuck Lake Recreation Area,Rustic / Primitive,45.9922,-88.9803,proxy-feature wording/name (review if used as exact campsite); broad park/forest/lake/river/system name; review as area/rule or component split,"High-priority manual review: possible wrong feature, wrong access type, fake precision, or contradicted service layer.",Automated risk flag only; user-approved nuance: boondocking/community vagueness and park/campground entrances are not automatic defects.
P1,WI,wi-kmn-backpack-shelters,Kettle Moraine Northern Unit Backpack Shelters,Boat / Backpack,43.7511,-88.1009,vague/uncertain wording in non-boondocking record; broad park/forest/lake/river/system name; review as area/rule or component split,"High-priority manual review: possible wrong feature, wrong access type, fake precision, or contradicted service layer.",Automated risk flag only; user-approved nuance: boondocking/community vagueness and park/campground entrances are not automatic defects.
P1,WI,wi-kms-southern-backpack-shelters,Kettle Moraine Southern Unit Backpack Shelters,Boat / Backpack,42.9596,-88.4407,vague/uncertain wording in non-boondocking record; broad park/forest/lake/river/system name; review as area/rule or component split,"High-priority manual review: possible wrong feature, wrong access type, fake precision, or contradicted service layer.",Automated risk flag only; user-approved nuance: boondocking/community vagueness and park/campground entrances are not automatic defects.
P1,WI,s460,Kettle Moraine State Forest - Southern Unit Campgrounds,Modern Campgrounds,43.4986087,-88.1884285,Modern layer conflicts with rustic/no-service wording,"High-priority manual review: possible wrong feature, wrong access type, fake precision, or contradicted service layer.",Automated risk flag only; user-approved nuance: boondocking/community vagueness and park/campground entrances are not automatic defects.
P1,WI,wi-cnf-knowles-creek-road-v2318,Knowles Creek Road,Boondocking / Dispersed,45.36705,-88.48781,proxy-feature wording/name (review if used as exact campsite); broad park/forest/lake/river/system name; review as area/rule or component split,"High-priority manual review: possible wrong feature, wrong access type, fake precision, or contradicted service layer.",Automated risk flag only; user-approved nuance: boondocking/community vagueness and park/campground entrances are not automatic defects.
P1,WI,wi-rest-v60-31-la-crosse,La Crosse Welcome Center / Safety Rest Area 31 - I-90 EB,rest-truck welcome-center rest areas & roadside stops offici,43.858028,-91.270639,proxy-feature wording/name (review if used as exact campsite),"High-priority manual review: possible wrong feature, wrong access type, fake precision, or contradicted service layer.",Automated risk flag only; user-approved nuance: boondocking/community vagueness and park/campground entrances are not automatic defects.
P1,WI,s496,Lake George Campsite,Private Campgrounds,45.6022415,-89.324028,proxy-feature wording/name (review if used as exact campsite),"High-priority manual review: possible wrong feature, wrong access type, fake precision, or contradicted service layer.",Automated risk flag only; user-approved nuance: boondocking/community vagueness and park/campground entrances are not automatic defects.
P1,WI,s502,Lake Lenwood Beach & Campground,Private Campgrounds,43.4469361,-88.1652556,proxy-feature wording/name (review if used as exact campsite),"High-priority manual review: possible wrong feature, wrong access type, fake precision, or contradicted service layer.",Automated risk flag only; user-approved nuance: boondocking/community vagueness and park/campground entrances are not automatic defects.
P1,WI,wi-rest-v60-13-lake-mills,Lake Mills Safety Rest Area 13 - I-94 EB,rest-truck rest-area rest areas & roadside stops official wi,43.085806,-88.874583,proxy-feature wording/name (review if used as exact campsite); broad park/forest/lake/river/system name; review as area/rule or component split,"High-priority manual review: possible wrong feature, wrong access type, fake precision, or contradicted service layer.",Automated risk flag only; user-approved nuance: boondocking/community vagueness and park/campground entrances are not automatic defects.
P1,WI,wi-traveler-lake-owen-day-use,Lake Owen Recreation Area Day Use,rest-truck waterfront-day-use rest areas & roadside stops re,46.30166667,-91.22027778,proxy-feature wording/name (review if used as exact campsite); broad park/forest/lake/river/system name; review as area/rule or component split,"High-priority manual review: possible wrong feature, wrong access type, fake precision, or contradicted service layer.",Automated risk flag only; user-approved nuance: boondocking/community vagueness and park/campground entrances are not automatic defects.
P1,WI,s845,Lake of the Falls County Park Campground,Modern Campgrounds,46.1494974,-90.1621896,proxy-feature wording/name (review if used as exact campsite),"High-priority manual review: possible wrong feature, wrong access type, fake precision, or contradicted service layer.",Automated risk flag only; user-approved nuance: boondocking/community vagueness and park/campground entrances are not automatic defects.
P1,WI,wi-laura-gordon-lake-recreation-area,Laura and Gordon Lake Recreation Area / Laura Lake Campground,Rustic / Primitive,45.7032,-88.5052,proxy-feature wording/name (review if used as exact campsite),"High-priority manual review: possible wrong feature, wrong access type, fake precision, or contradicted service layer.",Automated risk flag only; user-approved nuance: boondocking/community vagueness and park/campground entrances are not automatic defects.
P1,WI,wi-cnf-laurel-lake-recreation-area-v23116,Laurel Lake Recreation Area,Rustic / Primitive,45.816435,-89.109851,proxy-feature wording/name (review if used as exact campsite); broad park/forest/lake/river/system name; review as area/rule or component split,"High-priority manual review: possible wrong feature, wrong access type, fake precision, or contradicted service layer.",Automated risk flag only; user-approved nuance: boondocking/community vagueness and park/campground entrances are not automatic defects.
P1,WI,wi-traveler-lauterman-trailhead,Lauterman National Recreation Area Trailhead,rest-truck trailhead-day-use rest areas & roadside stops res,45.92416667,-88.49694444,proxy-feature wording/name (review if used as exact campsite),"High-priority manual review: possible wrong feature, wrong access type, fake precision, or contradicted service layer.",Automated risk flag only; user-approved nuance: boondocking/community vagueness and park/campground entrances are not automatic defects.
P1,WI,wi-lauterman-national-recreation-area-walk-in-canoe-in-v23084,Lauterman National Recreation Area Walk-In / Canoe-In Campsites,Boat / Backpack,45.92416667,-88.49694444,proxy-feature wording/name (review if used as exact campsite),"High-priority manual review: possible wrong feature, wrong access type, fake precision, or contradicted service layer.",Automated risk flag only; user-approved nuance: boondocking/community vagueness and park/campground entrances are not automatic defects.
P1,WI,wi-levis-trow-mound-trailhead-campground-v23124,Levis/Trow Mound Trailhead Campground,Rustic / Primitive,44.476769,-90.723533,proxy-feature wording/name (review if used as exact campsite); access wording suggests Boat / Backpack review,"High-priority manual review: possible wrong feature, wrong access type, fake precision, or contradicted service layer.",Automated risk flag only; user-approved nuance: boondocking/community vagueness and park/campground entrances are not automatic defects.
P1,WI,s550,Little Sand Bay Campground,Modern Campgrounds,46.9453437,-90.8871891,proxy-feature wording/name (review if used as exact campsite),"High-priority manual review: possible wrong feature, wrong access type, fake precision, or contradicted service layer.",Automated risk flag only; user-approved nuance: boondocking/community vagueness and park/campground entrances are not automatic defects.
P1,WI,wi-rest-v60-63-lomira,Lomira Safety Rest Area 63 - I-41 SB,rest-truck rest-area rest areas & roadside stops official wi,43.561306,-88.431694,proxy-feature wording/name (review if used as exact campsite),"High-priority manual review: possible wrong feature, wrong access type, fake precision, or contradicted service layer.",Automated risk flag only; user-approved nuance: boondocking/community vagueness and park/campground entrances are not automatic defects.
P1,WI,wi-traveler-long-lake-recreation-area,Long Lake Recreation Area,rest-truck waterfront-day-use rest areas & roadside stops re,46.66111111,-91.04777778,proxy-feature wording/name (review if used as exact campsite); broad park/forest/lake/river/system name; review as area/rule or component split,"High-priority manual review: possible wrong feature, wrong access type, fake precision, or contradicted service layer.",Automated risk flag only; user-approved nuance: boondocking/community vagueness and park/campground entrances are not automatic defects.
P1,WI,s565,Lost Falls Campground,Private Campgrounds,44.1760596,-90.9159016,proxy-feature wording/name (review if used as exact campsite),"High-priority manual review: possible wrong feature, wrong access type, fake precision, or contradicted service layer.",Automated risk flag only; user-approved nuance: boondocking/community vagueness and park/campground entrances are not automatic defects.
P1,WI,wi-traveler-lower-cato-falls-county-park,Lower Cato Falls County Park,rest-truck county-park-scenic-overlook-picnic-restrooms rest,44.0917583,-87.8420827,proxy-feature wording/name (review if used as exact campsite); broad park/forest/lake/river/system name; review as area/rule or component split,"High-priority manual review: possible wrong feature, wrong access type, fake precision, or contradicted service layer.",Automated risk flag only; user-approved nuance: boondocking/community vagueness and park/campground entrances are not automatic defects.
P1,WI,wi-lower-wisconsin-state-riverway-island-sandbar-camping,Lower Wisconsin State Riverway Island and Sandbar Camping,Boat / Backpack,43.18,-90.35,vague/uncertain wording in non-boondocking record; broad park/forest/lake/river/system name; review as area/rule or component split,"High-priority manual review: possible wrong feature, wrong access type, fake precision, or contradicted service layer.",Automated risk flag only; user-approved nuance: boondocking/community vagueness and park/campground entrances are not automatic defects.
P1,WI,wi-traveler-luna-white-deer-day-use,Luna-White Deer Lake Recreation Area Day Use,rest-truck trailhead-lake-access rest areas & roadside stops,45.90277778,-88.96222222,proxy-feature wording/name (review if used as exact campsite); broad park/forest/lake/river/system name; review as area/rule or component split,"High-priority manual review: possible wrong feature, wrong access type, fake precision, or contradicted service layer.",Automated risk flag only; user-approved nuance: boondocking/community vagueness and park/campground entrances are not automatic defects.
P1,WI,wi-rest-v60-9-lyndon-station,Lyndon Station Safety Rest Area 9 - I-90/94 EB,rest-truck rest-area rest areas & roadside stops official wi,43.757472,-89.9675,proxy-feature wording/name (review if used as exact campsite),"High-priority manual review: possible wrong feature, wrong access type, fake precision, or contradicted service layer.",Automated risk flag only; user-approved nuance: boondocking/community vagueness and park/campground entrances are not automatic defects.
P1,WI,s575,Lynn Ann's Campground,Private Campgrounds,45.9255799,-89.5199389,proxy-feature wording/name (review if used as exact campsite),"High-priority manual review: possible wrong feature, wrong access type, fake precision, or contradicted service layer.",Automated risk flag only; user-approved nuance: boondocking/community vagueness and park/campground entrances are not automatic defects.
P1,WI,wi-rest-v60-51-maribel,Maribel Safety Rest Area 51 - I-43 SB,Needs Verification,44.318139,-87.815167,proxy-feature wording/name (review if used as exact campsite); vague/uncertain wording in non-boondocking record,"High-priority manual review: possible wrong feature, wrong access type, fake precision, or contradicted service layer.",Automated risk flag only; user-approved nuance: boondocking/community vagueness and park/campground entrances are not automatic defects.
P1,WI,wi-rest-v60-10-mauston,Mauston Safety Rest Area 10 - I-90/94 WB,rest-truck rest-area rest areas & roadside stops official wi,43.750917,-89.948917,proxy-feature wording/name (review if used as exact campsite),"High-priority manual review: possible wrong feature, wrong access type, fake precision, or contradicted service layer.",Automated risk flag only; user-approved nuance: boondocking/community vagueness and park/campground entrances are not automatic defects.
P1,WI,wi-mead-lake-park-campground-v23124,Mead Lake Park and Campground,Modern Campgrounds,44.78782,-90.751832,proxy-feature wording/name (review if used as exact campsite),"High-priority manual review: possible wrong feature, wrong access type, fake precision, or contradicted service layer.",Automated risk flag only; user-approved nuance: boondocking/community vagueness and park/campground entrances are not automatic defects.
P1,WI,wi-meadow-valley-wildlife-area-primitive-camping,Meadow Valley Wildlife Area Primitive Camping Areas,Boat / Backpack,44.0582981,-90.2251312,vague/uncertain wording in non-boondocking record; broad park/forest/lake/river/system name; review as area/rule or component split,"High-priority manual review: possible wrong feature, wrong access type, fake precision, or contradicted service layer.",Automated risk flag only; user-approved nuance: boondocking/community vagueness and park/campground entrances are not automatic defects.
P1,WI,wi-menominee-river-canoe-campsites,Menominee River Wisconsin Canoe Campsites,Boat / Backpack,45.78,-87.88,vague/uncertain wording in non-boondocking record,"High-priority manual review: possible wrong feature, wrong access type, fake precision, or contradicted service layer.",Automated risk flag only; user-approved nuance: boondocking/community vagueness and park/campground entrances are not automatic defects.
P1,WI,wi-rest-v60-61-menomonie,Menomonie Safety Rest Area 61 - I-94 EB,rest-truck rest-area rest areas & roadside stops official wi,44.906917,-91.906722,proxy-feature wording/name (review if used as exact campsite),"High-priority manual review: possible wrong feature, wrong access type, fake precision, or contradicted service layer.",Automated risk flag only; user-approved nuance: boondocking/community vagueness and park/campground entrances are not automatic defects.
P1,WI,wi-rest-v60-62-menomonie,Menomonie Safety Rest Area 62 - I-94 WB,rest-truck rest-area rest areas & roadside stops official wi,44.908556,-91.908833,proxy-feature wording/name (review if used as exact campsite),"High-priority manual review: possible wrong feature, wrong access type, fake precision, or contradicted service layer.",Automated risk flag only; user-approved nuance: boondocking/community vagueness and park/campground entrances are not automatic defects.
P1,WI,wi-merlin-lambert-county-park-v23124,Merlin Lambert County Park,Rustic / Primitive,44.30400003,-90.506,proxy-feature wording/name (review if used as exact campsite); access wording suggests Boat / Backpack review; broad park/forest/lake/river/system name; review as area/rule or component split,"High-priority manual review: possible wrong feature, wrong access type, fake precision, or contradicted service layer.",Automated risk flag only; user-approved nuance: boondocking/community vagueness and park/campground entrances are not automatic defects.
P1,WI,s603,Merry Mac's Campground,Private Campgrounds,43.3942967,-89.6765684,proxy-feature wording/name (review if used as exact campsite),"High-priority manual review: possible wrong feature, wrong access type, fake precision, or contradicted service layer.",Automated risk flag only; user-approved nuance: boondocking/community vagueness and park/campground entrances are not automatic defects.
P1,WI,wi-rest-v60-53-millston,Millston Safety Rest Area 53 - I-94 EB,rest-truck rest-area rest areas & roadside stops official wi,44.226,-90.707611,proxy-feature wording/name (review if used as exact campsite),"High-priority manual review: possible wrong feature, wrong access type, fake precision, or contradicted service layer.",Automated risk flag only; user-approved nuance: boondocking/community vagueness and park/campground entrances are not automatic defects.
P1,WI,wi-north-star-mohican-rv-park,Mohican RV Park at North Star Mohican Casino Resort,Private Campgrounds,44.871597,-88.863494,proxy-feature wording/name (review if used as exact campsite); vague/uncertain wording in non-boondocking record,"High-priority manual review: possible wrong feature, wrong access type, fake precision, or contradicted service layer.",Automated risk flag only; user-approved nuance: boondocking/community vagueness and park/campground entrances are not automatic defects.
P1,WI,wi-moose-lake-recreation-area,Moose Lake Recreation Area,Rustic / Primitive,46.01592,-91.01945,proxy-feature wording/name (review if used as exact campsite); broad park/forest/lake/river/system name; review as area/rule or component split,"High-priority manual review: possible wrong feature, wrong access type, fake precision, or contradicted service layer.",Automated risk flag only; user-approved nuance: boondocking/community vagueness and park/campground entrances are not automatic defects.
P1,WI,wi-traveler-morgan-falls-st-peters-dome,Morgan Falls / St. Peter’s Dome Recreation Area,rest-truck scenic-overlook-trailhead rest areas & roadside s,46.35068,-90.92373,proxy-feature wording/name (review if used as exact campsite),"High-priority manual review: possible wrong feature, wrong access type, fake precision, or contradicted service layer.",Automated risk flag only; user-approved nuance: boondocking/community vagueness and park/campground entrances are not automatic defects.
P1,WI,wi-cnf-mountain-lake-road-4-v2318,Mountain Lake Road #4,Boondocking / Dispersed,45.19799,-88.55556,proxy-feature wording/name (review if used as exact campsite); broad park/forest/lake/river/system name; review as area/rule or component split,"High-priority manual review: possible wrong feature, wrong access type, fake precision, or contradicted service layer.",Automated risk flag only; user-approved nuance: boondocking/community vagueness and park/campground entrances are not automatic defects.
P1,WI,wi-traveler-mountain-bay-shawano-trail-information-center,Mountain-Bay State Trail — Shawano Trail Information Center,Info / Reference,44.77403909740966,-88.6080723783026,proxy-feature wording/name (review if used as exact campsite); broad park/forest/lake/river/system name; review as area/rule or component split,"High-priority manual review: possible wrong feature, wrong access type, fake precision, or contradicted service layer.",Automated risk flag only; user-approved nuance: boondocking/community vagueness and park/campground entrances are not automatic defects.
P1,WI,wi-cnf-namekagon-lake-recreation-area-v23117,Namekagon Lake Recreation Area,Rustic / Primitive,46.24391,-91.08522,proxy-feature wording/name (review if used as exact campsite); broad park/forest/lake/river/system name; review as area/rule or component split,"High-priority manual review: possible wrong feature, wrong access type, fake precision, or contradicted service layer.",Automated risk flag only; user-approved nuance: boondocking/community vagueness and park/campground entrances are not automatic defects.
P1,WI,s638,Nelson Dewey State Park Campground,Modern Campgrounds,42.7315099,-91.0170102,proxy-feature wording/name (review if used as exact campsite),"High-priority manual review: possible wrong feature, wrong access type, fake precision, or contradicted service layer.",Automated risk flag only; user-approved nuance: boondocking/community vagueness and park/campground entrances are not automatic defects.
P1,WI,wi-rest-v60-33-new-auburn,New Auburn Safety Rest Area 33 - US 53 SB,rest-truck rest-area rest areas & roadside stops official wi,45.237806,-91.593861,proxy-feature wording/name (review if used as exact campsite),"High-priority manual review: possible wrong feature, wrong access type, fake precision, or contradicted service layer.",Automated risk flag only; user-approved nuance: boondocking/community vagueness and park/campground entrances are not automatic defects.
P1,WI,wi-new-glarus-woods-primitive-campground,New Glarus Woods Primitive Campgrounds,Rustic / Primitive,42.7869,-89.6306,vague/uncertain wording in non-boondocking record; access wording suggests Boat / Backpack review,"High-priority manual review: possible wrong feature, wrong access type, fake precision, or contradicted service layer.",Automated risk flag only; user-approved nuance: boondocking/community vagueness and park/campground entrances are not automatic defects.
P1,WI,wi-newport-backpack-campsites,Newport State Park Backpack Campsites,Boat / Backpack,45.2346,-86.9979,vague/uncertain wording in non-boondocking record,"High-priority manual review: possible wrong feature, wrong access type, fake precision, or contradicted service layer.",Automated risk flag only; user-approved nuance: boondocking/community vagueness and park/campground entrances are not automatic defects.
P1,WI,wi-nhal-rustic-north-trout-lake,North Trout Lake Campground — Northern Highland-American Legion State Forest,Rustic / Primitive,46.065544,-89.646981,proxy-feature wording/name (review if used as exact campsite); access wording suggests Boat / Backpack review,"High-priority manual review: possible wrong feature, wrong access type, fake precision, or contradicted service layer.",Automated risk flag only; user-approved nuance: boondocking/community vagueness and park/campground entrances are not automatic defects.
P1,WI,wi-traveler-north-twin-lake-boat-landing,North Twin Lake Recreation Area Boat Landing,Boat / Backpack,45.28107,-90.443795,proxy-feature wording/name (review if used as exact campsite); broad park/forest/lake/river/system name; review as area/rule or component split,"High-priority manual review: possible wrong feature, wrong access type, fake precision, or contradicted service layer.",Automated risk flag only; user-approved nuance: boondocking/community vagueness and park/campground entrances are not automatic defects.
P1,WI,s648,North Wood County Park Campground,Modern Campgrounds,44.5197328,-90.1401611,proxy-feature wording/name (review if used as exact campsite),"High-priority manual review: possible wrong feature, wrong access type, fake precision, or contradicted service layer.",Automated risk flag only; user-approved nuance: boondocking/community vagueness and park/campground entrances are not automatic defects.
P1,WI,wi-nhal-primitive-system-area-v23113,Northern Highland-American Legion Primitive Camping System,Boat / Backpack,46.03,-89.55,vague/uncertain wording in non-boondocking record; broad park/forest/lake/river/system name; review as area/rule or component split,"High-priority manual review: possible wrong feature, wrong access type, fake precision, or contradicted service layer.",Automated risk flag only; user-approved nuance: boondocking/community vagueness and park/campground entrances are not automatic defects.
P1,WI,s649,Northern Highland-American Legion State Forest Modern Campgrounds,Modern Campgrounds,45.7980901,-89.4301659,Modern layer conflicts with rustic/no-service wording,"High-priority manual review: possible wrong feature, wrong access type, fake precision, or contradicted service layer.",Automated risk flag only; user-approved nuance: boondocking/community vagueness and park/campground entrances are not automatic defects.
P1,WI,wi-cnf-old-knowles-creek-road-dam-needs-verification-v2318,Old Knowles Creek Road Dam — Needs Verification,Boondocking / Dispersed,45.36663,-88.52317,"proxy-feature wording/name (review if used as exact campsite); vague/community wording in boondocking record — review for honest warning, not automatic defect; broad park/forest/lake/river/system name; review as area/rule or component split","High-priority manual review: possible wrong feature, wrong access type, fake precision, or contradicted service layer.",Automated risk flag only; user-approved nuance: boondocking/community vagueness and park/campground entrances are not automatic defects.
P1,WI,wi-cnf-perch-lake-recreation-area-v23117,Perch Lake Recreation Area,Rustic / Primitive,46.404942,-91.268968,proxy-feature wording/name (review if used as exact campsite); broad park/forest/lake/river/system name; review as area/rule or component split,"High-priority manual review: possible wrong feature, wrong access type, fake precision, or contradicted service layer.",Automated risk flag only; user-approved nuance: boondocking/community vagueness and park/campground entrances are not automatic defects.
P1,WI,s683,Perch Lake Recreation Area Campground,Rustic / Primitive,46.4044869,-91.2710801,proxy-feature wording/name (review if used as exact campsite),"High-priority manual review: possible wrong feature, wrong access type, fake precision, or contradicted service layer.",Automated risk flag only; user-approved nuance: boondocking/community vagueness and park/campground entrances are not automatic defects.
P1,WI,wi-perrot-walk-in-group-campsites,Perrot State Park Walk-in Group Campsites,Boat / Backpack,44.0325,-91.4665,proxy-feature wording/name (review if used as exact campsite),"High-priority manual review: possible wrong feature, wrong access type, fake precision, or contradicted service layer.",Automated risk flag only; user-approved nuance: boondocking/community vagueness and park/campground entrances are not automatic defects.
P1,WI,wi-cnf-peshtigo-river-fr2136-v2318,Peshtigo River / Forest Road 2136,Boondocking / Dispersed,45.51179,-88.435449,proxy-feature wording/name (review if used as exact campsite); broad park/forest/lake/river/system name; review as area/rule or component split,"High-priority manual review: possible wrong feature, wrong access type, fake precision, or contradicted service layer.",Automated risk flag only; user-approved nuance: boondocking/community vagueness and park/campground entrances are not automatic defects.
P1,WI,s696,Pigeon Creek Campground — Black River State Forest,Rustic / Primitive,44.215362,-90.6161755,proxy-feature wording/name (review if used as exact campsite); access wording suggests Boat / Backpack review,"High-priority manual review: possible wrong feature, wrong access type, fake precision, or contradicted service layer.",Automated risk flag only; user-approved nuance: boondocking/community vagueness and park/campground entrances are not automatic defects.
P1,WI,s701,Pine Grove Campground,Private Campgrounds,44.808286,-88.868738,proxy-feature wording/name (review if used as exact campsite),"High-priority manual review: possible wrong feature, wrong access type, fake precision, or contradicted service layer.",Automated risk flag only; user-approved nuance: boondocking/community vagueness and park/campground entrances are not automatic defects.
P1,WI,s707,Pinewoods Campground — Kettle Moraine State Forest Southern Unit,Modern Campgrounds,42.9596506,-88.4397841,Modern layer conflicts with rustic/no-service wording; access wording suggests Boat / Backpack review,"High-priority manual review: possible wrong feature, wrong access type, fake precision, or contradicted service layer.",Automated risk flag only; user-approved nuance: boondocking/community vagueness and park/campground entrances are not automatic defects.
P1,WI,s709,Pinewoods Group Camp Site C — Kettle Moraine State Forest Southern Unit,Modern Campgrounds,42.9609516,-88.454098,Modern layer conflicts with rustic/no-service wording; broad park/forest/lake/river/system name; review as area/rule or component split,"High-priority manual review: possible wrong feature, wrong access type, fake precision, or contradicted service layer.",Automated risk flag only; user-approved nuance: boondocking/community vagueness and park/campground entrances are not automatic defects.
P1,WI,wi-point-beach-ice-age-trail-campsite,Point Beach Ice Age Trail Campsite,Boat / Backpack,44.1918378,-87.5192908,proxy-feature wording/name (review if used as exact campsite); vague/uncertain wording in non-boondocking record,"High-priority manual review: possible wrong feature, wrong access type, fake precision, or contradicted service layer.",Automated risk flag only; user-approved nuance: boondocking/community vagueness and park/campground entrances are not automatic defects.
P1,WI,wi-point-beach-kayak-campsite,Point Beach Kayak Campsite,Boat / Backpack,44.1918378,-87.5192908,proxy-feature wording/name (review if used as exact campsite); vague/uncertain wording in non-boondocking record,"High-priority manual review: possible wrong feature, wrong access type, fake precision, or contradicted service layer.",Automated risk flag only; user-approved nuance: boondocking/community vagueness and park/campground entrances are not automatic defects.
P1,WI,wi-point-beach-outdoor-group-camp,Point Beach Outdoor Group Camp,Rustic / Primitive,44.1918378,-87.5192908,proxy-feature wording/name (review if used as exact campsite); vague/uncertain wording in non-boondocking record; broad park/forest/lake/river/system name; review as area/rule or component split,"High-priority manual review: possible wrong feature, wrong access type, fake precision, or contradicted service layer.",Automated risk flag only; user-approved nuance: boondocking/community vagueness and park/campground entrances are not automatic defects.
P1,WI,s729,Point Beach State Forest Campground,Modern Campgrounds,44.1918378,-87.5192908,proxy-feature wording/name (review if used as exact campsite),"High-priority manual review: possible wrong feature, wrong access type, fake precision, or contradicted service layer.",Automated risk flag only; user-approved nuance: boondocking/community vagueness and park/campground entrances are not automatic defects.
P1,WI,s731,Point Detour Campground & Wilderness Area,Rustic / Primitive,46.9590346,-90.8748941,proxy-feature wording/name (review if used as exact campsite); access wording suggests Boat / Backpack review,"High-priority manual review: possible wrong feature, wrong access type, fake precision, or contradicted service layer.",Automated risk flag only; user-approved nuance: boondocking/community vagueness and park/campground entrances are not automatic defects.
P1,WI,wi-porcupine-lake-wilderness,Porcupine Lake Wilderness,Boat / Backpack,46.2908223,-91.1373612,proxy-feature wording/name (review if used as exact campsite); vague/uncertain wording in non-boondocking record; broad park/forest/lake/river/system name; review as area/rule or component split,"High-priority manual review: possible wrong feature, wrong access type, fake precision, or contradicted service layer.",Automated risk flag only; user-approved nuance: boondocking/community vagueness and park/campground entrances are not automatic defects.
P1,WI,wi-rest-v60-11-portage,Portage Safety Rest Area 11 - I-39/90/94 EB,rest-truck rest-area rest areas & roadside stops official wi,43.428722,-89.483417,proxy-feature wording/name (review if used as exact campsite),"High-priority manual review: possible wrong feature, wrong access type, fake precision, or contradicted service layer.",Automated risk flag only; user-approved nuance: boondocking/community vagueness and park/campground entrances are not automatic defects.
P1,WI,wi-potawatomi-carter-casino-rv-parking,Potawatomi Carter Casino Hotel RV Parking,overnight-parking casino-rv-parking overnight parking overni,45.3984665,-88.6279787,vague/uncertain wording in non-boondocking record,"High-priority manual review: possible wrong feature, wrong access type, fake precision, or contradicted service layer.",Automated risk flag only; user-approved nuance: boondocking/community vagueness and park/campground entrances are not automatic defects.
P1,WI,wi-rest-v60-12-poynette,Poynette Safety Rest Area 12 - I-39/90/94 WB,rest-truck rest-area rest areas & roadside stops official wi,43.425139,-89.476389,proxy-feature wording/name (review if used as exact campsite),"High-priority manual review: possible wrong feature, wrong access type, fake precision, or contradicted service layer.",Automated risk flag only; user-approved nuance: boondocking/community vagueness and park/campground entrances are not automatic defects.
P1,WI,s747,Presque Isle Campground,Private Campgrounds,46.2584492,-89.7183449,proxy-feature wording/name (review if used as exact campsite),"High-priority manual review: possible wrong feature, wrong access type, fake precision, or contradicted service layer.",Automated risk flag only; user-approved nuance: boondocking/community vagueness and park/campground entrances are not automatic defects.
P1,WI,wi-traveler-princeton-lock-and-dam-lock-road-access,Princeton Lock and Dam — Lock Road Boat Access,rest-truck lock-dam-river-access rest areas & roadside stops,43.82658491387621,-89.15764157514258,proxy-feature wording/name (review if used as exact campsite); broad park/forest/lake/river/system name; review as area/rule or component split,"High-priority manual review: possible wrong feature, wrong access type, fake precision, or contradicted service layer.",Automated risk flag only; user-approved nuance: boondocking/community vagueness and park/campground entrances are not automatic defects.
P1,WI,wi-rainbow-lake-wilderness,Rainbow Lake Wilderness,Boat / Backpack,46.4161637,-91.3037917,proxy-feature wording/name (review if used as exact campsite); vague/uncertain wording in non-boondocking record; broad park/forest/lake/river/system name; review as area/rule or component split,"High-priority manual review: possible wrong feature, wrong access type, fake precision, or contradicted service layer.",Automated risk flag only; user-approved nuance: boondocking/community vagueness and park/campground entrances are not automatic defects.
P1,WI,wi-nhal-rustic-razorback-lake,Razorback Lake Campground — Northern Highland-American Legion State Forest,Rustic / Primitive,46.024083,-89.5319,proxy-feature wording/name (review if used as exact campsite); access wording suggests Boat / Backpack review,"High-priority manual review: possible wrong feature, wrong access type, fake precision, or contradicted service layer.",Automated risk flag only; user-approved nuance: boondocking/community vagueness and park/campground entrances are not automatic defects.
P1,WI,s771,Richardson Lake Recreation Area Campground,Rustic / Primitive,45.4415,-88.7153,proxy-feature wording/name (review if used as exact campsite),"High-priority manual review: possible wrong feature, wrong access type, fake precision, or contradicted service layer.",Automated risk flag only; user-approved nuance: boondocking/community vagueness and park/campground entrances are not automatic defects.
P1,WI,s775,River Bay Premier Camping Resort,Private Campgrounds,43.6857489,-89.8282388,proxy-feature wording/name (review if used as exact campsite); broad park/forest/lake/river/system name; review as area/rule or component split,"High-priority manual review: possible wrong feature, wrong access type, fake precision, or contradicted service layer.",Automated risk flag only; user-approved nuance: boondocking/community vagueness and park/campground entrances are not automatic defects.
P1,WI,s778,Rivers Edge Campground,Private Campgrounds,44.6326819,-89.6371302,proxy-feature wording/name (review if used as exact campsite),"High-priority manual review: possible wrong feature, wrong access type, fake precision, or contradicted service layer.",Automated risk flag only; user-approved nuance: boondocking/community vagueness and park/campground entrances are not automatic defects.
P1,WI,wi-traveler-robert-m-carmody-county-park,Robert M. Carmody County Park,Boat / Backpack,44.84394,-87.56027,proxy-feature wording/name (review if used as exact campsite),"High-priority manual review: possible wrong feature, wrong access type, fake precision, or contradicted service layer.",Automated risk flag only; user-approved nuance: boondocking/community vagueness and park/campground entrances are not automatic defects.
P1,WI,wi-rock-dam-park-campground-v23124,Rock Dam Park and Campground,Modern Campgrounds,44.732739,-90.851536,proxy-feature wording/name (review if used as exact campsite),"High-priority manual review: possible wrong feature, wrong access type, fake precision, or contradicted service layer.",Automated risk flag only; user-approved nuance: boondocking/community vagueness and park/campground entrances are not automatic defects.
P1,WI,wi-rock-island-walk-in-campsites,Rock Island Primitive Walk-in Campsites,Boat / Backpack,45.4004,-86.8567,vague/uncertain wording in non-boondocking record,"High-priority manual review: possible wrong feature, wrong access type, fake precision, or contradicted service layer.",Automated risk flag only; user-approved nuance: boondocking/community vagueness and park/campground entrances are not automatic defects.
P1,WI,wi-traveler-sailor-lake-picnic-area,Sailor Lake Picnic Area,rest-truck forest-service-picnic-lake-access rest areas & ro,45.84660038569255,-90.26726126871563,proxy-feature wording/name (review if used as exact campsite); broad park/forest/lake/river/system name; review as area/rule or component split,"High-priority manual review: possible wrong feature, wrong access type, fake precision, or contradicted service layer.",Automated risk flag only; user-approved nuance: boondocking/community vagueness and park/campground entrances are not automatic defects.
P1,WI,s807,Sandy Beach Lake Campground — Northern Highland-American Legion State Forest,Rustic / Primitive,46.1017772,-89.9682795,proxy-feature wording/name (review if used as exact campsite); access wording suggests Boat / Backpack review,"High-priority manual review: possible wrong feature, wrong access type, fake precision, or contradicted service layer.",Automated risk flag only; user-approved nuance: boondocking/community vagueness and park/campground entrances are not automatic defects.
P1,WI,wi-nhal-rustic-sandy-beach-lake,Sandy Beach Lake Campground — Northern Highland-American Legion State Forest,Rustic / Primitive,46.101767,-89.968083,proxy-feature wording/name (review if used as exact campsite); access wording suggests Boat / Backpack review,"High-priority manual review: possible wrong feature, wrong access type, fake precision, or contradicted service layer.",Automated risk flag only; user-approved nuance: boondocking/community vagueness and park/campground entrances are not automatic defects.
P1,WI,s814,Saxon Harbor Campground & Marina,Modern Campgrounds,46.5604141,-90.4396747,proxy-feature wording/name (review if used as exact campsite); access wording suggests Boat / Backpack review,"High-priority manual review: possible wrong feature, wrong access type, fake precision, or contradicted service layer.",Automated risk flag only; user-approved nuance: boondocking/community vagueness and park/campground entrances are not automatic defects.
P1,WI,s816,Scenic Ridge Campground,Private Campgrounds,42.755367,-88.69657,proxy-feature wording/name (review if used as exact campsite),"High-priority manual review: possible wrong feature, wrong access type, fake precision, or contradicted service layer.",Automated risk flag only; user-approved nuance: boondocking/community vagueness and park/campground entrances are not automatic defects.
P1,WI,wi-sevenwinds-rv-park-campground,Sevenwinds RV Park & Campground,Private Campgrounds,45.996983,-91.383206,vague/uncertain wording in non-boondocking record,"High-priority manual review: possible wrong feature, wrong access type, fake precision, or contradicted service layer.",Automated risk flag only; user-approved nuance: boondocking/community vagueness and park/campground entrances are not automatic defects.
P1,WI,s832,Shangri-La Campground,Private Campgrounds,43.6743445,-89.8416277,proxy-feature wording/name (review if used as exact campsite),"High-priority manual review: possible wrong feature, wrong access type, fake precision, or contradicted service layer.",Automated risk flag only; user-approved nuance: boondocking/community vagueness and park/campground entrances are not automatic defects.
P1,WI,wi-sherwood-park-campground-v23124,Sherwood Park and Campground,Modern Campgrounds,44.42925,-90.370972,proxy-feature wording/name (review if used as exact campsite); Modern layer conflicts with rustic/no-service wording,"High-priority manual review: possible wrong feature, wrong access type, fake precision, or contradicted service layer.",Automated risk flag only; user-approved nuance: boondocking/community vagueness and park/campground entrances are not automatic defects.
P1,WI,s844,Silver Springs Campground,Private Campgrounds,43.4640885,-89.1736523,proxy-feature wording/name (review if used as exact campsite),"High-priority manual review: possible wrong feature, wrong access type, fake precision, or contradicted service layer.",Automated risk flag only; user-approved nuance: boondocking/community vagueness and park/campground entrances are not automatic defects.
P1,WI,s851,Sleepy Dragon Campground,Private Campgrounds,43.4209381,-89.3069997,proxy-feature wording/name (review if used as exact campsite),"High-priority manual review: possible wrong feature, wrong access type, fake precision, or contradicted service layer.",Automated risk flag only; user-approved nuance: boondocking/community vagueness and park/campground entrances are not automatic defects.
P1,WI,wi-snyder-park-campground-v23124,Snyder Park and Campground,Modern Campgrounds,44.574122,-90.719317,proxy-feature wording/name (review if used as exact campsite),"High-priority manual review: possible wrong feature, wrong access type, fake precision, or contradicted service layer.",Automated risk flag only; user-approved nuance: boondocking/community vagueness and park/campground entrances are not automatic defects.
P1,WI,wi-nhal-rustic-south-trout-lake,South Trout Lake Campground — Northern Highland-American Legion State Forest,Rustic / Primitive,46.022783,-89.654983,proxy-feature wording/name (review if used as exact campsite); access wording suggests Boat / Backpack review,"High-priority manual review: possible wrong feature, wrong access type, fake precision, or contradicted service layer.",Automated risk flag only; user-approved nuance: boondocking/community vagueness and park/campground entrances are not automatic defects.
P1,WI,wi-rest-v60-16-sparta,Sparta Safety Rest Area 16 - I-90 WB,rest-truck rest-area rest areas & roadside stops official wi,43.909972,-90.881,proxy-feature wording/name (review if used as exact campsite),"High-priority manual review: possible wrong feature, wrong access type, fake precision, or contradicted service layer.",Automated risk flag only; user-approved nuance: boondocking/community vagueness and park/campground entrances are not automatic defects.
P1,WI,wi-nhal-rustic-starrett-lake,Starrett Lake Campground — Northern Highland-American Legion State Forest,Rustic / Primitive,46.024,-89.5754,proxy-feature wording/name (review if used as exact campsite); access wording suggests Boat / Backpack review,"High-priority manual review: possible wrong feature, wrong access type, fake precision, or contradicted service layer.",Automated risk flag only; user-approved nuance: boondocking/community vagueness and park/campground entrances are not automatic defects.
P1,WI,wi-cnf-stockfarm-bridge-recreation-area-v23117,Stockfarm Bridge Recreation Area,Rustic / Primitive,46.03833,-90.71505,proxy-feature wording/name (review if used as exact campsite); broad park/forest/lake/river/system name; review as area/rule or component split,"High-priority manual review: possible wrong feature, wrong access type, fake precision, or contradicted service layer.",Automated risk flag only; user-approved nuance: boondocking/community vagueness and park/campground entrances are not automatic defects.
P1,WI,wi-straight-lake-hike-in-campsites,Straight Lake Hike-in Campsites,Boat / Backpack,45.5987,-92.4064,proxy-feature wording/name (review if used as exact campsite); vague/uncertain wording in non-boondocking record,"High-priority manual review: possible wrong feature, wrong access type, fake precision, or contradicted service layer.",Automated risk flag only; user-approved nuance: boondocking/community vagueness and park/campground entrances are not automatic defects.
P1,WI,wi-rest-v60-23-superior,Superior Safety Rest Area 23 - US 2/53 EB,rest-truck rest-area rest areas & roadside stops official wi,46.665389,-91.998583,proxy-feature wording/name (review if used as exact campsite),"High-priority manual review: possible wrong feature, wrong access type, fake precision, or contradicted service layer.",Automated risk flag only; user-approved nuance: boondocking/community vagueness and park/campground entrances are not automatic defects.
P1,WI,wi-rest-v60-64-theresa,Theresa Safety Rest Area 64 - I-41 NB,rest-truck rest-area rest areas & roadside stops official wi,43.557472,-88.427278,proxy-feature wording/name (review if used as exact campsite),"High-priority manual review: possible wrong feature, wrong access type, fake precision, or contradicted service layer.",Automated risk flag only; user-approved nuance: boondocking/community vagueness and park/campground entrances are not automatic defects.
P1,WI,s912,Three Lakes Campground,Private Campgrounds,45.795253,-89.116351,proxy-feature wording/name (review if used as exact campsite),"High-priority manual review: possible wrong feature, wrong access type, fake precision, or contradicted service layer.",Automated risk flag only; user-approved nuance: boondocking/community vagueness and park/campground entrances are not automatic defects.
P1,WI,wi-traveler-tornado-memorial-county-park,Tornado Memorial County Park,rest-truck county-wayside-historic-park rest areas & roadsid,44.78471895622205,-87.49996619847086,proxy-feature wording/name (review if used as exact campsite),"High-priority manual review: possible wrong feature, wrong access type, fake precision, or contradicted service layer.",Automated risk flag only; user-approved nuance: boondocking/community vagueness and park/campground entrances are not automatic defects.
P1,WI,wi-turtle-flambeau-remote-water-access-campsites,Turtle-Flambeau Remote Water-access Campsites — system reference,Boat / Backpack,46.075,-90.2,vague/uncertain wording in non-boondocking record,"High-priority manual review: possible wrong feature, wrong access type, fake precision, or contradicted service layer.",Automated risk flag only; user-approved nuance: boondocking/community vagueness and park/campground entrances are not automatic defects.
P1,WI,wi-turtle-flambeau-r3,Turtle-Flambeau Site R3 — Dam Site,Boat / Backpack,46.0616,-90.219133,proxy-feature wording/name (review if used as exact campsite),"High-priority manual review: possible wrong feature, wrong access type, fake precision, or contradicted service layer.",Automated risk flag only; user-approved nuance: boondocking/community vagueness and park/campground entrances are not automatic defects.
P1,WI,wi-twin-lakes-recreation-area,Twin Lakes Recreation Area,Rustic / Primitive,45.956252,-90.071988,proxy-feature wording/name (review if used as exact campsite); broad park/forest/lake/river/system name; review as area/rule or component split,"High-priority manual review: possible wrong feature, wrong access type, fake precision, or contradicted service layer.",Automated risk flag only; user-approved nuance: boondocking/community vagueness and park/campground entrances are not automatic defects.
P1,WI,s946,Two Lakes Campground,Private Campgrounds,46.2937997,-91.1975306,proxy-feature wording/name (review if used as exact campsite),"High-priority manual review: possible wrong feature, wrong access type, fake precision, or contradicted service layer.",Automated risk flag only; user-approved nuance: boondocking/community vagueness and park/campground entrances are not automatic defects.
P1,WI,wi-cnf-two-lakes-recreation-area-v23117,Two Lakes Recreation Area,Rustic / Primitive,46.29583333,-91.1875,proxy-feature wording/name (review if used as exact campsite); access wording suggests Boat / Backpack review; broad park/forest/lake/river/system name; review as area/rule or component split,"High-priority manual review: possible wrong feature, wrong access type, fake precision, or contradicted service layer.",Automated risk flag only; user-approved nuance: boondocking/community vagueness and park/campground entrances are not automatic defects.
P1,WI,s951,Upson Falls Campground,Rustic / Primitive,46.3708754,-90.4132157,proxy-feature wording/name (review if used as exact campsite),"High-priority manual review: possible wrong feature, wrong access type, fake precision, or contradicted service layer.",Automated risk flag only; user-approved nuance: boondocking/community vagueness and park/campground entrances are not automatic defects.
P1,WI,wi-traveler-wayside-county-park,Wayside County Park / State Highway 16 Wayside Park,rest-truck county-wayside-river-access rest areas & roadside,43.1392,-88.5733,proxy-feature wording/name (review if used as exact campsite); broad park/forest/lake/river/system name; review as area/rule or component split,"High-priority manual review: possible wrong feature, wrong access type, fake precision, or contradicted service layer.",Automated risk flag only; user-approved nuance: boondocking/community vagueness and park/campground entrances are not automatic defects.
P1,WI,wi-wazee-lake-recreation-area-rustic-campsites-v23124,Wazee Lake Recreation Area Rustic Campsites,Rustic / Primitive,44.29379926,-90.728488,proxy-feature wording/name (review if used as exact campsite),"High-priority manual review: possible wrong feature, wrong access type, fake precision, or contradicted service layer.",Automated risk flag only; user-approved nuance: boondocking/community vagueness and park/campground entrances are not automatic defects.
P1,WI,s980,Weber Lake County Park Campground,Modern Campgrounds,46.4084852,-90.3948026,proxy-feature wording/name (review if used as exact campsite),"High-priority manual review: possible wrong feature, wrong access type, fake precision, or contradicted service layer.",Automated risk flag only; user-approved nuance: boondocking/community vagueness and park/campground entrances are not automatic defects.
P1,WI,wi-west-arbutus-county-park-v23124,West Arbutus County Park,Modern Campgrounds,44.41800085,-90.72500027,proxy-feature wording/name (review if used as exact campsite); broad park/forest/lake/river/system name; review as area/rule or component split,"High-priority manual review: possible wrong feature, wrong access type, fake precision, or contradicted service layer.",Automated risk flag only; user-approved nuance: boondocking/community vagueness and park/campground entrances are not automatic defects.
P1,WI,wi-nhal-rustic-west-star-lake,West Star Lake Campground — Northern Highland-American Legion State Forest,Rustic / Primitive,46.033383,-89.437567,proxy-feature wording/name (review if used as exact campsite); access wording suggests Boat / Backpack review,"High-priority manual review: possible wrong feature, wrong access type, fake precision, or contradicted service layer.",Automated risk flag only; user-approved nuance: boondocking/community vagueness and park/campground entrances are not automatic defects.
P1,WI,wi-rest-v60-82-westfield,Westfield Safety Rest Area 82 - I-39 NB,rest-truck rest-area rest areas & roadside stops official wi,43.950444,-89.482944,proxy-feature wording/name (review if used as exact campsite),"High-priority manual review: possible wrong feature, wrong access type, fake precision, or contradicted service layer.",Automated risk flag only; user-approved nuance: boondocking/community vagueness and park/campground entrances are not automatic defects.
P1,WI,wi-whisker-lake-wilderness,Whisker Lake Wilderness,Boat / Backpack,45.9504568,-88.4519984,proxy-feature wording/name (review if used as exact campsite); vague/uncertain wording in non-boondocking record; broad park/forest/lake/river/system name; review as area/rule or component split,"High-priority manual review: possible wrong feature, wrong access type, fake precision, or contradicted service layer.",Automated risk flag only; user-approved nuance: boondocking/community vagueness and park/campground entrances are not automatic defects.
P1,WI,s996,Whitewater Lake Campground — Kettle Moraine State Forest Southern Unit,Rustic / Primitive,42.7816,-88.691,vague/uncertain wording in non-boondocking record; access wording suggests Boat / Backpack review,"High-priority manual review: possible wrong feature, wrong access type, fake precision, or contradicted service layer.",Automated risk flag only; user-approved nuance: boondocking/community vagueness and park/campground entrances are not automatic defects.
P1,WI,wi-wildcat-cart-in-campsites,Wildcat Mountain Cart-in Campsites,Boat / Backpack,43.697627,-90.5741755,proxy-feature wording/name (review if used as exact campsite),"High-priority manual review: possible wrong feature, wrong access type, fake precision, or contradicted service layer.",Automated risk flag only; user-approved nuance: boondocking/community vagueness and park/campground entrances are not automatic defects.
P1,WI,wi-wildcat-horse-campground,Wildcat Mountain Horse Campground,Rustic / Primitive,43.697627,-90.5741755,proxy-feature wording/name (review if used as exact campsite),"High-priority manual review: possible wrong feature, wrong access type, fake precision, or contradicted service layer.",Automated risk flag only; user-approved nuance: boondocking/community vagueness and park/campground entrances are not automatic defects.
P1,WI,s1001,Wilderness Campground,Private Campgrounds,43.6938143,-89.3264385,proxy-feature wording/name (review if used as exact campsite),"High-priority manual review: possible wrong feature, wrong access type, fake precision, or contradicted service layer.",Automated risk flag only; user-approved nuance: boondocking/community vagueness and park/campground entrances are not automatic defects.
P1,WI,wi-willow-flowage-rustic-water-access-campsites,Willow Flowage Rustic Water-access Campsites — system reference,Boat / Backpack,45.72,-89.9,vague/uncertain wording in non-boondocking record,"High-priority manual review: possible wrong feature, wrong access type, fake precision, or contradicted service layer.",Automated risk flag only; user-approved nuance: boondocking/community vagueness and park/campground entrances are not automatic defects.
P1,WI,wi-traveler-willow-dam-road-canoe-landing,Willow Flowage — Willow Dam Road Canoe Landing,Boat / Backpack,45.692833,-89.824167,proxy-feature wording/name (review if used as exact campsite); broad park/forest/lake/river/system name; review as area/rule or component split,"High-priority manual review: possible wrong feature, wrong access type, fake precision, or contradicted service layer.",Automated risk flag only; user-approved nuance: boondocking/community vagueness and park/campground entrances are not automatic defects.
P1,WI,wi-parkride-v61-bellevue-wis172-county-gv,"WisDOT Park & Ride — Bellevue, WIS 172 / County GV",overnight-parking park-and-ride overnight parking official w,44.45291,-87.99858,proxy-feature wording/name (review if used as exact campsite),"High-priority manual review: possible wrong feature, wrong access type, fake precision, or contradicted service layer.",Automated risk flag only; user-approved nuance: boondocking/community vagueness and park/campground entrances are not automatic defects.
P1,WI,wi-parkride-v61-howard-suamico-us41-us141-county-m,"WisDOT Park & Ride — Howard/Suamico, US 41 / US 141 / County M",overnight-parking park-and-ride overnight parking official w,44.59017,-88.04655,proxy-feature wording/name (review if used as exact campsite),"High-priority manual review: possible wrong feature, wrong access type, fake precision, or contradicted service layer.",Automated risk flag only; user-approved nuance: boondocking/community vagueness and park/campground entrances are not automatic defects.
P1,WI,wi-parkride-v61-west-salem-i90-county-c,"WisDOT Park & Ride — West Salem, I-90 / County C",overnight-parking park-and-ride overnight parking official w,43.891,-91.0768,proxy-feature wording/name (review if used as exact campsite),"High-priority manual review: possible wrong feature, wrong access type, fake precision, or contradicted service layer.",Automated risk flag only; user-approved nuance: boondocking/community vagueness and park/campground entrances are not automatic defects.
P1,WY,wy-v23196-reuter-campground,Reuter Campground,Rustic / Primitive,44.4265636,-104.4234662,vague/uncertain wording in non-boondocking record,"High-priority manual review: possible wrong feature, wrong access type, fake precision, or contradicted service layer.",Automated risk flag only; user-approved nuance: boondocking/community vagueness and park/campground entrances are not automatic defects.
P1,WY,wy-v23196-sundance-horse-camp,Sundance Horse Camp,Rustic / Primitive,44.4422247,-104.348498,vague/uncertain wording in non-boondocking record; broad park/forest/lake/river/system name; review as area/rule or component split,"High-priority manual review: possible wrong feature, wrong access type, fake precision, or contradicted service layer.",Automated risk flag only; user-approved nuance: boondocking/community vagueness and park/campground entrances are not automatic defects.
P2,AR,s146,Bull Shoals - White River State Park,Modern Campgrounds,36.3613517,-92.5738512,Modern layer lacks visible modern-service proof in record text; broad park/forest/lake/river/system name; review as area/rule or component split; legacy active row has no visible source URL,Layer/access/service proof audit.,Automated risk flag only; user-approved nuance: boondocking/community vagueness and park/campground entrances are not automatic defects.
P2,AR,s161,Cane Creek State Park,Modern Campgrounds,33.9131924,-91.7632401,Modern layer lacks visible modern-service proof in record text; broad park/forest/lake/river/system name; review as area/rule or component split; legacy active row has no visible source URL,Layer/access/service proof audit.,Automated risk flag only; user-approved nuance: boondocking/community vagueness and park/campground entrances are not automatic defects.
P2,AR,s212,Cossatot River State Park - Natural Area,Modern Campgrounds,34.2938191,-94.1774524,Modern layer lacks visible modern-service proof in record text; broad park/forest/lake/river/system name; review as area/rule or component split; legacy active row has no visible source URL,Layer/access/service proof audit.,Automated risk flag only; user-approved nuance: boondocking/community vagueness and park/campground entrances are not automatic defects.
P2,AR,s221,Crater of Diamonds State Park Campground,Modern Campgrounds,34.029412,-93.6667722,Modern layer lacks visible modern-service proof in record text; legacy active row has no visible source URL,Layer/access/service proof audit.,Automated risk flag only; user-approved nuance: boondocking/community vagueness and park/campground entrances are not automatic defects.
P2,AR,s226,Crowley's Ridge State Park,Modern Campgrounds,36.043365,-90.6639634,Modern layer lacks visible modern-service proof in record text; broad park/forest/lake/river/system name; review as area/rule or component split; legacy active row has no visible source URL,Layer/access/service proof audit.,Automated risk flag only; user-approved nuance: boondocking/community vagueness and park/campground entrances are not automatic defects.
P2,AR,s232,Daisy State Park,Modern Campgrounds,34.2336662,-93.740456,Modern layer lacks visible modern-service proof in record text; broad park/forest/lake/river/system name; review as area/rule or component split; legacy active row has no visible source URL,Layer/access/service proof audit.,Automated risk flag only; user-approved nuance: boondocking/community vagueness and park/campground entrances are not automatic defects.
P2,AR,s233,Davidsonville Historic State Park,Modern Campgrounds,36.1562606,-91.0561683,Modern layer lacks visible modern-service proof in record text; broad park/forest/lake/river/system name; review as area/rule or component split; legacy active row has no visible source URL,Layer/access/service proof audit.,Automated risk flag only; user-approved nuance: boondocking/community vagueness and park/campground entrances are not automatic defects.
P2,AR,s238,DeGray Lake State Park Resort,Modern Campgrounds,34.2456659,-93.1481097,Modern layer lacks visible modern-service proof in record text; broad park/forest/lake/river/system name; review as area/rule or component split; legacy active row has no visible source URL,Layer/access/service proof audit.,Automated risk flag only; user-approved nuance: boondocking/community vagueness and park/campground entrances are not automatic defects.
P2,AR,s240,Delta Heritage Trail State Park,Modern Campgrounds,34.5542013,-90.7586163,Modern layer lacks visible modern-service proof in record text; broad park/forest/lake/river/system name; review as area/rule or component split; legacy active row has no visible source URL,Layer/access/service proof audit.,Automated risk flag only; user-approved nuance: boondocking/community vagueness and park/campground entrances are not automatic defects.
P2,AR,s245,Devil's Den State Park,Modern Campgrounds,35.7819774,-94.2526856,Modern layer lacks visible modern-service proof in record text; broad park/forest/lake/river/system name; review as area/rule or component split; legacy active row has no visible source URL,Layer/access/service proof audit.,Automated risk flag only; user-approved nuance: boondocking/community vagueness and park/campground entrances are not automatic defects.
P2,AR,s396,Hobbs State Park-Conservation Area,Modern Campgrounds,36.285926,-93.939028,Modern layer lacks visible modern-service proof in record text; broad park/forest/lake/river/system name; review as area/rule or component split; legacy active row has no visible source URL,Layer/access/service proof audit.,Automated risk flag only; user-approved nuance: boondocking/community vagueness and park/campground entrances are not automatic defects.
P2,AR,s441,Jacksonport State Park,Modern Campgrounds,35.6393348,-91.3116552,Modern layer lacks visible modern-service proof in record text; broad park/forest/lake/river/system name; review as area/rule or component split; legacy active row has no visible source URL,Layer/access/service proof audit.,Automated risk flag only; user-approved nuance: boondocking/community vagueness and park/campground entrances are not automatic defects.
P2,AR,s488,Lake Catherine State Park,Modern Campgrounds,34.4287378,-92.9226486,Modern layer lacks visible modern-service proof in record text; broad park/forest/lake/river/system name; review as area/rule or component split; legacy active row has no visible source URL,Layer/access/service proof audit.,Automated risk flag only; user-approved nuance: boondocking/community vagueness and park/campground entrances are not automatic defects.
P2,AR,s489,Lake Charles State Park,Modern Campgrounds,36.0655624,-91.1528536,Modern layer lacks visible modern-service proof in record text; broad park/forest/lake/river/system name; review as area/rule or component split; legacy active row has no visible source URL,Layer/access/service proof audit.,Automated risk flag only; user-approved nuance: boondocking/community vagueness and park/campground entrances are not automatic defects.
P2,AR,s490,Lake Chicot State Park,Modern Campgrounds,33.3719416,-91.1957801,Modern layer lacks visible modern-service proof in record text; broad park/forest/lake/river/system name; review as area/rule or component split; legacy active row has no visible source URL,Layer/access/service proof audit.,Automated risk flag only; user-approved nuance: boondocking/community vagueness and park/campground entrances are not automatic defects.
P2,AR,s491,Lake Dardanelle State Park,Modern Campgrounds,35.2829931,-93.2029827,Modern layer lacks visible modern-service proof in record text; broad park/forest/lake/river/system name; review as area/rule or component split; legacy active row has no visible source URL,Layer/access/service proof audit.,Automated risk flag only; user-approved nuance: boondocking/community vagueness and park/campground entrances are not automatic defects.
P2,AR,s494,Lake Fort Smith State Park,Modern Campgrounds,35.6959506,-94.1188313,Modern layer lacks visible modern-service proof in record text; broad park/forest/lake/river/system name; review as area/rule or component split; legacy active row has no visible source URL,Layer/access/service proof audit.,Automated risk flag only; user-approved nuance: boondocking/community vagueness and park/campground entrances are not automatic defects.
P2,AR,s495,Lake Frierson State Park,Modern Campgrounds,35.97294,-90.7172548,Modern layer lacks visible modern-service proof in record text; broad park/forest/lake/river/system name; review as area/rule or component split; legacy active row has no visible source URL,Layer/access/service proof audit.,Automated risk flag only; user-approved nuance: boondocking/community vagueness and park/campground entrances are not automatic defects.
P2,AR,s516,Lake Ouachita State Park,Modern Campgrounds,34.618696,-93.1772925,Modern layer lacks visible modern-service proof in record text; broad park/forest/lake/river/system name; review as area/rule or component split; legacy active row has no visible source URL,Layer/access/service proof audit.,Automated risk flag only; user-approved nuance: boondocking/community vagueness and park/campground entrances are not automatic defects.
P2,AR,s517,Lake Poinsett State Park,Modern Campgrounds,35.5320255,-90.6846177,Modern layer lacks visible modern-service proof in record text; broad park/forest/lake/river/system name; review as area/rule or component split; legacy active row has no visible source URL,Layer/access/service proof audit.,Automated risk flag only; user-approved nuance: boondocking/community vagueness and park/campground entrances are not automatic defects.
P2,AR,s522,Lake Sylvia Recreational Area,Modern Campgrounds,34.8822767,-92.8101866,Modern layer lacks visible modern-service proof in record text; broad park/forest/lake/river/system name; review as area/rule or component split; legacy active row has no visible source URL,Layer/access/service proof audit.,Automated risk flag only; user-approved nuance: boondocking/community vagueness and park/campground entrances are not automatic defects.
P2,AR,s618,Moro Bay State Park,Modern Campgrounds,33.3007433,-92.3496204,Modern layer lacks visible modern-service proof in record text; broad park/forest/lake/river/system name; review as area/rule or component split; legacy active row has no visible source URL,Layer/access/service proof audit.,Automated risk flag only; user-approved nuance: boondocking/community vagueness and park/campground entrances are not automatic defects.
P2,AR,s620,Mount Magazine State Park,Modern Campgrounds,35.1686949,-93.6260549,Modern layer lacks visible modern-service proof in record text; broad park/forest/lake/river/system name; review as area/rule or component split; legacy active row has no visible source URL,Layer/access/service proof audit.,Automated risk flag only; user-approved nuance: boondocking/community vagueness and park/campground entrances are not automatic defects.
P2,AR,s691,Petit Jean State Park,Modern Campgrounds,35.1242439,-92.9234759,Modern layer lacks visible modern-service proof in record text; broad park/forest/lake/river/system name; review as area/rule or component split; legacy active row has no visible source URL,Layer/access/service proof audit.,Automated risk flag only; user-approved nuance: boondocking/community vagueness and park/campground entrances are not automatic defects.
P2,AR,s757,Queen Wilhelmina State Park,Modern Campgrounds,34.6858036,-94.3715585,Modern layer lacks visible modern-service proof in record text; broad park/forest/lake/river/system name; review as area/rule or component split; legacy active row has no visible source URL,Layer/access/service proof audit.,Automated risk flag only; user-approved nuance: boondocking/community vagueness and park/campground entrances are not automatic defects.
P2,AR,s962,Village Creek State Park,Modern Campgrounds,35.1578246,-90.7057861,Modern layer lacks visible modern-service proof in record text; broad park/forest/lake/river/system name; review as area/rule or component split; legacy active row has no visible source URL,Layer/access/service proof audit.,Automated risk flag only; user-approved nuance: boondocking/community vagueness and park/campground entrances are not automatic defects.
P2,AR,s1017,Withrow Springs State Park Campground,Modern Campgrounds,36.1637624,-93.7208983,Modern layer lacks visible modern-service proof in record text; legacy active row has no visible source URL,Layer/access/service proof audit.,Automated risk flag only; user-approved nuance: boondocking/community vagueness and park/campground entrances are not automatic defects.
P2,AR,s1022,Woolly Hollow State Park,Modern Campgrounds,35.2887434,-92.2869995,Modern layer lacks visible modern-service proof in record text; broad park/forest/lake/river/system name; review as area/rule or component split; legacy active row has no visible source URL,Layer/access/service proof audit.,Automated risk flag only; user-approved nuance: boondocking/community vagueness and park/campground entrances are not automatic defects.
P2,AZ,s213,Cottonwood Campground,Modern Campgrounds,36.1704765,-112.0404999,Modern layer lacks visible modern-service proof in record text; legacy active row has no visible source URL,Layer/access/service proof audit.,Automated risk flag only; user-approved nuance: boondocking/community vagueness and park/campground entrances are not automatic defects.
P2,AZ,s241,Demotte Campground,Modern Campgrounds,36.4113774,-112.1354448,Modern layer lacks visible modern-service proof in record text; legacy active row has no visible source URL,Layer/access/service proof audit.,Automated risk flag only; user-approved nuance: boondocking/community vagueness and park/campground entrances are not automatic defects.
P2,AZ,s419,Indian Hollow Campground,Modern Campgrounds,36.4621865,-112.4842286,Modern layer lacks visible modern-service proof in record text; legacy active row has no visible source URL,Layer/access/service proof audit.,Automated risk flag only; user-approved nuance: boondocking/community vagueness and park/campground entrances are not automatic defects.
P2,AZ,s531,Lees Ferry Campground,Modern Campgrounds,36.8593798,-111.6062933,Modern layer lacks visible modern-service proof in record text,Layer/access/service proof audit.,Automated risk flag only; user-approved nuance: boondocking/community vagueness and park/campground entrances are not automatic defects.
P2,AZ,s647,North Rim Campground,Modern Campgrounds,36.2087764,-112.0601694,Modern layer lacks visible modern-service proof in record text; legacy active row has no visible source URL,Layer/access/service proof audit.,Automated risk flag only; user-approved nuance: boondocking/community vagueness and park/campground entrances are not automatic defects.
P2,AZ,s756,Quartzsite AZ long-term BLM lands,Modern Campgrounds,33.6772732,-114.2441156,Modern layer lacks visible modern-service proof in record text,Layer/access/service proof audit.,Automated risk flag only; user-approved nuance: boondocking/community vagueness and park/campground entrances are not automatic defects.
P2,CA,s487,Lake Casitas Recreation Area,Modern Campgrounds,34.416474,-119.3380136,Modern layer lacks visible modern-service proof in record text; broad park/forest/lake/river/system name; review as area/rule or component split; legacy active row has no visible source URL,Layer/access/service proof audit.,Automated risk flag only; user-approved nuance: boondocking/community vagueness and park/campground entrances are not automatic defects.
P2,CA,s773,Rincon Parkway Campground,Modern Campgrounds,34.3218773,-119.3933227,Modern layer lacks visible modern-service proof in record text; legacy active row has no visible source URL,Layer/access/service proof audit.,Automated risk flag only; user-approved nuance: boondocking/community vagueness and park/campground entrances are not automatic defects.
P2,CA,s779,Rivernook Campground,Modern Campgrounds,35.76355,-118.423435,Modern layer lacks visible modern-service proof in record text; legacy active row has no visible source URL,Layer/access/service proof audit.,Automated risk flag only; user-approved nuance: boondocking/community vagueness and park/campground entrances are not automatic defects.
P2,CA,s796,Sabrina Campground,Modern Campgrounds,37.2181114,-118.6068661,Modern layer lacks visible modern-service proof in record text; legacy active row has no visible source URL,Layer/access/service proof audit.,Automated risk flag only; user-approved nuance: boondocking/community vagueness and park/campground entrances are not automatic defects.
P2,CO,s112,BLM Office,Modern Campgrounds,39.7158737,-105.1116314,Modern layer lacks visible modern-service proof in record text,Layer/access/service proof audit.,Automated risk flag only; user-approved nuance: boondocking/community vagueness and park/campground entrances are not automatic defects.
P2,CO,s121,Boondockers Welcome . com,Modern Campgrounds,38.4720114,-102.1374133,Modern layer lacks visible modern-service proof in record text,Layer/access/service proof audit.,Automated risk flag only; user-approved nuance: boondocking/community vagueness and park/campground entrances are not automatic defects.
P2,CO,s203,Colorado Parks & Wildlife,Modern Campgrounds,39.5965742,-105.5233878,Modern layer lacks visible modern-service proof in record text,Layer/access/service proof audit.,Automated risk flag only; user-approved nuance: boondocking/community vagueness and park/campground entrances are not automatic defects.
P2,CO,s204,Colorado travel information,Modern Campgrounds,39.4330976,-105.7156485,Modern layer lacks visible modern-service proof in record text,Layer/access/service proof audit.,Automated risk flag only; user-approved nuance: boondocking/community vagueness and park/campground entrances are not automatic defects.
P2,CO,s323,FS.USDA.GOV,Modern Campgrounds,37.1973877,-102.1337108,Modern layer lacks visible modern-service proof in record text,Layer/access/service proof audit.,Automated risk flag only; user-approved nuance: boondocking/community vagueness and park/campground entrances are not automatic defects.
P2,CO,s449,John Martin Reservoir State Park,Modern Campgrounds,38.0838111,-102.953023,Modern layer lacks visible modern-service proof in record text; broad park/forest/lake/river/system name; review as area/rule or component split; legacy active row has no visible source URL,Layer/access/service proof audit.,Automated risk flag only; user-approved nuance: boondocking/community vagueness and park/campground entrances are not automatic defects.
P2,CO,s518,Lake Pueblo State Park,Modern Campgrounds,38.2603555,-104.7524693,Modern layer lacks visible modern-service proof in record text; broad park/forest/lake/river/system name; review as area/rule or component split; legacy active row has no visible source URL,Layer/access/service proof audit.,Automated risk flag only; user-approved nuance: boondocking/community vagueness and park/campground entrances are not automatic defects.
P2,CO,s711,Pingree Park,Modern Campgrounds,40.5610936,-105.5977777,Modern layer lacks visible modern-service proof in record text; legacy active row has no visible source URL,Layer/access/service proof audit.,Automated risk flag only; user-approved nuance: boondocking/community vagueness and park/campground entrances are not automatic defects.
P2,CO,s954,US National Forest Campground Guide,Modern Campgrounds,38.0673956,-102.0776331,Modern layer lacks visible modern-service proof in record text,Layer/access/service proof audit.,Automated risk flag only; user-approved nuance: boondocking/community vagueness and park/campground entrances are not automatic defects.
P2,CO,s414,https://publiclands.org/,Modern Campgrounds,37.6019401,-102.1578632,Modern layer lacks visible modern-service proof in record text,Layer/access/service proof audit.,Automated risk flag only; user-approved nuance: boondocking/community vagueness and park/campground entrances are not automatic defects.
P2,IA,s136,Brinton Timbers Park,Modern Campgrounds,41.2269378,-91.862321,Modern layer lacks visible modern-service proof in record text; legacy active row has no visible source URL,Layer/access/service proof audit.,Automated risk flag only; user-approved nuance: boondocking/community vagueness and park/campground entrances are not automatic defects.
P2,IA,s262,Dutton Cave Co Park,Modern Campgrounds,42.9967735,-91.7678784,Modern layer lacks visible modern-service proof in record text; legacy active row has no visible source URL,Layer/access/service proof audit.,Automated risk flag only; user-approved nuance: boondocking/community vagueness and park/campground entrances are not automatic defects.
P2,IA,s275,Elk Rock State Park,Modern Campgrounds,41.4005074,-93.0630928,Modern layer lacks visible modern-service proof in record text; broad park/forest/lake/river/system name; review as area/rule or component split; legacy active row has no visible source URL,Layer/access/service proof audit.,Automated risk flag only; user-approved nuance: boondocking/community vagueness and park/campground entrances are not automatic defects.
P2,IA,s286,F.W. Kent Park,Modern Campgrounds,41.7288531,-91.7273776,Modern layer lacks visible modern-service proof in record text; legacy active row has no visible source URL,Layer/access/service proof audit.,Automated risk flag only; user-approved nuance: boondocking/community vagueness and park/campground entrances are not automatic defects.
P2,IA,s320,Frenchtown County Park & Primative Campground,Modern Campgrounds,42.8448709,-91.1077445,Modern layer lacks visible modern-service proof in record text; access wording suggests Boat / Backpack review; legacy active row has no visible source URL,Layer/access/service proof audit.,Automated risk flag only; user-approved nuance: boondocking/community vagueness and park/campground entrances are not automatic defects.
P2,IA,s331,George Wyth State Park,Modern Campgrounds,42.5344728,-92.4097303,Modern layer lacks visible modern-service proof in record text; broad park/forest/lake/river/system name; review as area/rule or component split; legacy active row has no visible source URL,Layer/access/service proof audit.,Automated risk flag only; user-approved nuance: boondocking/community vagueness and park/campground entrances are not automatic defects.
P2,IA,s386,Hickory Hills Park,Modern Campgrounds,42.2699168,-92.3122217,Modern layer lacks visible modern-service proof in record text; legacy active row has no visible source URL,Layer/access/service proof audit.,Automated risk flag only; user-approved nuance: boondocking/community vagueness and park/campground entrances are not automatic defects.
P2,IA,s499,Lake Iowa Park (Iowa County Conservation),Modern Campgrounds,41.6356716,-92.1808706,Modern layer lacks visible modern-service proof in record text; broad park/forest/lake/river/system name; review as area/rule or component split; legacy active row has no visible source URL,Layer/access/service proof audit.,Automated risk flag only; user-approved nuance: boondocking/community vagueness and park/campground entrances are not automatic defects.
P2,IA,s505,Lake Macbride State Park,Modern Campgrounds,41.798376,-91.5583186,Modern layer lacks visible modern-service proof in record text; broad park/forest/lake/river/system name; review as area/rule or component split; legacy active row has no visible source URL,Layer/access/service proof audit.,Automated risk flag only; user-approved nuance: boondocking/community vagueness and park/campground entrances are not automatic defects.
P2,IA,s555,Loess Hills State Forest (Pisgah Unit),Modern Campgrounds,41.8066222,-95.9112718,Modern layer lacks visible modern-service proof in record text; broad park/forest/lake/river/system name; review as area/rule or component split; legacy active row has no visible source URL,Layer/access/service proof audit.,Automated risk flag only; user-approved nuance: boondocking/community vagueness and park/campground entrances are not automatic defects.
P2,IA,s660,Old Town Park,Modern Campgrounds,41.196938,-95.4485569,Modern layer lacks visible modern-service proof in record text; legacy active row has no visible source URL,Layer/access/service proof audit.,Automated risk flag only; user-approved nuance: boondocking/community vagueness and park/campground entrances are not automatic defects.
P2,IA,s676,Palisades-Kepler State Park,Modern Campgrounds,41.9110261,-91.5024973,Modern layer lacks visible modern-service proof in record text; broad park/forest/lake/river/system name; review as area/rule or component split; legacy active row has no visible source URL,Layer/access/service proof audit.,Automated risk flag only; user-approved nuance: boondocking/community vagueness and park/campground entrances are not automatic defects.
P2,IA,s938,Troy Mills Wapsie Access County Park,Modern Campgrounds,42.3200335,-91.7240776,Modern layer lacks visible modern-service proof in record text; broad park/forest/lake/river/system name; review as area/rule or component split; legacy active row has no visible source URL,Layer/access/service proof audit.,Automated risk flag only; user-approved nuance: boondocking/community vagueness and park/campground entrances are not automatic defects.
P2,IA,s988,West Overlook Campground,Modern Campgrounds,41.7262597,-91.536137,Modern layer lacks visible modern-service proof in record text; legacy active row has no visible source URL,Layer/access/service proof audit.,Automated risk flag only; user-approved nuance: boondocking/community vagueness and park/campground entrances are not automatic defects.
P2,IL,s27,Argyle Lake State Park Campground,Modern Campgrounds,40.4529803,-90.7967883,Modern layer lacks visible modern-service proof in record text; legacy active row has no visible source URL,Layer/access/service proof audit.,Automated risk flag only; user-approved nuance: boondocking/community vagueness and park/campground entrances are not automatic defects.
P2,IL,s58,Beall Woods State Park,Modern Campgrounds,38.3478709,-87.8358306,Modern layer lacks visible modern-service proof in record text; broad park/forest/lake/river/system name; review as area/rule or component split,Layer/access/service proof audit.,Automated risk flag only; user-approved nuance: boondocking/community vagueness and park/campground entrances are not automatic defects.
P2,IL,s145,Buffalo Rock State Park,Modern Campgrounds,41.3297363,-88.9127853,Modern layer lacks visible modern-service proof in record text; broad park/forest/lake/river/system name; review as area/rule or component split; legacy active row has no visible source URL,Layer/access/service proof audit.,Automated risk flag only; user-approved nuance: boondocking/community vagueness and park/campground entrances are not automatic defects.
P2,IL,s178,Cedar Ridge Family Campground,Modern Campgrounds,41.994938,-89.4757675,Modern layer lacks visible modern-service proof in record text; legacy active row has no visible source URL,Layer/access/service proof audit.,Automated risk flag only; user-approved nuance: boondocking/community vagueness and park/campground entrances are not automatic defects.
P2,IL,s182,Chain O'Lakes State Park,Modern Campgrounds,42.457506,-88.1892861,Modern layer lacks visible modern-service proof in record text; broad park/forest/lake/river/system name; review as area/rule or component split; legacy active row has no visible source URL,Layer/access/service proof audit.,Automated risk flag only; user-approved nuance: boondocking/community vagueness and park/campground entrances are not automatic defects.
P2,IL,s200,Clinton Lake State Recreation Area,Modern Campgrounds,40.1620101,-88.7902709,Modern layer lacks visible modern-service proof in record text; broad park/forest/lake/river/system name; review as area/rule or component split; legacy active row has no visible source URL,Layer/access/service proof audit.,Automated risk flag only; user-approved nuance: boondocking/community vagueness and park/campground entrances are not automatic defects.
P2,IL,s206,Community Park,Modern Campgrounds,39.4661414,-90.3639495,Modern layer lacks visible modern-service proof in record text; legacy active row has no visible source URL,Layer/access/service proof audit.,Automated risk flag only; user-approved nuance: boondocking/community vagueness and park/campground entrances are not automatic defects.
P2,IL,s237,Deer Run Campground,Modern Campgrounds,39.6497207,-89.4688442,Modern layer lacks visible modern-service proof in record text; legacy active row has no visible source URL,Layer/access/service proof audit.,Automated risk flag only; user-approved nuance: boondocking/community vagueness and park/campground entrances are not automatic defects.
P2,IL,s253,Dixon Springs State Park Campground,Modern Campgrounds,37.3833692,-88.6662623,Modern layer lacks visible modern-service proof in record text; legacy active row has no visible source URL,Layer/access/service proof audit.,Automated risk flag only; user-approved nuance: boondocking/community vagueness and park/campground entrances are not automatic defects.
P2,IL,s261,Dutchman Lake,Modern Campgrounds,37.4900091,-88.9125775,Modern layer lacks visible modern-service proof in record text; broad park/forest/lake/river/system name; review as area/rule or component split; legacy active row has no visible source URL,Layer/access/service proof audit.,Automated risk flag only; user-approved nuance: boondocking/community vagueness and park/campground entrances are not automatic defects.
P2,IL,s264,Eagle Creek State Recreation Area,Modern Campgrounds,39.4980096,-88.7083003,Modern layer lacks visible modern-service proof in record text; legacy active row has no visible source URL,Layer/access/service proof audit.,Automated risk flag only; user-approved nuance: boondocking/community vagueness and park/campground entrances are not automatic defects.
P2,IL,s273,Eldon Hazlet State Park,Modern Campgrounds,38.6570544,-89.3237829,Modern layer lacks visible modern-service proof in record text; broad park/forest/lake/river/system name; review as area/rule or component split; legacy active row has no visible source URL,Layer/access/service proof audit.,Automated risk flag only; user-approved nuance: boondocking/community vagueness and park/campground entrances are not automatic defects.
P2,IL,s291,Ferne Clyffe State Park,Modern Campgrounds,37.5336364,-88.9812698,Modern layer lacks visible modern-service proof in record text; broad park/forest/lake/river/system name; review as area/rule or component split; legacy active row has no visible source URL,Layer/access/service proof audit.,Automated risk flag only; user-approved nuance: boondocking/community vagueness and park/campground entrances are not automatic defects.
P2,IL,s308,Fort Kaskaskia Campground,Modern Campgrounds,37.9713299,-89.9113731,Modern layer lacks visible modern-service proof in record text,Layer/access/service proof audit.,Automated risk flag only; user-approved nuance: boondocking/community vagueness and park/campground entrances are not automatic defects.
P2,IL,s326,Garden of the Gods Recreational Area,Modern Campgrounds,37.59202,-88.3998047,Modern layer lacks visible modern-service proof in record text; legacy active row has no visible source URL,Layer/access/service proof audit.,Automated risk flag only; user-approved nuance: boondocking/community vagueness and park/campground entrances are not automatic defects.
P2,IL,s388,Hickory Point Campground,Modern Campgrounds,39.6416224,-89.4599707,Modern layer lacks visible modern-service proof in record text; legacy active row has no visible source URL,Layer/access/service proof audit.,Automated risk flag only; user-approved nuance: boondocking/community vagueness and park/campground entrances are not automatic defects.
P2,IL,s408,Horseshoe Lake State Fish and Wildlife Area Campground,Modern Campgrounds,37.1254784,-89.3171612,Modern layer lacks visible modern-service proof in record text,Layer/access/service proof audit.,Automated risk flag only; user-approved nuance: boondocking/community vagueness and park/campground entrances are not automatic defects.
P2,IL,s407,Horseshoe Lake State Park,Modern Campgrounds,38.6978414,-90.0668147,Modern layer lacks visible modern-service proof in record text; broad park/forest/lake/river/system name; review as area/rule or component split; legacy active row has no visible source URL,Layer/access/service proof audit.,Automated risk flag only; user-approved nuance: boondocking/community vagueness and park/campground entrances are not automatic defects.
P2,IL,s417,Illini Campground,Modern Campgrounds,38.6533816,-89.3295213,Modern layer lacks visible modern-service proof in record text; legacy active row has no visible source URL,Layer/access/service proof audit.,Automated risk flag only; user-approved nuance: boondocking/community vagueness and park/campground entrances are not automatic defects.
P2,IL,s418,Indian Grove Campground,Modern Campgrounds,39.0577686,-89.4164469,Modern layer lacks visible modern-service proof in record text; legacy active row has no visible source URL,Layer/access/service proof audit.,Automated risk flag only; user-approved nuance: boondocking/community vagueness and park/campground entrances are not automatic defects.
P2,IL,s452,Johnson Sauk Trail State Recreation Area,Modern Campgrounds,41.3259651,-89.8926065,Modern layer lacks visible modern-service proof in record text; legacy active row has no visible source URL,Layer/access/service proof audit.,Automated risk flag only; user-approved nuance: boondocking/community vagueness and park/campground entrances are not automatic defects.
P2,IL,s454,Jubilee College Campground,Modern Campgrounds,40.8220737,-89.8122662,Modern layer lacks visible modern-service proof in record text; legacy active row has no visible source URL,Layer/access/service proof audit.,Automated risk flag only; user-approved nuance: boondocking/community vagueness and park/campground entrances are not automatic defects.
P2,IL,s456,Kampsville,Modern Campgrounds,39.2978255,-90.6090117,Modern layer lacks visible modern-service proof in record text; broad park/forest/lake/river/system name; review as area/rule or component split; legacy active row has no visible source URL,Layer/access/service proof audit.,Automated risk flag only; user-approved nuance: boondocking/community vagueness and park/campground entrances are not automatic defects.
P2,IL,s457,Kankakee River State Park,Modern Campgrounds,41.2080294,-88.0132466,Modern layer lacks visible modern-service proof in record text; broad park/forest/lake/river/system name; review as area/rule or component split; legacy active row has no visible source URL,Layer/access/service proof audit.,Automated risk flag only; user-approved nuance: boondocking/community vagueness and park/campground entrances are not automatic defects.
P2,IL,s458,Kaskaskia River Campground,Modern Campgrounds,39.4052483,-88.7842275,Modern layer lacks visible modern-service proof in record text; legacy active row has no visible source URL,Layer/access/service proof audit.,Automated risk flag only; user-approved nuance: boondocking/community vagueness and park/campground entrances are not automatic defects.
P2,IL,s464,Kickapoo State Recreation Area,Modern Campgrounds,40.1418803,-87.7382467,Modern layer lacks visible modern-service proof in record text; legacy active row has no visible source URL,Layer/access/service proof audit.,Automated risk flag only; user-approved nuance: boondocking/community vagueness and park/campground entrances are not automatic defects.
P2,IL,s501,Lake Le-Aqua-Na State Park,Modern Campgrounds,42.4203469,-89.8356553,Modern layer lacks visible modern-service proof in record text; broad park/forest/lake/river/system name; review as area/rule or component split; legacy active row has no visible source URL,Layer/access/service proof audit.,Automated risk flag only; user-approved nuance: boondocking/community vagueness and park/campground entrances are not automatic defects.
P2,IL,s511,Lake Murphysboro State Park,Modern Campgrounds,37.7756289,-89.3787145,Modern layer lacks visible modern-service proof in record text; broad park/forest/lake/river/system name; review as area/rule or component split; legacy active row has no visible source URL,Layer/access/service proof audit.,Automated risk flag only; user-approved nuance: boondocking/community vagueness and park/campground entrances are not automatic defects.
P2,IL,s536,Lincoln Trail State Park,Modern Campgrounds,39.3467073,-87.7035584,Modern layer lacks visible modern-service proof in record text; broad park/forest/lake/river/system name; review as area/rule or component split,Layer/access/service proof audit.,Automated risk flag only; user-approved nuance: boondocking/community vagueness and park/campground entrances are not automatic defects.
P2,IL,s537,Lincoln's New Salem State Historic Site,Modern Campgrounds,39.9786614,-89.8470688,Modern layer lacks visible modern-service proof in record text,Layer/access/service proof audit.,Automated risk flag only; user-approved nuance: boondocking/community vagueness and park/campground entrances are not automatic defects.
P2,IL,s567,Lowden State Park Campground,Modern Campgrounds,42.0334931,-89.3277752,Modern layer lacks visible modern-service proof in record text; legacy active row has no visible source URL,Layer/access/service proof audit.,Automated risk flag only; user-approved nuance: boondocking/community vagueness and park/campground entrances are not automatic defects.
P2,IL,s589,Marshall State Fish and Wildlife Area,Modern Campgrounds,40.9544376,-89.4287669,Modern layer lacks visible modern-service proof in record text; broad park/forest/lake/river/system name; review as area/rule or component split,Layer/access/service proof audit.,Automated risk flag only; user-approved nuance: boondocking/community vagueness and park/campground entrances are not automatic defects.
P2,IL,s608,Middle Fork State Fish and Wildlife Area,Modern Campgrounds,40.1970333,-87.7424393,Modern layer lacks visible modern-service proof in record text; broad park/forest/lake/river/system name; review as area/rule or component split; legacy active row has no visible source URL,Layer/access/service proof audit.,Automated risk flag only; user-approved nuance: boondocking/community vagueness and park/campground entrances are not automatic defects.
P2,IL,s614,Mississippi Palisades State Park Campground,Modern Campgrounds,42.1443384,-90.1685698,Modern layer lacks visible modern-service proof in record text; legacy active row has no visible source URL,Layer/access/service proof audit.,Automated risk flag only; user-approved nuance: boondocking/community vagueness and park/campground entrances are not automatic defects.
P2,IL,s617,Moraine View State Park,Modern Campgrounds,40.4132849,-88.7267973,Modern layer lacks visible modern-service proof in record text; broad park/forest/lake/river/system name; review as area/rule or component split; legacy active row has no visible source URL,Layer/access/service proof audit.,Automated risk flag only; user-approved nuance: boondocking/community vagueness and park/campground entrances are not automatic defects.
P2,IL,s619,Morrison-Rockwood State Park Campground,Modern Campgrounds,41.8527112,-89.9660299,Modern layer lacks visible modern-service proof in record text; legacy active row has no visible source URL,Layer/access/service proof audit.,Automated risk flag only; user-approved nuance: boondocking/community vagueness and park/campground entrances are not automatic defects.
P2,IL,s636,Nauvoo State Park,Modern Campgrounds,40.5444762,-91.3851064,Modern layer lacks visible modern-service proof in record text; broad park/forest/lake/river/system name; review as area/rule or component split; legacy active row has no visible source URL,Layer/access/service proof audit.,Automated risk flag only; user-approved nuance: boondocking/community vagueness and park/campground entrances are not automatic defects.
P2,IL,s642,North Campground,Modern Campgrounds,40.1981008,-90.2023428,Modern layer lacks visible modern-service proof in record text; legacy active row has no visible source URL,Layer/access/service proof audit.,Automated risk flag only; user-approved nuance: boondocking/community vagueness and park/campground entrances are not automatic defects.
P2,IL,s652,Oak Campground,Modern Campgrounds,40.4057003,-89.8640992,Modern layer lacks visible modern-service proof in record text; legacy active row has no visible source URL,Layer/access/service proof audit.,Automated risk flag only; user-approved nuance: boondocking/community vagueness and park/campground entrances are not automatic defects.
P2,IL,s686,Pere Marquette State Park,Modern Campgrounds,38.9727078,-90.5424312,Modern layer lacks visible modern-service proof in record text; broad park/forest/lake/river/system name; review as area/rule or component split,Layer/access/service proof audit.,Automated risk flag only; user-approved nuance: boondocking/community vagueness and park/campground entrances are not automatic defects.
P2,IL,s700,Pine Campground,Modern Campgrounds,40.3900409,-89.866501,Modern layer lacks visible modern-service proof in record text; legacy active row has no visible source URL,Layer/access/service proof audit.,Automated risk flag only; user-approved nuance: boondocking/community vagueness and park/campground entrances are not automatic defects.
P2,IL,s743,Possum Creek Campground,Modern Campgrounds,39.3161512,-88.6908937,Modern layer lacks visible modern-service proof in record text; legacy active row has no visible source URL,Layer/access/service proof audit.,Automated risk flag only; user-approved nuance: boondocking/community vagueness and park/campground entrances are not automatic defects.
P2,IL,s755,Pyramid State Recreation Area,Rustic / Primitive,38.0342411,-89.4040385,access wording suggests Boat / Backpack review,Layer/access/service proof audit.,Automated risk flag only; user-approved nuance: boondocking/community vagueness and park/campground entrances are not automatic defects.
P2,IL,s761,Ramsey Lake State Recreation Area,Modern Campgrounds,39.1644478,-89.1321396,Modern layer lacks visible modern-service proof in record text; broad park/forest/lake/river/system name; review as area/rule or component split; legacy active row has no visible source URL,Layer/access/service proof audit.,Automated risk flag only; user-approved nuance: boondocking/community vagueness and park/campground entrances are not automatic defects.
P2,IL,s765,Red Hills State Park,Modern Campgrounds,38.7182912,-87.8390153,Modern layer lacks visible modern-service proof in record text; broad park/forest/lake/river/system name; review as area/rule or component split; legacy active row has no visible source URL,Layer/access/service proof audit.,Automated risk flag only; user-approved nuance: boondocking/community vagueness and park/campground entrances are not automatic defects.
P2,IL,s769,Rice Lake State Fish and Wildlife Area,Modern Campgrounds,40.4768439,-89.9482364,Modern layer lacks visible modern-service proof in record text; broad park/forest/lake/river/system name; review as area/rule or component split; legacy active row has no visible source URL,Layer/access/service proof audit.,Automated risk flag only; user-approved nuance: boondocking/community vagueness and park/campground entrances are not automatic defects.
P2,IL,s788,Rock Cut State Park Campground Permit Office,Modern Campgrounds,42.3579171,-88.9763614,Modern layer lacks visible modern-service proof in record text; legacy active row has no visible source URL,Layer/access/service proof audit.,Automated risk flag only; user-approved nuance: boondocking/community vagueness and park/campground entrances are not automatic defects.
P2,IL,s789,Rock Island State Trail Kickapoo Creek Recreation Area - Campground,Modern Campgrounds,40.8370422,-89.6579584,Modern layer lacks visible modern-service proof in record text; access wording suggests Boat / Backpack review; legacy active row has no visible source URL,Layer/access/service proof audit.,Automated risk flag only; user-approved nuance: boondocking/community vagueness and park/campground entrances are not automatic defects.
P2,IL,s800,Sam Dale Lake,Modern Campgrounds,38.5414767,-88.5837063,Modern layer lacks visible modern-service proof in record text; broad park/forest/lake/river/system name; review as area/rule or component split,Layer/access/service proof audit.,Automated risk flag only; user-approved nuance: boondocking/community vagueness and park/campground entrances are not automatic defects.
P2,IL,s801,Sam Parr State Park Campground,Modern Campgrounds,39.0219529,-88.1198325,Modern layer lacks visible modern-service proof in record text; legacy active row has no visible source URL,Layer/access/service proof audit.,Automated risk flag only; user-approved nuance: boondocking/community vagueness and park/campground entrances are not automatic defects.
P2,IL,s805,Sand Ridge State Forest,Boondocking / Dispersed,40.4006198,-89.8785765,access wording suggests Boat / Backpack review; broad park/forest/lake/river/system name; review as area/rule or component split; legacy active row has no visible source URL,Layer/access/service proof audit.,Automated risk flag only; user-approved nuance: boondocking/community vagueness and park/campground entrances are not automatic defects.
P2,IL,s828,Shabbona Lake State Park Campground,Modern Campgrounds,41.7566422,-88.8698968,Modern layer lacks visible modern-service proof in record text; legacy active row has no visible source URL,Layer/access/service proof audit.,Automated risk flag only; user-approved nuance: boondocking/community vagueness and park/campground entrances are not automatic defects.
P2,IL,s829,Shady Grove Campground,Modern Campgrounds,39.3180956,-88.6822821,Modern layer lacks visible modern-service proof in record text; legacy active row has no visible source URL,Layer/access/service proof audit.,Automated risk flag only; user-approved nuance: boondocking/community vagueness and park/campground entrances are not automatic defects.
P2,IL,s830,Shady Rest,Modern Campgrounds,38.2858429,-89.3557143,Modern layer lacks visible modern-service proof in record text; legacy active row has no visible source URL,Layer/access/service proof audit.,Automated risk flag only; user-approved nuance: boondocking/community vagueness and park/campground entrances are not automatic defects.
P2,IL,s837,Siloam Springs State Park,Modern Campgrounds,39.8893252,-90.9223652,Modern layer lacks visible modern-service proof in record text; broad park/forest/lake/river/system name; review as area/rule or component split; legacy active row has no visible source URL,Layer/access/service proof audit.,Automated risk flag only; user-approved nuance: boondocking/community vagueness and park/campground entrances are not automatic defects.
P2,IL,s876,Starved Rock State Park Campground,Modern Campgrounds,41.3051756,-88.9760893,Modern layer lacks visible modern-service proof in record text,Layer/access/service proof audit.,Automated risk flag only; user-approved nuance: boondocking/community vagueness and park/campground entrances are not automatic defects.
P2,IL,s878,Stephen A. Forbes State Recreation Area,Modern Campgrounds,38.7260007,-88.7804545,Modern layer lacks visible modern-service proof in record text,Layer/access/service proof audit.,Automated risk flag only; user-approved nuance: boondocking/community vagueness and park/campground entrances are not automatic defects.
P2,IL,s895,Sunny Crest Family Campground,Modern Campgrounds,41.9922659,-89.4745591,Modern layer lacks visible modern-service proof in record text; legacy active row has no visible source URL,Layer/access/service proof audit.,Automated risk flag only; user-approved nuance: boondocking/community vagueness and park/campground entrances are not automatic defects.
P2,IL,s923,"Tower Rock Campground, Shawnee National Forest",Modern Campgrounds,37.4583352,-88.232835,Modern layer lacks visible modern-service proof in record text; legacy active row has no visible source URL,Layer/access/service proof audit.,Automated risk flag only; user-approved nuance: boondocking/community vagueness and park/campground entrances are not automatic defects.
P2,IL,s971,Walnut Point State Park,Modern Campgrounds,39.697061,-88.037257,Modern layer lacks visible modern-service proof in record text; broad park/forest/lake/river/system name; review as area/rule or component split; legacy active row has no visible source URL,Layer/access/service proof audit.,Automated risk flag only; user-approved nuance: boondocking/community vagueness and park/campground entrances are not automatic defects.
P2,IL,s979,Wayne Fi.... Campground,Modern Campgrounds,38.1164914,-88.9422454,Modern layer lacks visible modern-service proof in record text; legacy active row has no visible source URL,Layer/access/service proof audit.,Automated risk flag only; user-approved nuance: boondocking/community vagueness and park/campground entrances are not automatic defects.
P2,IL,s984,Weinberg-King State Fish and Wildlife Area,Modern Campgrounds,40.2308728,-90.8979177,Modern layer lacks visible modern-service proof in record text; broad park/forest/lake/river/system name; review as area/rule or component split; legacy active row has no visible source URL,Layer/access/service proof audit.,Automated risk flag only; user-approved nuance: boondocking/community vagueness and park/campground entrances are not automatic defects.
P2,IL,s994,White Pines Forest State Park,Modern Campgrounds,41.9936339,-89.4696009,Modern layer lacks visible modern-service proof in record text; broad park/forest/lake/river/system name; review as area/rule or component split; legacy active row has no visible source URL,Layer/access/service proof audit.,Automated risk flag only; user-approved nuance: boondocking/community vagueness and park/campground entrances are not automatic defects.
P2,IL,s1019,Woodford State Fish And Wildlife Area,Modern Campgrounds,40.8795921,-89.456627,Modern layer lacks visible modern-service proof in record text; broad park/forest/lake/river/system name; review as area/rule or component split,Layer/access/service proof audit.,Automated risk flag only; user-approved nuance: boondocking/community vagueness and park/campground entrances are not automatic defects.
P2,IN,s424,Indiana,Modern Campgrounds,40.5261563,-85.5842705,Modern layer lacks visible modern-service proof in record text; legacy active row has no visible source URL,Layer/access/service proof audit.,Automated risk flag only; user-approved nuance: boondocking/community vagueness and park/campground entrances are not automatic defects.
P2,IN,s752,Prophetstown State Park,Modern Campgrounds,40.4973299,-86.842217,Modern layer lacks visible modern-service proof in record text; broad park/forest/lake/river/system name; review as area/rule or component split; legacy active row has no visible source URL,Layer/access/service proof audit.,Automated risk flag only; user-approved nuance: boondocking/community vagueness and park/campground entrances are not automatic defects.
P2,KS,ks_usace_clinton_bloomington_east_hickory_walnut,"Bloomington East / Hickory-Walnut, Clinton Lake",Modern Campgrounds,38.9079,-95.3752611,Modern layer lacks visible modern-service proof in record text; broad park/forest/lake/river/system name; review as area/rule or component split,Layer/access/service proof audit.,Automated risk flag only; user-approved nuance: boondocking/community vagueness and park/campground entrances are not automatic defects.
P2,KS,ks_usace_pomona_carbolyn,"Carbolyn Park, Pomona Lake",Modern Campgrounds,38.675,-95.6791667,Modern layer lacks visible modern-service proof in record text; broad park/forest/lake/river/system name; review as area/rule or component split,Layer/access/service proof audit.,Automated risk flag only; user-approved nuance: boondocking/community vagueness and park/campground entrances are not automatic defects.
P2,KS,ks_usace_marion_cottonwood_point,"Cottonwood Point, Marion Reservoir",Modern Campgrounds,38.3888889,-97.0888889,Modern layer lacks visible modern-service proof in record text; broad park/forest/lake/river/system name; review as area/rule or component split,Layer/access/service proof audit.,Automated risk flag only; user-approved nuance: boondocking/community vagueness and park/campground entrances are not automatic defects.
P2,KS,ks_usace_milford_curtis_creek,"Curtis Creek, Milford Lake",Modern Campgrounds,39.0927778,-96.955,Modern layer lacks visible modern-service proof in record text; broad park/forest/lake/river/system name; review as area/rule or component split,Layer/access/service proof audit.,Automated risk flag only; user-approved nuance: boondocking/community vagueness and park/campground entrances are not automatic defects.
P2,KS,ks_usace_marion_hillsboro_cove,"Hillsboro Cove, Marion Reservoir",Modern Campgrounds,38.3627778,-97.0997222,Modern layer lacks visible modern-service proof in record text; broad park/forest/lake/river/system name; review as area/rule or component split,Layer/access/service proof audit.,Automated risk flag only; user-approved nuance: boondocking/community vagueness and park/campground entrances are not automatic defects.
P2,KS,ks_usace_perry_longview,"Longview, Perry Lake",Modern Campgrounds,39.1847222,-95.4444444,Modern layer lacks visible modern-service proof in record text; broad park/forest/lake/river/system name; review as area/rule or component split,Layer/access/service proof audit.,Automated risk flag only; user-approved nuance: boondocking/community vagueness and park/campground entrances are not automatic defects.
P2,KS,ks_usace_wilson_lucas_park,"Lucas Park, Wilson Lake",Modern Campgrounds,38.9555556,-98.5194444,Modern layer lacks visible modern-service proof in record text; broad park/forest/lake/river/system name; review as area/rule or component split,Layer/access/service proof audit.,Automated risk flag only; user-approved nuance: boondocking/community vagueness and park/campground entrances are not automatic defects.
P2,KS,ks_usace_pomona_michigan_valley,"Michigan Valley, Pomona Lake",Modern Campgrounds,38.6647222,-95.5488889,Modern layer lacks visible modern-service proof in record text; broad park/forest/lake/river/system name; review as area/rule or component split,Layer/access/service proof audit.,Automated risk flag only; user-approved nuance: boondocking/community vagueness and park/campground entrances are not automatic defects.
P2,KS,ks_usace_wilson_minooka_park,"Minooka Park, Wilson Lake",Modern Campgrounds,38.9327778,-98.575,Modern layer lacks visible modern-service proof in record text; broad park/forest/lake/river/system name; review as area/rule or component split,Layer/access/service proof audit.,Automated risk flag only; user-approved nuance: boondocking/community vagueness and park/campground entrances are not automatic defects.
P2,KS,ks_usace_perry_rock_creek,"Rock Creek, Perry Lake",Modern Campgrounds,39.1208333,-95.4541667,Modern layer lacks visible modern-service proof in record text; broad park/forest/lake/river/system name; review as area/rule or component split,Layer/access/service proof audit.,Automated risk flag only; user-approved nuance: boondocking/community vagueness and park/campground entrances are not automatic defects.
P2,KS,ks_usace_pomona_wolf_creek,"Wolf Creek, Pomona Lake",Modern Campgrounds,38.6763889,-95.5680556,Modern layer lacks visible modern-service proof in record text; broad park/forest/lake/river/system name; review as area/rule or component split,Layer/access/service proof audit.,Automated risk flag only; user-approved nuance: boondocking/community vagueness and park/campground entrances are not automatic defects.
P2,KY,ky-general-burnside-island-state-park-campground-v23136,General Burnside Island State Park Campground,Rustic / Primitive,36.98051,-84.60141,access wording suggests Boat / Backpack review,Layer/access/service proof audit.,Automated risk flag only; user-approved nuance: boondocking/community vagueness and park/campground entrances are not automatic defects.
P2,KY,ky-grove-drive-in-campground-v23136,Grove Drive-In Campground,Rustic / Primitive,36.94193827,-84.21530027,access wording suggests Boat / Backpack review,Layer/access/service proof audit.,Automated risk flag only; user-approved nuance: boondocking/community vagueness and park/campground entrances are not automatic defects.
P2,KY,ky-indian-creek-camping-area-v23136,Indian Creek Camping Area,Boondocking / Dispersed,37.86061,-83.67429,access wording suggests Boat / Backpack review; broad park/forest/lake/river/system name; review as area/rule or component split,Layer/access/service proof audit.,Automated risk flag only; user-approved nuance: boondocking/community vagueness and park/campground entrances are not automatic defects.
P2,LA,s57,Bayou Segnette State Park,Modern Campgrounds,29.8923001,-90.1633558,Modern layer lacks visible modern-service proof in record text; broad park/forest/lake/river/system name; review as area/rule or component split; legacy active row has no visible source URL,Layer/access/service proof audit.,Automated risk flag only; user-approved nuance: boondocking/community vagueness and park/campground entrances are not automatic defects.
P2,LA,s288,Fairview-Riverside State Park,Modern Campgrounds,30.4091071,-90.1403758,Modern layer lacks visible modern-service proof in record text; broad park/forest/lake/river/system name; review as area/rule or component split; legacy active row has no visible source URL,Layer/access/service proof audit.,Automated risk flag only; user-approved nuance: boondocking/community vagueness and park/campground entrances are not automatic defects.
P2,LA,s304,Fontainebleau State Park,Modern Campgrounds,30.337645,-90.038141,Modern layer lacks visible modern-service proof in record text; broad park/forest/lake/river/system name; review as area/rule or component split; legacy active row has no visible source URL,Layer/access/service proof audit.,Automated risk flag only; user-approved nuance: boondocking/community vagueness and park/campground entrances are not automatic defects.
P2,ME,s581,Maine state website,Modern Campgrounds,46.8206445,-67.9258415,Modern layer lacks visible modern-service proof in record text; access wording suggests Boat / Backpack review,Layer/access/service proof audit.,Automated risk flag only; user-approved nuance: boondocking/community vagueness and park/campground entrances are not automatic defects.
P2,ME,s866,Spencer Bay CG,Modern Campgrounds,45.7102482,-69.5554244,Modern layer lacks visible modern-service proof in record text; legacy active row has no visible source URL,Layer/access/service proof audit.,Automated risk flag only; user-approved nuance: boondocking/community vagueness and park/campground entrances are not automatic defects.
P2,MI,s25,Appleton Lake Campground,Rustic / Primitive,42.5063233,-83.8359833,access wording suggests Boat / Backpack review,Layer/access/service proof audit.,Automated risk flag only; user-approved nuance: boondocking/community vagueness and park/campground entrances are not automatic defects.
P2,MI,s1063,Baraga State Park,Modern Campgrounds,46.76052,-88.49981,access wording suggests Boat / Backpack review; broad park/forest/lake/river/system name; review as area/rule or component split,Layer/access/service proof audit.,Automated risk flag only; user-approved nuance: boondocking/community vagueness and park/campground entrances are not automatic defects.
P2,MI,s47,Baraga State Park Campground,Modern Campgrounds,46.779,-88.49,access wording suggests Boat / Backpack review,Layer/access/service proof audit.,Automated risk flag only; user-approved nuance: boondocking/community vagueness and park/campground entrances are not automatic defects.
P2,MI,s48,Barnes Park Campground,Modern Campgrounds,45.1109658,-85.3604224,Modern layer lacks visible modern-service proof in record text; access wording suggests Boat / Backpack review; legacy active row has no visible source URL,Layer/access/service proof audit.,Automated risk flag only; user-approved nuance: boondocking/community vagueness and park/campground entrances are not automatic defects.
P2,MI,s55,Bay Furnace Campground,Rustic / Primitive,46.4413752,-86.7078804,access wording suggests Boat / Backpack review,Layer/access/service proof audit.,Automated risk flag only; user-approved nuance: boondocking/community vagueness and park/campground entrances are not automatic defects.
P2,MI,s73,Bergland Township Park,Modern Campgrounds,46.5914451,-89.5743169,access wording suggests Boat / Backpack review; broad park/forest/lake/river/system name; review as area/rule or component split,Layer/access/service proof audit.,Automated risk flag only; user-approved nuance: boondocking/community vagueness and park/campground entrances are not automatic defects.
P2,MI,s1040,Black River Harbor Campground,Modern Campgrounds,46.66416323,-90.05190622,Modern layer lacks visible modern-service proof in record text,Layer/access/service proof audit.,Automated risk flag only; user-approved nuance: boondocking/community vagueness and park/campground entrances are not automatic defects.
P2,MI,s118,Bobcat Lake Campground,Rustic / Primitive,46.35924,-89.672941,access wording suggests Boat / Backpack review,Layer/access/service proof audit.,Automated risk flag only; user-approved nuance: boondocking/community vagueness and park/campground entrances are not automatic defects.
P2,MI,s163,Canoe Harbor State Forest Campground,Rustic / Primitive,44.6073323,-84.4704065,access wording suggests Boat / Backpack review; legacy active row has no visible source URL,Layer/access/service proof audit.,Automated risk flag only; user-approved nuance: boondocking/community vagueness and park/campground entrances are not automatic defects.
P2,MI,s164,Canoe Lake State Forest Campground,Rustic / Primitive,46.4584804,-86.2913255,access wording suggests Boat / Backpack review; legacy active row has no visible source URL,Layer/access/service proof audit.,Automated risk flag only; user-approved nuance: boondocking/community vagueness and park/campground entrances are not automatic defects.
P2,MI,mi-v23192-canoe-lake-sfcg,Canoe Lake State Forest Campground,Rustic / Primitive,46.45839646,-86.29134545,access wording suggests Boat / Backpack review,Layer/access/service proof audit.,Automated risk flag only; user-approved nuance: boondocking/community vagueness and park/campground entrances are not automatic defects.
P2,MI,s1075,Cookson Lake Campsites,Modern Campgrounds,46.1952825,-86.5615597,Modern layer lacks visible modern-service proof in record text,Layer/access/service proof audit.,Automated risk flag only; user-approved nuance: boondocking/community vagueness and park/campground entrances are not automatic defects.
P2,MI,s210,Corner Lake Campground,Modern Campgrounds,46.153047,-86.6094157,Modern layer lacks visible modern-service proof in record text,Layer/access/service proof audit.,Automated risk flag only; user-approved nuance: boondocking/community vagueness and park/campground entrances are not automatic defects.
P2,MI,s1077,Council Lake Campsites,Modern Campgrounds,46.2419622,-86.646949,Modern layer lacks visible modern-service proof in record text,Layer/access/service proof audit.,Automated risk flag only; user-approved nuance: boondocking/community vagueness and park/campground entrances are not automatic defects.
P2,MI,s223,Crooked Lake Campsites,Modern Campgrounds,46.21686556,-86.43164556,Modern layer lacks visible modern-service proof in record text,Layer/access/service proof audit.,Automated risk flag only; user-approved nuance: boondocking/community vagueness and park/campground entrances are not automatic defects.
P2,MI,s231,D.H. Day Campground,Rustic / Primitive,44.8973,-86.0206,access wording suggests Boat / Backpack review,Layer/access/service proof audit.,Automated risk flag only; user-approved nuance: boondocking/community vagueness and park/campground entrances are not automatic defects.
P2,MI,s251,Diamond Point Campground,Rustic / Primitive,43.47444444,-86.21166667,access wording suggests Boat / Backpack review,Layer/access/service proof audit.,Automated risk flag only; user-approved nuance: boondocking/community vagueness and park/campground entrances are not automatic defects.
P2,MI,s269,East Lake Campsites,Modern Campgrounds,46.178469,-86.413376,Modern layer lacks visible modern-service proof in record text,Layer/access/service proof audit.,Automated risk flag only; user-approved nuance: boondocking/community vagueness and park/campground entrances are not automatic defects.
P2,MI,s1088,Ewing Point Campsite,Modern Campgrounds,46.21719223,-86.59095416,Modern layer lacks visible modern-service proof in record text,Layer/access/service proof audit.,Automated risk flag only; user-approved nuance: boondocking/community vagueness and park/campground entrances are not automatic defects.
P2,MI,s299,Fisherman's Island State Park Rustic Campground,Rustic / Primitive,45.2667,-85.3611,access wording suggests Boat / Backpack review,Layer/access/service proof audit.,Automated risk flag only; user-approved nuance: boondocking/community vagueness and park/campground entrances are not automatic defects.
P2,MI,s1036,Golden Lake Campground,Modern Campgrounds,46.17160677,-88.88275779,Modern layer lacks visible modern-service proof in record text,Layer/access/service proof audit.,Automated risk flag only; user-approved nuance: boondocking/community vagueness and park/campground entrances are not automatic defects.
P2,MI,s1076,Gooseneck Lake Campsites,Modern Campgrounds,46.0718825,-86.55002639,Modern layer lacks visible modern-service proof in record text,Layer/access/service proof audit.,Automated risk flag only; user-approved nuance: boondocking/community vagueness and park/campground entrances are not automatic defects.
P2,MI,s381,Henry Lake Campground,Modern Campgrounds,46.3305041,-89.7921041,Modern layer lacks visible modern-service proof in record text,Layer/access/service proof audit.,Automated risk flag only; user-approved nuance: boondocking/community vagueness and park/campground entrances are not automatic defects.
P2,MI,s392,Highbank Lake Campground,Rustic / Primitive,43.77083333,-85.88888889,access wording suggests Boat / Backpack review,Layer/access/service proof audit.,Automated risk flag only; user-approved nuance: boondocking/community vagueness and park/campground entrances are not automatic defects.
P2,MI,mi-v23192-hog-island-point-sfcg,Hog Island Point State Forest Campground,Rustic / Primitive,46.0810202318,-85.3066657,access wording suggests Boat / Backpack review,Layer/access/service proof audit.,Automated risk flag only; user-approved nuance: boondocking/community vagueness and park/campground entrances are not automatic defects.
P2,MI,s399,Hog Island State Forest Campground,Rustic / Primitive,46.0813749,-85.3064748,access wording suggests Boat / Backpack review; legacy active row has no visible source URL,Layer/access/service proof audit.,Automated risk flag only; user-approved nuance: boondocking/community vagueness and park/campground entrances are not automatic defects.
P2,MI,s412,Hovey Lake Campsites,Modern Campgrounds,46.2905,-86.7006,Modern layer lacks visible modern-service proof in record text,Layer/access/service proof audit.,Automated risk flag only; user-approved nuance: boondocking/community vagueness and park/campground entrances are not automatic defects.
P2,MI,s416,Hurricane River Campground,Rustic / Primitive,46.63,-86.659,access wording suggests Boat / Backpack review,Layer/access/service proof audit.,Automated risk flag only; user-approved nuance: boondocking/community vagueness and park/campground entrances are not automatic defects.
P2,MI,s1046,Imp Lake Campground,Modern Campgrounds,46.21766654,-89.070557,Modern layer lacks visible modern-service proof in record text,Layer/access/service proof audit.,Automated risk flag only; user-approved nuance: boondocking/community vagueness and park/campground entrances are not automatic defects.
P2,MI,s1078,Ironjaw Lake Campsites,Modern Campgrounds,46.171139,-86.547905,Modern layer lacks visible modern-service proof in record text,Layer/access/service proof audit.,Automated risk flag only; user-approved nuance: boondocking/community vagueness and park/campground entrances are not automatic defects.
P2,MI,s433,Island Lake Campground,Modern Campgrounds,46.2708333,-86.6513889,Modern layer lacks visible modern-service proof in record text; access wording suggests Boat / Backpack review,Layer/access/service proof audit.,Automated risk flag only; user-approved nuance: boondocking/community vagueness and park/campground entrances are not automatic defects.
P2,MI,s434,Island Lake-Canoe Campground,Rustic / Primitive,42.5169855,-83.690995,access wording suggests Boat / Backpack review; legacy active row has no visible source URL,Layer/access/service proof audit.,Automated risk flag only; user-approved nuance: boondocking/community vagueness and park/campground entrances are not automatic defects.
P2,MI,s1071,Jackpine Lake Campsites,Modern Campgrounds,46.114119,-86.521485,Modern layer lacks visible modern-service proof in record text,Layer/access/service proof audit.,Automated risk flag only; user-approved nuance: boondocking/community vagueness and park/campground entrances are not automatic defects.
P2,MI,s1074,Lake Nineteen Campsites,Modern Campgrounds,46.1722,-86.5438,Modern layer lacks visible modern-service proof in record text,Layer/access/service proof audit.,Automated risk flag only; user-approved nuance: boondocking/community vagueness and park/campground entrances are not automatic defects.
P2,MI,s1034,Lake Ottawa Campground,Modern Campgrounds,46.0807608,-88.76003616,Modern layer lacks visible modern-service proof in record text,Layer/access/service proof audit.,Automated risk flag only; user-approved nuance: boondocking/community vagueness and park/campground entrances are not automatic defects.
P2,MI,s1033,Lake Ste. Kathryn Campground,Modern Campgrounds,46.39317419,-88.72262918,Modern layer lacks visible modern-service proof in record text,Layer/access/service proof audit.,Automated risk flag only; user-approved nuance: boondocking/community vagueness and park/campground entrances are not automatic defects.
P2,MI,s1072,Leg Lake Campsites,Modern Campgrounds,46.128493,-86.48295,Modern layer lacks visible modern-service proof in record text,Layer/access/service proof audit.,Automated risk flag only; user-approved nuance: boondocking/community vagueness and park/campground entrances are not automatic defects.
P2,MI,s539,Little Bass Lake Campsites,Modern Campgrounds,46.163991,-86.450297,Modern layer lacks visible modern-service proof in record text,Layer/access/service proof audit.,Automated risk flag only; user-approved nuance: boondocking/community vagueness and park/campground entrances are not automatic defects.
P2,MI,s540,Little Beaver Lake Campground,Rustic / Primitive,46.5582661,-86.3627398,access wording suggests Boat / Backpack review,Layer/access/service proof audit.,Automated risk flag only; user-approved nuance: boondocking/community vagueness and park/campground entrances are not automatic defects.
P2,MI,s570,Luce County Park and Campground,Modern Campgrounds,46.2762462,-85.7267071,Modern layer lacks visible modern-service proof in record text,Layer/access/service proof audit.,Automated risk flag only; user-approved nuance: boondocking/community vagueness and park/campground entrances are not automatic defects.
P2,MI,s1037,Marion Lake Campground,Modern Campgrounds,46.269137,-89.086584,Modern layer lacks visible modern-service proof in record text,Layer/access/service proof audit.,Automated risk flag only; user-approved nuance: boondocking/community vagueness and park/campground entrances are not automatic defects.
P2,MI,s610,Minerva Lake Campsites,Modern Campgrounds,46.144479,-86.479266,Modern layer lacks visible modern-service proof in record text,Layer/access/service proof audit.,Automated risk flag only; user-approved nuance: boondocking/community vagueness and park/campground entrances are not automatic defects.
P2,MI,s611,Minnie Pond Campground,Rustic / Primitive,43.62722222,-85.89888889,access wording suggests Boat / Backpack review,Layer/access/service proof audit.,Automated risk flag only; user-approved nuance: boondocking/community vagueness and park/campground entrances are not automatic defects.
P2,MI,s1039,Moosehead Lake Campground,Rustic / Primitive,46.2367,-89.4681,access wording suggests Boat / Backpack review,Layer/access/service proof audit.,Automated risk flag only; user-approved nuance: boondocking/community vagueness and park/campground entrances are not automatic defects.
P2,MI,mi-v23192-mouth-two-hearted-river-sfcg,Mouth of Two Hearted River State Forest Campground,Rustic / Primitive,46.69792807,-85.42224986,access wording suggests Boat / Backpack review,Layer/access/service proof audit.,Automated risk flag only; user-approved nuance: boondocking/community vagueness and park/campground entrances are not automatic defects.
P2,MI,s1083,Mowe Lake Campsites,Modern Campgrounds,46.144676,-86.577019,Modern layer lacks visible modern-service proof in record text,Layer/access/service proof audit.,Automated risk flag only; user-approved nuance: boondocking/community vagueness and park/campground entrances are not automatic defects.
P2,MI,s624,Munising Tourist Park Campground,Modern Campgrounds,46.4409695,-86.6773787,Modern layer lacks visible modern-service proof in record text; access wording suggests Boat / Backpack review; legacy active row has no visible source URL,Layer/access/service proof audit.,Automated risk flag only; user-approved nuance: boondocking/community vagueness and park/campground entrances are not automatic defects.
P2,MI,s640,Nichols Lake South Campground,Rustic / Primitive,43.72305556,-85.90361111,access wording suggests Boat / Backpack review,Layer/access/service proof audit.,Automated risk flag only; user-approved nuance: boondocking/community vagueness and park/campground entrances are not automatic defects.
P2,MI,s1047,Norway Lake Campground,Modern Campgrounds,46.41583408,-88.68205671,Modern layer lacks visible modern-service proof in record text,Layer/access/service proof audit.,Automated risk flag only; user-approved nuance: boondocking/community vagueness and park/campground entrances are not automatic defects.
P2,MI,s650,O B Fuller County Park,Modern Campgrounds,45.5734971,-87.2452188,Modern layer lacks visible modern-service proof in record text; broad park/forest/lake/river/system name; review as area/rule or component split,Layer/access/service proof audit.,Automated risk flag only; user-approved nuance: boondocking/community vagueness and park/campground entrances are not automatic defects.
P2,MI,s1035,Paint River Forks Campground,Rustic / Primitive,46.23240559,-88.71756443,access wording suggests Boat / Backpack review,Layer/access/service proof audit.,Automated risk flag only; user-approved nuance: boondocking/community vagueness and park/campground entrances are not automatic defects.
P2,MI,s718,Platte River Campground,Modern Campgrounds,44.7156217,-86.1160284,Modern layer lacks visible modern-service proof in record text,Layer/access/service proof audit.,Automated risk flag only; user-approved nuance: boondocking/community vagueness and park/campground entrances are not automatic defects.
P2,MI,s733,Pomeroy Lake Campground,Modern Campgrounds,46.281465,-89.573967,Modern layer lacks visible modern-service proof in record text,Layer/access/service proof audit.,Automated risk flag only; user-approved nuance: boondocking/community vagueness and park/campground entrances are not automatic defects.
P2,MI,mi-v23192-pretty-lake-sfcg,Pretty Lake State Forest Campground,Rustic / Primitive,46.603335,-85.65739,access wording suggests Boat / Backpack review,Layer/access/service proof audit.,Automated risk flag only; user-approved nuance: boondocking/community vagueness and park/campground entrances are not automatic defects.
P2,MI,s753,Proud Lake Rec Area - Modern Campground,Modern Campgrounds,42.5632851,-83.5277624,Modern layer lacks visible modern-service proof in record text,Layer/access/service proof audit.,Automated risk flag only; user-approved nuance: boondocking/community vagueness and park/campground entrances are not automatic defects.
P2,MI,s754,Proud Lake State Park - Organizational Campground,Modern Campgrounds,42.5740746,-83.5554242,Modern layer lacks visible modern-service proof in record text,Layer/access/service proof audit.,Automated risk flag only; user-approved nuance: boondocking/community vagueness and park/campground entrances are not automatic defects.
P2,MI,s1089,Robbins Pond Campground,Modern Campgrounds,46.38084842,-89.22795977,Modern layer lacks visible modern-service proof in record text,Layer/access/service proof audit.,Automated risk flag only; user-approved nuance: boondocking/community vagueness and park/campground entrances are not automatic defects.
P2,MI,s824,Seaton Creek Campground,Rustic / Primitive,44.3577778,-85.8091667,access wording suggests Boat / Backpack review,Layer/access/service proof audit.,Automated risk flag only; user-approved nuance: boondocking/community vagueness and park/campground entrances are not automatic defects.
P2,MI,s839,Silver Lake - Boat in,Boondocking / Dispersed,46.6664939,-87.8529904,"vague/community wording in boondocking record — review for honest warning, not automatic defect; access wording suggests Boat / Backpack review; broad park/forest/lake/river/system name; review as area/rule or component split; legacy active row has no visible source URL",Layer/access/service proof audit.,Automated risk flag only; user-approved nuance: boondocking/community vagueness and park/campground entrances are not automatic defects.
P2,MI,s852,Sleepy Hollow State Park,Modern Campgrounds,42.9252559,-84.4094207,access wording suggests Boat / Backpack review; broad park/forest/lake/river/system name; review as area/rule or component split,Layer/access/service proof audit.,Automated risk flag only; user-approved nuance: boondocking/community vagueness and park/campground entrances are not automatic defects.
P2,MI,s1048,Sparrow Rapids Campground,Rustic / Primitive,46.50477544,-88.94735023,access wording suggests Boat / Backpack review,Layer/access/service proof audit.,Automated risk flag only; user-approved nuance: boondocking/community vagueness and park/campground entrances are not automatic defects.
P2,MI,s1082,Steuben Lake Campsites,Modern Campgrounds,46.19676027,-86.42600861,Modern layer lacks visible modern-service proof in record text,Layer/access/service proof audit.,Automated risk flag only; user-approved nuance: boondocking/community vagueness and park/campground entrances are not automatic defects.
P2,MI,s889,Sturgeon River Campground,Modern Campgrounds,46.570036,-88.656507,Modern layer lacks visible modern-service proof in record text,Layer/access/service proof audit.,Automated risk flag only; user-approved nuance: boondocking/community vagueness and park/campground entrances are not automatic defects.
P2,MI,s892,Sulak Campground,Rustic / Primitive,43.923778,-86.013254,access wording suggests Boat / Backpack review,Layer/access/service proof audit.,Automated risk flag only; user-approved nuance: boondocking/community vagueness and park/campground entrances are not automatic defects.
P2,MI,s1073,Swan Lake Campsites,Modern Campgrounds,46.16521194,-86.57843611,Modern layer lacks visible modern-service proof in record text,Layer/access/service proof audit.,Automated risk flag only; user-approved nuance: boondocking/community vagueness and park/campground entrances are not automatic defects.
P2,MI,s1038,Sylvania (Clark Lake) Campground,Modern Campgrounds,46.24029372,-89.3223604,Modern layer lacks visible modern-service proof in record text,Layer/access/service proof audit.,Automated risk flag only; user-approved nuance: boondocking/community vagueness and park/campground entrances are not automatic defects.
P2,MI,s901,Tahquamenon Falls State Park - Lower Falls Portage Campground,Modern Campgrounds,46.6031919,-85.1978829,Modern layer lacks visible modern-service proof in record text; access wording suggests Boat / Backpack review,Layer/access/service proof audit.,Automated risk flag only; user-approved nuance: boondocking/community vagueness and park/campground entrances are not automatic defects.
P2,MI,s902,Tahquamenon Falls State Park Rivermouth Campgrounds,Modern Campgrounds,46.5562704,-85.035522,Modern layer lacks visible modern-service proof in record text; access wording suggests Boat / Backpack review,Layer/access/service proof audit.,Automated risk flag only; user-approved nuance: boondocking/community vagueness and park/campground entrances are not automatic defects.
P2,MI,s1081,Triangle Lake Campsite,Modern Campgrounds,46.1663,-86.49765305,Modern layer lacks visible modern-service proof in record text,Layer/access/service proof audit.,Automated risk flag only; user-approved nuance: boondocking/community vagueness and park/campground entrances are not automatic defects.
P2,MI,s949,Upper Manistee Backcountry Campsites - Red Bridge,Boondocking / Dispersed,44.283861,-85.861844,access wording suggests Boat / Backpack review,Layer/access/service proof audit.,Automated risk flag only; user-approved nuance: boondocking/community vagueness and park/campground entrances are not automatic defects.
P2,MI,s959,Van Riper State Park,Modern Campgrounds,46.5180115,-87.9896908,access wording suggests Boat / Backpack review; broad park/forest/lake/river/system name; review as area/rule or component split,Layer/access/service proof audit.,Automated risk flag only; user-approved nuance: boondocking/community vagueness and park/campground entrances are not automatic defects.
P2,MI,s1070,Village Park Camping,Modern Campgrounds,47.18900032,-88.40400028,Modern layer lacks visible modern-service proof in record text; broad park/forest/lake/river/system name; review as area/rule or component split,Layer/access/service proof audit.,Automated risk flag only; user-approved nuance: boondocking/community vagueness and park/campground entrances are not automatic defects.
P2,MI,s968,Walkup Lake Campground,Rustic / Primitive,43.73472222,-85.90472222,access wording suggests Boat / Backpack review,Layer/access/service proof audit.,Automated risk flag only; user-approved nuance: boondocking/community vagueness and park/campground entrances are not automatic defects.
P2,MI,s993,White Pine Canoe Campground,Rustic / Primitive,44.6564048,-84.475576,access wording suggests Boat / Backpack review; legacy active row has no visible source URL,Layer/access/service proof audit.,Automated risk flag only; user-approved nuance: boondocking/community vagueness and park/campground entrances are not automatic defects.
P2,MI,s997,Whitewater Township Park and Campground,Modern Campgrounds,44.8162864,-85.3882439,access wording suggests Boat / Backpack review,Layer/access/service proof audit.,Automated risk flag only; user-approved nuance: boondocking/community vagueness and park/campground entrances are not automatic defects.
P2,MN,mn-superior-baker-lake-rustic-campground,Baker Lake Rustic Campground,Rustic / Primitive,47.84447473,-90.8170689,access wording suggests Boat / Backpack review,Layer/access/service proof audit.,Automated risk flag only; user-approved nuance: boondocking/community vagueness and park/campground entrances are not automatic defects.
P2,MN,mn-v23143-birch-lake-campground-backcountry-sites,Birch Lake Campground & Backcountry Sites,Rustic / Primitive,47.759391,-91.78198493,access wording suggests Boat / Backpack review,Layer/access/service proof audit.,Automated risk flag only; user-approved nuance: boondocking/community vagueness and park/campground entrances are not automatic defects.
P2,MN,mn-superior-cascade-river-rustic-campground,Cascade River Rustic Campground,Rustic / Primitive,47.8320653,-90.52973846,access wording suggests Boat / Backpack review,Layer/access/service proof audit.,Automated risk flag only; user-approved nuance: boondocking/community vagueness and park/campground entrances are not automatic defects.
P2,MN,mn-superior-clara-lake-rustic-campground,Clara Lake Rustic Campground,Rustic / Primitive,47.771494,-90.752951,access wording suggests Boat / Backpack review,Layer/access/service proof audit.,Automated risk flag only; user-approved nuance: boondocking/community vagueness and park/campground entrances are not automatic defects.
P2,MN,mn-v23143-crescent-lake-campground-backcountry-sites,Crescent Lake Campground & Backcountry Sites,Rustic / Primitive,47.82520417,-90.77299267,access wording suggests Boat / Backpack review,Layer/access/service proof audit.,Automated risk flag only; user-approved nuance: boondocking/community vagueness and park/campground entrances are not automatic defects.
P2,MN,mn-v23143-divide-lake-campground-backcountry-sites,Divide Lake Campground & Backcountry Sites,Rustic / Primitive,47.60995677,-91.25635807,access wording suggests Boat / Backpack review,Layer/access/service proof audit.,Automated risk flag only; user-approved nuance: boondocking/community vagueness and park/campground entrances are not automatic defects.
P2,MN,mn-v23143-east-bearskin-lake-campground,East Bearskin Lake Campground,Rustic / Primitive,48.03669264,-90.39614491,access wording suggests Boat / Backpack review,Layer/access/service proof audit.,Automated risk flag only; user-approved nuance: boondocking/community vagueness and park/campground entrances are not automatic defects.
P2,MN,mn-superior-eighteen-lake-rustic-campground,Eighteen Lake Rustic Campground,Rustic / Primitive,47.643572,-91.344165,access wording suggests Boat / Backpack review,Layer/access/service proof audit.,Automated risk flag only; user-approved nuance: boondocking/community vagueness and park/campground entrances are not automatic defects.
P2,MN,mn-superior-fourmile-lake-rustic-backcountry-sites,Fourmile Lake Rustic Campground & Backcountry Sites,Rustic / Primitive,47.701759,-90.964037,access wording suggests Boat / Backpack review,Layer/access/service proof audit.,Automated risk flag only; user-approved nuance: boondocking/community vagueness and park/campground entrances are not automatic defects.
P2,MN,mn-superior-harriet-lake-rustic-campground,Harriet Lake Rustic Campground,Rustic / Primitive,47.65779413,-91.11421719,access wording suggests Boat / Backpack review,Layer/access/service proof audit.,Automated risk flag only; user-approved nuance: boondocking/community vagueness and park/campground entrances are not automatic defects.
P2,MN,s1097,Jay Cook State Park Campground,Modern Campgrounds,46.6572204,-92.3733788,Modern layer lacks visible modern-service proof in record text; legacy active row has no visible source URL,Layer/access/service proof audit.,Automated risk flag only; user-approved nuance: boondocking/community vagueness and park/campground entrances are not automatic defects.
P2,MN,s442,Jay Cooke State Park,Modern Campgrounds,46.6523325,-92.3503332,Modern layer lacks visible modern-service proof in record text; broad park/forest/lake/river/system name; review as area/rule or component split; legacy active row has no visible source URL,Layer/access/service proof audit.,Automated risk flag only; user-approved nuance: boondocking/community vagueness and park/campground entrances are not automatic defects.
P2,MN,mn-superior-kawishiwi-lake-rustic-campground,Kawishiwi Lake Rustic Campground,Rustic / Primitive,47.83863965,-91.10253465,access wording suggests Boat / Backpack review,Layer/access/service proof audit.,Automated risk flag only; user-approved nuance: boondocking/community vagueness and park/campground entrances are not automatic defects.
P2,MN,mn-v23144-lake-auburn-campground-carver-park-reserve,Lake Auburn Campground — Carver Park Reserve,Rustic / Primitive,44.8650054,-93.6915985,access wording suggests Boat / Backpack review,Layer/access/service proof audit.,Automated risk flag only; user-approved nuance: boondocking/community vagueness and park/campground entrances are not automatic defects.
P2,MN,mn-v23144-lake-byllesby-campground,Lake Byllesby Campground,Modern Campgrounds,44.521754,-92.939787,Modern layer lacks visible modern-service proof in record text,Layer/access/service proof audit.,Automated risk flag only; user-approved nuance: boondocking/community vagueness and park/campground entrances are not automatic defects.
P2,MN,mn-superior-poplar-river-rustic-campground,Poplar River Rustic Campground,Rustic / Primitive,47.73817471,-90.7772997,access wording suggests Boat / Backpack review,Layer/access/service proof audit.,Automated risk flag only; user-approved nuance: boondocking/community vagueness and park/campground entrances are not automatic defects.
P2,MN,s745,Prairie Campground,Modern Campgrounds,44.1062888,-95.6972466,Modern layer lacks visible modern-service proof in record text; legacy active row has no visible source URL,Layer/access/service proof audit.,Automated risk flag only; user-approved nuance: boondocking/community vagueness and park/campground entrances are not automatic defects.
P2,MN,s768,Rice Creek Campgrounds,Modern Campgrounds,45.168611,-93.0809345,Modern layer lacks visible modern-service proof in record text; legacy active row has no visible source URL,Layer/access/service proof audit.,Automated risk flag only; user-approved nuance: boondocking/community vagueness and park/campground entrances are not automatic defects.
P2,MN,s781,Riverway Campground,Modern Campgrounds,45.2203968,-92.7564707,Modern layer lacks visible modern-service proof in record text; legacy active row has no visible source URL,Layer/access/service proof audit.,Automated risk flag only; user-approved nuance: boondocking/community vagueness and park/campground entrances are not automatic defects.
P2,MN,mn-superior-section-29-lake-rustic-campground,Section 29 Lake Rustic Campground,Rustic / Primitive,47.741326,-91.241525,access wording suggests Boat / Backpack review,Layer/access/service proof audit.,Automated risk flag only; user-approved nuance: boondocking/community vagueness and park/campground entrances are not automatic defects.
P2,MN,mn-v23144-shell-city-landing-campground,Shell City Landing Campground,Rustic / Primitive,46.9565,-94.9165,access wording suggests Boat / Backpack review,Layer/access/service proof audit.,Automated risk flag only; user-approved nuance: boondocking/community vagueness and park/campground entrances are not automatic defects.
P2,MN,mn-superior-silver-island-lake-rustic-backcountry-sites,Silver Island Lake Rustic Campground & Backcountry Sites,Rustic / Primitive,47.72719635,-91.14916709,access wording suggests Boat / Backpack review,Layer/access/service proof audit.,Automated risk flag only; user-approved nuance: boondocking/community vagueness and park/campground entrances are not automatic defects.
P2,MN,s855,Snake River Campground,Rustic / Primitive,45.8227778,-92.7805556,access wording suggests Boat / Backpack review,Layer/access/service proof audit.,Automated risk flag only; user-approved nuance: boondocking/community vagueness and park/campground entrances are not automatic defects.
P2,MN,mn-v23144-stony-point-campground,Stony Point Campground,Modern Campgrounds,47.13735,-94.456079,Modern layer lacks visible modern-service proof in record text,Layer/access/service proof audit.,Automated risk flag only; user-approved nuance: boondocking/community vagueness and park/campground entrances are not automatic defects.
P2,MN,mn-superior-toohey-lake-rustic-campground,Toohey Lake Rustic Campground,Rustic / Primitive,47.71227234,-90.95551594,access wording suggests Boat / Backpack review,Layer/access/service proof audit.,Automated risk flag only; user-approved nuance: boondocking/community vagueness and park/campground entrances are not automatic defects.
P2,MN,mn-superior-white-pine-lake-rustic-campground,White Pine Lake Rustic Campground,Rustic / Primitive,47.740029,-90.752657,access wording suggests Boat / Backpack review,Layer/access/service proof audit.,Automated risk flag only; user-approved nuance: boondocking/community vagueness and park/campground entrances are not automatic defects.
P2,MN,mn-superior-whitefish-lake-rustic-timber-frear-backcountry-area,Whitefish Lake Rustic Campground / Timber-Frear Backcountry Area,Rustic / Primitive,47.71886768,-91.04464322,access wording suggests Boat / Backpack review,Layer/access/service proof audit.,Automated risk flag only; user-approved nuance: boondocking/community vagueness and park/campground entrances are not automatic defects.
P2,MN,mn-v23144-willow-river-campground-and-group-campsite,Willow River Campground & Group Campsite,Rustic / Primitive,46.294,-92.818,access wording suggests Boat / Backpack review,Layer/access/service proof audit.,Automated risk flag only; user-approved nuance: boondocking/community vagueness and park/campground entrances are not automatic defects.
P2,MN,mn-superior-wilson-lake-rustic-backcountry-sites,Wilson Lake Rustic Campground & Backcountry Sites,Rustic / Primitive,47.66048383,-91.06296588,access wording suggests Boat / Backpack review,Layer/access/service proof audit.,Automated risk flag only; user-approved nuance: boondocking/community vagueness and park/campground entrances are not automatic defects.
P2,MO,s19,Annie and Abel Van Meter State Park,Modern Campgrounds,39.2583056,-93.2623605,Modern layer lacks visible modern-service proof in record text; broad park/forest/lake/river/system name; review as area/rule or component split; legacy active row has no visible source URL,Layer/access/service proof audit.,Automated risk flag only; user-approved nuance: boondocking/community vagueness and park/campground entrances are not automatic defects.
P2,MO,s28,Arrow Rock State Historic Site,Modern Campgrounds,39.066314,-92.948842,Modern layer lacks visible modern-service proof in record text; legacy active row has no visible source URL,Layer/access/service proof audit.,Automated risk flag only; user-approved nuance: boondocking/community vagueness and park/campground entrances are not automatic defects.
P2,MO,s37,Babler State Park,Modern Campgrounds,38.6174567,-90.6902843,Modern layer lacks visible modern-service proof in record text; broad park/forest/lake/river/system name; review as area/rule or component split; legacy active row has no visible source URL,Layer/access/service proof audit.,Automated risk flag only; user-approved nuance: boondocking/community vagueness and park/campground entrances are not automatic defects.
P2,MO,s38,Babler State Park Campground,Modern Campgrounds,38.6100216,-90.6863347,Modern layer lacks visible modern-service proof in record text; legacy active row has no visible source URL,Layer/access/service proof audit.,Automated risk flag only; user-approved nuance: boondocking/community vagueness and park/campground entrances are not automatic defects.
P2,MO,s52,Battle of Athens State Historic Site,Modern Campgrounds,40.5868649,-91.7080528,Modern layer lacks visible modern-service proof in record text,Layer/access/service proof audit.,Automated risk flag only; user-approved nuance: boondocking/community vagueness and park/campground entrances are not automatic defects.
P2,MO,s71,Bennett Spring State Park,Modern Campgrounds,37.7306627,-92.8588647,Modern layer lacks visible modern-service proof in record text; broad park/forest/lake/river/system name; review as area/rule or component split; legacy active row has no visible source URL,Layer/access/service proof audit.,Automated risk flag only; user-approved nuance: boondocking/community vagueness and park/campground entrances are not automatic defects.
P2,MO,s89,Big Lake State Park Campground,Modern Campgrounds,40.0862149,-95.3425882,Modern layer lacks visible modern-service proof in record text,Layer/access/service proof audit.,Automated risk flag only; user-approved nuance: boondocking/community vagueness and park/campground entrances are not automatic defects.
P2,MO,s159,Campground #2,Modern Campgrounds,36.5774366,-93.3015273,Modern layer lacks visible modern-service proof in record text; legacy active row has no visible source URL,Layer/access/service proof audit.,Automated risk flag only; user-approved nuance: boondocking/community vagueness and park/campground entrances are not automatic defects.
P2,MO,s228,Cuivre River State Park,Modern Campgrounds,39.0367314,-90.9329444,Modern layer lacks visible modern-service proof in record text; broad park/forest/lake/river/system name; review as area/rule or component split; legacy active row has no visible source URL,Layer/access/service proof audit.,Automated risk flag only; user-approved nuance: boondocking/community vagueness and park/campground entrances are not automatic defects.
P2,MO,s272,Echo Bluff State Park,Modern Campgrounds,37.3120122,-91.404816,Modern layer lacks visible modern-service proof in record text; broad park/forest/lake/river/system name; review as area/rule or component split; legacy active row has no visible source URL,Layer/access/service proof audit.,Automated risk flag only; user-approved nuance: boondocking/community vagueness and park/campground entrances are not automatic defects.
P2,MO,s292,Finger Lakes State Park,Modern Campgrounds,39.0808638,-92.313432,Modern layer lacks visible modern-service proof in record text; broad park/forest/lake/river/system name; review as area/rule or component split; legacy active row has no visible source URL,Layer/access/service proof audit.,Automated risk flag only; user-approved nuance: boondocking/community vagueness and park/campground entrances are not automatic defects.
P2,MO,s342,Graham Cave State Park,Modern Campgrounds,38.9065155,-91.5784385,Modern layer lacks visible modern-service proof in record text; broad park/forest/lake/river/system name; review as area/rule or component split; legacy active row has no visible source URL,Layer/access/service proof audit.,Automated risk flag only; user-approved nuance: boondocking/community vagueness and park/campground entrances are not automatic defects.
P2,MO,s365,Harry S. Truman State Park,Modern Campgrounds,38.277669,-93.4436004,Modern layer lacks visible modern-service proof in record text; broad park/forest/lake/river/system name; review as area/rule or component split; legacy active row has no visible source URL,Layer/access/service proof audit.,Automated risk flag only; user-approved nuance: boondocking/community vagueness and park/campground entrances are not automatic defects.
P2,MO,s513,Lake of the Ozarks State Park Campgrounds,Modern Campgrounds,38.07678,-92.5708162,Modern layer lacks visible modern-service proof in record text; legacy active row has no visible source URL,Layer/access/service proof audit.,Automated risk flag only; user-approved nuance: boondocking/community vagueness and park/campground entrances are not automatic defects.
P2,MO,s533,Lewis and Clark State Park,Modern Campgrounds,39.5380764,-95.0579002,Modern layer lacks visible modern-service proof in record text; broad park/forest/lake/river/system name; review as area/rule or component split; legacy active row has no visible source URL,Layer/access/service proof audit.,Automated risk flag only; user-approved nuance: boondocking/community vagueness and park/campground entrances are not automatic defects.
P2,MO,s554,Locust Creek Covered Bridge State Historic Site,Modern Campgrounds,39.7925446,-93.2390467,Modern layer lacks visible modern-service proof in record text; legacy active row has no visible source URL,Layer/access/service proof audit.,Automated risk flag only; user-approved nuance: boondocking/community vagueness and park/campground entrances are not automatic defects.
P2,MO,s560,Long Branch State Park,Modern Campgrounds,39.7717017,-92.5234638,Modern layer lacks visible modern-service proof in record text; broad park/forest/lake/river/system name; review as area/rule or component split; legacy active row has no visible source URL,Layer/access/service proof audit.,Automated risk flag only; user-approved nuance: boondocking/community vagueness and park/campground entrances are not automatic defects.
P2,MO,s587,Mark Twain State Park,Modern Campgrounds,39.4875007,-91.79071,Modern layer lacks visible modern-service proof in record text; broad park/forest/lake/river/system name; review as area/rule or component split; legacy active row has no visible source URL,Layer/access/service proof audit.,Automated risk flag only; user-approved nuance: boondocking/community vagueness and park/campground entrances are not automatic defects.
P2,MO,s599,Meramec State Park,Modern Campgrounds,38.205596,-91.0970328,Modern layer lacks visible modern-service proof in record text; broad park/forest/lake/river/system name; review as area/rule or component split; legacy active row has no visible source URL,Layer/access/service proof audit.,Automated risk flag only; user-approved nuance: boondocking/community vagueness and park/campground entrances are not automatic defects.
P2,MO,s665,Onondaga Cave State Park,Modern Campgrounds,38.0619594,-91.2361714,Modern layer lacks visible modern-service proof in record text; broad park/forest/lake/river/system name; review as area/rule or component split; legacy active row has no visible source URL,Layer/access/service proof audit.,Automated risk flag only; user-approved nuance: boondocking/community vagueness and park/campground entrances are not automatic defects.
P2,MO,s689,Pershing State Park Campground,Modern Campgrounds,39.7581295,-93.2147904,Modern layer lacks visible modern-service proof in record text; legacy active row has no visible source URL,Layer/access/service proof audit.,Automated risk flag only; user-approved nuance: boondocking/community vagueness and park/campground entrances are not automatic defects.
P2,MO,s717,Pittsburg Campground,Modern Campgrounds,37.8754238,-93.323153,Modern layer lacks visible modern-service proof in record text; legacy active row has no visible source URL,Layer/access/service proof audit.,Automated risk flag only; user-approved nuance: boondocking/community vagueness and park/campground entrances are not automatic defects.
P2,MO,s734,Pomme de Terre State Park,Modern Campgrounds,37.8685531,-93.2989805,Modern layer lacks visible modern-service proof in record text; broad park/forest/lake/river/system name; review as area/rule or component split; legacy active row has no visible source URL,Layer/access/service proof audit.,Automated risk flag only; user-approved nuance: boondocking/community vagueness and park/campground entrances are not automatic defects.
P2,MO,s746,Prairie State Park Campground,Modern Campgrounds,37.532269,-94.5719114,Modern layer lacks visible modern-service proof in record text; legacy active row has no visible source URL,Layer/access/service proof audit.,Automated risk flag only; user-approved nuance: boondocking/community vagueness and park/campground entrances are not automatic defects.
P2,MO,s784,Roaring River State Park,Modern Campgrounds,36.58571,-93.8370854,Modern layer lacks visible modern-service proof in record text; broad park/forest/lake/river/system name; review as area/rule or component split; legacy active row has no visible source URL,Layer/access/service proof audit.,Automated risk flag only; user-approved nuance: boondocking/community vagueness and park/campground entrances are not automatic defects.
P2,MO,s787,Robertsville State Park,Modern Campgrounds,38.4271338,-90.8119258,Modern layer lacks visible modern-service proof in record text; broad park/forest/lake/river/system name; review as area/rule or component split; legacy active row has no visible source URL,Layer/access/service proof audit.,Automated risk flag only; user-approved nuance: boondocking/community vagueness and park/campground entrances are not automatic defects.
P2,MO,s799,Sam A. Baker State Park,Modern Campgrounds,37.2597334,-90.5249952,Modern layer lacks visible modern-service proof in record text; broad park/forest/lake/river/system name; review as area/rule or component split; legacy active row has no visible source URL,Layer/access/service proof audit.,Automated risk flag only; user-approved nuance: boondocking/community vagueness and park/campground entrances are not automatic defects.
P2,MO,s871,St. Francois State Park Campground,Modern Campgrounds,37.9560555,-90.5343936,Modern layer lacks visible modern-service proof in record text; legacy active row has no visible source URL,Layer/access/service proof audit.,Automated risk flag only; user-approved nuance: boondocking/community vagueness and park/campground entrances are not automatic defects.
P2,MO,s872,St. Joe State Park,Modern Campgrounds,37.8073805,-90.5068828,Modern layer lacks visible modern-service proof in record text; broad park/forest/lake/river/system name; review as area/rule or component split; legacy active row has no visible source URL,Layer/access/service proof audit.,Automated risk flag only; user-approved nuance: boondocking/community vagueness and park/campground entrances are not automatic defects.
P2,MO,s880,Stockton State Park,Modern Campgrounds,37.6065208,-93.7489705,Modern layer lacks visible modern-service proof in record text; broad park/forest/lake/river/system name; review as area/rule or component split; legacy active row has no visible source URL,Layer/access/service proof audit.,Automated risk flag only; user-approved nuance: boondocking/community vagueness and park/campground entrances are not automatic defects.
P2,MO,s900,Table Rock State Park Campground 1,Modern Campgrounds,36.581053,-93.3039353,Modern layer lacks visible modern-service proof in record text; legacy active row has no visible source URL,Layer/access/service proof audit.,Automated risk flag only; user-approved nuance: boondocking/community vagueness and park/campground entrances are not automatic defects.
P2,MO,s911,Thousand Hills State Park,Modern Campgrounds,40.1853792,-92.646778,Modern layer lacks visible modern-service proof in record text; broad park/forest/lake/river/system name; review as area/rule or component split; legacy active row has no visible source URL,Layer/access/service proof audit.,Automated risk flag only; user-approved nuance: boondocking/community vagueness and park/campground entrances are not automatic defects.
P2,MO,s929,Trail of Tears State Park,Modern Campgrounds,37.4388065,-89.481025,Modern layer lacks visible modern-service proof in record text; broad park/forest/lake/river/system name; review as area/rule or component split; legacy active row has no visible source URL,Layer/access/service proof audit.,Automated risk flag only; user-approved nuance: boondocking/community vagueness and park/campground entrances are not automatic defects.
P2,MO,s967,Wakonda State Park,Modern Campgrounds,40.0067843,-91.5185706,Modern layer lacks visible modern-service proof in record text; broad park/forest/lake/river/system name; review as area/rule or component split; legacy active row has no visible source URL,Layer/access/service proof audit.,Automated risk flag only; user-approved nuance: boondocking/community vagueness and park/campground entrances are not automatic defects.
P2,MO,s970,Wallace State Park,Modern Campgrounds,39.6559094,-94.2166043,Modern layer lacks visible modern-service proof in record text; broad park/forest/lake/river/system name; review as area/rule or component split; legacy active row has no visible source URL,Layer/access/service proof audit.,Automated risk flag only; user-approved nuance: boondocking/community vagueness and park/campground entrances are not automatic defects.
P2,MO,s974,Washington State Park,Modern Campgrounds,38.0841188,-90.6883623,Modern layer lacks visible modern-service proof in record text; broad park/forest/lake/river/system name; review as area/rule or component split; legacy active row has no visible source URL,Layer/access/service proof audit.,Automated risk flag only; user-approved nuance: boondocking/community vagueness and park/campground entrances are not automatic defects.
P2,MO,s977,Watkins Woolen Mill State Park and State Historic Site,Modern Campgrounds,39.4033846,-94.2598771,Modern layer lacks visible modern-service proof in record text; broad park/forest/lake/river/system name; review as area/rule or component split; legacy active row has no visible source URL,Layer/access/service proof audit.,Automated risk flag only; user-approved nuance: boondocking/community vagueness and park/campground entrances are not automatic defects.
P2,MO,s989,Weston Bend State Park,Modern Campgrounds,39.3922541,-94.8656556,Modern layer lacks visible modern-service proof in record text; broad park/forest/lake/river/system name; review as area/rule or component split; legacy active row has no visible source URL,Layer/access/service proof audit.,Automated risk flag only; user-approved nuance: boondocking/community vagueness and park/campground entrances are not automatic defects.
P2,MS,s450,John W Kyle State Park,Modern Campgrounds,34.4094107,-89.8038626,Modern layer lacks visible modern-service proof in record text; broad park/forest/lake/river/system name; review as area/rule or component split; legacy active row has no visible source URL,Layer/access/service proof audit.,Automated risk flag only; user-approved nuance: boondocking/community vagueness and park/campground entrances are not automatic defects.
P2,MS,s969,Wallace Creek Campground,Modern Campgrounds,34.159457,-89.891585,Modern layer lacks visible modern-service proof in record text; legacy active row has no visible source URL,Layer/access/service proof audit.,Automated risk flag only; user-approved nuance: boondocking/community vagueness and park/campground entrances are not automatic defects.
P2,MT,s966,Wagon Wheel Campground,Modern Campgrounds,46.2625695,-106.658919,Modern layer lacks visible modern-service proof in record text; legacy active row has no visible source URL,Layer/access/service proof audit.,Automated risk flag only; user-approved nuance: boondocking/community vagueness and park/campground entrances are not automatic defects.
P2,NE,s15,Anderson Bridge State Wildlife Management Area,Modern Campgrounds,42.7866956,-100.9365572,Modern layer lacks visible modern-service proof in record text; legacy active row has no visible source URL,Layer/access/service proof audit.,Automated risk flag only; user-approved nuance: boondocking/community vagueness and park/campground entrances are not automatic defects.
P2,NE,s74,Bessey Recreation Complex Campground,Modern Campgrounds,41.8999997,-100.2976362,Modern layer lacks visible modern-service proof in record text; legacy active row has no visible source URL,Layer/access/service proof audit.,Automated risk flag only; user-approved nuance: boondocking/community vagueness and park/campground entrances are not automatic defects.
P2,NE,s143,Buffalo Creek Wildlife Management Area,Modern Campgrounds,41.7028324,-103.5748979,Modern layer lacks visible modern-service proof in record text; legacy active row has no visible source URL,Layer/access/service proof audit.,Automated risk flag only; user-approved nuance: boondocking/community vagueness and park/campground entrances are not automatic defects.
P2,NE,s180,Chadron State Park,Modern Campgrounds,42.7080981,-103.0090292,Modern layer lacks visible modern-service proof in record text; broad park/forest/lake/river/system name; review as area/rule or component split,Layer/access/service proof audit.,Automated risk flag only; user-approved nuance: boondocking/community vagueness and park/campground entrances are not automatic defects.
P2,NE,s822,Scouts Rest Campground,Modern Campgrounds,41.9461649,-103.5039638,Modern layer lacks visible modern-service proof in record text; legacy active row has no visible source URL,Layer/access/service proof audit.,Automated risk flag only; user-approved nuance: boondocking/community vagueness and park/campground entrances are not automatic defects.
P2,NV,s856,Snow Canyon State Park,Modern Campgrounds,37.2178145,-113.6395961,Modern layer lacks visible modern-service proof in record text; broad park/forest/lake/river/system name; review as area/rule or component split; legacy active row has no visible source URL,Layer/access/service proof audit.,Automated risk flag only; user-approved nuance: boondocking/community vagueness and park/campground entrances are not automatic defects.
P2,OH,s957,Van Buren State Park Campground,Modern Campgrounds,41.1374209,-83.6191305,Modern layer lacks visible modern-service proof in record text; legacy active row has no visible source URL,Layer/access/service proof audit.,Automated risk flag only; user-approved nuance: boondocking/community vagueness and park/campground entrances are not automatic defects.
P2,PA,pa-cherry-springs-rustic-campground-v23161,Cherry Springs State Park Rustic Campground,Rustic / Primitive,41.65981,-77.82125,access wording suggests Boat / Backpack review,Layer/access/service proof audit.,Automated risk flag only; user-approved nuance: boondocking/community vagueness and park/campground entrances are not automatic defects.
P2,PA,pa-forest-clarion-river-campsites-numbered-system,Clarion River Campsites Numbered System,Boondocking / Dispersed,41.35973944,-79.0069444,access wording suggests Boat / Backpack review,Layer/access/service proof audit.,Automated risk flag only; user-approved nuance: boondocking/community vagueness and park/campground entrances are not automatic defects.
P2,PA,pa-colonel-denning-state-park-campground,Colonel Denning State Park Campground,Rustic / Primitive,40.28087,-77.4179,access wording suggests Boat / Backpack review,Layer/access/service proof audit.,Automated risk flag only; user-approved nuance: boondocking/community vagueness and park/campground entrances are not automatic defects.
P2,PA,pa-colton-point-state-park-campground-v23161,Colton Point State Park Campground,Rustic / Primitive,41.70657,-77.47005,access wording suggests Boat / Backpack review,Layer/access/service proof audit.,Automated risk flag only; user-approved nuance: boondocking/community vagueness and park/campground entrances are not automatic defects.
P2,PA,pa-armstrong-crooked-creek-lake-family-campground,Crooked Creek Lake Family Campground,Rustic / Primitive,40.7092,-79.5159,access wording suggests Boat / Backpack review,Layer/access/service proof audit.,Automated risk flag only; user-approved nuance: boondocking/community vagueness and park/campground entrances are not automatic defects.
P2,PA,pa-warren-dewdrop-campground,Dewdrop Campground,Rustic / Primitive,41.83194444,-78.95916667,access wording suggests Boat / Backpack review,Layer/access/service proof audit.,Automated risk flag only; user-approved nuance: boondocking/community vagueness and park/campground entrances are not automatic defects.
P2,PA,pa-fowlers-hollow-state-park-campground,Fowlers Hollow State Park Campground,Rustic / Primitive,40.27543,-77.57641,access wording suggests Boat / Backpack review,Layer/access/service proof audit.,Automated risk flag only; user-approved nuance: boondocking/community vagueness and park/campground entrances are not automatic defects.
P2,PA,pa-monroe-wayne-gouldsboro-state-park-campground,Gouldsboro State Park Campground,Rustic / Primitive,41.21166,-75.46934,access wording suggests Boat / Backpack review,Layer/access/service proof audit.,Automated risk flag only; user-approved nuance: boondocking/community vagueness and park/campground entrances are not automatic defects.
P2,PA,pa-warren-hearts-content-recreation-area-campground,Hearts Content Recreation Area Campground,Rustic / Primitive,41.6900001,-79.25916667,access wording suggests Boat / Backpack review,Layer/access/service proof audit.,Automated risk flag only; user-approved nuance: boondocking/community vagueness and park/campground entrances are not automatic defects.
P2,PA,pa-hyner-run-state-park-campground-v23161,Hyner Run State Park Campground,Rustic / Primitive,41.35837,-77.6281,access wording suggests Boat / Backpack review,Layer/access/service proof audit.,Automated risk flag only; user-approved nuance: boondocking/community vagueness and park/campground entrances are not automatic defects.
P2,PA,pa-forest-loleta-recreation-area-campground,Loleta Recreation Area Campground,Rustic / Primitive,41.40194444,-79.08111111,access wording suggests Boat / Backpack review,Layer/access/service proof audit.,Automated risk flag only; user-approved nuance: boondocking/community vagueness and park/campground entrances are not automatic defects.
P2,PA,pa-forest-minister-creek-campground,Minister Creek Campground,Rustic / Primitive,41.62138889,-79.15444444,access wording suggests Boat / Backpack review,Layer/access/service proof audit.,Automated risk flag only; user-approved nuance: boondocking/community vagueness and park/campground entrances are not automatic defects.
P2,PA,pa-ole-bull-state-park-campground-v23161,Ole Bull State Park Campground,Rustic / Primitive,41.53712,-77.71544,access wording suggests Boat / Backpack review,Layer/access/service proof audit.,Automated risk flag only; user-approved nuance: boondocking/community vagueness and park/campground entrances are not automatic defects.
P2,PA,pa-patterson-state-park-campground-v23161,Patterson State Park Campground,Rustic / Primitive,41.69731,-77.89279,access wording suggests Boat / Backpack review,Layer/access/service proof audit.,Automated risk flag only; user-approved nuance: boondocking/community vagueness and park/campground entrances are not automatic defects.
P2,PA,pa-penn-roosevelt-state-park-campground-v23161,Penn-Roosevelt State Park Campground,Rustic / Primitive,40.72666,-77.70044,access wording suggests Boat / Backpack review,Layer/access/service proof audit.,Automated risk flag only; user-approved nuance: boondocking/community vagueness and park/campground entrances are not automatic defects.
P2,PA,pa-pine-grove-furnace-state-park-campground,Pine Grove Furnace State Park Campground,Rustic / Primitive,40.02565,-77.31086,access wording suggests Boat / Backpack review,Layer/access/service proof audit.,Automated risk flag only; user-approved nuance: boondocking/community vagueness and park/campground entrances are not automatic defects.
P2,PA,pa-poe-paddy-state-park-campground-v23161,Poe Paddy State Park Campground,Rustic / Primitive,40.833,-77.421,access wording suggests Boat / Backpack review,Layer/access/service proof audit.,Automated risk flag only; user-approved nuance: boondocking/community vagueness and park/campground entrances are not automatic defects.
P2,PA,pa-poe-valley-state-park-campground-v23161,Poe Valley State Park Campground,Rustic / Primitive,40.819,-77.477,access wording suggests Boat / Backpack review,Layer/access/service proof audit.,Automated risk flag only; user-approved nuance: boondocking/community vagueness and park/campground entrances are not automatic defects.
P2,PA,pa-raymond-b-winter-state-park-campground-v23161,Raymond B. Winter State Park Campground,Rustic / Primitive,40.99088,-77.1937,access wording suggests Boat / Backpack review,Layer/access/service proof audit.,Automated risk flag only; user-approved nuance: boondocking/community vagueness and park/campground entrances are not automatic defects.
P2,PA,pa-simon-b-elliott-state-park-campground-v23161,Simon B. Elliott State Park Campground,Rustic / Primitive,41.113,-78.526,access wording suggests Boat / Backpack review,Layer/access/service proof audit.,Automated risk flag only; user-approved nuance: boondocking/community vagueness and park/campground entrances are not automatic defects.
P2,PA,pa-sizerville-state-park-campground-v23161,Sizerville State Park Campground,Rustic / Primitive,41.59582,-78.18358,access wording suggests Boat / Backpack review,Layer/access/service proof audit.,Automated risk flag only; user-approved nuance: boondocking/community vagueness and park/campground entrances are not automatic defects.
P2,PA,pa-mckean-tracy-ridge-campground,Tracy Ridge Campground,Rustic / Primitive,41.94305556,-78.87583333,access wording suggests Boat / Backpack review,Layer/access/service proof audit.,Automated risk flag only; user-approved nuance: boondocking/community vagueness and park/campground entrances are not automatic defects.
P2,SD,sd-farm-island-recreation-area-v23150,Farm Island Recreation Area,Modern Campgrounds,44.34592,-100.28,access wording suggests Boat / Backpack review,Layer/access/service proof audit.,Automated risk flag only; user-approved nuance: boondocking/community vagueness and park/campground entrances are not automatic defects.
P2,SD,sd-v23190-faulkton-city-park-campground,Faulkton City Park Campground,Modern Campgrounds,45.03600042,-99.12600075,Modern layer lacks visible modern-service proof in record text,Layer/access/service proof audit.,Automated risk flag only; user-approved nuance: boondocking/community vagueness and park/campground entrances are not automatic defects.
P2,SD,sd-hanna-campground-v23150,Hanna Campground,Rustic / Primitive,44.2750067,-103.8507145,access wording suggests Boat / Backpack review,Layer/access/service proof audit.,Automated risk flag only; user-approved nuance: boondocking/community vagueness and park/campground entrances are not automatic defects.
P2,SD,sd-v23190-wylie-park-campground,Wylie Park Campground,Modern Campgrounds,45.4891,-98.52437,Modern layer lacks visible modern-service proof in record text,Layer/access/service proof audit.,Automated risk flag only; user-approved nuance: boondocking/community vagueness and park/campground entrances are not automatic defects.
P2,TN,s561,Long Hunter State Park,Modern Campgrounds,36.0925992,-86.5558534,Modern layer lacks visible modern-service proof in record text; broad park/forest/lake/river/system name; review as area/rule or component split; legacy active row has no visible source URL,Layer/access/service proof audit.,Automated risk flag only; user-approved nuance: boondocking/community vagueness and park/campground entrances are not automatic defects.
P2,TN,s600,Meriwether Lewis Campground- Natchez Trace,Modern Campgrounds,35.5232072,-87.4544098,Modern layer lacks visible modern-service proof in record text; legacy active row has no visible source URL,Layer/access/service proof audit.,Automated risk flag only; user-approved nuance: boondocking/community vagueness and park/campground entrances are not automatic defects.
P2,TN,s615,Montgomery Bell Campground,Modern Campgrounds,36.0971324,-87.2863626,Modern layer lacks visible modern-service proof in record text; legacy active row has no visible source URL,Layer/access/service proof audit.,Automated risk flag only; user-approved nuance: boondocking/community vagueness and park/campground entrances are not automatic defects.
P2,TN,s678,Paris Landing State Park Campground,Modern Campgrounds,36.4399768,-88.0846349,Modern layer lacks visible modern-service proof in record text; legacy active row has no visible source URL,Layer/access/service proof audit.,Automated risk flag only; user-approved nuance: boondocking/community vagueness and park/campground entrances are not automatic defects.
P2,UT,s856,Snow Canyon State Park,Modern Campgrounds,37.2178145,-113.6395961,Modern layer lacks visible modern-service proof in record text; broad park/forest/lake/river/system name; review as area/rule or component split,Layer/access/service proof audit.,Automated risk flag only; user-approved nuance: boondocking/community vagueness and park/campground entrances are not automatic defects.
P2,UT,s885,Strawberry Bay Campground,Modern Campgrounds,40.1780825,-111.1711092,Modern layer lacks visible modern-service proof in record text; legacy active row has no visible source URL,Layer/access/service proof audit.,Automated risk flag only; user-approved nuance: boondocking/community vagueness and park/campground entrances are not automatic defects.
P2,WI,wi-amnicon-falls-state-park-campground,Amnicon Falls State Park Campground,Rustic / Primitive,46.6084,-91.8873,access wording suggests Boat / Backpack review,Layer/access/service proof audit.,Automated risk flag only; user-approved nuance: boondocking/community vagueness and park/campground entrances are not automatic defects.
P2,WI,wi-big-bay-outdoor-group-camp,Big Bay State Park Outdoor Group Camp,Rustic / Primitive,46.7881132,-90.6737266,access wording suggests Boat / Backpack review; broad park/forest/lake/river/system name; review as area/rule or component split,Layer/access/service proof audit.,Automated risk flag only; user-approved nuance: boondocking/community vagueness and park/campground entrances are not automatic defects.
P2,WI,s141,Brunet Island State Park Campgrounds,Modern Campgrounds,45.1799484,-91.1613807,access wording suggests Boat / Backpack review,Layer/access/service proof audit.,Automated risk flag only; user-approved nuance: boondocking/community vagueness and park/campground entrances are not automatic defects.
P2,WI,wi-copper-falls-south-campground,Copper Falls South Campground,Rustic / Primitive,46.3761555,-90.6439684,access wording suggests Boat / Backpack review,Layer/access/service proof audit.,Automated risk flag only; user-approved nuance: boondocking/community vagueness and park/campground entrances are not automatic defects.
P2,WI,s209,Copper Range Campground — Brule River State Forest,Rustic / Primitive,46.6108,-91.5806,access wording suggests Boat / Backpack review,Layer/access/service proof audit.,Automated risk flag only; user-approved nuance: boondocking/community vagueness and park/campground entrances are not automatic defects.
P2,WI,s243,Derge County Park Campground,Modern Campgrounds,43.4980896,-88.88079,access wording suggests Boat / Backpack review,Layer/access/service proof audit.,Automated risk flag only; user-approved nuance: boondocking/community vagueness and park/campground entrances are not automatic defects.
P2,WI,s267,East Fork Campground — Black River State Forest,Rustic / Primitive,44.421461,-90.678477,access wording suggests Boat / Backpack review,Layer/access/service proof audit.,Automated risk flag only; user-approved nuance: boondocking/community vagueness and park/campground entrances are not automatic defects.
P2,WI,wi-nhal-rustic-east-star-lake,East Star Lake Campground — Northern Highland-American Legion State Forest,Rustic / Primitive,46.025467,-89.465233,access wording suggests Boat / Backpack review,Layer/access/service proof audit.,Automated risk flag only; user-approved nuance: boondocking/community vagueness and park/campground entrances are not automatic defects.
P2,WI,s301,Flambeau River State Forest Campgrounds,Rustic / Primitive,45.6791306,-90.7801514,access wording suggests Boat / Backpack review,Layer/access/service proof audit.,Automated risk flag only; user-approved nuance: boondocking/community vagueness and park/campground entrances are not automatic defects.
P2,WI,s461,Kettle Moraine State Forest - Northern Unit Campgrounds,Modern Campgrounds,43.6178707,-88.1535352,access wording suggests Boat / Backpack review,Layer/access/service proof audit.,Automated risk flag only; user-approved nuance: boondocking/community vagueness and park/campground entrances are not automatic defects.
P2,WI,s160,Kickapoo Valley Reserve Campsite U,Rustic / Primitive,43.6787827,-90.6075299,access wording suggests Boat / Backpack review,Layer/access/service proof audit.,Automated risk flag only; user-approved nuance: boondocking/community vagueness and park/campground entrances are not automatic defects.
P2,WI,wi-cnf-mccaslin-brook-dispersed-v2318,McCaslin Brook,Boondocking / Dispersed,45.28784,-88.475541,access wording suggests Boat / Backpack review; broad park/forest/lake/river/system name; review as area/rule or component split,Layer/access/service proof audit.,Automated risk flag only; user-approved nuance: boondocking/community vagueness and park/campground entrances are not automatic defects.
P2,WI,s601,Merrick State Park Campgrounds,Modern Campgrounds,44.159453,-91.76355,access wording suggests Boat / Backpack review,Layer/access/service proof audit.,Automated risk flag only; user-approved nuance: boondocking/community vagueness and park/campground entrances are not automatic defects.
P2,WI,s720,Plum Lake Campground — Northern Highland-American Legion State Forest,Rustic / Primitive,45.994447,-89.554738,access wording suggests Boat / Backpack review,Layer/access/service proof audit.,Automated risk flag only; user-approved nuance: boondocking/community vagueness and park/campground entrances are not automatic defects.
P2,WI,wi-nhal-rustic-plum-lake,Plum Lake Campground — Northern Highland-American Legion State Forest,Rustic / Primitive,45.9931,-89.555267,access wording suggests Boat / Backpack review,Layer/access/service proof audit.,Automated risk flag only; user-approved nuance: boondocking/community vagueness and park/campground entrances are not automatic defects.
P2,WI,wi-roche-a-cri-rustic-family-campground,Roche-A-Cri Rustic Family Campground,Rustic / Primitive,44.0012,-89.8165,access wording suggests Boat / Backpack review,Layer/access/service proof audit.,Automated risk flag only; user-approved nuance: boondocking/community vagueness and park/campground entrances are not automatic defects.
P2,WI,wi-vilas-rummels-road-rustic-v23118,Rummels Road Campground,Rustic / Primitive,46.09065109011703,-89.26303955480348,access wording suggests Boat / Backpack review,Layer/access/service proof audit.,Automated risk flag only; user-approved nuance: boondocking/community vagueness and park/campground entrances are not automatic defects.
P2,WI,wi-sailor-lake-recreation-area,Sailor Lake Recreation Area,Rustic / Primitive,45.841772,-90.276158,access wording suggests Boat / Backpack review; broad park/forest/lake/river/system name; review as area/rule or component split,Layer/access/service proof audit.,Automated risk flag only; user-approved nuance: boondocking/community vagueness and park/campground entrances are not automatic defects.
P2,WI,s819,Schomberg Park Campground,Modern Campgrounds,46.3266256,-90.1550267,access wording suggests Boat / Backpack review,Layer/access/service proof audit.,Automated risk flag only; user-approved nuance: boondocking/community vagueness and park/campground entrances are not automatic defects.
P2,WI,wi-govknowles-rustic-sioux-portage-group,Sioux Portage Group Campground — Governor Knowles State Forest,Rustic / Primitive,45.9736,-92.4631,access wording suggests Boat / Backpack review,Layer/access/service proof audit.,Automated risk flag only; user-approved nuance: boondocking/community vagueness and park/campground entrances are not automatic defects.
P2,WI,wi-nhal-rustic-upper-gresham-lake,Upper Gresham Lake Campground — Northern Highland-American Legion State Forest,Rustic / Primitive,46.07655,-89.727433,access wording suggests Boat / Backpack review,Layer/access/service proof audit.,Automated risk flag only; user-approved nuance: boondocking/community vagueness and park/campground entrances are not automatic defects.
P2,WI,s1016,Wisconsin DNR Map,Modern Campgrounds,45.5501618,-90.6020481,Modern layer lacks visible modern-service proof in record text,Layer/access/service proof audit.,Automated risk flag only; user-approved nuance: boondocking/community vagueness and park/campground entrances are not automatic defects.
P2,WY,s1099,Ayres #2,Modern Campgrounds,42.7359823,-105.6074351,Modern layer lacks visible modern-service proof in record text; legacy active row has no visible source URL,Layer/access/service proof audit.,Automated risk flag only; user-approved nuance: boondocking/community vagueness and park/campground entrances are not automatic defects.
P2,WY,s36,Ayres Natural Bridge Park,Modern Campgrounds,42.7342437,-105.6115636,Modern layer lacks visible modern-service proof in record text; legacy active row has no visible source URL,Layer/access/service proof audit.,Automated risk flag only; user-approved nuance: boondocking/community vagueness and park/campground entrances are not automatic defects.
P2,WY,s258,Dugway Campground,Modern Campgrounds,41.8602647,-107.0534024,Modern layer lacks visible modern-service proof in record text; legacy active row has no visible source URL,Layer/access/service proof audit.,Automated risk flag only; user-approved nuance: boondocking/community vagueness and park/campground entrances are not automatic defects.
P2,WY,s270,East Table Creek Campground,Modern Campgrounds,43.2116437,-110.8079775,Modern layer lacks visible modern-service proof in record text; legacy active row has no visible source URL,Layer/access/service proof audit.,Automated risk flag only; user-approved nuance: boondocking/community vagueness and park/campground entrances are not automatic defects.
P2,WY,s1101,East Table Rock #2,Modern Campgrounds,43.2133294,-110.8063449,Modern layer lacks visible modern-service proof in record text; legacy active row has no visible source URL,Layer/access/service proof audit.,Automated risk flag only; user-approved nuance: boondocking/community vagueness and park/campground entrances are not automatic defects.
P3,AZ,s455,Kaibab National Forest,Rustic / Primitive,35.8333226,-112.0840539,broad park/forest/lake/river/system name; review as area/rule or component split; legacy active row has no visible source URL,System/area/community wording audit; clarify marker meaning or component split.,Automated risk flag only; user-approved nuance: boondocking/community vagueness and park/campground entrances are not automatic defects.
P3,CA,s582,Mammoth Lakes,Boondocking / Dispersed,37.6537836,-118.9708222,broad park/forest/lake/river/system name; review as area/rule or component split; legacy active row has no visible source URL,System/area/community wording audit; clarify marker meaning or component split.,Automated risk flag only; user-approved nuance: boondocking/community vagueness and park/campground entrances are not automatic defects.
P3,CA,s124,boondocking near here,Boondocking / Dispersed,37.6795359,-119.7639548,broad park/forest/lake/river/system name; review as area/rule or component split; legacy active row has no visible source URL,System/area/community wording audit; clarify marker meaning or component split.,Automated risk flag only; user-approved nuance: boondocking/community vagueness and park/campground entrances are not automatic defects.
P3,CO,s107,BLM Land,Rustic / Primitive,39.0116085,-105.4279902,broad park/forest/lake/river/system name; review as area/rule or component split; legacy active row has no visible source URL,System/area/community wording audit; clarify marker meaning or component split.,Automated risk flag only; user-approved nuance: boondocking/community vagueness and park/campground entrances are not automatic defects.
P3,CO,s39,Badger Flats Campsite,Boondocking / Dispersed,39.051176,-105.459674,"vague/community wording in boondocking record — review for honest warning, not automatic defect; legacy active row has no visible source URL",System/area/community wording audit; clarify marker meaning or component split.,Automated risk flag only; user-approved nuance: boondocking/community vagueness and park/campground entrances are not automatic defects.
P3,CO,s114,Blue Lake,Boondocking / Dispersed,39.3860691,-106.1005389,broad park/forest/lake/river/system name; review as area/rule or component split; legacy active row has no visible source URL,System/area/community wording audit; clarify marker meaning or component split.,Automated risk flag only; user-approved nuance: boondocking/community vagueness and park/campground entrances are not automatic defects.
P3,CO,s122,Boondocking,Boondocking / Dispersed,39.0094313,-105.1582795,broad park/forest/lake/river/system name; review as area/rule or component split; legacy active row has no visible source URL,System/area/community wording audit; clarify marker meaning or component split.,Automated risk flag only; user-approved nuance: boondocking/community vagueness and park/campground entrances are not automatic defects.
P3,CO,s448,John Martin Reservoir,Boondocking / Dispersed,38.0702673,-102.9686665,broad park/forest/lake/river/system name; review as area/rule or component split; legacy active row has no visible source URL,System/area/community wording audit; clarify marker meaning or component split.,Automated risk flag only; user-approved nuance: boondocking/community vagueness and park/campground entrances are not automatic defects.
P3,CO,s526,Laramie River Road,Boondocking / Dispersed,40.6161837,-105.8561064,broad park/forest/lake/river/system name; review as area/rule or component split; legacy active row has no visible source URL,System/area/community wording audit; clarify marker meaning or component split.,Automated risk flag only; user-approved nuance: boondocking/community vagueness and park/campground entrances are not automatic defects.
P3,CO,s547,Little Molas Lake,Boondocking / Dispersed,37.7441348,-107.710092,broad park/forest/lake/river/system name; review as area/rule or component split; legacy active row has no visible source URL,System/area/community wording audit; clarify marker meaning or component split.,Automated risk flag only; user-approved nuance: boondocking/community vagueness and park/campground entrances are not automatic defects.
P3,CO,s698,Pike National Forest,Rustic / Primitive,39.2083237,-105.4172213,broad park/forest/lake/river/system name; review as area/rule or component split; legacy active row has no visible source URL,System/area/community wording audit; clarify marker meaning or component split.,Automated risk flag only; user-approved nuance: boondocking/community vagueness and park/campground entrances are not automatic defects.
P3,CO,s846,Skaguay Reservoir,Boondocking / Dispersed,38.6886294,-105.0529164,broad park/forest/lake/river/system name; review as area/rule or component split; legacy active row has no visible source URL,System/area/community wording audit; clarify marker meaning or component split.,Automated risk flag only; user-approved nuance: boondocking/community vagueness and park/campground entrances are not automatic defects.
P3,CO,s941,Turquoise Lake Camping,Boondocking / Dispersed,39.2454533,-106.3788815,broad park/forest/lake/river/system name; review as area/rule or component split; legacy active row has no visible source URL,System/area/community wording audit; clarify marker meaning or component split.,Automated risk flag only; user-approved nuance: boondocking/community vagueness and park/campground entrances are not automatic defects.
P3,IL,s24,Apple River Canyon State Park,Rustic / Primitive,42.4468486,-90.0528942,broad park/forest/lake/river/system name; review as area/rule or component split,System/area/community wording audit; clarify marker meaning or component split.,Automated risk flag only; user-approved nuance: boondocking/community vagueness and park/campground entrances are not automatic defects.
P3,IL,s153,Camp Cadiz,Rustic / Primitive,37.57833333,-88.24416667,broad park/forest/lake/river/system name; review as area/rule or component split,System/area/community wording audit; clarify marker meaning or component split.,Automated risk flag only; user-approved nuance: boondocking/community vagueness and park/campground entrances are not automatic defects.
P3,IL,s172,Cave-In-Rock State Park,Modern Campgrounds,37.4687121,-88.1550788,broad park/forest/lake/river/system name; review as area/rule or component split; legacy active row has no visible source URL,System/area/community wording audit; clarify marker meaning or component split.,Automated risk flag only; user-approved nuance: boondocking/community vagueness and park/campground entrances are not automatic defects.
P3,IL,s239,Delabar State Park,Rustic / Primitive,40.9662452,-90.9378781,broad park/forest/lake/river/system name; review as area/rule or component split,System/area/community wording audit; clarify marker meaning or component split.,Automated risk flag only; user-approved nuance: boondocking/community vagueness and park/campground entrances are not automatic defects.
P3,IL,s309,Fort Massac State Park,Modern Campgrounds,37.144089,-88.7115901,broad park/forest/lake/river/system name; review as area/rule or component split; legacy active row has no visible source URL,System/area/community wording audit; clarify marker meaning or component split.,Automated risk flag only; user-approved nuance: boondocking/community vagueness and park/campground entrances are not automatic defects.
P3,IL,s314,Fox Ridge State Park,Modern Campgrounds,39.402764,-88.1356923,broad park/forest/lake/river/system name; review as area/rule or component split; legacy active row has no visible source URL,System/area/community wording audit; clarify marker meaning or component split.,Automated risk flag only; user-approved nuance: boondocking/community vagueness and park/campground entrances are not automatic defects.
P3,IL,s332,Giant City State Park,Modern Campgrounds,37.6060822,-89.185929,broad park/forest/lake/river/system name; review as area/rule or component split; legacy active row has no visible source URL,System/area/community wording audit; clarify marker meaning or component split.,Automated risk flag only; user-approved nuance: boondocking/community vagueness and park/campground entrances are not automatic defects.
P3,IL,s351,Green River State Wildlife Management Area,Rustic / Primitive,41.6380268,-89.5165325,broad park/forest/lake/river/system name; review as area/rule or component split,System/area/community wording audit; clarify marker meaning or component split.,Automated risk flag only; user-approved nuance: boondocking/community vagueness and park/campground entrances are not automatic defects.
P3,IL,s664,One Horse Gap Lake,Boondocking / Dispersed,37.5169939,-88.4467095,broad park/forest/lake/river/system name; review as area/rule or component split; legacy active row has no visible source URL,System/area/community wording audit; clarify marker meaning or component split.,Automated risk flag only; user-approved nuance: boondocking/community vagueness and park/campground entrances are not automatic defects.
P3,IL,s798,Saline County State Fish and Wildlife Area,Rustic / Primitive,37.6892739,-88.3899876,broad park/forest/lake/river/system name; review as area/rule or component split,System/area/community wording audit; clarify marker meaning or component split.,Automated risk flag only; user-approved nuance: boondocking/community vagueness and park/campground entrances are not automatic defects.
P3,IL,s833,Shawnee National Forest,Boondocking / Dispersed,37.5630797,-89.3867396,broad park/forest/lake/river/system name; review as area/rule or component split,System/area/community wording audit; clarify marker meaning or component split.,Automated risk flag only; user-approved nuance: boondocking/community vagueness and park/campground entrances are not automatic defects.
P3,IL,s928,Trail of Tears State Forest,Rustic / Primitive,37.5153273,-89.3403667,broad park/forest/lake/river/system name; review as area/rule or component split,System/area/community wording audit; clarify marker meaning or component split.,Automated risk flag only; user-approved nuance: boondocking/community vagueness and park/campground entrances are not automatic defects.
P3,IN,s404,Hoosier National Forest,Boondocking / Dispersed,38.4785314,-86.5248767,broad park/forest/lake/river/system name; review as area/rule or component split; legacy active row has no visible source URL,System/area/community wording audit; clarify marker meaning or component split.,Automated risk flag only; user-approved nuance: boondocking/community vagueness and park/campground entrances are not automatic defects.
P3,KS,ks-butler-sfl-north-primitive-area,Butler State Fishing Lake — North Side Primitive Camping Area,Boondocking / Dispersed,37.549383,-96.697283,"vague/community wording in boondocking record — review for honest warning, not automatic defect; broad park/forest/lake/river/system name; review as area/rule or component split",System/area/community wording audit; clarify marker meaning or component split.,Automated risk flag only; user-approved nuance: boondocking/community vagueness and park/campground entrances are not automatic defects.
P3,KS,ks-butler-sfl-south-primitive-area,Butler State Fishing Lake — South Side Primitive Camping Area,Boondocking / Dispersed,37.545133,-96.6972,"vague/community wording in boondocking record — review for honest warning, not automatic defect; broad park/forest/lake/river/system name; review as area/rule or component split",System/area/community wording audit; clarify marker meaning or component split.,Automated risk flag only; user-approved nuance: boondocking/community vagueness and park/campground entrances are not automatic defects.
P3,KS,ks-eldorado-shady-creek-primitive-area,El Dorado State Park — Shady Creek Primitive Camping Area,Rustic / Primitive,37.844367,-96.775567,broad park/forest/lake/river/system name; review as area/rule or component split,System/area/community wording audit; clarify marker meaning or component split.,Automated risk flag only; user-approved nuance: boondocking/community vagueness and park/campground entrances are not automatic defects.
P3,KS,ks-elk-city-timber-road-camping-area,Elk City State Park — Timber Road Camping Area,Rustic / Primitive,37.258333,-95.779283,broad park/forest/lake/river/system name; review as area/rule or component split,System/area/community wording audit; clarify marker meaning or component split.,Automated risk flag only; user-approved nuance: boondocking/community vagueness and park/campground entrances are not automatic defects.
P3,KS,ks-lake-atwood-lions-rv-park,Lake Atwood Camping / Lions RV Park,Modern Campgrounds,39.81439672457172,-101.04411818068685,broad park/forest/lake/river/system name; review as area/rule or component split,System/area/community wording audit; clarify marker meaning or component split.,Automated risk flag only; user-approved nuance: boondocking/community vagueness and park/campground entrances are not automatic defects.
P3,KS,ks_usace_perry_old_town,"Old Town, Perry Lake",Rustic / Primitive,39.225,-95.4375,broad park/forest/lake/river/system name; review as area/rule or component split,System/area/community wording audit; clarify marker meaning or component split.,Automated risk flag only; user-approved nuance: boondocking/community vagueness and park/campground entrances are not automatic defects.
P3,KS,ks_sfl_osage_primitive_area_rule,Osage State Fishing Lake primitive camping area,Rustic / Primitive,38.7652,-95.67166,broad park/forest/lake/river/system name; review as area/rule or component split,System/area/community wording audit; clarify marker meaning or component split.,Automated risk flag only; user-approved nuance: boondocking/community vagueness and park/campground entrances are not automatic defects.
P3,KS,ks_usace_tuttle_stockdale,"Stockdale, Tuttle Creek Lake",Modern Campgrounds,39.3051944,-96.6533333,broad park/forest/lake/river/system name; review as area/rule or component split,System/area/community wording audit; clarify marker meaning or component split.,Automated risk flag only; user-approved nuance: boondocking/community vagueness and park/campground entrances are not automatic defects.
P3,KS,ks_usace_tuttle_creek_cove,"Tuttle Creek Cove, Tuttle Creek Lake",Modern Campgrounds,39.2771389,-96.630875,broad park/forest/lake/river/system name; review as area/rule or component split,System/area/community wording audit; clarify marker meaning or component split.,Automated risk flag only; user-approved nuance: boondocking/community vagueness and park/campground entrances are not automatic defects.
P3,KS,ks_usace_milford_west_rolling_hills,"West Rolling Hills, Milford Lake",Modern Campgrounds,39.075,-96.9233333,broad park/forest/lake/river/system name; review as area/rule or component split,System/area/community wording audit; clarify marker meaning or component split.,Automated risk flag only; user-approved nuance: boondocking/community vagueness and park/campground entrances are not automatic defects.
P3,KY,ky-barren-fork-horse-camp-v23136,Barren Fork Horse Camp,Rustic / Primitive,36.775619,-84.468008,broad park/forest/lake/river/system name; review as area/rule or component split,System/area/community wording audit; clarify marker meaning or component split.,Automated risk flag only; user-approved nuance: boondocking/community vagueness and park/campground entrances are not automatic defects.
P3,KY,ky-bell-farm-horse-camp-v23136,Bell Farm Horse Camp,Rustic / Primitive,36.6684772,-84.668232,broad park/forest/lake/river/system name; review as area/rule or component split,System/area/community wording audit; clarify marker meaning or component split.,Automated risk flag only; user-approved nuance: boondocking/community vagueness and park/campground entrances are not automatic defects.
P3,KY,ky-little-lick-horse-camp-v23136,Little Lick Horse Camp,Rustic / Primitive,36.963217,-84.398752,broad park/forest/lake/river/system name; review as area/rule or component split,System/area/community wording audit; clarify marker meaning or component split.,Automated risk flag only; user-approved nuance: boondocking/community vagueness and park/campground entrances are not automatic defects.
P3,KY,ky-paragon-dispersed-camping-area-v23136,Paragon Dispersed Camping Area,Boondocking / Dispersed,38.0479609,-83.3945966,broad park/forest/lake/river/system name; review as area/rule or component split,System/area/community wording audit; clarify marker meaning or component split.,Automated risk flag only; user-approved nuance: boondocking/community vagueness and park/campground entrances are not automatic defects.
P3,KY,ky-white-sulphur-horse-camp-v23136,White Sulphur Horse Camp,Rustic / Primitive,38.08675672,-83.57558553,broad park/forest/lake/river/system name; review as area/rule or component split,System/area/community wording audit; clarify marker meaning or component split.,Automated risk flag only; user-approved nuance: boondocking/community vagueness and park/campground entrances are not automatic defects.
P3,ME,s85,Big Eddy on Dead River,Boondocking / Dispersed,45.2870825,-70.2203368,broad park/forest/lake/river/system name; review as area/rule or component split; legacy active row has no visible source URL,System/area/community wording audit; clarify marker meaning or component split.,Automated risk flag only; user-approved nuance: boondocking/community vagueness and park/campground entrances are not automatic defects.
P3,ME,s576,Machias Lake corridor,Boondocking / Dispersed,45.1267307,-67.9452976,broad park/forest/lake/river/system name; review as area/rule or component split; legacy active row has no visible source URL,System/area/community wording audit; clarify marker meaning or component split.,Automated risk flag only; user-approved nuance: boondocking/community vagueness and park/campground entrances are not automatic defects.
P3,MI,s0,4 Mile State Forest Trail Camp,Rustic / Primitive,44.598848,-84.6223353,broad park/forest/lake/river/system name; review as area/rule or component split; legacy active row has no visible source URL,System/area/community wording audit; clarify marker meaning or component split.,Automated risk flag only; user-approved nuance: boondocking/community vagueness and park/campground entrances are not automatic defects.
P3,MI,s2,"46.006324, -85.619036",Boondocking / Dispersed,46.006324,-85.619036,"vague/community wording in boondocking record — review for honest warning, not automatic defect; legacy active row has no visible source URL",System/area/community wording audit; clarify marker meaning or component split.,Automated risk flag only; user-approved nuance: boondocking/community vagueness and park/campground entrances are not automatic defects.
P3,MI,s66,Beaver Lake County Park,Modern Campgrounds,44.9294377,-83.7938381,broad park/forest/lake/river/system name; review as area/rule or component split,System/area/community wording audit; clarify marker meaning or component split.,Automated risk flag only; user-approved nuance: boondocking/community vagueness and park/campground entrances are not automatic defects.
P3,MI,s1043,Black River / Bessemer Dispersed Camping Anchor,Boondocking / Dispersed,46.617,-90.001,broad park/forest/lake/river/system name; review as area/rule or component split,System/area/community wording audit; clarify marker meaning or component split.,Automated risk flag only; user-approved nuance: boondocking/community vagueness and park/campground entrances are not automatic defects.
P3,MI,s96,Black River NFCG,Rustic / Primitive,46.6633688,-90.0521421,broad park/forest/lake/river/system name; review as area/rule or component split,System/area/community wording audit; clarify marker meaning or component split.,Automated risk flag only; user-approved nuance: boondocking/community vagueness and park/campground entrances are not automatic defects.
P3,MI,s102,Blacksmith Bayou River Access Camping,Boondocking / Dispersed,44.25777858,-86.03194482,broad park/forest/lake/river/system name; review as area/rule or component split,System/area/community wording audit; clarify marker meaning or component split.,Automated risk flag only; user-approved nuance: boondocking/community vagueness and park/campground entrances are not automatic defects.
P3,MI,s158,Camper's Cove RV Park & Canoe Livery,Private Campgrounds,45.1138155,-83.5577408,broad park/forest/lake/river/system name; review as area/rule or component split,System/area/community wording audit; clarify marker meaning or component split.,Automated risk flag only; user-approved nuance: boondocking/community vagueness and park/campground entrances are not automatic defects.
P3,MI,s234,Dead River #1,Boondocking / Dispersed,46.6422225,-87.8237293,"vague/community wording in boondocking record — review for honest warning, not automatic defect; broad park/forest/lake/river/system name; review as area/rule or component split; legacy active row has no visible source URL",System/area/community wording audit; clarify marker meaning or component split.,Automated risk flag only; user-approved nuance: boondocking/community vagueness and park/campground entrances are not automatic defects.
P3,MI,s257,Duel Lake,Boondocking / Dispersed,46.0155166,-85.6510776,"vague/community wording in boondocking record — review for honest warning, not automatic defect; broad park/forest/lake/river/system name; review as area/rule or component split; legacy active row has no visible source URL",System/area/community wording audit; clarify marker meaning or component split.,Automated risk flag only; user-approved nuance: boondocking/community vagueness and park/campground entrances are not automatic defects.
P3,MI,s266,East Branch Whitefish,Boondocking / Dispersed,46.0916972,-86.8489415,"vague/community wording in boondocking record — review for honest warning, not automatic defect; legacy active row has no visible source URL",System/area/community wording audit; clarify marker meaning or component split.,Automated risk flag only; user-approved nuance: boondocking/community vagueness and park/campground entrances are not automatic defects.
P3,MI,s268,East Jordan City Tourist Park,Modern Campgrounds,45.1564852,-85.1423686,broad park/forest/lake/river/system name; review as area/rule or component split,System/area/community wording audit; clarify marker meaning or component split.,Automated risk flag only; user-approved nuance: boondocking/community vagueness and park/campground entrances are not automatic defects.
P3,MI,s280,Escanaba River boondock - north lead,Boondocking / Dispersed,46.13046982197724,-87.41046226029941,"vague/community wording in boondocking record — review for honest warning, not automatic defect; broad park/forest/lake/river/system name; review as area/rule or component split; legacy active row has no visible source URL",System/area/community wording audit; clarify marker meaning or component split.,Automated risk flag only; user-approved nuance: boondocking/community vagueness and park/campground entrances are not automatic defects.
P3,MI,s281,Escanaba River boondock - south lead,Boondocking / Dispersed,46.07119749151616,-87.34493797323816,"vague/community wording in boondocking record — review for honest warning, not automatic defect; broad park/forest/lake/river/system name; review as area/rule or component split; legacy active row has no visible source URL",System/area/community wording audit; clarify marker meaning or component split.,Automated risk flag only; user-approved nuance: boondocking/community vagueness and park/campground entrances are not automatic defects.
P3,MI,s282,Escanaba river site,Boondocking / Dispersed,46.14544310151374,-87.42433039567379,"vague/community wording in boondocking record — review for honest warning, not automatic defect; broad park/forest/lake/river/system name; review as area/rule or component split; legacy active row has no visible source URL",System/area/community wording audit; clarify marker meaning or component split.,Automated risk flag only; user-approved nuance: boondocking/community vagueness and park/campground entrances are not automatic defects.
P3,MI,s310,Fort Wilkins Historic State Park,Modern Campgrounds,47.4676544,-87.8619897,broad park/forest/lake/river/system name; review as area/rule or component split,System/area/community wording audit; clarify marker meaning or component split.,Automated risk flag only; user-approved nuance: boondocking/community vagueness and park/campground entrances are not automatic defects.
P3,MI,s319,French Farm Lake Road Dispersed Camping,Boondocking / Dispersed,45.7621519,-84.7673995,broad park/forest/lake/river/system name; review as area/rule or component split,System/area/community wording audit; clarify marker meaning or component split.,Automated risk flag only; user-approved nuance: boondocking/community vagueness and park/campground entrances are not automatic defects.
P3,MI,s340,Government Landing,Boondocking / Dispersed,44.2968,-85.9072,broad park/forest/lake/river/system name; review as area/rule or component split,System/area/community wording audit; clarify marker meaning or component split.,Automated risk flag only; user-approved nuance: boondocking/community vagueness and park/campground entrances are not automatic defects.
P3,MI,s382,Herman Lake Dispersed,Boondocking / Dispersed,46.24077521,-86.58649797,broad park/forest/lake/river/system name; review as area/rule or component split,System/area/community wording audit; clarify marker meaning or component split.,Automated risk flag only; user-approved nuance: boondocking/community vagueness and park/campground entrances are not automatic defects.
P3,MI,s385,Hickey Marsh Dispersed Camping,Boondocking / Dispersed,46.354616,-86.50366895,broad park/forest/lake/river/system name; review as area/rule or component split,System/area/community wording audit; clarify marker meaning or component split.,Automated risk flag only; user-approved nuance: boondocking/community vagueness and park/campground entrances are not automatic defects.
P3,MI,s391,High Rock Bay,Boondocking / Dispersed,47.4267873,-87.7144562,"vague/community wording in boondocking record — review for honest warning, not automatic defect; legacy active row has no visible source URL",System/area/community wording audit; clarify marker meaning or component split.,Automated risk flag only; user-approved nuance: boondocking/community vagueness and park/campground entrances are not automatic defects.
P3,MI,s415,Huron-Manistee dispersed area - Boardman corridor,Boondocking / Dispersed,44.654486,-85.45025,broad park/forest/lake/river/system name; review as area/rule or component split,System/area/community wording audit; clarify marker meaning or component split.,Automated risk flag only; user-approved nuance: boondocking/community vagueness and park/campground entrances are not automatic defects.
P3,MI,s493,Lake Dubonnet Trail Camp,Rustic / Primitive,44.697605,-85.781303,broad park/forest/lake/river/system name; review as area/rule or component split,System/area/community wording audit; clarify marker meaning or component split.,Automated risk flag only; user-approved nuance: boondocking/community vagueness and park/campground entrances are not automatic defects.
P3,MI,s497,Lake Gogebic County Park,Modern Campgrounds,46.4105916,-89.5521294,broad park/forest/lake/river/system name; review as area/rule or component split,System/area/community wording audit; clarify marker meaning or component split.,Automated risk flag only; user-approved nuance: boondocking/community vagueness and park/campground entrances are not automatic defects.
P3,MI,s498,Lake Gogebic State Park,Modern Campgrounds,46.4569939,-89.5692573,broad park/forest/lake/river/system name; review as area/rule or component split,System/area/community wording audit; clarify marker meaning or component split.,Automated risk flag only; user-approved nuance: boondocking/community vagueness and park/campground entrances are not automatic defects.
P3,MI,s520,Lake Superior North Shore Camping,Boondocking / Dispersed,46.76308903,-85.02278517,broad park/forest/lake/river/system name; review as area/rule or component split,System/area/community wording audit; clarify marker meaning or component split.,Automated risk flag only; user-approved nuance: boondocking/community vagueness and park/campground entrances are not automatic defects.
P3,MI,s593,McLain State Park,Modern Campgrounds,47.2332801,-88.6159168,broad park/forest/lake/river/system name; review as area/rule or component split,System/area/community wording audit; clarify marker meaning or component split.,Automated risk flag only; user-approved nuance: boondocking/community vagueness and park/campground entrances are not automatic defects.
P3,MI,s602,Merrill–Gorrel County Park,Modern Campgrounds,43.800554,-85.1534787,broad park/forest/lake/river/system name; review as area/rule or component split,System/area/community wording audit; clarify marker meaning or component split.,Automated risk flag only; user-approved nuance: boondocking/community vagueness and park/campground entrances are not automatic defects.
P3,MI,s621,Mouth of the Huron,Boondocking / Dispersed,46.9116451,-88.0441042,"vague/community wording in boondocking record — review for honest warning, not automatic defect; legacy active row has no visible source URL",System/area/community wording audit; clarify marker meaning or component split.,Automated risk flag only; user-approved nuance: boondocking/community vagueness and park/campground entrances are not automatic defects.
P3,MI,s670,Otsego Lake State Park,Modern Campgrounds,44.9284768,-84.6894768,broad park/forest/lake/river/system name; review as area/rule or component split,System/area/community wording audit; clarify marker meaning or component split.,Automated risk flag only; user-approved nuance: boondocking/community vagueness and park/campground entrances are not automatic defects.
P3,MI,s1042,Ottawa NF West Dispersed Camping Anchor,Boondocking / Dispersed,46.454,-89.42,broad park/forest/lake/river/system name; review as area/rule or component split,System/area/community wording audit; clarify marker meaning or component split.,Automated risk flag only; user-approved nuance: boondocking/community vagueness and park/campground entrances are not automatic defects.
P3,MI,s682,Pentoga Park,Modern Campgrounds,46.0400757,-88.510487,broad park/forest/lake/river/system name; review as area/rule or component split,System/area/community wording audit; clarify marker meaning or component split.,Automated risk flag only; user-approved nuance: boondocking/community vagueness and park/campground entrances are not automatic defects.
P3,MI,s685,Pere Marquette State Forest dispersed area - Muncie Lakes unit,Boondocking / Dispersed,44.65728,-85.44774,"vague/community wording in boondocking record — review for honest warning, not automatic defect; broad park/forest/lake/river/system name; review as area/rule or component split",System/area/community wording audit; clarify marker meaning or component split.,Automated risk flag only; user-approved nuance: boondocking/community vagueness and park/campground entrances are not automatic defects.
P3,MI,s713,Pinnacle Falls lot,Boondocking / Dispersed,46.7111579,-87.8065897,"vague/community wording in boondocking record — review for honest warning, not automatic defect; legacy active row has no visible source URL",System/area/community wording audit; clarify marker meaning or component split.,Automated risk flag only; user-approved nuance: boondocking/community vagueness and park/campground entrances are not automatic defects.
P3,MI,s763,Rapid River Trail Camp,Rustic / Primitive,44.7532936,-85.1942083,broad park/forest/lake/river/system name; review as area/rule or component split; legacy active row has no visible source URL,System/area/community wording audit; clarify marker meaning or component split.,Automated risk flag only; user-approved nuance: boondocking/community vagueness and park/campground entrances are not automatic defects.
P3,MI,s774,Rippling River Resort,Private Campgrounds,46.5093663,-87.4146899,broad park/forest/lake/river/system name; review as area/rule or component split,System/area/community wording audit; clarify marker meaning or component split.,Automated risk flag only; user-approved nuance: boondocking/community vagueness and park/campground entrances are not automatic defects.
P3,MI,s794,Rustic Peshekee Cabin - Van Riper State Park,Rustic / Primitive,46.5293304,-88.0017851,broad park/forest/lake/river/system name; review as area/rule or component split; legacy active row has no visible source URL,System/area/community wording audit; clarify marker meaning or component split.,Automated risk flag only; user-approved nuance: boondocking/community vagueness and park/campground entrances are not automatic defects.
P3,MI,s808,Sanilac County Evergreen Park,Modern Campgrounds,43.5519025,-83.09552,broad park/forest/lake/river/system name; review as area/rule or component split,System/area/community wording audit; clarify marker meaning or component split.,Automated risk flag only; user-approved nuance: boondocking/community vagueness and park/campground entrances are not automatic defects.
P3,MI,s811,Sawdust Hole River Access Camping,Boondocking / Dispersed,44.26931244,-85.95168475,broad park/forest/lake/river/system name; review as area/rule or component split,System/area/community wording audit; clarify marker meaning or component split.,Automated risk flag only; user-approved nuance: boondocking/community vagueness and park/campground entrances are not automatic defects.
P3,MI,s812,Sawkaw Lake Dispersed Camping,Boondocking / Dispersed,43.76294101,-85.89773036,broad park/forest/lake/river/system name; review as area/rule or component split,System/area/community wording audit; clarify marker meaning or component split.,Automated risk flag only; user-approved nuance: boondocking/community vagueness and park/campground entrances are not automatic defects.
P3,MI,s813,Sawmill Creek Boondock,Boondocking / Dispersed,46.129800551910414,-87.39783610286325,"vague/community wording in boondocking record — review for honest warning, not automatic defect; legacy active row has no visible source URL",System/area/community wording audit; clarify marker meaning or component split.,Automated risk flag only; user-approved nuance: boondocking/community vagueness and park/campground entrances are not automatic defects.
P3,MI,s818,Schecks Place Trail Camp,Rustic / Primitive,44.654486,-85.45025,broad park/forest/lake/river/system name; review as area/rule or component split,System/area/community wording audit; clarify marker meaning or component split.,Automated risk flag only; user-approved nuance: boondocking/community vagueness and park/campground entrances are not automatic defects.
P3,MI,s826,Seven Lakes State Park,Modern Campgrounds,42.8106482,-83.6674177,broad park/forest/lake/river/system name; review as area/rule or component split,System/area/community wording audit; clarify marker meaning or component split.,Automated risk flag only; user-approved nuance: boondocking/community vagueness and park/campground entrances are not automatic defects.
P3,MI,s840,Silver Lake 1,Boondocking / Dispersed,46.6612423,-87.8371345,"vague/community wording in boondocking record — review for honest warning, not automatic defect; broad park/forest/lake/river/system name; review as area/rule or component split; legacy active row has no visible source URL",System/area/community wording audit; clarify marker meaning or component split.,Automated risk flag only; user-approved nuance: boondocking/community vagueness and park/campground entrances are not automatic defects.
P3,MI,s841,Silver Lake 2,Boondocking / Dispersed,46.650547,-87.8510469,"vague/community wording in boondocking record — review for honest warning, not automatic defect; broad park/forest/lake/river/system name; review as area/rule or component split; legacy active row has no visible source URL",System/area/community wording audit; clarify marker meaning or component split.,Automated risk flag only; user-approved nuance: boondocking/community vagueness and park/campground entrances are not automatic defects.
P3,MI,s842,Silver Lake 3,Boondocking / Dispersed,46.6542482,-87.8143247,"vague/community wording in boondocking record — review for honest warning, not automatic defect; broad park/forest/lake/river/system name; review as area/rule or component split; legacy active row has no visible source URL",System/area/community wording audit; clarify marker meaning or component split.,Automated risk flag only; user-approved nuance: boondocking/community vagueness and park/campground entrances are not automatic defects.
P3,MI,s859,South Higgins Lake Camping,Modern Campgrounds,44.4235184,-84.6845567,broad park/forest/lake/river/system name; review as area/rule or component split,System/area/community wording audit; clarify marker meaning or component split.,Automated risk flag only; user-approved nuance: boondocking/community vagueness and park/campground entrances are not automatic defects.
P3,MI,s879,Steuben Lake - Manistique Rapid River Dispersed,Boondocking / Dispersed,46.2024167,-86.42781518,broad park/forest/lake/river/system name; review as area/rule or component split,System/area/community wording audit; clarify marker meaning or component split.,Automated risk flag only; user-approved nuance: boondocking/community vagueness and park/campground entrances are not automatic defects.
P3,MI,s882,Stoney Creek Trail Camp,Rustic / Primitive,45.4065622,-84.4399028,broad park/forest/lake/river/system name; review as area/rule or component split; legacy active row has no visible source URL,System/area/community wording audit; clarify marker meaning or component split.,Automated risk flag only; user-approved nuance: boondocking/community vagueness and park/campground entrances are not automatic defects.
P3,MI,s883,Straits State Park,Modern Campgrounds,45.85507,-84.719492,broad park/forest/lake/river/system name; review as area/rule or component split,System/area/community wording audit; clarify marker meaning or component split.,Automated risk flag only; user-approved nuance: boondocking/community vagueness and park/campground entrances are not automatic defects.
P3,MI,s887,Sturgeon Gorge Boondocking,Boondocking / Dispersed,46.5737562,-88.6635304,"vague/community wording in boondocking record — review for honest warning, not automatic defect; legacy active row has no visible source URL",System/area/community wording audit; clarify marker meaning or component split.,Automated risk flag only; user-approved nuance: boondocking/community vagueness and park/campground entrances are not automatic defects.
P3,MI,s905,Tank Lake,Boondocking / Dispersed,46.6024279,-85.7434578,"vague/community wording in boondocking record — review for honest warning, not automatic defect; broad park/forest/lake/river/system name; review as area/rule or component split; legacy active row has no visible source URL",System/area/community wording audit; clarify marker meaning or component split.,Automated risk flag only; user-approved nuance: boondocking/community vagueness and park/campground entrances are not automatic defects.
P3,MI,s935,Triangle Lake - Manistique Rapid River Dispersed,Boondocking / Dispersed,46.16667858,-86.49723918,broad park/forest/lake/river/system name; review as area/rule or component split,System/area/community wording audit; clarify marker meaning or component split.,Automated risk flag only; user-approved nuance: boondocking/community vagueness and park/campground entrances are not automatic defects.
P3,MI,s955,USFS 3536 Dispersed Site,Boondocking / Dispersed,46.35276778604294,-84.82903811659388,broad park/forest/lake/river/system name; review as area/rule or component split,System/area/community wording audit; clarify marker meaning or component split.,Automated risk flag only; user-approved nuance: boondocking/community vagueness and park/campground entrances are not automatic defects.
P3,MI,s1044,Watersmeet / Marion / Golden Dispersed Camping Anchor,Boondocking / Dispersed,46.203,-89.03,broad park/forest/lake/river/system name; review as area/rule or component split,System/area/community wording audit; clarify marker meaning or component split.,Automated risk flag only; user-approved nuance: boondocking/community vagueness and park/campground entrances are not automatic defects.
P3,MI,s995,Whitefish river site,Boondocking / Dispersed,46.09043141144254,-86.84924825917933,"vague/community wording in boondocking record — review for honest warning, not automatic defect; broad park/forest/lake/river/system name; review as area/rule or component split; legacy active row has no visible source URL",System/area/community wording audit; clarify marker meaning or component split.,Automated risk flag only; user-approved nuance: boondocking/community vagueness and park/campground entrances are not automatic defects.
P3,MI,s998,Wide Waters Dispersed Camping,Boondocking / Dispersed,46.6410352,-85.12638008,broad park/forest/lake/river/system name; review as area/rule or component split,System/area/community wording audit; clarify marker meaning or component split.,Automated risk flag only; user-approved nuance: boondocking/community vagueness and park/campground entrances are not automatic defects.
P3,MI,s1014,Wilson State Park,Modern Campgrounds,44.0294049,-84.8037457,broad park/forest/lake/river/system name; review as area/rule or component split,System/area/community wording audit; clarify marker meaning or component split.,Automated risk flag only; user-approved nuance: boondocking/community vagueness and park/campground entrances are not automatic defects.
P3,MI,s1026,Yellow Dog #2,Boondocking / Dispersed,46.7156626,-87.8410567,"vague/community wording in boondocking record — review for honest warning, not automatic defect; legacy active row has no visible source URL",System/area/community wording audit; clarify marker meaning or component split.,Automated risk flag only; user-approved nuance: boondocking/community vagueness and park/campground entrances are not automatic defects.
P3,MI,s1027,Yellow Dog 3,Boondocking / Dispersed,46.7116544,-87.8190803,"vague/community wording in boondocking record — review for honest warning, not automatic defect; legacy active row has no visible source URL",System/area/community wording audit; clarify marker meaning or component split.,Automated risk flag only; user-approved nuance: boondocking/community vagueness and park/campground entrances are not automatic defects.
P3,MI,s1029,Young State Park,Modern Campgrounds,45.2356058,-85.0438098,broad park/forest/lake/river/system name; review as area/rule or component split,System/area/community wording audit; clarify marker meaning or component split.,Automated risk flag only; user-approved nuance: boondocking/community vagueness and park/campground entrances are not automatic defects.
P3,MN,mn-v23144-afton-state-park-south-camp-area-group-camps,Afton State Park — South Camp Area group camps,Rustic / Primitive,44.8445,-92.7805,broad park/forest/lake/river/system name; review as area/rule or component split,System/area/community wording audit; clarify marker meaning or component split.,Automated risk flag only; user-approved nuance: boondocking/community vagueness and park/campground entrances are not automatic defects.
P3,MN,mn-v23144-agassa-lake-backcountry-site,Agassa Lake Backcountry Site,Boat / Backpack,48.05727372,-91.94981957,broad park/forest/lake/river/system name; review as area/rule or component split,System/area/community wording audit; clarify marker meaning or component split.,Automated risk flag only; user-approved nuance: boondocking/community vagueness and park/campground entrances are not automatic defects.
P3,MN,mn-v23144-bear-island-lake-backcountry-sites,Bear Island Lake Backcountry Sites,Boat / Backpack,47.77020936,-91.98809533,broad park/forest/lake/river/system name; review as area/rule or component split,System/area/community wording audit; clarify marker meaning or component split.,Automated risk flag only; user-approved nuance: boondocking/community vagueness and park/campground entrances are not automatic defects.
P3,MN,mn-v23143-bimijiwan-recreation-area,Bimijiwan Recreation Area,Rustic / Primitive,47.450313,-94.483736,broad park/forest/lake/river/system name; review as area/rule or component split,System/area/community wording audit; clarify marker meaning or component split.,Automated risk flag only; user-approved nuance: boondocking/community vagueness and park/campground entrances are not automatic defects.
P3,MN,mn-v23144-blue-mounds-state-park-cart-in-tipi-camping-area,Blue Mounds State Park — cart-in / tipi camping area,Boat / Backpack,43.7116,-96.1818,broad park/forest/lake/river/system name; review as area/rule or component split,System/area/community wording audit; clarify marker meaning or component split.,Automated risk flag only; user-approved nuance: boondocking/community vagueness and park/campground entrances are not automatic defects.
P3,MN,s190,Chippewa National Forest,Info / Reference,47.5832825,-93.9002121,broad park/forest/lake/river/system name; review as area/rule or component split,System/area/community wording audit; clarify marker meaning or component split.,Automated risk flag only; user-approved nuance: boondocking/community vagueness and park/campground entrances are not automatic defects.
P3,MN,mn-rest-v58-i90-eb-clear-lake,Clear Lake Rest Area - I-90 Eastbound,rest-truck rest-area rest areas & roadside stops official mn,43.635326,-95.082912,broad park/forest/lake/river/system name; review as area/rule or component split,System/area/community wording audit; clarify marker meaning or component split.,Automated risk flag only; user-approved nuance: boondocking/community vagueness and park/campground entrances are not automatic defects.
P3,MN,mn-rest-v58-i90-wb-des-moines-river,Des Moines River Rest Area - I-90 Westbound,rest-truck rest-area rest areas & roadside stops official mn,43.640417,-95.020097,broad park/forest/lake/river/system name; review as area/rule or component split,System/area/community wording audit; clarify marker meaning or component split.,Automated risk flag only; user-approved nuance: boondocking/community vagueness and park/campground entrances are not automatic defects.
P3,MN,mn-rest-v58-i35-sb-forest-lake,Forest Lake Rest Area - I-35 Southbound,rest-truck rest-area rest areas & roadside stops official mn,45.27019,-93.009192,broad park/forest/lake/river/system name; review as area/rule or component split,System/area/community wording audit; clarify marker meaning or component split.,Automated risk flag only; user-approved nuance: boondocking/community vagueness and park/campground entrances are not automatic defects.
P3,MN,mn-rest-v58-i35-sb-general-andrews,General Andrews Rest Area - I-35 Southbound,rest-truck rest-area rest areas & roadside stops official mn,46.356782,-92.806136,broad park/forest/lake/river/system name; review as area/rule or component split,System/area/community wording audit; clarify marker meaning or component split.,Automated risk flag only; user-approved nuance: boondocking/community vagueness and park/campground entrances are not automatic defects.
P3,MN,mn-v23143-ham-lake-backcountry-sites-system,Ham Lake Backcountry Sites System,Boat / Backpack,48.06879574,-90.81177752,broad park/forest/lake/river/system name; review as area/rule or component split,System/area/community wording audit; clarify marker meaning or component split.,Automated risk flag only; user-approved nuance: boondocking/community vagueness and park/campground entrances are not automatic defects.
P3,MN,mn-rest-v58-i35-nb-kettle-river,Kettle River Rest Area - I-35 Northbound,rest-truck rest-area rest areas & roadside stops official mn,46.211269,-92.83734,broad park/forest/lake/river/system name; review as area/rule or component split,System/area/community wording audit; clarify marker meaning or component split.,Automated risk flag only; user-approved nuance: boondocking/community vagueness and park/campground entrances are not automatic defects.
P3,MN,mn-v23144-mille-lacs-kathio-group-camp,Mille Lacs Kathio — Group Camp,Rustic / Primitive,46.1435,-93.762,broad park/forest/lake/river/system name; review as area/rule or component split,System/area/community wording audit; clarify marker meaning or component split.,Automated risk flag only; user-approved nuance: boondocking/community vagueness and park/campground entrances are not automatic defects.
P3,MN,mn-v23144-mille-lacs-kathio-horse-camp,Mille Lacs Kathio — Horse Camp,Rustic / Primitive,46.1492,-93.7388,broad park/forest/lake/river/system name; review as area/rule or component split,System/area/community wording audit; clarify marker meaning or component split.,Automated risk flag only; user-approved nuance: boondocking/community vagueness and park/campground entrances are not automatic defects.
P3,MN,mn-v23143-ojibway-triangle-lakes-island-backcountry-sites,Ojibway and Triangle Lakes Island Backcountry Sites System,Boat / Backpack,47.95563705,-91.56213322,broad park/forest/lake/river/system name; review as area/rule or component split,System/area/community wording audit; clarify marker meaning or component split.,Automated risk flag only; user-approved nuance: boondocking/community vagueness and park/campground entrances are not automatic defects.
P3,MN,mn-v23143-pine-lake-boat-foot-access-site-system,Pine Lake Boat/Foot-Access Site System,Boat / Backpack,47.46458895,-91.78399442,broad park/forest/lake/river/system name; review as area/rule or component split,System/area/community wording audit; clarify marker meaning or component split.,Automated risk flag only; user-approved nuance: boondocking/community vagueness and park/campground entrances are not automatic defects.
P3,MN,mn-v23144-rum-river-game-refuge-road-dispersed-pullouts,Rum River / Game Refuge Road dispersed pullouts,Boondocking / Dispersed,45.949219,-93.571105,broad park/forest/lake/river/system name; review as area/rule or component split,System/area/community wording audit; clarify marker meaning or component split.,Automated risk flag only; user-approved nuance: boondocking/community vagueness and park/campground entrances are not automatic defects.
P3,MN,mn-rest-v58-i35-nb-straight-river,Straight River Rest Area - I-35 Northbound,rest-truck rest-area rest areas & roadside stops official mn,43.987212,-93.252557,broad park/forest/lake/river/system name; review as area/rule or component split,System/area/community wording audit; clarify marker meaning or component split.,Automated risk flag only; user-approved nuance: boondocking/community vagueness and park/campground entrances are not automatic defects.
P3,MN,mn-rest-v58-i35-sb-straight-river,Straight River Rest Area - I-35 Southbound,rest-truck rest-area rest areas & roadside stops official mn,43.986203,-93.257605,broad park/forest/lake/river/system name; review as area/rule or component split,System/area/community wording audit; clarify marker meaning or component split.,Automated risk flag only; user-approved nuance: boondocking/community vagueness and park/campground entrances are not automatic defects.
P3,MN,s898,Superior National Forest,Info / Reference,47.7501829,-91.5004177,broad park/forest/lake/river/system name; review as area/rule or component split,System/area/community wording audit; clarify marker meaning or component split.,Automated risk flag only; user-approved nuance: boondocking/community vagueness and park/campground entrances are not automatic defects.
P3,MN,mn-rest-v58-i35-both-thompson-hill,Thompson Hill Rest Area / Travel Information Center - I-35,rest-truck rest-area rest areas & roadside stops official mn,46.729469,-92.205428,broad park/forest/lake/river/system name; review as area/rule or component split,System/area/community wording audit; clarify marker meaning or component split.,Automated risk flag only; user-approved nuance: boondocking/community vagueness and park/campground entrances are not automatic defects.
P3,MT,mt-v23196-homestake-pass-dispersed-camping,Homestake Pass dispersed camping / Homestake Road area,Boondocking / Dispersed,45.926345,-112.405241,"vague/community wording in boondocking record — review for honest warning, not automatic defect",System/area/community wording audit; clarify marker meaning or component split.,Automated risk flag only; user-approved nuance: boondocking/community vagueness and park/campground entrances are not automatic defects.
P3,ND,nd-v23153-camels-hump-lake-wma,Camels Hump Lake WMA,Boondocking / Dispersed,46.946399,-103.817248,broad park/forest/lake/river/system name; review as area/rule or component split,System/area/community wording audit; clarify marker meaning or component split.,Automated risk flag only; user-approved nuance: boondocking/community vagueness and park/campground entrances are not automatic defects.
P3,ND,nd-v23153-cedar-river-ng-dispersed-rule-area,Cedar River National Grassland dispersed camping rule area,Boondocking / Dispersed,46.03,-101.68,"vague/community wording in boondocking record — review for honest warning, not automatic defect; broad park/forest/lake/river/system name; review as area/rule or component split",System/area/community wording audit; clarify marker meaning or component split.,Automated risk flag only; user-approved nuance: boondocking/community vagueness and park/campground entrances are not automatic defects.
P3,ND,nd-v23152-fort-stevenson-walk-in-primitive,Fort Stevenson State Park Walk-in Primitive Sites,Boat / Backpack,47.5864,-101.421,broad park/forest/lake/river/system name; review as area/rule or component split,System/area/community wording audit; clarify marker meaning or component split.,Automated risk flag only; user-approved nuance: boondocking/community vagueness and park/campground entrances are not automatic defects.
P3,ND,nd-v23153-little-missouri-ng-dispersed-rule-area,Little Missouri National Grassland dispersed camping rule area,Boondocking / Dispersed,47.2,-103.45,"vague/community wording in boondocking record — review for honest warning, not automatic defect; broad park/forest/lake/river/system name; review as area/rule or component split",System/area/community wording audit; clarify marker meaning or component split.,Automated risk flag only; user-approved nuance: boondocking/community vagueness and park/campground entrances are not automatic defects.
P3,ND,nd-v23153-mckenzie-slough-state-game-area,McKenzie Slough State Game Area,Boondocking / Dispersed,46.8067,-100.4154,broad park/forest/lake/river/system name; review as area/rule or component split,System/area/community wording audit; clarify marker meaning or component split.,Automated risk flag only; user-approved nuance: boondocking/community vagueness and park/campground entrances are not automatic defects.
P3,ND,nd-v23153-ndgf-wma-devils-lake-north-central-cluster,NDGF WMA primitive camping — Devils Lake / north-central cluster,Boondocking / Dispersed,48.1,-99.25,"vague/community wording in boondocking record — review for honest warning, not automatic defect; broad park/forest/lake/river/system name; review as area/rule or component split",System/area/community wording audit; clarify marker meaning or component split.,Automated risk flag only; user-approved nuance: boondocking/community vagueness and park/campground entrances are not automatic defects.
P3,ND,nd-v23153-ndgf-wma-pembina-hills-ne-cluster,NDGF WMA primitive camping — Pembina Hills / northeast cluster,Boondocking / Dispersed,48.88,-97.86,"vague/community wording in boondocking record — review for honest warning, not automatic defect; broad park/forest/lake/river/system name; review as area/rule or component split",System/area/community wording audit; clarify marker meaning or component split.,Automated risk flag only; user-approved nuance: boondocking/community vagueness and park/campground entrances are not automatic defects.
P3,ND,nd-v23153-ndgf-wma-sheyenne-mirror-pool-se-cluster,NDGF WMA primitive camping — Sheyenne / Mirror Pool / southeast cluster,Boondocking / Dispersed,46.42,-97.05,"vague/community wording in boondocking record — review for honest warning, not automatic defect; broad park/forest/lake/river/system name; review as area/rule or component split",System/area/community wording audit; clarify marker meaning or component split.,Automated risk flag only; user-approved nuance: boondocking/community vagueness and park/campground entrances are not automatic defects.
P3,ND,nd-v23153-ndgf-wma-turtle-mountains-cluster,NDGF WMA primitive camping — Turtle Mountains cluster,Boondocking / Dispersed,48.93,-100.08,"vague/community wording in boondocking record — review for honest warning, not automatic defect; broad park/forest/lake/river/system name; review as area/rule or component split",System/area/community wording audit; clarify marker meaning or component split.,Automated risk flag only; user-approved nuance: boondocking/community vagueness and park/campground entrances are not automatic defects.
P3,ND,nd-v23153-scoria-pit-dispersed-camping,Scoria Pit Dispersed Camping / Grassland Boondocking,Boondocking / Dispersed,46.945441,-103.588615,broad park/forest/lake/river/system name; review as area/rule or component split,System/area/community wording audit; clarify marker meaning or component split.,Automated risk flag only; user-approved nuance: boondocking/community vagueness and park/campground entrances are not automatic defects.
P3,ND,nd-v23153-sheyenne-ng-dispersed-rule-area,Sheyenne National Grassland dispersed/open-prairie camping rule area,Boondocking / Dispersed,46.35,-97.1,"vague/community wording in boondocking record — review for honest warning, not automatic defect; broad park/forest/lake/river/system name; review as area/rule or component split",System/area/community wording audit; clarify marker meaning or component split.,Automated risk flag only; user-approved nuance: boondocking/community vagueness and park/campground entrances are not automatic defects.
P3,NE,s333,Gifford Point WMA,Boondocking / Dispersed,41.1747399,-95.8591247,broad park/forest/lake/river/system name; review as area/rule or component split; legacy active row has no visible source URL,System/area/community wording audit; clarify marker meaning or component split.,Automated risk flag only; user-approved nuance: boondocking/community vagueness and park/campground entrances are not automatic defects.
P3,NE,s356,Grove Lake Wildlife Management Area,Boondocking / Dispersed,42.3755417,-98.1181547,broad park/forest/lake/river/system name; review as area/rule or component split; legacy active row has no visible source URL,System/area/community wording audit; clarify marker meaning or component split.,Automated risk flag only; user-approved nuance: boondocking/community vagueness and park/campground entrances are not automatic defects.
P3,NE,s437,Jack Sinn Memorial Wildlife Management Area,Rustic / Primitive,41.0306771,-96.6443474,broad park/forest/lake/river/system name; review as area/rule or component split,System/area/community wording audit; clarify marker meaning or component split.,Automated risk flag only; user-approved nuance: boondocking/community vagueness and park/campground entrances are not automatic defects.
P3,NE,s944,Twin Lakes State Wildlife Management Area,Rustic / Primitive,40.8284538,-96.944732,broad park/forest/lake/river/system name; review as area/rule or component split; legacy active row has no visible source URL,System/area/community wording audit; clarify marker meaning or component split.,Automated risk flag only; user-approved nuance: boondocking/community vagueness and park/campground entrances are not automatic defects.
P3,PA,pa-wayne-clayton-park-rv-escape,Clayton Park RV Escape,Private Campgrounds,41.454378,-75.451048,broad park/forest/lake/river/system name; review as area/rule or component split,System/area/community wording audit; clarify marker meaning or component split.,Automated risk flag only; user-approved nuance: boondocking/community vagueness and park/campground entrances are not automatic defects.
P3,PA,pa-four-seasons-raystown-lake-camping-resort,Four Seasons at Raystown Lake Camping Resort,Private Campgrounds,40.2545127,-78.1945953,broad park/forest/lake/river/system name; review as area/rule or component split,System/area/community wording audit; clarify marker meaning or component split.,Automated risk flag only; user-approved nuance: boondocking/community vagueness and park/campground entrances are not automatic defects.
P3,PA,pa-forest-lake-lucy-rv-park,Lake Lucy RV Park,Private Campgrounds,41.39433,-79.38976,broad park/forest/lake/river/system name; review as area/rule or component split,System/area/community wording audit; clarify marker meaning or component split.,Automated risk flag only; user-approved nuance: boondocking/community vagueness and park/campground entrances are not automatic defects.
P3,PA,pa-monroe-otter-lake-camp-resort,Otter Lake Camp Resort,Private Campgrounds,41.140392,-75.152453,broad park/forest/lake/river/system name; review as area/rule or component split,System/area/community wording audit; clarify marker meaning or component split.,Automated risk flag only; user-approved nuance: boondocking/community vagueness and park/campground entrances are not automatic defects.
P3,SD,sd-amsden-lakeside-use-area-v23150,Amsden Lakeside Use Area,Rustic / Primitive,45.3562,-97.9623,broad park/forest/lake/river/system name; review as area/rule or component split,System/area/community wording audit; clarify marker meaning or component split.,Automated risk flag only; user-approved nuance: boondocking/community vagueness and park/campground entrances are not automatic defects.
P3,SD,sd-v23190-badlands-white-river-koa-holiday,Badlands / White River KOA Holiday,Private Campgrounds,43.6918667,-101.9312833,broad park/forest/lake/river/system name; review as area/rule or component split,System/area/community wording audit; clarify marker meaning or component split.,Automated risk flag only; user-approved nuance: boondocking/community vagueness and park/campground entrances are not automatic defects.
P3,SD,sd-v23190-black-hills-national-forest-dispersed-camping-rule-area,Black Hills National Forest Dispersed Camping Rule Area,Boondocking / Dispersed,44.059,-103.741,broad park/forest/lake/river/system name; review as area/rule or component split,System/area/community wording audit; clarify marker meaning or component split.,Automated risk flag only; user-approved nuance: boondocking/community vagueness and park/campground entrances are not automatic defects.
P3,SD,sd-v23190-burke-lake-recreation-area,Burke Lake Recreation Area,Rustic / Primitive,43.18319,-99.26003,broad park/forest/lake/river/system name; review as area/rule or component split,System/area/community wording audit; clarify marker meaning or component split.,Automated risk flag only; user-approved nuance: boondocking/community vagueness and park/campground entrances are not automatic defects.
P3,SD,sd-cow-creek-primitive-shoreline-sites-39-46-v23151,Cow Creek Primitive Shoreline Sites 39–46,Rustic / Primitive,44.561,-100.493,broad park/forest/lake/river/system name; review as area/rule or component split,System/area/community wording audit; clarify marker meaning or component split.,Automated risk flag only; user-approved nuance: boondocking/community vagueness and park/campground entrances are not automatic defects.
P3,SD,sd-fort-sisseton-historic-state-park-v23150,Fort Sisseton Historic State Park,Modern Campgrounds,45.6594,-97.52827,broad park/forest/lake/river/system name; review as area/rule or component split,System/area/community wording audit; clarify marker meaning or component split.,Automated risk flag only; user-approved nuance: boondocking/community vagueness and park/campground entrances are not automatic defects.
P3,SD,sd-french-creek-horse-camp-csp-v23150,French Creek Horse Camp,Modern Campgrounds,43.7134,-103.451,broad park/forest/lake/river/system name; review as area/rule or component split,System/area/community wording audit; clarify marker meaning or component split.,Automated risk flag only; user-approved nuance: boondocking/community vagueness and park/campground entrances are not automatic defects.
P3,SD,sd-iron-creek-horse-camp-v23150,Iron Creek Horse Camp,Rustic / Primitive,43.8271151,-103.473322,broad park/forest/lake/river/system name; review as area/rule or component split,System/area/community wording audit; clarify marker meaning or component split.,Automated risk flag only; user-approved nuance: boondocking/community vagueness and park/campground entrances are not automatic defects.
P3,SD,sd-oakwood-lakes-state-park-v23150,Oakwood Lakes State Park,Modern Campgrounds,44.44975,-96.98198,broad park/forest/lake/river/system name; review as area/rule or component split,System/area/community wording audit; clarify marker meaning or component split.,Automated risk flag only; user-approved nuance: boondocking/community vagueness and park/campground entrances are not automatic defects.
P3,SD,sd-v23190-royal-river-casino-rv-park,Royal River Casino RV Park,Private Campgrounds,44.0418,-96.6062,broad park/forest/lake/river/system name; review as area/rule or component split,System/area/community wording audit; clarify marker meaning or component split.,Automated risk flag only; user-approved nuance: boondocking/community vagueness and park/campground entrances are not automatic defects.
P3,SD,sd-sica-hollow-state-park-v23150,Sica Hollow State Park,Rustic / Primitive,45.7421,-97.24267,broad park/forest/lake/river/system name; review as area/rule or component split,System/area/community wording audit; clarify marker meaning or component split.,Automated risk flag only; user-approved nuance: boondocking/community vagueness and park/campground entrances are not automatic defects.
P3,SD,s857,South Dakota State Park APP,Info / Reference,44.0390684,-100.1592755,broad park/forest/lake/river/system name; review as area/rule or component split; legacy active row has no visible source URL,System/area/community wording audit; clarify marker meaning or component split.,Automated risk flag only; user-approved nuance: boondocking/community vagueness and park/campground entrances are not automatic defects.
P3,SD,sd-steamboat-rock-camping-v23150,Steamboat Rock Picnic/Tent Camping Sites,Rustic / Primitive,44.1576023,-103.46957,broad park/forest/lake/river/system name; review as area/rule or component split,System/area/community wording audit; clarify marker meaning or component split.,Automated risk flag only; user-approved nuance: boondocking/community vagueness and park/campground entrances are not automatic defects.
P3,SD,sd-stockade-group-area-v23150,Stockade Group Area,Rustic / Primitive,43.764,-103.5245,broad park/forest/lake/river/system name; review as area/rule or component split,System/area/community wording audit; clarify marker meaning or component split.,Automated risk flag only; user-approved nuance: boondocking/community vagueness and park/campground entrances are not automatic defects.
P3,SD,sd-strawberry-recreation-site-v23150,Strawberry Recreation Site,Rustic / Primitive,44.310832,-103.6921299,broad park/forest/lake/river/system name; review as area/rule or component split,System/area/community wording audit; clarify marker meaning or component split.,Automated risk flag only; user-approved nuance: boondocking/community vagueness and park/campground entrances are not automatic defects.
P3,SD,sd-willow-creek-horse-camp-v23150,Willow Creek Horse Camp,Rustic / Primitive,43.8969856,-103.5371742,broad park/forest/lake/river/system name; review as area/rule or component split,System/area/community wording audit; clarify marker meaning or component split.,Automated risk flag only; user-approved nuance: boondocking/community vagueness and park/campground entrances are not automatic defects.
P3,TN,s68,Beech Lake Family Camping Resort,Private Campgrounds,35.6936942,-88.41537,broad park/forest/lake/river/system name; review as area/rule or component split; legacy active row has no visible source URL,System/area/community wording audit; clarify marker meaning or component split.,Automated risk flag only; user-approved nuance: boondocking/community vagueness and park/campground entrances are not automatic defects.
P3,WI,wi-douglas-afterhours-meadow-community-v23113,Afterhours Meadow,Boondocking / Dispersed,46.54925689514443,-91.62002065069194,"vague/community wording in boondocking record — review for honest warning, not automatic defect; broad park/forest/lake/river/system name; review as area/rule or component split",System/area/community wording audit; clarify marker meaning or component split.,Automated risk flag only; user-approved nuance: boondocking/community vagueness and park/campground entrances are not automatic defects.
P3,WI,wi-bayfield-county-forest-dispersed-area-v23113,Bayfield County Forest Dispersed Camping Area,Boondocking / Dispersed,46.55,-91.05,broad park/forest/lake/river/system name; review as area/rule or component split,System/area/community wording audit; clarify marker meaning or component split.,Automated risk flag only; user-approved nuance: boondocking/community vagueness and park/campground entrances are not automatic defects.
P3,WI,s94,Black Lake Recreation Area,Rustic / Primitive,45.98399,-90.93476,broad park/forest/lake/river/system name; review as area/rule or component split,System/area/community wording audit; clarify marker meaning or component split.,Automated risk flag only; user-approved nuance: boondocking/community vagueness and park/campground entrances are not automatic defects.
P3,WI,wi-black-river-sf-indoor-group-camp-v23124,Black River State Forest Indoor Group Camp,Modern Campgrounds,44.4213,-90.6786,broad park/forest/lake/river/system name; review as area/rule or component split,System/area/community wording audit; clarify marker meaning or component split.,Automated risk flag only; user-approved nuance: boondocking/community vagueness and park/campground entrances are not automatic defects.
P3,WI,wi-black-river-sf-outdoor-group-camp-v23124,Black River State Forest Outdoor Group Camp,Rustic / Primitive,44.41747525,-90.675101,broad park/forest/lake/river/system name; review as area/rule or component split,System/area/community wording audit; clarify marker meaning or component split.,Automated risk flag only; user-approved nuance: boondocking/community vagueness and park/campground entrances are not automatic defects.
P3,WI,wi-blue-mound-bike-hike-sites,Blue Mound State Park Bike/Hike-in Sites,Boat / Backpack,43.0224674,-89.8499399,broad park/forest/lake/river/system name; review as area/rule or component split,System/area/community wording audit; clarify marker meaning or component split.,Automated risk flag only; user-approved nuance: boondocking/community vagueness and park/campground entrances are not automatic defects.
P3,WI,wi-brule-river-sf-backpack-rule-area-v23113,Brule River State Forest Backpack Camping Rule Area,Boat / Backpack,46.56,-91.58,broad park/forest/lake/river/system name; review as area/rule or component split,System/area/community wording audit; clarify marker meaning or component split.,Automated risk flag only; user-approved nuance: boondocking/community vagueness and park/campground entrances are not automatic defects.
P3,WI,wi-buckhorn-east-group-camp,Buckhorn State Park East-side Group Tent Camps,Rustic / Primitive,43.9457623,-90.0036019,broad park/forest/lake/river/system name; review as area/rule or component split,System/area/community wording audit; clarify marker meaning or component split.,Automated risk flag only; user-approved nuance: boondocking/community vagueness and park/campground entrances are not automatic defects.
P3,WI,s144,Buffalo Lake Camping Resort,Private Campgrounds,43.7914066,-89.3450745,broad park/forest/lake/river/system name; review as area/rule or component split,System/area/community wording audit; clarify marker meaning or component split.,Automated risk flag only; user-approved nuance: boondocking/community vagueness and park/campground entrances are not automatic defects.
P3,WI,wi-cnf-burnt-bridge-dispersed-v23111,Burnt Bridge Dispersed,Boondocking / Dispersed,45.562444799999994,-88.4952108,broad park/forest/lake/river/system name; review as area/rule or component split,System/area/community wording audit; clarify marker meaning or component split.,Automated risk flag only; user-approved nuance: boondocking/community vagueness and park/campground entrances are not automatic defects.
P3,WI,wi-cnf-camp-3-dispersed-v23111,Camp 3 Dispersed,Boondocking / Dispersed,45.62817900000001,-88.59914110000001,broad park/forest/lake/river/system name; review as area/rule or component split,System/area/community wording audit; clarify marker meaning or component split.,Automated risk flag only; user-approved nuance: boondocking/community vagueness and park/campground entrances are not automatic defects.
P3,WI,wi-traveler-cave-point-county-park,Cave Point County Park,rest-truck scenic-overlook-waterfront rest areas & roadside ,44.9302746,-87.1742686,broad park/forest/lake/river/system name; review as area/rule or component split,System/area/community wording audit; clarify marker meaning or component split.,Automated risk flag only; user-approved nuance: boondocking/community vagueness and park/campground entrances are not automatic defects.
P3,WI,s181,Chain O' Lakes Camping Resort,Private Campgrounds,45.9121067,-89.1522674,broad park/forest/lake/river/system name; review as area/rule or component split,System/area/community wording audit; clarify marker meaning or component split.,Automated risk flag only; user-approved nuance: boondocking/community vagueness and park/campground entrances are not automatic defects.
P3,WI,s186,Chequamegon-Nicolet National Forest,Rustic / Primitive,45.9200903,-90.4517829,broad park/forest/lake/river/system name; review as area/rule or component split; legacy active row has no visible source URL,System/area/community wording audit; clarify marker meaning or component split.,Automated risk flag only; user-approved nuance: boondocking/community vagueness and park/campground entrances are not automatic defects.
P3,WI,wi-cnf-dispersed-camping-rule-area-v23113,Chequamegon-Nicolet National Forest Dispersed Camping Rule Area,Boondocking / Dispersed,45.75,-88.75,broad park/forest/lake/river/system name; review as area/rule or component split,System/area/community wording audit; clarify marker meaning or component split.,Automated risk flag only; user-approved nuance: boondocking/community vagueness and park/campground entrances are not automatic defects.
P3,WI,wi-chequamegon-nicolet-nicolet-dispersed-rule-area-v23082,Chequamegon-Nicolet National Forest — Nicolet Unit Dispersed Camping Rule Area,Boondocking / Dispersed,45.3046,-88.5373,"vague/community wording in boondocking record — review for honest warning, not automatic defect; broad park/forest/lake/river/system name; review as area/rule or component split",System/area/community wording audit; clarify marker meaning or component split.,Automated risk flag only; user-approved nuance: boondocking/community vagueness and park/campground entrances are not automatic defects.
P3,WI,wi-chippewa-county-forest-camping-area-v23113,Chippewa County Forest Primitive Camping Area,Boondocking / Dispersed,45.15,-91.25,broad park/forest/lake/river/system name; review as area/rule or component split,System/area/community wording audit; clarify marker meaning or component split.,Automated risk flag only; user-approved nuance: boondocking/community vagueness and park/campground entrances are not automatic defects.
P3,WI,wi-traveler-green-bay-citydeck-fox-river-trail,CityDeck / Fox River Trail — Green Bay,rest-truck urban-riverfront-trail-canoe-kayak-launch rest ar,44.51702392313232,-88.01505466453163,broad park/forest/lake/river/system name; review as area/rule or component split,System/area/community wording audit; clarify marker meaning or component split.,Automated risk flag only; user-approved nuance: boondocking/community vagueness and park/campground entrances are not automatic defects.
P3,WI,wi-clark-county-forest-camping-area-v23113,Clark County Forest Camping / Wildcat Mound Registration Context,Boondocking / Dispersed,44.57,-90.7,broad park/forest/lake/river/system name; review as area/rule or component split,System/area/community wording audit; clarify marker meaning or component split.,Automated risk flag only; user-approved nuance: boondocking/community vagueness and park/campground entrances are not automatic defects.
P3,WI,wi-copper-falls-group-camp,Copper Falls Group Tent Camp,Rustic / Primitive,46.3761555,-90.6439684,broad park/forest/lake/river/system name; review as area/rule or component split,System/area/community wording audit; clarify marker meaning or component split.,Automated risk flag only; user-approved nuance: boondocking/community vagueness and park/campground entrances are not automatic defects.
P3,WI,wi-crawford-hills-county-park-v23124,Crawford Hills County Park,Rustic / Primitive,44.34238965,-90.56343636,broad park/forest/lake/river/system name; review as area/rule or component split,System/area/community wording audit; clarify marker meaning or component split.,Automated risk flag only; user-approved nuance: boondocking/community vagueness and park/campground entrances are not automatic defects.
P3,WI,wi-crex-meadows-rest-area-seasonal-camping,Crex Meadows Wildlife Area Rest Area Seasonal Camping,Rustic / Primitive,45.8836,-92.618884,broad park/forest/lake/river/system name; review as area/rule or component split,System/area/community wording audit; clarify marker meaning or component split.,Automated risk flag only; user-approved nuance: boondocking/community vagueness and park/campground entrances are not automatic defects.
P3,WI,wi-traveler-devils-river-rockwood-road-access,Devil’s River State Trail — Rockwood Road Access,rest-truck state-trail-access-limited-parking rest areas & r,44.16806308137004,-87.69813348908842,broad park/forest/lake/river/system name; review as area/rule or component split,System/area/community wording audit; clarify marker meaning or component split.,Automated risk flag only; user-approved nuance: boondocking/community vagueness and park/campground entrances are not automatic defects.
P3,WI,wi-douglas-county-forest-special-camping-area-v23113,Douglas County Forest Special Camping Area,Boondocking / Dispersed,46.53,-91.9,broad park/forest/lake/river/system name; review as area/rule or component split,System/area/community wording audit; clarify marker meaning or component split.,Automated risk flag only; user-approved nuance: boondocking/community vagueness and park/campground entrances are not automatic defects.
P3,WI,wi-dunnville-wa-chippewa-sandbar-area-v23113,Dunnville Wildlife Area / Chippewa River Sandbar Camping,Boat / Backpack,44.74,-91.87,broad park/forest/lake/river/system name; review as area/rule or component split,System/area/community wording audit; clarify marker meaning or component split.,Automated risk flag only; user-approved nuance: boondocking/community vagueness and park/campground entrances are not automatic defects.
P3,WI,wi-traveler-east-twin-lake-boat-landing,East Twin Lake Boat Landing,Boat / Backpack,46.19196,-90.85989,broad park/forest/lake/river/system name; review as area/rule or component split,System/area/community wording audit; clarify marker meaning or component split.,Automated risk flag only; user-approved nuance: boondocking/community vagueness and park/campground entrances are not automatic defects.
P3,WI,wi-eastwood-recreation-area,Eastwood Recreation Area,Rustic / Primitive,45.331593,-90.445408,broad park/forest/lake/river/system name; review as area/rule or component split,System/area/community wording audit; clarify marker meaning or component split.,Automated risk flag only; user-approved nuance: boondocking/community vagueness and park/campground entrances are not automatic defects.
P3,WI,wi-eau-claire-county-forest-camping-area-v23113,Eau Claire County Forest Camping Permit Lead,Boondocking / Dispersed,44.8,-91.35,broad park/forest/lake/river/system name; review as area/rule or component split,System/area/community wording audit; clarify marker meaning or component split.,Automated risk flag only; user-approved nuance: boondocking/community vagueness and park/campground entrances are not automatic defects.
P3,WI,wi-cnf-emily-lake-recreation-area-v23117,Emily Lake Recreation Area,Rustic / Primitive,45.964686,-90.010106,broad park/forest/lake/river/system name; review as area/rule or component split,System/area/community wording audit; clarify marker meaning or component split.,Automated risk flag only; user-approved nuance: boondocking/community vagueness and park/campground entrances are not automatic defects.
P3,WI,wi-cnf-fr2140-hidden-lakes-dispersed-v23110,FR 2140 / Hidden Lakes Trail Dispersed,Boondocking / Dispersed,45.91489420777135,-88.96623812556695,broad park/forest/lake/river/system name; review as area/rule or component split,System/area/community wording audit; clarify marker meaning or component split.,Automated risk flag only; user-approved nuance: boondocking/community vagueness and park/campground entrances are not automatic defects.
P3,WI,wi-flambeau-river-sf-primitive-rule-area-v23113,Flambeau River State Forest Primitive Canoe / Backpack Camping System,Boat / Backpack,45.66,-90.73,broad park/forest/lake/river/system name; review as area/rule or component split,System/area/community wording audit; clarify marker meaning or component split.,Automated risk flag only; user-approved nuance: boondocking/community vagueness and park/campground entrances are not automatic defects.
P3,WI,wi-gov-dodge-hickory-ridge-group-camp,Governor Dodge Hickory Ridge Group Camp,Rustic / Primitive,43.0169077,-90.1413105,broad park/forest/lake/river/system name; review as area/rule or component split,System/area/community wording audit; clarify marker meaning or component split.,Automated risk flag only; user-approved nuance: boondocking/community vagueness and park/campground entrances are not automatic defects.
P3,WI,wi-traveler-highway-45-wayside-park,Highway 45 Wayside Park,rest-truck county-wayside-waterfront rest areas & roadside s,43.844,-88.4618,broad park/forest/lake/river/system name; review as area/rule or component split,System/area/community wording audit; clarify marker meaning or component split.,Automated risk flag only; user-approved nuance: boondocking/community vagueness and park/campground entrances are not automatic defects.
P3,WI,wi-cnf-indian-lake-dispersed-v23110,Indian Lake Dispersed,Boondocking / Dispersed,45.91054974545228,-88.94788626642242,broad park/forest/lake/river/system name; review as area/rule or component split,System/area/community wording audit; clarify marker meaning or component split.,Automated risk flag only; user-approved nuance: boondocking/community vagueness and park/campground entrances are not automatic defects.
P3,WI,wi-jackson-county-forest-camping-area-v23113,Jackson County Forest Camping Permit Area,Boondocking / Dispersed,44.3,-90.85,broad park/forest/lake/river/system name; review as area/rule or component split,System/area/community wording audit; clarify marker meaning or component split.,Automated risk flag only; user-approved nuance: boondocking/community vagueness and park/campground entrances are not automatic defects.
P3,WI,wi-kvr-camp-v-bridge-8-camp-v23112,KVR Camp V — Bridge 8 Camp,Boat / Backpack,43.664262,-90.587006,broad park/forest/lake/river/system name; review as area/rule or component split,System/area/community wording audit; clarify marker meaning or component split.,Automated risk flag only; user-approved nuance: boondocking/community vagueness and park/campground entrances are not automatic defects.
P3,WI,wi-kms-hickory-woods-group-camp,Kettle Moraine Southern Unit Hickory Woods Group Camp,Rustic / Primitive,42.7816,-88.691,broad park/forest/lake/river/system name; review as area/rule or component split,System/area/community wording audit; clarify marker meaning or component split.,Automated risk flag only; user-approved nuance: boondocking/community vagueness and park/campground entrances are not automatic defects.
P3,WI,wi-kvr-primitive-system-context-v23113,Kickapoo Valley Reserve Primitive Camping System Context,Boondocking / Dispersed,43.62,-90.64,broad park/forest/lake/river/system name; review as area/rule or component split,System/area/community wording audit; clarify marker meaning or component split.,Automated risk flag only; user-approved nuance: boondocking/community vagueness and park/campground entrances are not automatic defects.
P3,WI,wi-lac-vieux-desert-recreation-area,Lac Vieux Desert Recreation Area,Rustic / Primitive,46.13611111,-89.15222222,broad park/forest/lake/river/system name; review as area/rule or component split,System/area/community wording audit; clarify marker meaning or component split.,Automated risk flag only; user-approved nuance: boondocking/community vagueness and park/campground entrances are not automatic defects.
P3,WI,wi-langlade-county-forest-dispersed-camping-rule-area-v23116,Langlade County Forest Dispersed Camping Rule Area,Boondocking / Dispersed,45.288,-89.055,broad park/forest/lake/river/system name; review as area/rule or component split,System/area/community wording audit; clarify marker meaning or component split.,Automated risk flag only; user-approved nuance: boondocking/community vagueness and park/campground entrances are not automatic defects.
P3,WI,wi-cnf-lone-wolf-lake-site-v23110,Lone Wolf Lake Site,Boondocking / Dispersed,45.89137980000001,-88.9725194,broad park/forest/lake/river/system name; review as area/rule or component split,System/area/community wording audit; clarify marker meaning or component split.,Automated risk flag only; user-approved nuance: boondocking/community vagueness and park/campground entrances are not automatic defects.
P3,WI,s566,Lost Lake Recreation Area,Rustic / Primitive,45.883571,-88.558474,broad park/forest/lake/river/system name; review as area/rule or component split,System/area/community wording audit; clarify marker meaning or component split.,Automated risk flag only; user-approved nuance: boondocking/community vagueness and park/campground entrances are not automatic defects.
P3,WI,wi-willow-flowage-r1,Lower Tomahawk River Site R1,Boat / Backpack,45.707333,-89.840667,broad park/forest/lake/river/system name; review as area/rule or component split,System/area/community wording audit; clarify marker meaning or component split.,Automated risk flag only; user-approved nuance: boondocking/community vagueness and park/campground entrances are not automatic defects.
P3,WI,wi-willow-flowage-r2,Lower Tomahawk River Site R2,Boat / Backpack,45.672833,-89.758667,broad park/forest/lake/river/system name; review as area/rule or component split,System/area/community wording audit; clarify marker meaning or component split.,Automated risk flag only; user-approved nuance: boondocking/community vagueness and park/campground entrances are not automatic defects.
P3,WI,wi-willow-flowage-r3-g,Lower Tomahawk River Site R3-G,Boat / Backpack,45.624833,-89.7285,broad park/forest/lake/river/system name; review as area/rule or component split,System/area/community wording audit; clarify marker meaning or component split.,Automated risk flag only; user-approved nuance: boondocking/community vagueness and park/campground entrances are not automatic defects.
P3,WI,wi-willow-flowage-r4,Lower Tomahawk River Site R4,Boat / Backpack,45.593167,-89.747,broad park/forest/lake/river/system name; review as area/rule or component split,System/area/community wording audit; clarify marker meaning or component split.,Automated risk flag only; user-approved nuance: boondocking/community vagueness and park/campground entrances are not automatic defects.
P3,WI,wi-lower-wisconsin-riverway-sandbar-area-v23113,Lower Wisconsin Riverway Sandbar Camping Rule Area,Boat / Backpack,43.30900022,-89.7284,broad park/forest/lake/river/system name; review as area/rule or component split,System/area/community wording audit; clarify marker meaning or component split.,Automated risk flag only; user-approved nuance: boondocking/community vagueness and park/campground entrances are not automatic defects.
P3,WI,wi-marathon-county-forest-undesignated-area-v23113,Marathon County Forest Undesignated Camping Units,Boondocking / Dispersed,44.85,-89.65,broad park/forest/lake/river/system name; review as area/rule or component split,System/area/community wording audit; clarify marker meaning or component split.,Automated risk flag only; user-approved nuance: boondocking/community vagueness and park/campground entrances are not automatic defects.
P3,WI,wi-marinette-county-forest-camping-permit-rule-area-v23082,Marinette County Forest Camping Permit Rule Area,Boondocking / Dispersed,45.0999,-87.6305,broad park/forest/lake/river/system name; review as area/rule or component split,System/area/community wording audit; clarify marker meaning or component split.,Automated risk flag only; user-approved nuance: boondocking/community vagueness and park/campground entrances are not automatic defects.
P3,WI,wi-cnf-mayflower-lake-dispersed-v23110,Mayflower Lake Dispersed,Boondocking / Dispersed,45.8975702,-88.95259619999999,broad park/forest/lake/river/system name; review as area/rule or component split,System/area/community wording audit; clarify marker meaning or component split.,Automated risk flag only; user-approved nuance: boondocking/community vagueness and park/campground entrances are not automatic defects.
P3,WI,wi-cnf-mckinley-lake-dispersed-v23110,McKinley Lake Dispersed,Boondocking / Dispersed,45.919575833711896,-88.97222960456585,broad park/forest/lake/river/system name; review as area/rule or component split,System/area/community wording audit; clarify marker meaning or component split.,Automated risk flag only; user-approved nuance: boondocking/community vagueness and park/campground entrances are not automatic defects.
P3,WI,wi-meadow-valley-wa-primitive-area-v23113,Meadow Valley Wildlife Area Primitive Camping Areas,Boondocking / Dispersed,44.15,-90.05,broad park/forest/lake/river/system name; review as area/rule or component split,System/area/community wording audit; clarify marker meaning or component split.,Automated risk flag only; user-approved nuance: boondocking/community vagueness and park/campground entrances are not automatic defects.
P3,WI,wi-mirror-lake-bluewater-group-camp,Mirror Lake Bluewater Bay Walk-in Group Camp,Boat / Backpack,43.5678,-89.808,broad park/forest/lake/river/system name; review as area/rule or component split,System/area/community wording audit; clarify marker meaning or component split.,Automated risk flag only; user-approved nuance: boondocking/community vagueness and park/campground entrances are not automatic defects.
P3,WI,wi-cnf-mountain-lake-road-1-oconto-river-v2318,Mountain Lake Road #1 / Oconto River,Boondocking / Dispersed,45.14818,-88.59719,broad park/forest/lake/river/system name; review as area/rule or component split,System/area/community wording audit; clarify marker meaning or component split.,Automated risk flag only; user-approved nuance: boondocking/community vagueness and park/campground entrances are not automatic defects.
P3,WI,wi-cnf-mountain-lake-road-2-v2318,Mountain Lake Road #2,Boondocking / Dispersed,45.17769,-88.56876,broad park/forest/lake/river/system name; review as area/rule or component split,System/area/community wording audit; clarify marker meaning or component split.,Automated risk flag only; user-approved nuance: boondocking/community vagueness and park/campground entrances are not automatic defects.
P3,WI,wi-cnf-mountain-lake-road-3-v2318,Mountain Lake Road #3,Boondocking / Dispersed,45.18769,-88.56313,broad park/forest/lake/river/system name; review as area/rule or component split,System/area/community wording audit; clarify marker meaning or component split.,Automated risk flag only; user-approved nuance: boondocking/community vagueness and park/campground entrances are not automatic defects.
P3,WI,wi-nhal-boat-in-611,NHAL Primitive Boat-In Site 611 — Allequash Lake,Boat / Backpack,46.032683,-89.6384,broad park/forest/lake/river/system name; review as area/rule or component split,System/area/community wording audit; clarify marker meaning or component split.,Automated risk flag only; user-approved nuance: boondocking/community vagueness and park/campground entrances are not automatic defects.
P3,WI,wi-nhal-boat-in-612,NHAL Primitive Boat-In Site 612 — Allequash Lake,Boat / Backpack,46.0367,-89.62635,broad park/forest/lake/river/system name; review as area/rule or component split,System/area/community wording audit; clarify marker meaning or component split.,Automated risk flag only; user-approved nuance: boondocking/community vagueness and park/campground entrances are not automatic defects.
P3,WI,wi-nhal-boat-in-613,NHAL Primitive Boat-In Site 613 — Allequash Lake,Boat / Backpack,46.045833,-89.6296,broad park/forest/lake/river/system name; review as area/rule or component split,System/area/community wording audit; clarify marker meaning or component split.,Automated risk flag only; user-approved nuance: boondocking/community vagueness and park/campground entrances are not automatic defects.
P3,WI,wi-nhal-boat-in-614,NHAL Primitive Boat-In Site 614 — Allequash Lake,Boat / Backpack,46.03605,-89.61805,broad park/forest/lake/river/system name; review as area/rule or component split,System/area/community wording audit; clarify marker meaning or component split.,Automated risk flag only; user-approved nuance: boondocking/community vagueness and park/campground entrances are not automatic defects.
P3,WI,wi-nhal-boat-in-621,NHAL Primitive Boat-In Site 621 — Day Lake,Boat / Backpack,46.065667,-89.7074,broad park/forest/lake/river/system name; review as area/rule or component split,System/area/community wording audit; clarify marker meaning or component split.,Automated risk flag only; user-approved nuance: boondocking/community vagueness and park/campground entrances are not automatic defects.
P3,WI,wi-nhal-boat-in-622,NHAL Primitive Boat-In Site 622 — Day Lake,Boat / Backpack,46.06425,-89.706733,broad park/forest/lake/river/system name; review as area/rule or component split,System/area/community wording audit; clarify marker meaning or component split.,Automated risk flag only; user-approved nuance: boondocking/community vagueness and park/campground entrances are not automatic defects.
P3,WI,wi-nhal-boat-in-631,NHAL Primitive Boat-In Site 631 — Nebish Lake,Boat / Backpack,46.052683,-89.59755,broad park/forest/lake/river/system name; review as area/rule or component split,System/area/community wording audit; clarify marker meaning or component split.,Automated risk flag only; user-approved nuance: boondocking/community vagueness and park/campground entrances are not automatic defects.
P3,WI,wi-nhal-boat-in-632,NHAL Primitive Boat-In Site 632 — Nebish Lake,Boat / Backpack,46.052133,-89.596167,broad park/forest/lake/river/system name; review as area/rule or component split,System/area/community wording audit; clarify marker meaning or component split.,Automated risk flag only; user-approved nuance: boondocking/community vagueness and park/campground entrances are not automatic defects.
P3,WI,wi-nhal-boat-in-641,NHAL Primitive Boat-In Site 641 — Clear Lake,Boat / Backpack,45.870817,-89.613317,broad park/forest/lake/river/system name; review as area/rule or component split,System/area/community wording audit; clarify marker meaning or component split.,Automated risk flag only; user-approved nuance: boondocking/community vagueness and park/campground entrances are not automatic defects.
P3,WI,wi-nhal-boat-in-642,NHAL Primitive Boat-In Site 642 — Clear Lake,Boat / Backpack,45.867933,-89.614267,broad park/forest/lake/river/system name; review as area/rule or component split,System/area/community wording audit; clarify marker meaning or component split.,Automated risk flag only; user-approved nuance: boondocking/community vagueness and park/campground entrances are not automatic defects.
P3,WI,wi-nhal-boat-in-643,NHAL Primitive Boat-In Site 643 — Clear Lake,Boat / Backpack,45.864833,-89.615933,broad park/forest/lake/river/system name; review as area/rule or component split,System/area/community wording audit; clarify marker meaning or component split.,Automated risk flag only; user-approved nuance: boondocking/community vagueness and park/campground entrances are not automatic defects.
P3,WI,wi-nhal-boat-in-644,NHAL Primitive Boat-In Site 644 — Clear Lake,Boat / Backpack,45.86245,-89.618633,broad park/forest/lake/river/system name; review as area/rule or component split,System/area/community wording audit; clarify marker meaning or component split.,Automated risk flag only; user-approved nuance: boondocking/community vagueness and park/campground entrances are not automatic defects.
P3,WI,wi-nhal-boat-in-651,NHAL Primitive Boat-In Site 651 — Prong Lake,Boat / Backpack,45.921917,-89.5947,broad park/forest/lake/river/system name; review as area/rule or component split,System/area/community wording audit; clarify marker meaning or component split.,Automated risk flag only; user-approved nuance: boondocking/community vagueness and park/campground entrances are not automatic defects.
P3,WI,wi-nhal-boat-in-652,NHAL Primitive Boat-In Site 652 — Bittersweet Lake,Boat / Backpack,45.928483,-89.605183,broad park/forest/lake/river/system name; review as area/rule or component split,System/area/community wording audit; clarify marker meaning or component split.,Automated risk flag only; user-approved nuance: boondocking/community vagueness and park/campground entrances are not automatic defects.
P3,WI,wi-nhal-boat-in-653,NHAL Primitive Boat-In Site 653 — Bittersweet Lake,Boat / Backpack,45.9285,-89.598867,broad park/forest/lake/river/system name; review as area/rule or component split,System/area/community wording audit; clarify marker meaning or component split.,Automated risk flag only; user-approved nuance: boondocking/community vagueness and park/campground entrances are not automatic defects.
P3,WI,wi-nhal-boat-in-654,NHAL Primitive Boat-In Site 654 — Smith Lake,Boat / Backpack,45.93575,-89.606767,broad park/forest/lake/river/system name; review as area/rule or component split,System/area/community wording audit; clarify marker meaning or component split.,Automated risk flag only; user-approved nuance: boondocking/community vagueness and park/campground entrances are not automatic defects.
P3,WI,wi-nhal-boat-in-655,NHAL Primitive Boat-In Site 655 — Oberlin Lake,Boat / Backpack,45.94025,-89.596267,broad park/forest/lake/river/system name; review as area/rule or component split,System/area/community wording audit; clarify marker meaning or component split.,Automated risk flag only; user-approved nuance: boondocking/community vagueness and park/campground entrances are not automatic defects.
P3,WI,wi-cnf-north-end-waubee-lake-v2318,North End Waubee Lake,Boondocking / Dispersed,45.34873,-88.44805,broad park/forest/lake/river/system name; review as area/rule or component split,System/area/community wording audit; clarify marker meaning or component split.,Automated risk flag only; user-approved nuance: boondocking/community vagueness and park/campground entrances are not automatic defects.
P3,WI,wi-oconto-county-forest-permit-area-v23113,Oconto County Forest Permit Camping Areas,Boondocking / Dispersed,45.25,-88.45,broad park/forest/lake/river/system name; review as area/rule or component split,System/area/community wording audit; clarify marker meaning or component split.,Automated risk flag only; user-approved nuance: boondocking/community vagueness and park/campground entrances are not automatic defects.
P3,WI,wi-oconto-county-forest-permit-camping-rule-area-v23082,Oconto County Forest Permit Camping Rule Area,Boondocking / Dispersed,44.8929,-87.9417,broad park/forest/lake/river/system name; review as area/rule or component split,System/area/community wording audit; clarify marker meaning or component split.,Automated risk flag only; user-approved nuance: boondocking/community vagueness and park/campground entrances are not automatic defects.
P3,WI,wi-picnic-point-recreation-area,Picnic Point Recreation Area,Rustic / Primitive,45.30555556,-90.43583333,broad park/forest/lake/river/system name; review as area/rule or component split,System/area/community wording audit; clarify marker meaning or component split.,Automated risk flag only; user-approved nuance: boondocking/community vagueness and park/campground entrances are not automatic defects.
P3,WI,s722,Plymouth Rock Camping Resort,Private Campgrounds,43.8029209,-87.9791497,broad park/forest/lake/river/system name; review as area/rule or component split,System/area/community wording audit; clarify marker meaning or component split.,Automated risk flag only; user-approved nuance: boondocking/community vagueness and park/campground entrances are not automatic defects.
P3,WI,wi-iron-potato-river-falls-rustic-v23113,Potato River Falls Rustic Sites,Rustic / Primitive,46.46314399,-90.52950227,broad park/forest/lake/river/system name; review as area/rule or component split,System/area/community wording audit; clarify marker meaning or component split.,Automated risk flag only; user-approved nuance: boondocking/community vagueness and park/campground entrances are not automatic defects.
P3,WI,s751,Pride of America Camping Resort,Private Campgrounds,43.5227564,-89.3756595,broad park/forest/lake/river/system name; review as area/rule or component split,System/area/community wording audit; clarify marker meaning or component split.,Automated risk flag only; user-approved nuance: boondocking/community vagueness and park/campground entrances are not automatic defects.
P3,WI,wi-cnf-rat-river-fr2141-v2318,Rat River / Forest Road 2141,Boondocking / Dispersed,45.480441,-88.445488,broad park/forest/lake/river/system name; review as area/rule or component split,System/area/community wording audit; clarify marker meaning or component split.,Automated risk flag only; user-approved nuance: boondocking/community vagueness and park/campground entrances are not automatic defects.
P3,WI,wi-traveler-rib-mountain-summit-day-use-area,Rib Mountain State Park — Summit / Day-Use Area,rest-truck state-park-scenic-overlook-day-use rest areas & r,44.92168732629876,-89.68719103436213,broad park/forest/lake/river/system name; review as area/rule or component split,System/area/community wording audit; clarify marker meaning or component split.,Automated risk flag only; user-approved nuance: boondocking/community vagueness and park/campground entrances are not automatic defects.
P3,WI,wi-traveler-riverview-park-eau-claire-boat-landing,Riverview Park — Eau Claire / Chippewa River Boat Landing,Boat / Backpack,44.84644437224759,-91.49930091054964,broad park/forest/lake/river/system name; review as area/rule or component split,System/area/community wording audit; clarify marker meaning or component split.,Automated risk flag only; user-approved nuance: boondocking/community vagueness and park/campground entrances are not automatic defects.
P3,WI,wi-forest-robinson-lake-community-reported-v23114,Robinson Lake Dispersed Cluster,Boondocking / Dispersed,46.02665563533736,-88.9286458757151,broad park/forest/lake/river/system name; review as area/rule or component split,System/area/community wording audit; clarify marker meaning or component split.,Automated risk flag only; user-approved nuance: boondocking/community vagueness and park/campground entrances are not automatic defects.
P3,WI,wi-sawyer-county-forest-camping-permit-rule-area-v23116,Sawyer County Forest Camping Permit Rule Area,Boondocking / Dispersed,45.94,-91.14,broad park/forest/lake/river/system name; review as area/rule or component split,System/area/community wording audit; clarify marker meaning or component split.,Automated risk flag only; user-approved nuance: boondocking/community vagueness and park/campground entrances are not automatic defects.
P3,WI,wi-sawyer-county-forest-primitive-area-v23113,Sawyer County Forest Primitive Camping Lead,Boondocking / Dispersed,45.9,-91,broad park/forest/lake/river/system name; review as area/rule or component split,System/area/community wording audit; clarify marker meaning or component split.,Automated risk flag only; user-approved nuance: boondocking/community vagueness and park/campground entrances are not automatic defects.
P3,WI,wi-cnf-south-end-long-lake-v2318,South End Long Lake,Boondocking / Dispersed,45.36717,-88.52025,broad park/forest/lake/river/system name; review as area/rule or component split,System/area/community wording audit; clarify marker meaning or component split.,Automated risk flag only; user-approved nuance: boondocking/community vagueness and park/campground entrances are not automatic defects.
P3,WI,wi-cnf-spearhead-point-recreation-area-v23117,Spearhead Point Recreation Area,Rustic / Primitive,45.327694,-90.445694,broad park/forest/lake/river/system name; review as area/rule or component split,System/area/community wording audit; clarify marker meaning or component split.,Automated risk flag only; user-approved nuance: boondocking/community vagueness and park/campground entrances are not automatic defects.
P3,WI,wi-st-croix-namekagon-primitive-system-area-v23113,St. Croix / Namekagon National Scenic Riverway Primitive Shoreline Camping System,Boat / Backpack,46.15,-91.9,broad park/forest/lake/river/system name; review as area/rule or component split,System/area/community wording audit; clarify marker meaning or component split.,Automated risk flag only; user-approved nuance: boondocking/community vagueness and park/campground entrances are not automatic defects.
P3,WI,wi-st-croix-casino-rv-park,St. Croix Casino RV Park,Private Campgrounds,45.3998,-92.1469,broad park/forest/lake/river/system name; review as area/rule or component split,System/area/community wording audit; clarify marker meaning or component split.,Automated risk flag only; user-approved nuance: boondocking/community vagueness and park/campground entrances are not automatic defects.
P3,WI,s909,The Driftwood,Private Campgrounds,46.5536384,-90.4356281,broad park/forest/lake/river/system name; review as area/rule or component split,System/area/community wording audit; clarify marker meaning or component split.,Automated risk flag only; user-approved nuance: boondocking/community vagueness and park/campground entrances are not automatic defects.
P3,WI,wi-cnf-three-johns-lake-walk-in-v23110,Three Johns Lake Dispersed Walk-In Site,Boat / Backpack,45.92007564686114,-88.9782398296007,broad park/forest/lake/river/system name; review as area/rule or component split,System/area/community wording audit; clarify marker meaning or component split.,Automated risk flag only; user-approved nuance: boondocking/community vagueness and park/campground entrances are not automatic defects.
P3,WI,wi-cnf-turtle-lake-dispersed-v23112,Turtle Lake Dispersed,Boondocking / Dispersed,45.4013834,-88.5152573,broad park/forest/lake/river/system name; review as area/rule or component split,System/area/community wording audit; clarify marker meaning or component split.,Automated risk flag only; user-approved nuance: boondocking/community vagueness and park/campground entrances are not automatic defects.
P3,WI,wi-turtle-flambeau-f2,Turtle-Flambeau Site F2 — Donut Lake,Boat / Backpack,46.1088,-90.2271,broad park/forest/lake/river/system name; review as area/rule or component split,System/area/community wording audit; clarify marker meaning or component split.,Automated risk flag only; user-approved nuance: boondocking/community vagueness and park/campground entrances are not automatic defects.
P3,WI,wi-turtle-flambeau-f4,Turtle-Flambeau Site F4 — Turtle Lake,Boat / Backpack,46.09625,-90.242017,broad park/forest/lake/river/system name; review as area/rule or component split,System/area/community wording audit; clarify marker meaning or component split.,Automated risk flag only; user-approved nuance: boondocking/community vagueness and park/campground entrances are not automatic defects.
P3,WI,wi-turtle-flambeau-r25,Turtle-Flambeau Site R25 — Trude Lake,Boat / Backpack,46.114467,-90.168717,broad park/forest/lake/river/system name; review as area/rule or component split,System/area/community wording audit; clarify marker meaning or component split.,Automated risk flag only; user-approved nuance: boondocking/community vagueness and park/campground entrances are not automatic defects.
P3,WI,wi-turtle-flambeau-r26,Turtle-Flambeau Site R26 — Blair Lake,Boat / Backpack,46.097683,-90.150567,broad park/forest/lake/river/system name; review as area/rule or component split,System/area/community wording audit; clarify marker meaning or component split.,Automated risk flag only; user-approved nuance: boondocking/community vagueness and park/campground entrances are not automatic defects.
P3,WI,wi-turtle-flambeau-r7,Turtle-Flambeau Site R7 — Rat Lake,Boat / Backpack,46.0325,-90.23315,broad park/forest/lake/river/system name; review as area/rule or component split,System/area/community wording audit; clarify marker meaning or component split.,Automated risk flag only; user-approved nuance: boondocking/community vagueness and park/campground entrances are not automatic defects.
P3,WI,wi-cnf-two-sisters-lake-dispersed-v23110,Two Sisters Lake Dispersed Site,Boondocking / Dispersed,45.917684453148226,-88.96885395320507,broad park/forest/lake/river/system name; review as area/rule or component split,System/area/community wording audit; clarify marker meaning or component split.,Automated risk flag only; user-approved nuance: boondocking/community vagueness and park/campground entrances are not automatic defects.
P3,WI,wi-wanoka-lake-recreation-area,Wanoka Lake Recreation Area,Rustic / Primitive,46.543178,-91.283528,broad park/forest/lake/river/system name; review as area/rule or component split,System/area/community wording audit; clarify marker meaning or component split.,Automated risk flag only; user-approved nuance: boondocking/community vagueness and park/campground entrances are not automatic defects.
P3,WI,wi-washburn-county-forest-dispersed-area-v23113,Washburn County Forest Dispersed Camping Area,Boondocking / Dispersed,45.9,-91.8,broad park/forest/lake/river/system name; review as area/rule or component split,System/area/community wording audit; clarify marker meaning or component split.,Automated risk flag only; user-approved nuance: boondocking/community vagueness and park/campground entrances are not automatic defects.
P3,WI,wi-cnf-west-point-recreation-area-v23118,West Point Recreation Area,Rustic / Primitive,45.317724,-90.438125,broad park/forest/lake/river/system name; review as area/rule or component split,System/area/community wording audit; clarify marker meaning or component split.,Automated risk flag only; user-approved nuance: boondocking/community vagueness and park/campground entrances are not automatic defects.
P3,WI,wi-willow-flowage-g1,Willow Flowage Group Site G1,Boat / Backpack,45.724,-89.891,broad park/forest/lake/river/system name; review as area/rule or component split,System/area/community wording audit; clarify marker meaning or component split.,Automated risk flag only; user-approved nuance: boondocking/community vagueness and park/campground entrances are not automatic defects.
P3,WI,wi-willow-flowage-g2,Willow Flowage Group Site G2,Boat / Backpack,45.720167,-89.887167,broad park/forest/lake/river/system name; review as area/rule or component split,System/area/community wording audit; clarify marker meaning or component split.,Automated risk flag only; user-approved nuance: boondocking/community vagueness and park/campground entrances are not automatic defects.
P3,WI,wi-willow-flowage-g3,Willow Flowage Group Site G3,Boat / Backpack,45.709,-89.879833,broad park/forest/lake/river/system name; review as area/rule or component split,System/area/community wording audit; clarify marker meaning or component split.,Automated risk flag only; user-approved nuance: boondocking/community vagueness and park/campground entrances are not automatic defects.
P3,WI,wi-willow-flowage-g4,Willow Flowage Group Site G4,Boat / Backpack,45.706667,-89.889833,broad park/forest/lake/river/system name; review as area/rule or component split,System/area/community wording audit; clarify marker meaning or component split.,Automated risk flag only; user-approved nuance: boondocking/community vagueness and park/campground entrances are not automatic defects.
P3,WI,wi-willow-flowage-g5,Willow Flowage Group Site G5,Boat / Backpack,45.721,-89.850833,broad park/forest/lake/river/system name; review as area/rule or component split,System/area/community wording audit; clarify marker meaning or component split.,Automated risk flag only; user-approved nuance: boondocking/community vagueness and park/campground entrances are not automatic defects.
P3,WI,wi-willow-flowage-g6,Willow Flowage Group Site G6,Boat / Backpack,45.697,-89.900167,broad park/forest/lake/river/system name; review as area/rule or component split,System/area/community wording audit; clarify marker meaning or component split.,Automated risk flag only; user-approved nuance: boondocking/community vagueness and park/campground entrances are not automatic defects.
P3,WI,wi-willow-flowage-g7,Willow Flowage Group Site G7,Boat / Backpack,45.755667,-89.869167,broad park/forest/lake/river/system name; review as area/rule or component split,System/area/community wording audit; clarify marker meaning or component split.,Automated risk flag only; user-approved nuance: boondocking/community vagueness and park/campground entrances are not automatic defects.
P3,WI,wi-willow-flowage-1,Willow Flowage Site 1,Boat / Backpack,45.7185,-89.848667,broad park/forest/lake/river/system name; review as area/rule or component split,System/area/community wording audit; clarify marker meaning or component split.,Automated risk flag only; user-approved nuance: boondocking/community vagueness and park/campground entrances are not automatic defects.
P3,WI,wi-willow-flowage-10,Willow Flowage Site 10,Boat / Backpack,45.728667,-89.893833,broad park/forest/lake/river/system name; review as area/rule or component split,System/area/community wording audit; clarify marker meaning or component split.,Automated risk flag only; user-approved nuance: boondocking/community vagueness and park/campground entrances are not automatic defects.
P3,WI,wi-willow-flowage-11,Willow Flowage Site 11,Boat / Backpack,45.744167,-89.8785,broad park/forest/lake/river/system name; review as area/rule or component split,System/area/community wording audit; clarify marker meaning or component split.,Automated risk flag only; user-approved nuance: boondocking/community vagueness and park/campground entrances are not automatic defects.
P3,WI,wi-willow-flowage-13,Willow Flowage Site 13,Boat / Backpack,45.762667,-89.8675,broad park/forest/lake/river/system name; review as area/rule or component split,System/area/community wording audit; clarify marker meaning or component split.,Automated risk flag only; user-approved nuance: boondocking/community vagueness and park/campground entrances are not automatic defects.
P3,WI,wi-willow-flowage-17,Willow Flowage Site 17,Boat / Backpack,45.714833,-89.896,broad park/forest/lake/river/system name; review as area/rule or component split,System/area/community wording audit; clarify marker meaning or component split.,Automated risk flag only; user-approved nuance: boondocking/community vagueness and park/campground entrances are not automatic defects.
P3,WI,wi-willow-flowage-18,Willow Flowage Site 18,Boat / Backpack,45.699833,-89.8705,broad park/forest/lake/river/system name; review as area/rule or component split,System/area/community wording audit; clarify marker meaning or component split.,Automated risk flag only; user-approved nuance: boondocking/community vagueness and park/campground entrances are not automatic defects.
P3,WI,wi-willow-flowage-19,Willow Flowage Site 19,Boat / Backpack,45.704167,-89.873333,broad park/forest/lake/river/system name; review as area/rule or component split,System/area/community wording audit; clarify marker meaning or component split.,Automated risk flag only; user-approved nuance: boondocking/community vagueness and park/campground entrances are not automatic defects.
P3,WI,wi-willow-flowage-2,Willow Flowage Site 2,Boat / Backpack,45.6975,-89.867167,broad park/forest/lake/river/system name; review as area/rule or component split,System/area/community wording audit; clarify marker meaning or component split.,Automated risk flag only; user-approved nuance: boondocking/community vagueness and park/campground entrances are not automatic defects.
P3,WI,wi-willow-flowage-20,Willow Flowage Site 20,Boat / Backpack,45.704167,-89.874667,broad park/forest/lake/river/system name; review as area/rule or component split,System/area/community wording audit; clarify marker meaning or component split.,Automated risk flag only; user-approved nuance: boondocking/community vagueness and park/campground entrances are not automatic defects.
P3,WI,wi-willow-flowage-22,Willow Flowage Site 22,Boat / Backpack,45.706667,-89.878667,broad park/forest/lake/river/system name; review as area/rule or component split,System/area/community wording audit; clarify marker meaning or component split.,Automated risk flag only; user-approved nuance: boondocking/community vagueness and park/campground entrances are not automatic defects.
P3,WI,wi-willow-flowage-23,Willow Flowage Site 23,Boat / Backpack,45.715,-89.883167,broad park/forest/lake/river/system name; review as area/rule or component split,System/area/community wording audit; clarify marker meaning or component split.,Automated risk flag only; user-approved nuance: boondocking/community vagueness and park/campground entrances are not automatic defects.
P3,WI,wi-willow-flowage-25,Willow Flowage Site 25,Boat / Backpack,45.7025,-89.889333,broad park/forest/lake/river/system name; review as area/rule or component split,System/area/community wording audit; clarify marker meaning or component split.,Automated risk flag only; user-approved nuance: boondocking/community vagueness and park/campground entrances are not automatic defects.
P3,WI,wi-willow-flowage-26,Willow Flowage Site 26,Boat / Backpack,45.696833,-89.905833,broad park/forest/lake/river/system name; review as area/rule or component split,System/area/community wording audit; clarify marker meaning or component split.,Automated risk flag only; user-approved nuance: boondocking/community vagueness and park/campground entrances are not automatic defects.
P3,WI,wi-willow-flowage-27,Willow Flowage Site 27,Boat / Backpack,45.7015,-89.9025,broad park/forest/lake/river/system name; review as area/rule or component split,System/area/community wording audit; clarify marker meaning or component split.,Automated risk flag only; user-approved nuance: boondocking/community vagueness and park/campground entrances are not automatic defects.
P3,WI,wi-willow-flowage-28,Willow Flowage Site 28,Boat / Backpack,45.706,-89.9125,broad park/forest/lake/river/system name; review as area/rule or component split,System/area/community wording audit; clarify marker meaning or component split.,Automated risk flag only; user-approved nuance: boondocking/community vagueness and park/campground entrances are not automatic defects.
P3,WI,wi-willow-flowage-3,Willow Flowage Site 3,Boat / Backpack,45.723667,-89.854167,broad park/forest/lake/river/system name; review as area/rule or component split,System/area/community wording audit; clarify marker meaning or component split.,Automated risk flag only; user-approved nuance: boondocking/community vagueness and park/campground entrances are not automatic defects.
P3,WI,wi-willow-flowage-4,Willow Flowage Site 4,Boat / Backpack,45.717,-89.860833,broad park/forest/lake/river/system name; review as area/rule or component split,System/area/community wording audit; clarify marker meaning or component split.,Automated risk flag only; user-approved nuance: boondocking/community vagueness and park/campground entrances are not automatic defects.
P3,WI,wi-willow-flowage-5,Willow Flowage Site 5,Boat / Backpack,45.725333,-89.864,broad park/forest/lake/river/system name; review as area/rule or component split,System/area/community wording audit; clarify marker meaning or component split.,Automated risk flag only; user-approved nuance: boondocking/community vagueness and park/campground entrances are not automatic defects.
P3,WI,wi-willow-flowage-6,Willow Flowage Site 6,Boat / Backpack,45.718167,-89.878833,broad park/forest/lake/river/system name; review as area/rule or component split,System/area/community wording audit; clarify marker meaning or component split.,Automated risk flag only; user-approved nuance: boondocking/community vagueness and park/campground entrances are not automatic defects.
P3,WI,wi-willow-flowage-7,Willow Flowage Site 7,Boat / Backpack,45.720167,-89.8795,broad park/forest/lake/river/system name; review as area/rule or component split,System/area/community wording audit; clarify marker meaning or component split.,Automated risk flag only; user-approved nuance: boondocking/community vagueness and park/campground entrances are not automatic defects.
P3,WI,wi-traveler-willow-flowage-back-bay-landing,Willow Flowage — Back Bay Landing,Boat / Backpack,45.691833,-89.905333,broad park/forest/lake/river/system name; review as area/rule or component split,System/area/community wording audit; clarify marker meaning or component split.,Automated risk flag only; user-approved nuance: boondocking/community vagueness and park/campground entrances are not automatic defects.
P3,WI,wi-traveler-swamp-lake-road-canoe-landing,Willow Flowage — Swamp Lake Road Canoe Landing,rest-truck river-access-day-use rest areas & roadside stops ,45.6405,-89.709667,broad park/forest/lake/river/system name; review as area/rule or component split,System/area/community wording audit; clarify marker meaning or component split.,Automated risk flag only; user-approved nuance: boondocking/community vagueness and park/campground entrances are not automatic defects.
P3,WI,wi-wood-county-forest-primitive-area-v23113,Wood County Forest Primitive Dispersed Camping Area,Boondocking / Dispersed,44.4,-90,broad park/forest/lake/river/system name; review as area/rule or component split,System/area/community wording audit; clarify marker meaning or component split.,Automated risk flag only; user-approved nuance: boondocking/community vagueness and park/campground entrances are not automatic defects.
P3,WY,s354,Gros Ventre River,Boondocking / Dispersed,43.5947873,-110.3671976,broad park/forest/lake/river/system name; review as area/rule or component split; legacy active row has no visible source URL,System/area/community wording audit; clarify marker meaning or component split.,Automated risk flag only; user-approved nuance: boondocking/community vagueness and park/campground entrances are not automatic defects.
P3,WY,s726,Point 26,Rustic / Primitive,44.9582021,-109.8107392,broad park/forest/lake/river/system name; review as area/rule or component split; legacy active row has no visible source URL,System/area/community wording audit; clarify marker meaning or component split.,Automated risk flag only; user-approved nuance: boondocking/community vagueness and park/campground entrances are not automatic defects.
P4,AZ,s108,BLM Land,Rustic / Primitive,36.8658388,-111.6461599,legacy active row has no visible source URL,Source enrichment / duplicate check.,Automated risk flag only; user-approved nuance: boondocking/community vagueness and park/campground entrances are not automatic defects.
P4,AZ,s723,Point 17,Boondocking / Dispersed,36.7525394,-111.717755,legacy active row has no visible source URL,Source enrichment / duplicate check.,Automated risk flag only; user-approved nuance: boondocking/community vagueness and park/campground entrances are not automatic defects.
P4,AZ,s724,Point 18,Boondocking / Dispersed,36.7233319,-111.7595565,legacy active row has no visible source URL,Source enrichment / duplicate check.,Automated risk flag only; user-approved nuance: boondocking/community vagueness and park/campground entrances are not automatic defects.
P4,CA,s836,Sierra Way boondocking,Boondocking / Dispersed,35.7327001,-118.4172724,legacy active row has no visible source URL,Source enrichment / duplicate check.,Automated risk flag only; user-approved nuance: boondocking/community vagueness and park/campground entrances are not automatic defects.
P4,CO,s106,BLM Colorado,Rustic / Primitive,38.4454154,-105.1966586,legacy active row has no visible source URL,Source enrichment / duplicate check.,Automated risk flag only; user-approved nuance: boondocking/community vagueness and park/campground entrances are not automatic defects.
P4,CO,s109,BLM Land,Rustic / Primitive,38.0276532,-107.6810096,legacy active row has no visible source URL,Source enrichment / duplicate check.,Automated risk flag only; user-approved nuance: boondocking/community vagueness and park/campground entrances are not automatic defects.
P4,CO,s110,BLM Land,Rustic / Primitive,38.1557187,-107.7621215,legacy active row has no visible source URL,Source enrichment / duplicate check.,Automated risk flag only; user-approved nuance: boondocking/community vagueness and park/campground entrances are not automatic defects.
P4,CO,s111,BLM Lands,Boondocking / Dispersed,37.4986756,-105.5746198,legacy active row has no visible source URL,Source enrichment / duplicate check.,Automated risk flag only; user-approved nuance: boondocking/community vagueness and park/campground entrances are not automatic defects.
P4,CO,s123,Boondocking allowed in this area,Boondocking / Dispersed,37.5306925,-107.2293756,legacy active row has no visible source URL,Source enrichment / duplicate check.,Automated risk flag only; user-approved nuance: boondocking/community vagueness and park/campground entrances are not automatic defects.
P4,CO,s409,Hot Sulphur Springs Campground,Boondocking / Dispersed,40.0741746,-106.1091977,legacy active row has no visible source URL,Source enrichment / duplicate check.,Automated risk flag only; user-approved nuance: boondocking/community vagueness and park/campground entrances are not automatic defects.
P4,CO,s674,Painted Rocks Campground,Rustic / Primitive,39.0840376,-105.1051068,legacy active row has no visible source URL,Source enrichment / duplicate check.,Automated risk flag only; user-approved nuance: boondocking/community vagueness and park/campground entrances are not automatic defects.
P4,CO,s712,Pingree Park Road,Boondocking / Dispersed,40.6267439,-105.5285111,legacy active row has no visible source URL,Source enrichment / duplicate check.,Automated risk flag only; user-approved nuance: boondocking/community vagueness and park/campground entrances are not automatic defects.
P4,CO,s797,Sacred White Shell Mountain,Boondocking / Dispersed,37.526985,-105.593536,legacy active row has no visible source URL,Source enrichment / duplicate check.,Automated risk flag only; user-approved nuance: boondocking/community vagueness and park/campground entrances are not automatic defects.
P4,CO,s893,Sultan & Anvil Campground,Boondocking / Dispersed,37.8209939,-107.7197655,legacy active row has no visible source URL,Source enrichment / duplicate check.,Automated risk flag only; user-approved nuance: boondocking/community vagueness and park/campground entrances are not automatic defects.
P4,CO,s1020,Woodland Park,Boondocking / Dispersed,38.9938808,-105.0569301,legacy active row has no visible source URL,Source enrichment / duplicate check.,Automated risk flag only; user-approved nuance: boondocking/community vagueness and park/campground entrances are not automatic defects.
P4,IL,s3,5 Diamond Campgrounds,Private Campgrounds,38.8133986,-90.0998975,legacy active row has no visible source URL,Source enrichment / duplicate check.,Automated risk flag only; user-approved nuance: boondocking/community vagueness and park/campground entrances are not automatic defects.
P4,IL,s215,Country Bend Campground,Private Campgrounds,39.2583712,-89.628762,legacy active row has no visible source URL,Source enrichment / duplicate check.,Automated risk flag only; user-approved nuance: boondocking/community vagueness and park/campground entrances are not automatic defects.
P4,IL,s219,Crab Orchard Campground,Private Campgrounds,37.7403531,-89.118437,legacy active row has no visible source URL,Source enrichment / duplicate check.,Automated risk flag only; user-approved nuance: boondocking/community vagueness and park/campground entrances are not automatic defects.
P4,IL,s439,Jackson Falls,Rustic / Primitive,37.5081391,-88.6832446,legacy active row has no visible source URL,Source enrichment / duplicate check.,Automated risk flag only; user-approved nuance: boondocking/community vagueness and park/campground entrances are not automatic defects.
P4,IL,s504,Lake Lou Yaeger Campground,Private Campgrounds,39.1944054,-89.6091315,legacy active row has no visible source URL,Source enrichment / duplicate check.,Automated risk flag only; user-approved nuance: boondocking/community vagueness and park/campground entrances are not automatic defects.
P4,IL,s527,Lazy Days Campground,Private Campgrounds,39.1607562,-89.72595,legacy active row has no visible source URL,Source enrichment / duplicate check.,Automated risk flag only; user-approved nuance: boondocking/community vagueness and park/campground entrances are not automatic defects.
P4,IL,s703,Pine Hills Campground,Rustic / Primitive,37.5159109,-89.4220864,legacy active row has no visible source URL,Source enrichment / duplicate check.,Automated risk flag only; user-approved nuance: boondocking/community vagueness and park/campground entrances are not automatic defects.
P4,IL,s940,Turkey Bayou,Boondocking / Dispersed,37.685,-89.41139,legacy active row has no visible source URL,Source enrichment / duplicate check.,Automated risk flag only; user-approved nuance: boondocking/community vagueness and park/campground entrances are not automatic defects.
P4,IN,s101,Blackhawk Campground,Private Campgrounds,39.5080992,-86.8899596,legacy active row has no visible source URL,Source enrichment / duplicate check.,Automated risk flag only; user-approved nuance: boondocking/community vagueness and park/campground entrances are not automatic defects.
P4,IN,s103,Blackwell Horsecamp,Rustic / Primitive,39.0183642,-86.3881853,legacy active row has no visible source URL,Source enrichment / duplicate check.,Automated risk flag only; user-approved nuance: boondocking/community vagueness and park/campground entrances are not automatic defects.
P4,ME,s865,Spencer Bay Boondocking,Boondocking / Dispersed,45.6982737,-69.5704145,legacy active row has no visible source URL,Source enrichment / duplicate check.,Automated risk flag only; user-approved nuance: boondocking/community vagueness and park/campground entrances are not automatic defects.
P4,MI,s14,Ambrose Lake State Forest Campground,Rustic / Primitive,44.4071601,-84.2546959,legacy active row has no visible source URL,Source enrichment / duplicate check.,Automated risk flag only; user-approved nuance: boondocking/community vagueness and park/campground entrances are not automatic defects.
P4,MI,s16,Anderson Lake West State Forest Campground,Rustic / Primitive,46.22313208,-87.49454909,legacy active row has no visible source URL,Source enrichment / duplicate check.,Automated risk flag only; user-approved nuance: boondocking/community vagueness and park/campground entrances are not automatic defects.
P4,MI,s18,Andrus Lake State Forest Campground,Rustic / Primitive,46.7031375,-85.03573,legacy active row has no visible source URL,Source enrichment / duplicate check.,Automated risk flag only; user-approved nuance: boondocking/community vagueness and park/campground entrances are not automatic defects.
P4,MI,s26,Arbutus Lake State Forest Campground,Rustic / Primitive,44.672661,-85.5232088,legacy active row has no visible source URL,Source enrichment / duplicate check.,Automated risk flag only; user-approved nuance: boondocking/community vagueness and park/campground entrances are not automatic defects.
P4,MI,s35,Avery Lake State Forest Campground,Rustic / Primitive,44.9324156,-84.1870194,legacy active row has no visible source URL,Source enrichment / duplicate check.,Automated risk flag only; user-approved nuance: boondocking/community vagueness and park/campground entrances are not automatic defects.
P4,MI,s50,Bass Lake State Forest Campground,Rustic / Primitive,46.2633333,-87.5861111,legacy active row has no visible source URL,Source enrichment / duplicate check.,Automated risk flag only; user-approved nuance: boondocking/community vagueness and park/campground entrances are not automatic defects.
P4,MI,s51,Bass Lake State Forest Campground (Luce),Rustic / Primitive,46.4618043,-85.7090844,legacy active row has no visible source URL,Source enrichment / duplicate check.,Automated risk flag only; user-approved nuance: boondocking/community vagueness and park/campground entrances are not automatic defects.
P4,MI,s53,Baxter Bridge State Forest Campground,Rustic / Primitive,44.4911757,-85.5247428,legacy active row has no visible source URL,Source enrichment / duplicate check.,Automated risk flag only; user-approved nuance: boondocking/community vagueness and park/campground entrances are not automatic defects.
P4,MI,s63,Beaufort Lake State Forest Campground,Rustic / Primitive,46.5478074,-88.1889037,legacy active row has no visible source URL,Source enrichment / duplicate check.,Automated risk flag only; user-approved nuance: boondocking/community vagueness and park/campground entrances are not automatic defects.
P4,MI,s81,Big Bear Lake State Forest Campground,Rustic / Primitive,44.9451415,-84.3827073,legacy active row has no visible source URL,Source enrichment / duplicate check.,Automated risk flag only; user-approved nuance: boondocking/community vagueness and park/campground entrances are not automatic defects.
P4,MI,s82,Big Bear Point State Forest Campground,Rustic / Primitive,44.9421961,-84.3881149,legacy active row has no visible source URL,Source enrichment / duplicate check.,Automated risk flag only; user-approved nuance: boondocking/community vagueness and park/campground entrances are not automatic defects.
P4,MI,s86,Big Eric's Bridge State Forest Campground,Rustic / Primitive,46.8646395,-88.0839707,legacy active row has no visible source URL,Source enrichment / duplicate check.,Automated risk flag only; user-approved nuance: boondocking/community vagueness and park/campground entrances are not automatic defects.
P4,MI,s87,Big Knob State Forest Campground,Rustic / Primitive,46.0388835,-85.5937796,legacy active row has no visible source URL,Source enrichment / duplicate check.,Automated risk flag only; user-approved nuance: boondocking/community vagueness and park/campground entrances are not automatic defects.
P4,MI,s88,Big Lake State Forest Campground,Rustic / Primitive,46.6110982,-88.5690704,legacy active row has no visible source URL,Source enrichment / duplicate check.,Automated risk flag only; user-approved nuance: boondocking/community vagueness and park/campground entrances are not automatic defects.
P4,MI,s93,Black Creek State Forest Campground,Rustic / Primitive,43.7111794,-84.3976962,legacy active row has no visible source URL,Source enrichment / duplicate check.,Automated risk flag only; user-approved nuance: boondocking/community vagueness and park/campground entrances are not automatic defects.
P4,MI,s95,Black Lake State Forest Campground,Rustic / Primitive,45.4896133,-84.2622058,legacy active row has no visible source URL,Source enrichment / duplicate check.,Automated risk flag only; user-approved nuance: boondocking/community vagueness and park/campground entrances are not automatic defects.
P4,MI,s98,Black River State Forest Campground,Rustic / Primitive,46.1172577,-85.3635617,legacy active row has no visible source URL,Source enrichment / duplicate check.,Automated risk flag only; user-approved nuance: boondocking/community vagueness and park/campground entrances are not automatic defects.
P4,MI,s105,Blind Sucker State Forest Campground,Rustic / Primitive,46.6688815,-85.7615426,legacy active row has no visible source URL,Source enrichment / duplicate check.,Automated risk flag only; user-approved nuance: boondocking/community vagueness and park/campground entrances are not automatic defects.
P4,MI,s119,Bodi Lake State Forest Campground,Rustic / Primitive,46.7071144,-85.3353502,legacy active row has no visible source URL,Source enrichment / duplicate check.,Automated risk flag only; user-approved nuance: boondocking/community vagueness and park/campground entrances are not automatic defects.
P4,MI,s173,CCC Bridge State Forest Campground,Rustic / Primitive,44.6141359,-84.990496,legacy active row has no visible source URL,Source enrichment / duplicate check.,Automated risk flag only; user-approved nuance: boondocking/community vagueness and park/campground entrances are not automatic defects.
P4,MI,s165,Carney Lake State Forest Campground,Rustic / Primitive,45.8919444,-87.94,legacy active row has no visible source URL,Source enrichment / duplicate check.,Automated risk flag only; user-approved nuance: boondocking/community vagueness and park/campground entrances are not automatic defects.
P4,MI,s179,Cedar River North State Forest Campground,Rustic / Primitive,45.5022965,-87.3979015,legacy active row has no visible source URL,Source enrichment / duplicate check.,Automated risk flag only; user-approved nuance: boondocking/community vagueness and park/campground entrances are not automatic defects.
P4,MI,s188,Chicago Lake Dispersed Campsite,Rustic / Primitive,46.0400874,-86.5984684,legacy active row has no visible source URL,Source enrichment / duplicate check.,Automated risk flag only; user-approved nuance: boondocking/community vagueness and park/campground entrances are not automatic defects.
P4,MI,s191,Chocolay River RV & Campgrounds,Private Campgrounds,46.4797218,-87.2818063,legacy active row has no visible source URL,Source enrichment / duplicate check.,Automated risk flag only; user-approved nuance: boondocking/community vagueness and park/campground entrances are not automatic defects.
P4,MI,s214,Council Lake Dispersed Campsite,Rustic / Primitive,46.2416217,-86.6470178,legacy active row has no visible source URL,Source enrichment / duplicate check.,Automated risk flag only; user-approved nuance: boondocking/community vagueness and park/campground entrances are not automatic defects.
P4,MI,s224,Crooked Lake Rustic Campground,Rustic / Primitive,42.4211493,-83.9799803,legacy active row has no visible source URL,Source enrichment / duplicate check.,Automated risk flag only; user-approved nuance: boondocking/community vagueness and park/campground entrances are not automatic defects.
P4,MI,s230,Cusino Lake State Forest Campground,Rustic / Primitive,46.4590391,-86.2603165,legacy active row has no visible source URL,Source enrichment / duplicate check.,Automated risk flag only; user-approved nuance: boondocking/community vagueness and park/campground entrances are not automatic defects.
P4,MI,s244,DeTour State Forest Campground,Rustic / Primitive,45.95834311,-84.0006123,legacy active row has no visible source URL,Source enrichment / duplicate check.,Automated risk flag only; user-approved nuance: boondocking/community vagueness and park/campground entrances are not automatic defects.
P4,MI,s236,Deer Lake State Forest Campground,Rustic / Primitive,46.3258333,-88.3241667,legacy active row has no visible source URL,Source enrichment / duplicate check.,Automated risk flag only; user-approved nuance: boondocking/community vagueness and park/campground entrances are not automatic defects.
P4,MI,s265,East Branch of the Fox River State Forest Campground,Rustic / Primitive,46.4663447,-85.9448416,legacy active row has no visible source URL,Source enrichment / duplicate check.,Automated risk flag only; user-approved nuance: boondocking/community vagueness and park/campground entrances are not automatic defects.
P4,MI,s277,Emily Lake State Forest Campground,Rustic / Primitive,46.856845,-88.8549562,legacy active row has no visible source URL,Source enrichment / duplicate check.,Automated risk flag only; user-approved nuance: boondocking/community vagueness and park/campground entrances are not automatic defects.
P4,MI,s283,Ess Lake State Forest Campground,Rustic / Primitive,45.1082934,-83.9817281,legacy active row has no visible source URL,Source enrichment / duplicate check.,Automated risk flag only; user-approved nuance: boondocking/community vagueness and park/campground entrances are not automatic defects.
P4,MI,s330,Genes Pond State Forest Campground,Rustic / Primitive,46.0725,-87.8638889,legacy active row has no visible source URL,Source enrichment / duplicate check.,Automated risk flag only; user-approved nuance: boondocking/community vagueness and park/campground entrances are not automatic defects.
P4,MI,s335,Gitche Gumee RV Park and Campground,Private Campgrounds,46.4861519,-87.2300882,legacy active row has no visible source URL,Source enrichment / duplicate check.,Automated risk flag only; user-approved nuance: boondocking/community vagueness and park/campground entrances are not automatic defects.
P4,MI,s338,Glidden Lake State Forest Campground,Rustic / Primitive,46.0703753,-88.2378151,legacy active row has no visible source URL,Source enrichment / duplicate check.,Automated risk flag only; user-approved nuance: boondocking/community vagueness and park/campground entrances are not automatic defects.
P4,MI,s339,Goose Lake State Forest Campground,Rustic / Primitive,44.3568899,-85.2432901,legacy active row has no visible source URL,Source enrichment / duplicate check.,Automated risk flag only; user-approved nuance: boondocking/community vagueness and park/campground entrances are not automatic defects.
P4,MI,s345,Graves Crossing State Forest Campground,Rustic / Primitive,45.0335095,-85.0658735,legacy active row has no visible source URL,Source enrichment / duplicate check.,Automated risk flag only; user-approved nuance: boondocking/community vagueness and park/campground entrances are not automatic defects.
P4,MI,s349,Green Lake Rustic Campground,Rustic / Primitive,42.3644995,-84.0713019,legacy active row has no visible source URL,Source enrichment / duplicate check.,Automated risk flag only; user-approved nuance: boondocking/community vagueness and park/campground entrances are not automatic defects.
P4,MI,s359,Haakwood State Forest Campground,Rustic / Primitive,45.2985252,-84.6126115,legacy active row has no visible source URL,Source enrichment / duplicate check.,Automated risk flag only; user-approved nuance: boondocking/community vagueness and park/campground entrances are not automatic defects.
P4,MI,s373,Headquarters Lake Equestrian State Forest Campground and Trail Camp,Rustic / Primitive,46.6240622,-85.6040532,legacy active row has no visible source URL,Source enrichment / duplicate check.,Automated risk flag only; user-approved nuance: boondocking/community vagueness and park/campground entrances are not automatic defects.
P4,MI,s375,Healy Lake State Forest Campground,Rustic / Primitive,44.4384704,-85.9936269,legacy active row has no visible source URL,Source enrichment / duplicate check.,Automated risk flag only; user-approved nuance: boondocking/community vagueness and park/campground entrances are not automatic defects.
P4,MI,s401,Holland Lake State Forest Campground,Rustic / Primitive,46.6161083,-85.6590317,legacy active row has no visible source URL,Source enrichment / duplicate check.,Automated risk flag only; user-approved nuance: boondocking/community vagueness and park/campground entrances are not automatic defects.
P4,MI,s405,Hopkins Creek Trail Campground,Rustic / Primitive,44.4827778,-85.3155556,legacy active row has no visible source URL,Source enrichment / duplicate check.,Automated risk flag only; user-approved nuance: boondocking/community vagueness and park/campground entrances are not automatic defects.
P4,MI,s440,Jackson Lake State Forest Campground,Rustic / Primitive,45.0890902,-84.1616336,legacy active row has no visible source URL,Source enrichment / duplicate check.,Automated risk flag only; user-approved nuance: boondocking/community vagueness and park/campground entrances are not automatic defects.
P4,MI,s453,Jones Lake State Forest Campground,Rustic / Primitive,44.7833719,-84.5907696,legacy active row has no visible source URL,Source enrichment / duplicate check.,Automated risk flag only; user-approved nuance: boondocking/community vagueness and park/campground entrances are not automatic defects.
P4,MI,s463,Keystone Landing State Forest Campground,Rustic / Primitive,44.6647103,-84.6244491,legacy active row has no visible source URL,Source enrichment / duplicate check.,Automated risk flag only; user-approved nuance: boondocking/community vagueness and park/campground entrances are not automatic defects.
P4,MI,s465,King Lake State Forest Campground,Rustic / Primitive,46.531111,-88.4022222,legacy active row has no visible source URL,Source enrichment / duplicate check.,Automated risk flag only; user-approved nuance: boondocking/community vagueness and park/campground entrances are not automatic defects.
P4,MI,s506,Lake Margrethe State Forest Campground,Rustic / Primitive,44.6574495,-84.8175387,legacy active row has no visible source URL,Source enrichment / duplicate check.,Automated risk flag only; user-approved nuance: boondocking/community vagueness and park/campground entrances are not automatic defects.
P4,MI,s507,Lake Marjory State Forest Campground,Rustic / Primitive,44.8644602,-84.6953171,legacy active row has no visible source URL,Source enrichment / duplicate check.,Automated risk flag only; user-approved nuance: boondocking/community vagueness and park/campground entrances are not automatic defects.
P4,MI,s535,Lincoln Bridge State Forest Campground,Rustic / Primitive,44.1333915,-85.6953846,legacy active row has no visible source URL,Source enrichment / duplicate check.,Automated risk flag only; user-approved nuance: boondocking/community vagueness and park/campground entrances are not automatic defects.
P4,MI,s546,Little Lake State Forest Campground,Rustic / Primitive,46.2819444,-87.3336111,legacy active row has no visible source URL,Source enrichment / duplicate check.,Automated risk flag only; user-approved nuance: boondocking/community vagueness and park/campground entrances are not automatic defects.
P4,MI,s562,Long Lake (Missaukee) State Forest Campground,Rustic / Primitive,44.3534385,-85.2536248,legacy active row has no visible source URL,Source enrichment / duplicate check.,Automated risk flag only; user-approved nuance: boondocking/community vagueness and park/campground entrances are not automatic defects.
P4,MI,s563,Long Lake (Wexford) State Forest Campground,Rustic / Primitive,44.3331696,-85.375564,legacy active row has no visible source URL,Source enrichment / duplicate check.,Automated risk flag only; user-approved nuance: boondocking/community vagueness and park/campground entrances are not automatic defects.
P4,MI,s583,Manistee River Bridge State Forest Campground,Rustic / Primitive,44.6941852,-84.8468217,legacy active row has no visible source URL,Source enrichment / duplicate check.,Automated risk flag only; user-approved nuance: boondocking/community vagueness and park/campground entrances are not automatic defects.
P4,MI,s585,Maple Bay State Forest Campground,Rustic / Primitive,45.4887231,-84.7068294,legacy active row has no visible source URL,Source enrichment / duplicate check.,Automated risk flag only; user-approved nuance: boondocking/community vagueness and park/campground entrances are not automatic defects.
P4,MI,s591,McCollum Lake State Forest Campground,Rustic / Primitive,44.7707562,-83.9020417,legacy active row has no visible source URL,Source enrichment / duplicate check.,Automated risk flag only; user-approved nuance: boondocking/community vagueness and park/campground entrances are not automatic defects.
P4,MI,s594,Mead Creek State Forest Campground,Rustic / Primitive,46.1816441,-85.9879088,legacy active row has no visible source URL,Source enrichment / duplicate check.,Automated risk flag only; user-approved nuance: boondocking/community vagueness and park/campground entrances are not automatic defects.
P4,MI,s612,Mio Pond State Forest Campground,Rustic / Primitive,44.6649553,-84.1467471,legacy active row has no visible source URL,Source enrichment / duplicate check.,Automated risk flag only; user-approved nuance: boondocking/community vagueness and park/campground entrances are not automatic defects.
P4,MI,s623,Mud Lake State Forest Campground,Rustic / Primitive,43.9074579,-85.077718,legacy active row has no visible source URL,Source enrichment / duplicate check.,Automated risk flag only; user-approved nuance: boondocking/community vagueness and park/campground entrances are not automatic defects.
P4,MI,s625,Munuscong State Forest Campgrounds,Rustic / Primitive,46.211685,-84.2769771,legacy active row has no visible source URL,Source enrichment / duplicate check.,Automated risk flag only; user-approved nuance: boondocking/community vagueness and park/campground entrances are not automatic defects.
P4,MI,s627,Murray Lake Rustic Campground,Rustic / Primitive,42.509111,-83.812415,legacy active row has no visible source URL,Source enrichment / duplicate check.,Automated risk flag only; user-approved nuance: boondocking/community vagueness and park/campground entrances are not automatic defects.
P4,MI,s633,Muskrat Lake State Forest Campground,Rustic / Primitive,44.7517157,-84.2408104,legacy active row has no visible source URL,Source enrichment / duplicate check.,Automated risk flag only; user-approved nuance: boondocking/community vagueness and park/campground entrances are not automatic defects.
P4,MI,s635,Natalie State Forest Campground,Rustic / Primitive,46.350745,-85.5791425,legacy active row has no visible source URL,Source enrichment / duplicate check.,Automated risk flag only; user-approved nuance: boondocking/community vagueness and park/campground entrances are not automatic defects.
P4,MI,s643,North Gemini Lake State Forest Campground,Rustic / Primitive,46.4903366,-86.3060827,legacy active row has no visible source URL,Source enrichment / duplicate check.,Automated risk flag only; user-approved nuance: boondocking/community vagueness and park/campground entrances are not automatic defects.
P4,MI,s661,Old US 131 State Forest Campground,Rustic / Primitive,44.4920399,-85.4168637,legacy active row has no visible source URL,Source enrichment / duplicate check.,Automated risk flag only; user-approved nuance: boondocking/community vagueness and park/campground entrances are not automatic defects.
P4,MI,s668,Ossineke State Forest Campground,Rustic / Primitive,44.9221652,-83.41617,legacy active row has no visible source URL,Source enrichment / duplicate check.,Automated risk flag only; user-approved nuance: boondocking/community vagueness and park/campground entrances are not automatic defects.
P4,MI,s680,Parmalee Bridge State Forest Campground,Rustic / Primitive,44.6767319,-84.2929771,legacy active row has no visible source URL,Source enrichment / duplicate check.,Automated risk flag only; user-approved nuance: boondocking/community vagueness and park/campground entrances are not automatic defects.
P4,MI,s694,Pickerel Lake State Forest Campground,Rustic / Primitive,45.1773807,-84.5184445,legacy active row has no visible source URL,Source enrichment / duplicate check.,Automated risk flag only; user-approved nuance: boondocking/community vagueness and park/campground entrances are not automatic defects.
P4,MI,s695,Pigeon Bridge State Forest Campground,Rustic / Primitive,45.1567468,-84.4648897,legacy active row has no visible source URL,Source enrichment / duplicate check.,Automated risk flag only; user-approved nuance: boondocking/community vagueness and park/campground entrances are not automatic defects.
P4,MI,s697,Pike Lake State Forest Campground,Rustic / Primitive,46.6439382,-85.4164707,legacy active row has no visible source URL,Source enrichment / duplicate check.,Automated risk flag only; user-approved nuance: boondocking/community vagueness and park/campground entrances are not automatic defects.
P4,MI,s702,Pine Grove State Forest Campground,Rustic / Primitive,45.2443677,-84.4464315,legacy active row has no visible source URL,Source enrichment / duplicate check.,Automated risk flag only; user-approved nuance: boondocking/community vagueness and park/campground entrances are not automatic defects.
P4,MI,s714,Pinney Bridge State Forest Campground,Rustic / Primitive,45.0167544,-85.0284826,legacy active row has no visible source URL,Source enrichment / duplicate check.,Automated risk flag only; user-approved nuance: boondocking/community vagueness and park/campground entrances are not automatic defects.
P4,MI,s750,Pretty Lake State Forest Campground,Rustic / Primitive,46.6041665,-85.6579576,legacy active row has no visible source URL,Source enrichment / duplicate check.,Automated risk flag only; user-approved nuance: boondocking/community vagueness and park/campground entrances are not automatic defects.
P4,MI,s758,Rainbow Bend State Forest Campground,Rustic / Primitive,44.6697377,-84.4177964,legacy active row has no visible source URL,Source enrichment / duplicate check.,Automated risk flag only; user-approved nuance: boondocking/community vagueness and park/campground entrances are not automatic defects.
P4,MI,s792,Round Lake State Forest Campground,Rustic / Primitive,45.1365893,-84.4534063,legacy active row has no visible source URL,Source enrichment / duplicate check.,Automated risk flag only; user-approved nuance: boondocking/community vagueness and park/campground entrances are not automatic defects.
P4,MI,s834,Shoepac Lake State Forest Campground,Rustic / Primitive,45.2397111,-84.170481,legacy active row has no visible source URL,Source enrichment / duplicate check.,Automated risk flag only; user-approved nuance: boondocking/community vagueness and park/campground entrances are not automatic defects.
P4,MI,s835,Shupac Lake State Forest Campground,Rustic / Primitive,44.8238182,-84.4794755,legacy active row has no visible source URL,Source enrichment / duplicate check.,Automated risk flag only; user-approved nuance: boondocking/community vagueness and park/campground entrances are not automatic defects.
P4,MI,s838,Silver Creek State Forest Campground,Rustic / Primitive,44.1173652,-85.6848632,legacy active row has no visible source URL,Source enrichment / duplicate check.,Automated risk flag only; user-approved nuance: boondocking/community vagueness and park/campground entrances are not automatic defects.
P4,MI,s858,South Gemini Lake State Forest Campground,Rustic / Primitive,46.4812012,-86.3043218,legacy active row has no visible source URL,Source enrichment / duplicate check.,Automated risk flag only; user-approved nuance: boondocking/community vagueness and park/campground entrances are not automatic defects.
P4,MI,s869,Spring Lake State Forest Campground,Rustic / Primitive,44.563385,-85.366276,legacy active row has no visible source URL,Source enrichment / duplicate check.,Automated risk flag only; user-approved nuance: boondocking/community vagueness and park/campground entrances are not automatic defects.
P4,MI,s896,Sunrise Lake State Forest Campground,Rustic / Primitive,44.0284151,-85.3330837,legacy active row has no visible source URL,Source enrichment / duplicate check.,Automated risk flag only; user-approved nuance: boondocking/community vagueness and park/campground entrances are not automatic defects.
P4,MI,s921,Tomahawk Lake State Forest Campground,Rustic / Primitive,45.2310387,-84.1652869,legacy active row has no visible source URL,Source enrichment / duplicate check.,Automated risk flag only; user-approved nuance: boondocking/community vagueness and park/campground entrances are not automatic defects.
P4,MI,s925,Town Corner Lake State Forest Campground,Rustic / Primitive,45.115005,-84.3620389,legacy active row has no visible source URL,Source enrichment / duplicate check.,Automated risk flag only; user-approved nuance: boondocking/community vagueness and park/campground entrances are not automatic defects.
P4,MI,s936,Trout Lake State Forest Campground,Rustic / Primitive,44.1341571,-84.565066,legacy active row has no visible source URL,Source enrichment / duplicate check.,Automated risk flag only; user-approved nuance: boondocking/community vagueness and park/campground entrances are not automatic defects.
P4,MI,s943,Twin Lakes State Forest Campground,Rustic / Primitive,45.5368481,-84.2897835,legacy active row has no visible source URL,Source enrichment / duplicate check.,Automated risk flag only; user-approved nuance: boondocking/community vagueness and park/campground entrances are not automatic defects.
P4,MI,s945,Two Hearted River State Forest Campground,Rustic / Primitive,46.6980671,-85.4226295,legacy active row has no visible source URL,Source enrichment / duplicate check.,Automated risk flag only; user-approved nuance: boondocking/community vagueness and park/campground entrances are not automatic defects.
P4,MI,s950,Upper Manistee River State Forest Campground,Rustic / Primitive,44.7502645,-84.8393612,legacy active row has no visible source URL,Source enrichment / duplicate check.,Automated risk flag only; user-approved nuance: boondocking/community vagueness and park/campground entrances are not automatic defects.
P4,MI,s958,Van Etten Lake State Forest Campground,Rustic / Primitive,44.4714817,-83.3743355,legacy active row has no visible source URL,Source enrichment / duplicate check.,Automated risk flag only; user-approved nuance: boondocking/community vagueness and park/campground entrances are not automatic defects.
P4,MI,s972,Walsh Road Equestrian State Forest Campground and Trail Camp,Rustic / Primitive,44.783791,-84.3708992,legacy active row has no visible source URL,Source enrichment / duplicate check.,Automated risk flag only; user-approved nuance: boondocking/community vagueness and park/campground entrances are not automatic defects.
P4,MI,s981,Weber Lake State Forest Campground,Rustic / Primitive,45.2963192,-84.7216932,legacy active row has no visible source URL,Source enrichment / duplicate check.,Automated risk flag only; user-approved nuance: boondocking/community vagueness and park/campground entrances are not automatic defects.
P4,MI,s986,West Branch State Forest Campground,Rustic / Primitive,46.18731712595539,-87.74713141313383,legacy active row has no visible source URL,Source enrichment / duplicate check.,Automated risk flag only; user-approved nuance: boondocking/community vagueness and park/campground entrances are not automatic defects.
P4,MI,s1025,Yankee Springs Deep Lake Rustic Campground,Rustic / Primitive,42.6176968,-85.4540204,legacy active row has no visible source URL,Source enrichment / duplicate check.,Automated risk flag only; user-approved nuance: boondocking/community vagueness and park/campground entrances are not automatic defects.
P4,MN,s216,Country Campground,Private Campgrounds,46.7695,-95.8567708,legacy active row has no visible source URL,Source enrichment / duplicate check.,Automated risk flag only; user-approved nuance: boondocking/community vagueness and park/campground entrances are not automatic defects.
P4,MN,s217,Country Camping Tent & RV Park,Private Campgrounds,45.4680957,-93.2862552,legacy active row has no visible source URL,Source enrichment / duplicate check.,Automated risk flag only; user-approved nuance: boondocking/community vagueness and park/campground entrances are not automatic defects.
P4,MN,s242,Deparcq Woods Campground,Private Campgrounds,46.0767995,-94.3364572,legacy active row has no visible source URL,Source enrichment / duplicate check.,Automated risk flag only; user-approved nuance: boondocking/community vagueness and park/campground entrances are not automatic defects.
P4,MN,s295,Fish Lake Acres Campground,Private Campgrounds,44.646131,-93.4602461,legacy active row has no visible source URL,Source enrichment / duplicate check.,Automated risk flag only; user-approved nuance: boondocking/community vagueness and park/campground entrances are not automatic defects.
P4,MN,s654,Oak Park kampground,Private Campgrounds,45.9060081,-95.5184821,legacy active row has no visible source URL,Source enrichment / duplicate check.,Automated risk flag only; user-approved nuance: boondocking/community vagueness and park/campground entrances are not automatic defects.
P4,MN,s793,Rum River Campground LLC,Private Campgrounds,45.944243,-93.660952,legacy active row has no visible source URL,Source enrichment / duplicate check.,Automated risk flag only; user-approved nuance: boondocking/community vagueness and park/campground entrances are not automatic defects.
P4,MN,s861,South Isle Family Campground,Private Campgrounds,46.116603,-93.4317339,legacy active row has no visible source URL,Source enrichment / duplicate check.,Automated risk flag only; user-approved nuance: boondocking/community vagueness and park/campground entrances are not automatic defects.
P4,MN,s924,Town & Country RV Park and Campground,Private Campgrounds,44.7749339,-93.3893313,legacy active row has no visible source URL,Source enrichment / duplicate check.,Automated risk flag only; user-approved nuance: boondocking/community vagueness and park/campground entrances are not automatic defects.
P4,MN,s1008,Wildwood RV Park & Campground,Private Campgrounds,45.385498,-92.696398,legacy active row has no visible source URL,Source enrichment / duplicate check.,Automated risk flag only; user-approved nuance: boondocking/community vagueness and park/campground entrances are not automatic defects.
P4,MO,s597,Meramec Campground,Private Campgrounds,38.2732082,-91.1024335,legacy active row has no visible source URL,Source enrichment / duplicate check.,Automated risk flag only; user-approved nuance: boondocking/community vagueness and park/campground entrances are not automatic defects.
P4,MO,s598,Meramec Caverns Natural Campground,Private Campgrounds,38.2450891,-91.0882604,legacy active row has no visible source URL,Source enrichment / duplicate check.,Automated risk flag only; user-approved nuance: boondocking/community vagueness and park/campground entrances are not automatic defects.
P4,MS,s443,Jeff Busby Campground,Rustic / Primitive,33.417583,-89.2679427,legacy active row has no visible source URL,Source enrichment / duplicate check.,Automated risk flag only; user-approved nuance: boondocking/community vagueness and park/campground entrances are not automatic defects.
P4,MS,s790,Rocky Springs Campground,Rustic / Primitive,32.088662,-90.7988195,legacy active row has no visible source URL,Source enrichment / duplicate check.,Automated risk flag only; user-approved nuance: boondocking/community vagueness and park/campground entrances are not automatic defects.
P4,MT,s187,Cherry Creek Campground,Rustic / Primitive,44.750939,-111.2639046,legacy active row has no visible source URL,Source enrichment / duplicate check.,Automated risk flag only; user-approved nuance: boondocking/community vagueness and park/campground entrances are not automatic defects.
P4,MT,s559,Lonesomehurst Campground,Rustic / Primitive,44.7354859,-111.2313429,legacy active row has no visible source URL,Source enrichment / duplicate check.,Automated risk flag only; user-approved nuance: boondocking/community vagueness and park/campground entrances are not automatic defects.
P4,MT,s759,Rainbow Point Campground,Rustic / Primitive,44.7791667,-111.1802778,legacy active row has no visible source URL,Source enrichment / duplicate check.,Automated risk flag only; user-approved nuance: boondocking/community vagueness and park/campground entrances are not automatic defects.
P4,MT,s867,Spring Creek Campground,Rustic / Primitive,44.78449,-111.27516,legacy active row has no visible source URL,Source enrichment / duplicate check.,Automated risk flag only; user-approved nuance: boondocking/community vagueness and park/campground entrances are not automatic defects.
P4,MT,s987,West Fork Denny Creek,Boondocking / Dispersed,44.6937371,-111.2645775,legacy active row has no visible source URL,Source enrichment / duplicate check.,Automated risk flag only; user-approved nuance: boondocking/community vagueness and park/campground entrances are not automatic defects.
P4,NE,s56,Bayard City Park,Modern Campgrounds,41.7621727,-103.3220215,legacy active row has no visible source URL,Source enrichment / duplicate check.,Automated risk flag only; user-approved nuance: boondocking/community vagueness and park/campground entrances are not automatic defects.
P4,NE,s113,Blue Hole State Wildlife Management Area,Boondocking / Dispersed,40.6871906,-99.3875145,legacy active row has no visible source URL,Source enrichment / duplicate check.,Automated risk flag only; user-approved nuance: boondocking/community vagueness and park/campground entrances are not automatic defects.
P4,NE,s184,Chat Canyon Wildlife Management Area,Boondocking / Dispersed,42.7890744,-101.0614702,legacy active row has no visible source URL,Source enrichment / duplicate check.,Automated risk flag only; user-approved nuance: boondocking/community vagueness and park/campground entrances are not automatic defects.
P4,NE,s1024,Yankee Hill State Wildlife Management Area,Rustic / Primitive,40.7288236,-96.7964571,legacy active row has no visible source URL,Source enrichment / duplicate check.,Automated risk flag only; user-approved nuance: boondocking/community vagueness and park/campground entrances are not automatic defects.
P4,NE,s1028,Yellowthroat Wildlife Management Area,Boondocking / Dispersed,42.3611103,-99.8497572,legacy active row has no visible source URL,Source enrichment / duplicate check.,Automated risk flag only; user-approved nuance: boondocking/community vagueness and park/campground entrances are not automatic defects.
P4,NH,s616,Moose Alley,Boondocking / Dispersed,45.1207188,-71.2481822,legacy active row has no visible source URL,Source enrichment / duplicate check.,Automated risk flag only; user-approved nuance: boondocking/community vagueness and park/campground entrances are not automatic defects.
P4,OK,s321,Fritch Fortress Campground,Modern Campgrounds,35.6808607,-101.5985578,legacy active row has no visible source URL,Source enrichment / duplicate check.,Automated risk flag only; user-approved nuance: boondocking/community vagueness and park/campground entrances are not automatic defects.
P4,SD,s125,Boondocking room for 3-5 campers,Boondocking / Dispersed,44.387081,-103.760583,legacy active row has no visible source URL,Source enrichment / duplicate check.,Automated risk flag only; user-approved nuance: boondocking/community vagueness and park/campground entrances are not automatic defects.
P4,SD,s152,Camp 5 Road,Boondocking / Dispersed,44.3659879,-103.5944641,legacy active row has no visible source URL,Source enrichment / duplicate check.,Automated risk flag only; user-approved nuance: boondocking/community vagueness and park/campground entrances are not automatic defects.
P4,TN,s17,Anderson Road Campground,Rustic / Primitive,36.1072654,-86.6073489,legacy active row has no visible source URL,Source enrichment / duplicate check.,Automated risk flag only; user-approved nuance: boondocking/community vagueness and park/campground entrances are not automatic defects.
P4,TN,s151,Cages Bend Campground,Rustic / Primitive,36.3038408,-86.5145679,legacy active row has no visible source URL,Source enrichment / duplicate check.,Automated risk flag only; user-approved nuance: boondocking/community vagueness and park/campground entrances are not automatic defects.
P4,TN,s175,Cedar Creek Campground,Rustic / Primitive,36.2769498,-86.5108303,legacy active row has no visible source URL,Source enrichment / duplicate check.,Automated risk flag only; user-approved nuance: boondocking/community vagueness and park/campground entrances are not automatic defects.
P4,TN,s276,Elm Hill RV Resort,Private Campgrounds,36.1282635,-86.6213112,legacy active row has no visible source URL,Source enrichment / duplicate check.,Automated risk flag only; user-approved nuance: boondocking/community vagueness and park/campground entrances are not automatic defects.
P4,TN,s313,Four Corners RV Resort,Private Campgrounds,36.0536255,-86.5688038,legacy active row has no visible source URL,Source enrichment / duplicate check.,Automated risk flag only; user-approved nuance: boondocking/community vagueness and park/campground entrances are not automatic defects.
P4,TN,s343,Grand Ole RV Resort and Market,Private Campgrounds,36.3378299,-86.718115,legacy active row has no visible source URL,Source enrichment / duplicate check.,Automated risk flag only; user-approved nuance: boondocking/community vagueness and park/campground entrances are not automatic defects.
P4,TN,s363,Harpeth River Bridge Campsite,Rustic / Primitive,36.284395,-87.1436796,legacy active row has no visible source URL,Source enrichment / duplicate check.,Automated risk flag only; user-approved nuance: boondocking/community vagueness and park/campground entrances are not automatic defects.
P4,TN,s389,Hidden Creek Camp Ground,Private Campgrounds,36.37642,-88.127439,legacy active row has no visible source URL,Source enrichment / duplicate check.,Automated risk flag only; user-approved nuance: boondocking/community vagueness and park/campground entrances are not automatic defects.
P4,TN,s553,Lock A Campground,Rustic / Primitive,36.316593,-87.1941696,legacy active row has no visible source URL,Source enrichment / duplicate check.,Automated risk flag only; user-approved nuance: boondocking/community vagueness and park/campground entrances are not automatic defects.
P4,TN,s699,Pikes Peak Campground,Private Campgrounds,35.6316418,-88.0480725,legacy active row has no visible source URL,Source enrichment / duplicate check.,Automated risk flag only; user-approved nuance: boondocking/community vagueness and park/campground entrances are not automatic defects.
P4,TN,s736,Poole Knobs Campground,Rustic / Primitive,36.0543672,-86.5147795,legacy active row has no visible source URL,Source enrichment / duplicate check.,Automated risk flag only; user-approved nuance: boondocking/community vagueness and park/campground entrances are not automatic defects.
P4,TN,s827,Seven Points Campground,Rustic / Primitive,36.133042,-86.5726342,legacy active row has no visible source URL,Source enrichment / duplicate check.,Automated risk flag only; user-approved nuance: boondocking/community vagueness and park/campground entrances are not automatic defects.
P4,TN,s868,Spring Creek Campground,Private Campgrounds,36.6130561,-87.2630327,legacy active row has no visible source URL,Source enrichment / duplicate check.,Automated risk flag only; user-approved nuance: boondocking/community vagueness and park/campground entrances are not automatic defects.
P4,TN,s904,Tanbark Campground,Private Campgrounds,35.9818523,-87.486856,legacy active row has no visible source URL,Source enrichment / duplicate check.,Automated risk flag only; user-approved nuance: boondocking/community vagueness and park/campground entrances are not automatic defects.
P4,UT,s329,General area has red rock canyons,Boondocking / Dispersed,37.3127776,-109.5189257,legacy active row has no visible source URL,Source enrichment / duplicate check.,Automated risk flag only; user-approved nuance: boondocking/community vagueness and park/campground entrances are not automatic defects.
P4,UT,s482,Lagoon RV Park & Campground,Private Campgrounds,40.982772,-111.8964622,legacy active row has no visible source URL,Source enrichment / duplicate check.,Automated risk flag only; user-approved nuance: boondocking/community vagueness and park/campground entrances are not automatic defects.
P4,UT,s908,Temple Mountain,Boondocking / Dispersed,38.6885833,-110.681825,legacy active row has no visible source URL,Source enrichment / duplicate check.,Automated risk flag only; user-approved nuance: boondocking/community vagueness and park/campground entrances are not automatic defects.
P4,VT,s616,Moose Alley,Boondocking / Dispersed,45.1207188,-71.2481822,legacy active row has no visible source URL,Source enrichment / duplicate check.,Automated risk flag only; user-approved nuance: boondocking/community vagueness and park/campground entrances are not automatic defects.
P4,WI,s393,Highland Ridge Campground,Rustic / Primitive,44.8725909,-92.2432709,legacy active row has no visible source URL,Source enrichment / duplicate check.,Automated risk flag only; user-approved nuance: boondocking/community vagueness and park/campground entrances are not automatic defects.
P4,WI,s592,McKinley Lake Campsite,Rustic / Primitive,45.918733,-88.9722966,legacy active row has no visible source URL,Source enrichment / duplicate check.,Automated risk flag only; user-approved nuance: boondocking/community vagueness and park/campground entrances are not automatic defects.
P4,WI,s863,Spearhead Point Campground,Rustic / Primitive,45.3269572,-90.443573,legacy active row has no visible source URL,Source enrichment / duplicate check.,Automated risk flag only; user-approved nuance: boondocking/community vagueness and park/campground entrances are not automatic defects.
P4,WI,s864,Spectacle Lake Campground,Rustic / Primitive,46.0091,-89.0097,legacy active row has no visible source URL,Source enrichment / duplicate check.,Automated risk flag only; user-approved nuance: boondocking/community vagueness and park/campground entrances are not automatic defects.
P4,WI,s881,Stoney Creek RV Resort,Rustic / Primitive,44.573697,-91.193836,legacy active row has no visible source URL,Source enrichment / duplicate check.,Automated risk flag only; user-approved nuance: boondocking/community vagueness and park/campground entrances are not automatic defects.
P4,WI,s952,US Army Corps of Engineers Blackhawk Park,Rustic / Primitive,43.4609777,-91.222484,legacy active row has no visible source URL,Source enrichment / duplicate check.,Automated risk flag only; user-approved nuance: boondocking/community vagueness and park/campground entrances are not automatic defects.
P4,WI,s948,Upper Gresham Lake State Forest Campground,Rustic / Primitive,46.074873,-89.7267228,legacy active row has no visible source URL,Source enrichment / duplicate check.,Automated risk flag only; user-approved nuance: boondocking/community vagueness and park/campground entrances are not automatic defects.
P4,WY,s1,"42°14'44.0""N 109°26'00.8""W",Boondocking / Dispersed,42.2455555555556,-109.433555555556,legacy active row has no visible source URL,Source enrichment / duplicate check.,Automated risk flag only; user-approved nuance: boondocking/community vagueness and park/campground entrances are not automatic defects.
P4,WY,s29,Atlantic City Campground,Rustic / Primitive,42.51605,-108.72228,legacy active row has no visible source URL,Source enrichment / duplicate check.,Automated risk flag only; user-approved nuance: boondocking/community vagueness and park/campground entrances are not automatic defects.
P4,WY,s79,Big Atlantic Gulch Campground,Rustic / Primitive,42.5192252,-108.7144597,legacy active row has no visible source URL,Source enrichment / duplicate check.,Automated risk flag only; user-approved nuance: boondocking/community vagueness and park/campground entrances are not automatic defects.
P4,WY,s127,Boulder Lake Campground,Rustic / Primitive,42.8568051,-109.617272,legacy active row has no visible source URL,Source enrichment / duplicate check.,Automated risk flag only; user-approved nuance: boondocking/community vagueness and park/campground entrances are not automatic defects.
P4,WY,s312,Fossil Butte Boondocking,Boondocking / Dispersed,41.8289314,-110.7813007,legacy active row has no visible source URL,Source enrichment / duplicate check.,Automated risk flag only; user-approved nuance: boondocking/community vagueness and park/campground entrances are not automatic defects.
P4,WY,s360,Half Moon Lake Campground,Rustic / Primitive,42.9369154,-109.7615449,legacy active row has no visible source URL,Source enrichment / duplicate check.,Automated risk flag only; user-approved nuance: boondocking/community vagueness and park/campground entrances are not automatic defects.
P4,WY,s548,Little Popo Agie Campground,Rustic / Primitive,42.60785,-108.85742,legacy active row has no visible source URL,Source enrichment / duplicate check.,Automated risk flag only; user-approved nuance: boondocking/community vagueness and park/campground entrances are not automatic defects.
P4,WY,s1094,Ponderosa Campground,Rustic / Primitive,44.518011,-109.0730982,legacy active row has no visible source URL,Source enrichment / duplicate check.,Automated risk flag only; user-approved nuance: boondocking/community vagueness and park/campground entrances are not automatic defects.
P4,WY,s815,Scab Creek Campground,Rustic / Primitive,42.8194663,-109.5529603,legacy active row has no visible source URL,Source enrichment / duplicate check.,Automated risk flag only; user-approved nuance: boondocking/community vagueness and park/campground entrances are not automatic defects.
P4,WY,s1100,The Butte #2,Boondocking / Dispersed,41.8303162,-110.7813963,legacy active row has no visible source URL,Source enrichment / duplicate check.,Automated risk flag only; user-approved nuance: boondocking/community vagueness and park/campground entrances are not automatic defects.
P4,WY,s983,Weeping Rock Campground (recgovnpsdata),Rustic / Primitive,42.02075,-110.04957,legacy active row has no visible source URL,Source enrichment / duplicate check.,Automated risk flag only; user-approved nuance: boondocking/community vagueness and park/campground entrances are not automatic defects.
