id,state,name,bucket,recommendedAction,reason,status,leadType,likelyLayer,hasCoordinate,priority
nd-lead-lake-metigoshe-modern-coordinate-rescue,ND,Lake Metigoshe State Park modern campground coordinate rescue,ORDINARY_CAMPGROUND_COORDINATE_RESCUE,Run practical address-to-map rescue; entrance/campground-area coordinate can be acceptable with honest popup.,Looks like ordinary campground/operator/city/county record held mainly for coordinate/source cleanup.,coordinate_rescue,coordinate_rescue,Modern Campgrounds,no,High
nd-lead-lake-metigoshe-primitive-coordinate-rescue,ND,Lake Metigoshe State Park primitive campground coordinate rescue,ORDINARY_CAMPGROUND_COORDINATE_RESCUE,Run practical address-to-map rescue; entrance/campground-area coordinate can be acceptable with honest popup.,Looks like ordinary campground/operator/city/county record held mainly for coordinate/source cleanup.,coordinate_rescue,coordinate_rescue,Rustic / Primitive,no,High
nd-lead-grahams-island-modern-coordinate-rescue,ND,Grahams Island State Park modern campground coordinate rescue,ORDINARY_CAMPGROUND_COORDINATE_RESCUE,Run practical address-to-map rescue; entrance/campground-area coordinate can be acceptable with honest popup.,Looks like ordinary campground/operator/city/county record held mainly for coordinate/source cleanup.,coordinate_rescue,coordinate_rescue,Modern Campgrounds,no,High
nd-lead-grahams-island-primitive-coordinate-rescue,ND,Grahams Island State Park primitive campground coordinate rescue,ORDINARY_CAMPGROUND_COORDINATE_RESCUE,Run practical address-to-map rescue; entrance/campground-area coordinate can be acceptable with honest popup.,Looks like ordinary campground/operator/city/county record held mainly for coordinate/source cleanup.,coordinate_rescue,coordinate_rescue,Rustic / Primitive,no,Medium
nd-lead-turtle-river-modern-coordinate-rescue,ND,Turtle River State Park modern campground coordinate rescue,ORDINARY_CAMPGROUND_COORDINATE_RESCUE,Run practical address-to-map rescue; entrance/campground-area coordinate can be acceptable with honest popup.,Looks like ordinary campground/operator/city/county record held mainly for coordinate/source cleanup.,coordinate_rescue,coordinate_rescue,Modern Campgrounds,no,High
nd-lead-turtle-river-walkin-primitive-coordinate-rescue,ND,Turtle River State Park walk-in primitive camping coordinate rescue,TRUE_LEAD_RESEARCH_OR_EXTERNAL,Keep as lead until proof/geometry/status is resolved.,"Still has a proof, geometry, legality, duplicate, or current-status blocker.",coordinate_rescue,coordinate_rescue,Boat / Backpack,no,High
nd-lead-icelandic-modern-coordinate-rescue,ND,Icelandic State Park modern campground coordinate rescue,ORDINARY_CAMPGROUND_COORDINATE_RESCUE,Run practical address-to-map rescue; entrance/campground-area coordinate can be acceptable with honest popup.,Looks like ordinary campground/operator/city/county record held mainly for coordinate/source cleanup.,coordinate_rescue,coordinate_rescue,Modern Campgrounds,no,High
nd-lead-icelandic-primitive-coordinate-rescue,ND,Icelandic State Park primitive campground coordinate rescue,ORDINARY_CAMPGROUND_COORDINATE_RESCUE,Run practical address-to-map rescue; entrance/campground-area coordinate can be acceptable with honest popup.,Looks like ordinary campground/operator/city/county record held mainly for coordinate/source cleanup.,coordinate_rescue,coordinate_rescue,Rustic / Primitive,no,Medium
nd-lead-fort-ransom-modern-horse-coordinate-rescue,ND,Fort Ransom State Park modern / horse campground coordinate rescue,ORDINARY_CAMPGROUND_COORDINATE_RESCUE,Run practical address-to-map rescue; entrance/campground-area coordinate can be acceptable with honest popup.,Looks like ordinary campground/operator/city/county record held mainly for coordinate/source cleanup.,coordinate_rescue,coordinate_rescue,Modern Campgrounds or Rustic / Primitive by loop,no,High
nd-lead-fort-ransom-primitive-walkin-coordinate-rescue,ND,Fort Ransom State Park primitive / walk-in campground coordinate rescue,ORDINARY_CAMPGROUND_COORDINATE_RESCUE,Run practical address-to-map rescue; entrance/campground-area coordinate can be acceptable with honest popup.,Looks like ordinary campground/operator/city/county record held mainly for coordinate/source cleanup.,coordinate_rescue,coordinate_rescue,Rustic / Primitive or Boat / Backpack,no,Medium
nd-lead-nd-state-fairgrounds-camping-lane,ND,North Dakota State Fairgrounds camping lane,TRUE_LEAD_RESEARCH_OR_EXTERNAL,Keep as lead until proof/geometry/status is resolved.,"Still has a proof, geometry, legality, duplicate, or current-status blocker.",coordinate_rescue,coordinate_rescue,Rustic / Primitive unless Modern triad recovered,no,Medium
nd-lead-cottonwood-campground-coordinate-rescue,ND,Cottonwood Campground,ORDINARY_CAMPGROUND_COORDINATE_RESCUE,Run practical address-to-map rescue; entrance/campground-area coordinate can be acceptable with honest popup.,Looks like ordinary campground/operator/city/county record held mainly for coordinate/source cleanup.,coordinate_rescue,coordinate_rescue,Rustic / Primitive,no,Medium
nd-lead-juniper-campground-coordinate-rescue,ND,Juniper Campground,ORDINARY_CAMPGROUND_COORDINATE_RESCUE,Run practical address-to-map rescue; entrance/campground-area coordinate can be acceptable with honest popup.,Looks like ordinary campground/operator/city/county record held mainly for coordinate/source cleanup.,coordinate_rescue,coordinate_rescue,Rustic / Primitive,no,Medium
nd-lead-roundup-group-horse-camp-coordinate-rescue,ND,Roundup Group Horse Camp,ORDINARY_CAMPGROUND_COORDINATE_RESCUE,Run practical address-to-map rescue; entrance/campground-area coordinate can be acceptable with honest popup.,Looks like ordinary campground/operator/city/county record held mainly for coordinate/source cleanup.,coordinate_rescue,coordinate_rescue,Rustic / Primitive,no,Medium
nd-lead-trnp-backcountry-little-missouri-boating-geometry,ND,TRNP backcountry / Little Missouri River overnight boating area geometry,AREA_RULE_COMMUNITY_OR_OVERLAY_CANDIDATE,Evaluate as area/rule/community marker or overlay candidate; do not force exact campground coordinates.,"Looks like rule-area, boondocking, community, WMA/forest, permit, GIS, or overlay work.",area_outline_followup,area_outline_followup,Boat / Backpack or Info / Reference,no,Medium
nd-lead-sheyenne-river-water-trail-sites,ND,Sheyenne River Water Trail exact semi-primitive sites,TRUE_LEAD_RESEARCH_OR_EXTERNAL,Keep as lead until proof/geometry/status is resolved.,"Still has a proof, geometry, legality, duplicate, or current-status blocker.",gis_extraction_needed,coordinate_rescue / area_outline_followup,Boat / Backpack,no,High
nd-lead-turtle-mountain-homen-state-forest-rule-proof,ND,Turtle Mountain / Homen State Forest area-rule proof,AREA_RULE_COMMUNITY_OR_OVERLAY_CANDIDATE,Evaluate as area/rule/community marker or overlay candidate; do not force exact campground coordinates.,"Looks like rule-area, boondocking, community, WMA/forest, permit, GIS, or overlay work.",agency_contact_needed,agency_contact_needed,Boondocking / Dispersed or Info / Reference,no,High
nd-lead-bull-creek-community-review,ND,Bull Creek WMA community boondocking lead,AREA_RULE_COMMUNITY_OR_OVERLAY_CANDIDATE,Evaluate as area/rule/community marker or overlay candidate; do not force exact campground coordinates.,"Looks like rule-area, boondocking, community, WMA/forest, permit, GIS, or overlay work.",community_review,community_review / gis_extraction_needed,Boondocking / Dispersed,no,Medium
nd-lead-speck-davis-pond-community-review,ND,Speck Davis Pond WMA community boondocking lead,AREA_RULE_COMMUNITY_OR_OVERLAY_CANDIDATE,Evaluate as area/rule/community marker or overlay candidate; do not force exact campground coordinates.,"Looks like rule-area, boondocking, community, WMA/forest, permit, GIS, or overlay work.",community_review,community_review / gis_extraction_needed,Boondocking / Dispersed,no,Medium
nd-lead-cedar-lake-community-review,ND,Cedar Lake WMA community boondocking lead,AREA_RULE_COMMUNITY_OR_OVERLAY_CANDIDATE,Evaluate as area/rule/community marker or overlay candidate; do not force exact campground coordinates.,"Looks like rule-area, boondocking, community, WMA/forest, permit, GIS, or overlay work.",community_review,community_review / gis_extraction_needed,Boondocking / Dispersed,no,Medium
nd-lead-killdeer-mountains-community-review,ND,Killdeer Mountains WMA community boondocking lead,AREA_RULE_COMMUNITY_OR_OVERLAY_CANDIDATE,Evaluate as area/rule/community marker or overlay candidate; do not force exact campground coordinates.,"Looks like rule-area, boondocking, community, WMA/forest, permit, GIS, or overlay work.",community_review,community_review / gis_extraction_needed,Boondocking / Dispersed,no,Medium
nd-lead-adam-teresa-raab-wma-community-review,ND,Adam and Teresa Raab WMA community-proof lead,AREA_RULE_COMMUNITY_OR_OVERLAY_CANDIDATE,Evaluate as area/rule/community marker or overlay candidate; do not force exact campground coordinates.,"Looks like rule-area, boondocking, community, WMA/forest, permit, GIS, or overlay work.",community_review,community_review / gis_extraction_needed,Boondocking / Dispersed,no,Medium
nd-lead-mineral-springs-sheyenne-river-state-forest,ND,Mineral Springs / Sheyenne River State Forest primitive backcountry-camping lead,AREA_RULE_COMMUNITY_OR_OVERLAY_CANDIDATE,Evaluate as area/rule/community marker or overlay candidate; do not force exact campground coordinates.,"Looks like rule-area, boondocking, community, WMA/forest, permit, GIS, or overlay work.",agency_contact_needed,official_proof_needed,Boat / Backpack if official proof recovered,yes,High
nd-lead-warsing-dam-sheyenne-local-campground,ND,Warsing Dam / Sheyenne local campground lead,ORDINARY_CAMPGROUND_COORDINATE_RESCUE,Run practical address-to-map rescue; entrance/campground-area coordinate can be acceptable with honest popup.,Looks like ordinary campground/operator/city/county record held mainly for coordinate/source cleanup.,official_source_needed,coordinate_rescue,Rustic / Primitive or local campground if official proof recovered,no,Low-Medium
nd-lead-clausen-springs-wma-nct-overnight-proof,ND,Clausen Springs WMA / North Country Trail crossing overnight-use proof,AREA_RULE_COMMUNITY_OR_OVERLAY_CANDIDATE,Evaluate as area/rule/community marker or overlay candidate; do not force exact campground coordinates.,"Looks like rule-area, boondocking, community, WMA/forest, permit, GIS, or overlay work.",community_review,community_review / official_rule_needed,Boat / Backpack or Boondocking / Dispersed if overnight proof recovered,no,Low-Medium
nd-lead-jamestown-municipal-county-camping,ND,Jamestown municipal/county camping lead,TRUE_LEAD_RESEARCH_OR_EXTERNAL,Keep as lead until proof/geometry/status is resolved.,"Still has a proof, geometry, legality, duplicate, or current-status blocker.",unattainable_from_accessible_sources,community_review / agency_contact_needed,Rustic / Primitive or Modern if official proof recovered,no,Low-Medium
nd-lead-wma-turtle-mountains-polygon-gis,ND,NDGF WMA primitive camping — Turtle Mountains cluster polygon follow-up,AREA_RULE_COMMUNITY_OR_OVERLAY_CANDIDATE,Evaluate as area/rule/community marker or overlay candidate; do not force exact campground coordinates.,"Looks like rule-area, boondocking, community, WMA/forest, permit, GIS, or overlay work.",gis_extraction_needed,gis_extraction_needed / area_outline_followup,Boondocking / Dispersed,no,High
nd-lead-wma-devils-lake-polygon-gis,ND,NDGF WMA primitive camping — Devils Lake / north-central cluster polygon follow-up,AREA_RULE_COMMUNITY_OR_OVERLAY_CANDIDATE,Evaluate as area/rule/community marker or overlay candidate; do not force exact campground coordinates.,"Looks like rule-area, boondocking, community, WMA/forest, permit, GIS, or overlay work.",gis_extraction_needed,gis_extraction_needed / area_outline_followup,Boondocking / Dispersed,no,High
nd-lead-wma-pembina-hills-polygon-gis,ND,NDGF WMA primitive camping — Pembina Hills / northeast cluster polygon follow-up,AREA_RULE_COMMUNITY_OR_OVERLAY_CANDIDATE,Evaluate as area/rule/community marker or overlay candidate; do not force exact campground coordinates.,"Looks like rule-area, boondocking, community, WMA/forest, permit, GIS, or overlay work.",gis_extraction_needed,gis_extraction_needed / area_outline_followup,Boondocking / Dispersed,no,High
nd-lead-wma-sheyenne-mirror-pool-polygon-gis,ND,NDGF WMA primitive camping — Sheyenne / Mirror Pool / southeast cluster polygon follow-up,AREA_RULE_COMMUNITY_OR_OVERLAY_CANDIDATE,Evaluate as area/rule/community marker or overlay candidate; do not force exact campground coordinates.,"Looks like rule-area, boondocking, community, WMA/forest, permit, GIS, or overlay work.",gis_extraction_needed,gis_extraction_needed / area_outline_followup,Boondocking / Dispersed,no,High
nd-lead-little-missouri-ng-geometry-upgrade,ND,Little Missouri National Grassland dispersed camping rule-area geometry upgrade,AREA_RULE_COMMUNITY_OR_OVERLAY_CANDIDATE,Evaluate as area/rule/community marker or overlay candidate; do not force exact campground coordinates.,"Looks like rule-area, boondocking, community, WMA/forest, permit, GIS, or overlay work.",gis_extraction_needed,gis_extraction_needed / area_outline_followup,Boondocking / Dispersed,no,High
nd-lead-sheyenne-ng-geometry-upgrade,ND,Sheyenne National Grassland dispersed/open-prairie camping geometry upgrade,AREA_RULE_COMMUNITY_OR_OVERLAY_CANDIDATE,Evaluate as area/rule/community marker or overlay candidate; do not force exact campground coordinates.,"Looks like rule-area, boondocking, community, WMA/forest, permit, GIS, or overlay work.",gis_extraction_needed,gis_extraction_needed / area_outline_followup,Boondocking / Dispersed,no,High
nd-lead-cedar-river-ng-geometry-upgrade,ND,Cedar River National Grassland dispersed camping geometry upgrade,AREA_RULE_COMMUNITY_OR_OVERLAY_CANDIDATE,Evaluate as area/rule/community marker or overlay candidate; do not force exact campground coordinates.,"Looks like rule-area, boondocking, community, WMA/forest, permit, GIS, or overlay work.",gis_extraction_needed,gis_extraction_needed / area_outline_followup,Boondocking / Dispersed,no,Medium
nd-lead-sheyenne-water-trail-corridor-upgrade,ND,Sheyenne River Water Trail semi-primitive camping corridor geometry/site upgrade,AREA_RULE_COMMUNITY_OR_OVERLAY_CANDIDATE,Evaluate as area/rule/community marker or overlay candidate; do not force exact campground coordinates.,"Looks like rule-area, boondocking, community, WMA/forest, permit, GIS, or overlay work.",gis_extraction_needed,gis_extraction_needed / area_outline_followup,Boat / Backpack,no,High
sd-lead-sage-creek-campground,SD,Sage Creek Campground,ORDINARY_CAMPGROUND_COORDINATE_RESCUE,Run practical address-to-map rescue; entrance/campground-area coordinate can be acceptable with honest popup.,Looks like ordinary campground/operator/city/county record held mainly for coordinate/source cleanup.,coordinate_rescue,coordinate rescue,Rustic / Primitive,no,High
sd-lead-spearfish-city-campground,SD,Spearfish City Campground,ORDINARY_CAMPGROUND_COORDINATE_RESCUE,Run practical address-to-map rescue; entrance/campground-area coordinate can be acceptable with honest popup.,Looks like ordinary campground/operator/city/county record held mainly for coordinate/source cleanup.,coordinate_rescue,coordinate rescue,Modern Campgrounds,no,High
sd-lead-alkali-creek-trailhead-campground,SD,Alkali Creek Trailhead Campground,ORDINARY_CAMPGROUND_COORDINATE_RESCUE,Run practical address-to-map rescue; entrance/campground-area coordinate can be acceptable with honest popup.,Looks like ordinary campground/operator/city/county record held mainly for coordinate/source cleanup.,gis_extraction_needed,coordinate rescue / GIS extraction,Rustic / Primitive,no,High
sd-lead-left-tailrace-campground,SD,Left Tailrace Campground,ORDINARY_CAMPGROUND_COORDINATE_RESCUE,Run practical address-to-map rescue; entrance/campground-area coordinate can be acceptable with honest popup.,Looks like ordinary campground/operator/city/county record held mainly for coordinate/source cleanup.,coordinate_rescue,coordinate rescue,Modern Campgrounds,no,High
sd-lead-little-white-river-lacreek-nwr,SD,Little White River Recreation Area / Lacreek NWR,ORDINARY_CAMPGROUND_COORDINATE_RESCUE,Run practical address-to-map rescue; entrance/campground-area coordinate can be acceptable with honest popup.,Looks like ordinary campground/operator/city/county record held mainly for coordinate/source cleanup.,coordinate_rescue,coordinate rescue,Rustic / Primitive,no,Medium
sd-lead-lake-carthage-lakeside-use-area,SD,Lake Carthage Lakeside Use Area,ORDINARY_CAMPGROUND_COORDINATE_RESCUE,Run practical address-to-map rescue; entrance/campground-area coordinate can be acceptable with honest popup.,Looks like ordinary campground/operator/city/county record held mainly for coordinate/source cleanup.,coordinate_rescue,coordinate rescue,Rustic / Primitive,no,Medium
sd-lead-dell-rapids-campground,SD,Dell Rapids Campground,ORDINARY_CAMPGROUND_COORDINATE_RESCUE,Run practical address-to-map rescue; entrance/campground-area coordinate can be acceptable with honest popup.,Looks like ordinary campground/operator/city/county record held mainly for coordinate/source cleanup.,coordinate_rescue,coordinate rescue,Modern Campgrounds,no,Medium
sd-lead-wh-lyon-fairgrounds-campground,SD,W.H. Lyon Fairgrounds Campground,AREA_RULE_COMMUNITY_OR_OVERLAY_CANDIDATE,Evaluate as area/rule/community marker or overlay candidate; do not force exact campground coordinates.,"Looks like rule-area, boondocking, community, WMA/forest, permit, GIS, or overlay work.",coordinate_rescue,coordinate rescue,Modern Campgrounds,no,Medium
sd-lead-alcester-city-park-campsites,SD,Alcester City Park Campsites,ORDINARY_CAMPGROUND_COORDINATE_RESCUE,Run practical address-to-map rescue; entrance/campground-area coordinate can be acceptable with honest popup.,Looks like ordinary campground/operator/city/county record held mainly for coordinate/source cleanup.,coordinate_rescue,coordinate rescue,Rustic / Primitive,no,Medium
sd-lead-elk-point-city-campground-heritage-park,SD,Elk Point City Campground / Heritage Park,ORDINARY_CAMPGROUND_COORDINATE_RESCUE,Run practical address-to-map rescue; entrance/campground-area coordinate can be acceptable with honest popup.,Looks like ordinary campground/operator/city/county record held mainly for coordinate/source cleanup.,agency_contact_needed,agency contact needed,Rustic / Primitive,no,Medium
sd-lead-colome-city-camp-sites,SD,Colome City Camp Sites,ORDINARY_CAMPGROUND_COORDINATE_RESCUE,Run practical address-to-map rescue; entrance/campground-area coordinate can be acceptable with honest popup.,Looks like ordinary campground/operator/city/county record held mainly for coordinate/source cleanup.,coordinate_rescue,coordinate rescue,Rustic / Primitive,no,Medium
sd-lead-white-river-city-park-camping,SD,White River City Park Camping,ORDINARY_CAMPGROUND_COORDINATE_RESCUE,Run practical address-to-map rescue; entrance/campground-area coordinate can be acceptable with honest popup.,Looks like ordinary campground/operator/city/county record held mainly for coordinate/source cleanup.,unattainable_from_accessible_sources,agency contact needed,Rustic / Primitive,no,Low
sd-lead-goat-island-mnrra,SD,Goat Island primitive camping opportunity,AREA_RULE_COMMUNITY_OR_OVERLAY_CANDIDATE,Evaluate as area/rule/community marker or overlay candidate; do not force exact campground coordinates.,"Looks like rule-area, boondocking, community, WMA/forest, permit, GIS, or overlay work.",area_outline_followup,GIS / area geometry,Boat / Backpack,no,Medium
sd-lead-james-river-island-mnrra,SD,James River Island primitive camping opportunity,AREA_RULE_COMMUNITY_OR_OVERLAY_CANDIDATE,Evaluate as area/rule/community marker or overlay candidate; do not force exact campground coordinates.,"Looks like rule-area, boondocking, community, WMA/forest, permit, GIS, or overlay work.",area_outline_followup,GIS / area geometry,Boat / Backpack,no,Medium
sd-lead-wind-cave-backcountry,SD,Wind Cave National Park backcountry camping rule area,AREA_RULE_COMMUNITY_OR_OVERLAY_CANDIDATE,Evaluate as area/rule/community marker or overlay candidate; do not force exact campground coordinates.,"Looks like rule-area, boondocking, community, WMA/forest, permit, GIS, or overlay work.",area_outline_followup,area/rule follow-up,"Boondocking / Dispersed or Boat / Backpack, depending schema",no,Medium
sd-lead-badlands-north-unit-backcountry,SD,Badlands North Unit backcountry rule area,AREA_RULE_COMMUNITY_OR_OVERLAY_CANDIDATE,Evaluate as area/rule/community marker or overlay candidate; do not force exact campground coordinates.,"Looks like rule-area, boondocking, community, WMA/forest, permit, GIS, or overlay work.",area_outline_followup,area/rule follow-up,"Boondocking / Dispersed or Boat / Backpack, depending schema",no,Medium
sd-lead-broad-black-hills-nf-dispersed-rule-area,SD,Black Hills National Forest dispersed camping rule / MVUM area,AREA_RULE_COMMUNITY_OR_OVERLAY_CANDIDATE,Evaluate as area/rule/community marker or overlay candidate; do not force exact campground coordinates.,"Looks like rule-area, boondocking, community, WMA/forest, permit, GIS, or overlay work.",gis_extraction_needed,GIS / area-outline,Boondocking / Dispersed,no,High
sd-lead-foster-bay-usace,SD,Foster Bay USACE lead,TRUE_LEAD_RESEARCH_OR_EXTERNAL,Keep as lead until proof/geometry/status is resolved.,"Still has a proof, geometry, legality, duplicate, or current-status blocker.",needs_supervisor_review,GIS / coordinate rescue,Rustic / Primitive or Modern unknown,no,Low
sd-lead-minneconjou-usace,SD,Minneconjou USACE lead,TRUE_LEAD_RESEARCH_OR_EXTERNAL,Keep as lead until proof/geometry/status is resolved.,"Still has a proof, geometry, legality, duplicate, or current-status blocker.",needs_supervisor_review,GIS / coordinate rescue,Rustic / Primitive or Modern unknown,no,Low
sd-lead-chantier-creek-usace,SD,Chantier Creek USACE lead,TRUE_LEAD_RESEARCH_OR_EXTERNAL,Keep as lead until proof/geometry/status is resolved.,"Still has a proof, geometry, legality, duplicate, or current-status blocker.",needs_supervisor_review,GIS / coordinate rescue,Rustic / Primitive or Modern unknown,no,Low
sd-lead-west-shore-usace,SD,West Shore USACE lead,TRUE_LEAD_RESEARCH_OR_EXTERNAL,Keep as lead until proof/geometry/status is resolved.,"Still has a proof, geometry, legality, duplicate, or current-status blocker.",needs_supervisor_review,GIS / coordinate rescue,Rustic / Primitive or Modern unknown,no,Low
mn-lead-voyageurs-frontcountry-site-coordinate-extraction,MN,Voyageurs National Park frontcountry campsite coordinate extraction,TRUE_LEAD_RESEARCH_OR_EXTERNAL,Keep as lead until proof/geometry/status is resolved.,"Still has a proof, geometry, legality, duplicate, or current-status blocker.",gis_extraction_needed,coordinate_rescue / gis_extraction_needed,Boat / Backpack,no,High
mn-lead-voyageurs-backcountry-primitive-site-coordinate-extraction,MN,Voyageurs backcountry / primitive campsite coordinate extraction,TRUE_LEAD_RESEARCH_OR_EXTERNAL,Keep as lead until proof/geometry/status is resolved.,"Still has a proof, geometry, legality, duplicate, or current-status blocker.",gis_extraction_needed,coordinate_rescue / gis_extraction_needed,Boat / Backpack,no,High
mn-lead-lake-elmo-modern-campground-coordinate-rescue,MN,Lake Elmo Park Reserve Modern Campground,ORDINARY_CAMPGROUND_COORDINATE_RESCUE,Run practical address-to-map rescue; entrance/campground-area coordinate can be acceptable with honest popup.,Looks like ordinary campground/operator/city/county record held mainly for coordinate/source cleanup.,coordinate_rescue,coordinate_rescue,Modern Campgrounds,no,High
mn-lead-lake-elmo-rustic-hikein-group-coordinate-rescue,MN,Lake Elmo Rustic / Hike-In / Group Campground split,ORDINARY_CAMPGROUND_COORDINATE_RESCUE,Run practical address-to-map rescue; entrance/campground-area coordinate can be acceptable with honest popup.,Looks like ordinary campground/operator/city/county record held mainly for coordinate/source cleanup.,coordinate_rescue,coordinate_rescue,Rustic / Primitive and Boat / Backpack by component,no,High
mn-lead-st-croix-bluffs-campground-coordinate-rescue,MN,St. Croix Bluffs Regional Park campground components,ORDINARY_CAMPGROUND_COORDINATE_RESCUE,Run practical address-to-map rescue; entrance/campground-area coordinate can be acceptable with honest popup.,Looks like ordinary campground/operator/city/county record held mainly for coordinate/source cleanup.,coordinate_rescue,coordinate_rescue,Modern Campgrounds plus Rustic / Primitive if split,no,High
mn-lead-old-wadena-park-campground-coordinate-rescue,MN,Old Wadena Park Campground,ORDINARY_CAMPGROUND_COORDINATE_RESCUE,Run practical address-to-map rescue; entrance/campground-area coordinate can be acceptable with honest popup.,Looks like ordinary campground/operator/city/county record held mainly for coordinate/source cleanup.,coordinate_rescue,coordinate_rescue,Rustic / Primitive,no,Medium-High
mn-lead-long-lake-park-clearwater-official-proof,MN,"Long Lake Park & Campground, Clearwater County",ORDINARY_CAMPGROUND_COORDINATE_RESCUE,Run practical address-to-map rescue; entrance/campground-area coordinate can be acceptable with honest popup.,Looks like ordinary campground/operator/city/county record held mainly for coordinate/source cleanup.,unattainable_from_accessible_sources,agency_contact_needed / unattainable_from_accessible_sources,Needs Verification or Rustic / Primitive if official proof recovered,no,Medium
mn-lead-elm-creek-horse-camp-coordinate-rescue,MN,Elm Creek Horse Camp,ORDINARY_CAMPGROUND_COORDINATE_RESCUE,Run practical address-to-map rescue; entrance/campground-area coordinate can be acceptable with honest popup.,Looks like ordinary campground/operator/city/county record held mainly for coordinate/source cleanup.,coordinate_rescue,coordinate_rescue,Rustic / Primitive,no,Medium
mn-lead-lake-auburn-hike-bike-split-coordinate-rescue,MN,Lake Auburn hike-in / bike-in camping split,TRUE_LEAD_RESEARCH_OR_EXTERNAL,Keep as lead until proof/geometry/status is resolved.,"Still has a proof, geometry, legality, duplicate, or current-status blocker.",coordinate_rescue,coordinate_rescue,Boat / Backpack,no,Medium
mn-lead-three-rivers-campground-gis-coordinate-upgrades,MN,Three Rivers campground GIS coordinate upgrades — Baker / Cleary / Lake Auburn,ORDINARY_CAMPGROUND_COORDINATE_RESCUE,Run practical address-to-map rescue; entrance/campground-area coordinate can be acceptable with honest popup.,Looks like ordinary campground/operator/city/county record held mainly for coordinate/source cleanup.,closed_added,coordinate_rescue / closed_added follow-up,Modern or Rustic / Primitive depending record,no,Low-Medium
mn-lead-mn-dnr-state-forest-dispersed-rule-geometry,MN,Minnesota DNR state forest dispersed camping rule-area geometry,REJECT_DUPLICATE_OR_CLOSURE_REVIEW,"Review for rejected ledger, duplicate merge, or closure/status note.","Status/action fields contain duplicate, wrong-state, closure, malformed, or do-not-import language.",gis_extraction_needed,area_outline_followup / gis_extraction_needed,Boondocking / Dispersed or Info / Reference,no,High
mn-lead-mn-dnr-state-forest-campground-geopdf-upgrades,MN,MN DNR state forest campground GeoPDF coordinate upgrades,AREA_RULE_COMMUNITY_OR_OVERLAY_CANDIDATE,Evaluate as area/rule/community marker or overlay candidate; do not force exact campground coordinates.,"Looks like rule-area, boondocking, community, WMA/forest, permit, GIS, or overlay work.",gis_extraction_needed,coordinate_rescue / gis_extraction_needed,Rustic / Primitive,no,Medium
mn-lead-superior-nf-boundary-area-outline,MN,Superior National Forest boundary / dispersed-area outline follow-up,AREA_RULE_COMMUNITY_OR_OVERLAY_CANDIDATE,Evaluate as area/rule/community marker or overlay candidate; do not force exact campground coordinates.,"Looks like rule-area, boondocking, community, WMA/forest, permit, GIS, or overlay work.",gis_extraction_needed,area_outline_followup / gis_extraction_needed,Boondocking / Dispersed or Info / Reference,no,High
mn-lead-superior-nf-exact-site-upgrade,MN,Superior NF rustic/backcountry exact-site upgrade,TRUE_LEAD_RESEARCH_OR_EXTERNAL,Keep as lead until proof/geometry/status is resolved.,"Still has a proof, geometry, legality, duplicate, or current-status blocker.",gis_extraction_needed,coordinate_rescue / gis_extraction_needed,Rustic / Primitive and Boat / Backpack,no,Medium
mn-lead-chippewa-nf-dispersed-backcountry-exact-extraction,MN,Chippewa NF maintained dispersed/backcountry campsite exact extraction,AREA_RULE_COMMUNITY_OR_OVERLAY_CANDIDATE,Evaluate as area/rule/community marker or overlay candidate; do not force exact campground coordinates.,"Looks like rule-area, boondocking, community, WMA/forest, permit, GIS, or overlay work.",gis_extraction_needed,coordinate_rescue / gis_extraction_needed,Boat / Backpack or Rustic / Primitive by access,no,High
mn-lead-washington-county-campground-pdf-georeference,MN,Washington County campground PDF georeference package,ORDINARY_CAMPGROUND_COORDINATE_RESCUE,Run practical address-to-map rescue; entrance/campground-area coordinate can be acceptable with honest popup.,Looks like ordinary campground/operator/city/county record held mainly for coordinate/source cleanup.,gis_extraction_needed,gis_extraction_needed / coordinate_rescue,Modern / Rustic / Boat-Backpack by component,no,High
mn-lead-community-supported-boondocking-clusters-mn-review,MN,Minnesota community-supported boondocking clusters — named-cluster review needed,AREA_RULE_COMMUNITY_OR_OVERLAY_CANDIDATE,Evaluate as area/rule/community marker or overlay candidate; do not force exact campground coordinates.,"Looks like rule-area, boondocking, community, WMA/forest, permit, GIS, or overlay work.",community_review,community_review,Boondocking / Dispersed,no,Low-Medium
wi-lead-cnf-goodman-dispersed-sites-1-4,WI,Goodman dispersed sites 1–4 / CNF hard lead cluster,AREA_RULE_COMMUNITY_OR_OVERLAY_CANDIDATE,Evaluate as area/rule/community marker or overlay candidate; do not force exact campground coordinates.,"Looks like rule-area, boondocking, community, WMA/forest, permit, GIS, or overlay work.",community_review,community_review / coordinate_rescue / gis_extraction_needed,Boondocking / Dispersed,no,High
wi-lead-cnf-robinson-lake-cluster,WI,Robinson Lake cluster,AREA_RULE_COMMUNITY_OR_OVERLAY_CANDIDATE,Evaluate as area/rule/community marker or overlay candidate; do not force exact campground coordinates.,"Looks like rule-area, boondocking, community, WMA/forest, permit, GIS, or overlay work.",community_review,community_review / coordinate_rescue / duplicate_watch,Boondocking / Dispersed or Rustic / Primitive,no,High
wi-lead-cnf-himley-lake-coordinate-rescue,WI,Himley Lake,AREA_RULE_COMMUNITY_OR_OVERLAY_CANDIDATE,Evaluate as area/rule/community marker or overlay candidate; do not force exact campground coordinates.,"Looks like rule-area, boondocking, community, WMA/forest, permit, GIS, or overlay work.",coordinate_rescue,coordinate_rescue,Rustic / Primitive or Boondocking / Dispersed,no,Medium
wi-lead-cnf-turtle-lake-coordinate-rescue,WI,Turtle Lake CNF lead,AREA_RULE_COMMUNITY_OR_OVERLAY_CANDIDATE,Evaluate as area/rule/community marker or overlay candidate; do not force exact campground coordinates.,"Looks like rule-area, boondocking, community, WMA/forest, permit, GIS, or overlay work.",coordinate_rescue,coordinate_rescue,Rustic / Primitive or Boondocking / Dispersed,no,Medium
wi-lead-cnf-lincoln-lake-perch-lake-armstrong-creek-coordinate-rescue,WI,Lincoln Lake / Perch Lake / Armstrong Creek CNF hard-lead set,REJECT_DUPLICATE_OR_CLOSURE_REVIEW,"Review for rejected ledger, duplicate merge, or closure/status note.","Status/action fields contain duplicate, wrong-state, closure, malformed, or do-not-import language.",coordinate_rescue,coordinate_rescue / duplicate_watch,Rustic / Primitive or Boondocking / Dispersed,no,Medium
wi-lead-marinette-county-forest-permit-rule-areas,WI,Marinette County forest permit/rule camping areas,AREA_RULE_COMMUNITY_OR_OVERLAY_CANDIDATE,Evaluate as area/rule/community marker or overlay candidate; do not force exact campground coordinates.,"Looks like rule-area, boondocking, community, WMA/forest, permit, GIS, or overlay work.",area_outline_followup,area_outline_followup / agency_contact_needed,Boondocking / Dispersed or Info / Reference,no,High
wi-lead-florence-county-forest-permit-rule-areas,WI,Florence County forest permit/rule camping areas,AREA_RULE_COMMUNITY_OR_OVERLAY_CANDIDATE,Evaluate as area/rule/community marker or overlay candidate; do not force exact campground coordinates.,"Looks like rule-area, boondocking, community, WMA/forest, permit, GIS, or overlay work.",area_outline_followup,area_outline_followup / agency_contact_needed,Boondocking / Dispersed or Info / Reference,no,High
wi-lead-oconto-machickanee-permit-area-geometry-upgrade,WI,Oconto County / Machickanee permit areas A–M,AREA_RULE_COMMUNITY_OR_OVERLAY_CANDIDATE,Evaluate as area/rule/community marker or overlay candidate; do not force exact campground coordinates.,"Looks like rule-area, boondocking, community, WMA/forest, permit, GIS, or overlay work.",area_outline_followup,area_outline_followup / duplicate_watch,Boondocking / Dispersed,no,Medium-High
wi-lead-chippewa-flowage-primitive-island-campsite-coordinate-rescue,WI,Chippewa Flowage primitive island campsites,REJECT_DUPLICATE_OR_CLOSURE_REVIEW,"Review for rejected ledger, duplicate merge, or closure/status note.","Status/action fields contain duplicate, wrong-state, closure, malformed, or do-not-import language.",unattainable_from_accessible_sources,coordinate_rescue / unattainable_from_accessible_sources,Boat / Backpack,no,High
wi-lead-turtle-flambeau-individual-site-geometry-upgrade,WI,Turtle-Flambeau Scenic Waters Area individual campsite coordinate/geometry upgrade,AREA_RULE_COMMUNITY_OR_OVERLAY_CANDIDATE,Evaluate as area/rule/community marker or overlay candidate; do not force exact campground coordinates.,"Looks like rule-area, boondocking, community, WMA/forest, permit, GIS, or overlay work.",area_outline_followup,gis_extraction_needed / duplicate_watch,Boat / Backpack,no,Medium
wi-lead-willow-flowage-lower-tomahawk-site-geometry-upgrade,WI,Willow Flowage / Lower Tomahawk River campsite coordinate/geometry upgrade,AREA_RULE_COMMUNITY_OR_OVERLAY_CANDIDATE,Evaluate as area/rule/community marker or overlay candidate; do not force exact campground coordinates.,"Looks like rule-area, boondocking, community, WMA/forest, permit, GIS, or overlay work.",area_outline_followup,gis_extraction_needed / duplicate_watch,Boat / Backpack,no,Medium
wi-lead-brule-river-state-forest-backpack-rule-area,WI,Brule River State Forest backpack camping rule area,AREA_RULE_COMMUNITY_OR_OVERLAY_CANDIDATE,Evaluate as area/rule/community marker or overlay candidate; do not force exact campground coordinates.,"Looks like rule-area, boondocking, community, WMA/forest, permit, GIS, or overlay work.",area_outline_followup,area_outline_followup / agency_contact_needed,Boat / Backpack or Boondocking / Dispersed rule-area marker,no,Medium
wi-lead-cnf-forestwide-dispersed-area-geometry,WI,Chequamegon-Nicolet NF forestwide dispersed camping area geometry,AREA_RULE_COMMUNITY_OR_OVERLAY_CANDIDATE,Evaluate as area/rule/community marker or overlay candidate; do not force exact campground coordinates.,"Looks like rule-area, boondocking, community, WMA/forest, permit, GIS, or overlay work.",area_outline_followup,area_outline_followup / gis_extraction_needed,Boondocking / Dispersed / Area,no,High
mi-lead-hiawatha-rapid-river-manistique-dispersed-rule-area,MI,Hiawatha NF Rapid River / Manistique dispersed camping rule area,AREA_RULE_COMMUNITY_OR_OVERLAY_CANDIDATE,Evaluate as area/rule/community marker or overlay candidate; do not force exact campground coordinates.,"Looks like rule-area, boondocking, community, WMA/forest, permit, GIS, or overlay work.",area_outline_followup,gis_extraction_needed / area_outline_followup,Boondocking / Dispersed or Info / Reference,no,High
mi-lead-hiawatha-nf-admin-boundary-surface-ownership-outline,MI,Hiawatha NF boundary + surface ownership overlay,AREA_RULE_COMMUNITY_OR_OVERLAY_CANDIDATE,Evaluate as area/rule/community marker or overlay candidate; do not force exact campground coordinates.,"Looks like rule-area, boondocking, community, WMA/forest, permit, GIS, or overlay work.",gis_extraction_needed,gis_extraction_needed,Info / Reference / Boondocking support geometry,no,High
mi-lead-ottawa-nf-dispersed-camping-rule-area,MI,Ottawa National Forest dispersed camping rule area,AREA_RULE_COMMUNITY_OR_OVERLAY_CANDIDATE,Evaluate as area/rule/community marker or overlay candidate; do not force exact campground coordinates.,"Looks like rule-area, boondocking, community, WMA/forest, permit, GIS, or overlay work.",active_area_marker_added_geometry_still_needed,gis_extraction_needed / area_outline_followup,Boondocking / Dispersed or Info / Reference,no,High
mi-lead-ottawa-nf-western-up-forest-road-community-clusters,MI,Ottawa NF / western UP forest-road community boondocking clusters,AREA_RULE_COMMUNITY_OR_OVERLAY_CANDIDATE,Evaluate as area/rule/community marker or overlay candidate; do not force exact campground coordinates.,"Looks like rule-area, boondocking, community, WMA/forest, permit, GIS, or overlay work.",community_review,community_review / gis_extraction_needed,Boondocking / Dispersed,no,Medium-High
mi-lead-delta-county-forestland-rustic-permit-rule-area,MI,Delta County Forestland rustic / permit camping rule area,AREA_RULE_COMMUNITY_OR_OVERLAY_CANDIDATE,Evaluate as area/rule/community marker or overlay candidate; do not force exact campground coordinates.,"Looks like rule-area, boondocking, community, WMA/forest, permit, GIS, or overlay work.",agency_contact_needed,agency_contact_needed / area_outline_followup,Boondocking / Dispersed or Rustic / Primitive rule-area,no,High
mi-lead-marquette-county-forest-registration-rule-area,MI,Marquette County Forest camping registration / rule area,AREA_RULE_COMMUNITY_OR_OVERLAY_CANDIDATE,Evaluate as area/rule/community marker or overlay candidate; do not force exact campground coordinates.,"Looks like rule-area, boondocking, community, WMA/forest, permit, GIS, or overlay work.",agency_contact_needed,agency_contact_needed / area_outline_followup,Boondocking / Dispersed or Info / Reference,no,High
mi-lead-gogebic-county-forest-remote-camping-special-use-permit,MI,Gogebic County Forest remote camping special-use permit rule area,AREA_RULE_COMMUNITY_OR_OVERLAY_CANDIDATE,Evaluate as area/rule/community marker or overlay candidate; do not force exact campground coordinates.,"Looks like rule-area, boondocking, community, WMA/forest, permit, GIS, or overlay work.",agency_contact_needed,agency_contact_needed / area_outline_followup,Boondocking / Dispersed or Info / Reference,no,Medium-High
mi-lead-mi-dnr-state-forest-dispersed-camping-up-rule-area,MI,Michigan DNR State Forest dispersed camping — UP rule area,AREA_RULE_COMMUNITY_OR_OVERLAY_CANDIDATE,Evaluate as area/rule/community marker or overlay candidate; do not force exact campground coordinates.,"Looks like rule-area, boondocking, community, WMA/forest, permit, GIS, or overlay work.",active_area_marker_added_geometry_still_needed,gis_extraction_needed / area_outline_followup,Boondocking / Dispersed / Info / Reference,no,High
mi-lead-up-route-corridor-greenbay-ishpeming-boondocking,MI,Green Bay → Menominee → Iron Mountain → Ishpeming UP route-corridor boondocking leads,AREA_RULE_COMMUNITY_OR_OVERLAY_CANDIDATE,Evaluate as area/rule/community marker or overlay candidate; do not force exact campground coordinates.,"Looks like rule-area, boondocking, community, WMA/forest, permit, GIS, or overlay work.",community_review,community_review / coordinate_rescue,Boondocking / Dispersed / Rustic / Primitive,no,Medium
mi-lead-manistique-haywire-grade-hiawatha-atv-route-camping-review,MI,Manistique → Haywire Grade → Hiawatha → Munising/Marquette ATV route camping review,AREA_RULE_COMMUNITY_OR_OVERLAY_CANDIDATE,Evaluate as area/rule/community marker or overlay candidate; do not force exact campground coordinates.,"Looks like rule-area, boondocking, community, WMA/forest, permit, GIS, or overlay work.",community_review,community_review / route_corridor_review,Boondocking / Dispersed or Info / Reference,no,Low-Medium
mi-lead-gooseneck-lyman-camp7-hiawatha-cluster-review,MI,Gooseneck / Lyman / Camp 7 lakes Hiawatha cluster,AREA_RULE_COMMUNITY_OR_OVERLAY_CANDIDATE,Evaluate as area/rule/community marker or overlay candidate; do not force exact campground coordinates.,"Looks like rule-area, boondocking, community, WMA/forest, permit, GIS, or overlay work.",partially_resolved_active_add,community_review / coordinate_rescue,Rustic / Primitive or Boondocking / Dispersed,no,Medium
mi-lead-hiawatha-mvum-discrete-primitive-site-coordinate-rescue,MI,Hiawatha NF MVUM / discrete primitive site coordinate rescue backlog,AREA_RULE_COMMUNITY_OR_OVERLAY_CANDIDATE,Evaluate as area/rule/community marker or overlay candidate; do not force exact campground coordinates.,"Looks like rule-area, boondocking, community, WMA/forest, permit, GIS, or overlay work.",coordinate_rescue,coordinate_rescue / gis_extraction_needed,Rustic / Primitive / Boondocking / Dispersed,no,Medium
mi-lead-forest-service-surface-ownership-up-inholdings-support,MI,UP federal forest surface-ownership / inholding exclusion support layer,AREA_RULE_COMMUNITY_OR_OVERLAY_CANDIDATE,Evaluate as area/rule/community marker or overlay candidate; do not force exact campground coordinates.,"Looks like rule-area, boondocking, community, WMA/forest, permit, GIS, or overlay work.",gis_extraction_needed,gis_extraction_needed,Info / Reference support / QA support,no,Medium
co-lead-alamosa-campground-layer-audit,CO,Alamosa Campground,ORDINARY_CAMPGROUND_COORDINATE_RESCUE,Run practical address-to-map rescue; entrance/campground-area coordinate can be acceptable with honest popup.,Looks like ordinary campground/operator/city/county record held mainly for coordinate/source cleanup.,needs_supervisor_review,layer_correction_candidate,Rustic / Primitive,no,High
co-lead-antero-reservoir-south-shore-proof,CO,Antero Reservoir South Shore Campground,ORDINARY_CAMPGROUND_COORDINATE_RESCUE,Run practical address-to-map rescue; entrance/campground-area coordinate can be acceptable with honest popup.,Looks like ordinary campground/operator/city/county record held mainly for coordinate/source cleanup.,agency_contact_needed,proof_rescue,Needs Verification,no,Medium
co-lead-clear-creek-reservoir-proof,CO,Clear Creek Reservoir Campground,ORDINARY_CAMPGROUND_COORDINATE_RESCUE,Run practical address-to-map rescue; entrance/campground-area coordinate can be acceptable with honest popup.,Looks like ordinary campground/operator/city/county record held mainly for coordinate/source cleanup.,agency_contact_needed,proof_rescue,Needs Verification,no,Medium
co-lead-lone-duck-campground-proof,CO,Lone Duck Campground,ORDINARY_CAMPGROUND_COORDINATE_RESCUE,Run practical address-to-map rescue; entrance/campground-area coordinate can be acceptable with honest popup.,Looks like ordinary campground/operator/city/county record held mainly for coordinate/source cleanup.,needs_supervisor_review,proof_rescue / target-type review,Needs Verification,no,Medium
co-lead-pingree-park-proof,CO,Pingree Park,TRUE_LEAD_RESEARCH_OR_EXTERNAL,Keep as lead until proof/geometry/status is resolved.,"Still has a proof, geometry, legality, duplicate, or current-status blocker.",needs_supervisor_review,proof_rescue / target-type review,Needs Verification,no,Medium
co-lead-john-martin-reservoir-sp-supervisor,CO,John Martin Reservoir State Park,REJECT_DUPLICATE_OR_CLOSURE_REVIEW,"Review for rejected ledger, duplicate merge, or closure/status note.","Status/action fields contain duplicate, wrong-state, closure, malformed, or do-not-import language.",needs_supervisor_review,supervisor_review,Modern or Rustic / Primitive — verify by campground/unit,no,High
co-lead-lake-pueblo-sp-supervisor,CO,Lake Pueblo State Park,REJECT_DUPLICATE_OR_CLOSURE_REVIEW,"Review for rejected ledger, duplicate merge, or closure/status note.","Status/action fields contain duplicate, wrong-state, closure, malformed, or do-not-import language.",needs_supervisor_review,supervisor_review,Modern or Rustic / Primitive — verify by campground/unit,no,High
co-lead-hornsilver-campground-layer-audit,CO,Hornsilver Campground,ORDINARY_CAMPGROUND_COORDINATE_RESCUE,Run practical address-to-map rescue; entrance/campground-area coordinate can be acceptable with honest popup.,Looks like ordinary campground/operator/city/county record held mainly for coordinate/source cleanup.,needs_supervisor_review,layer_correction_candidate,Needs Verification,no,Medium
mt-lead-umbr-dispersed-rule-area,MT,Upper Missouri River Breaks / Upper Missouri National Wild & Scenic River dispersed camping rule area,AREA_RULE_COMMUNITY_OR_OVERLAY_CANDIDATE,Evaluate as area/rule/community marker or overlay candidate; do not force exact campground coordinates.,"Looks like rule-area, boondocking, community, WMA/forest, permit, GIS, or overlay work.",area_outline_followup,area / rule lead,Boondocking / Dispersed,no,High
mt-lead-umbr-boat-camps-geometry,MT,Upper Missouri developed / primitive boat camps geometry upgrade,AREA_RULE_COMMUNITY_OR_OVERLAY_CANDIDATE,Evaluate as area/rule/community marker or overlay candidate; do not force exact campground coordinates.,"Looks like rule-area, boondocking, community, WMA/forest, permit, GIS, or overlay work.",gis_extraction_needed,GIS / coordinate rescue,Boat / Backpack,no,High
mt-lead-cmr-nwr-backcountry-rule-area,MT,Charles M. Russell NWR backcountry / dispersed camping rule area,AREA_RULE_COMMUNITY_OR_OVERLAY_CANDIDATE,Evaluate as area/rule/community marker or overlay candidate; do not force exact campground coordinates.,"Looks like rule-area, boondocking, community, WMA/forest, permit, GIS, or overlay work.",approximate_area_pin_candidate,area / rule lead,Boondocking / Dispersed,no,High
mt-lead-ul-bend-wilderness-camping-area,MT,UL Bend Wilderness camping-permitted area,AREA_RULE_COMMUNITY_OR_OVERLAY_CANDIDATE,Evaluate as area/rule/community marker or overlay candidate; do not force exact campground coordinates.,"Looks like rule-area, boondocking, community, WMA/forest, permit, GIS, or overlay work.",approximate_area_pin_candidate,area / rule lead,Boat / Backpack,no,Medium
mt-lead-cg-sioux-chalk-buttes,MT,Chalk Buttes Land Unit dispersed camping,AREA_RULE_COMMUNITY_OR_OVERLAY_CANDIDATE,Evaluate as area/rule/community marker or overlay candidate; do not force exact campground coordinates.,"Looks like rule-area, boondocking, community, WMA/forest, permit, GIS, or overlay work.",approximate_area_pin_candidate,area / rule lead,Boondocking / Dispersed,no,Medium
mt-lead-cg-sioux-long-pines,MT,Long Pines Land Unit dispersed camping,AREA_RULE_COMMUNITY_OR_OVERLAY_CANDIDATE,Evaluate as area/rule/community marker or overlay candidate; do not force exact campground coordinates.,"Looks like rule-area, boondocking, community, WMA/forest, permit, GIS, or overlay work.",approximate_area_pin_candidate,area / rule lead,Boondocking / Dispersed,no,Medium
mt-lead-cg-sioux-ekalaka-hills,MT,Ekalaka Hills Land Unit dispersed camping,AREA_RULE_COMMUNITY_OR_OVERLAY_CANDIDATE,Evaluate as area/rule/community marker or overlay candidate; do not force exact campground coordinates.,"Looks like rule-area, boondocking, community, WMA/forest, permit, GIS, or overlay work.",approximate_area_pin_candidate,area / rule lead,Boondocking / Dispersed,no,Medium
mt-lead-fwp-bearpaw-lake-fas,MT,Bearpaw Lake FAS,ORDINARY_CAMPGROUND_COORDINATE_RESCUE,Run practical address-to-map rescue; entrance/campground-area coordinate can be acceptable with honest popup.,Looks like ordinary campground/operator/city/county record held mainly for coordinate/source cleanup.,gis_extraction_needed,FWP FAS coordinate/camping rescue,Rustic / Primitive,no,Medium
mt-lead-fwp-fort-peck-dredge-cut-pond-fas,MT,Fort Peck Dredge Cut Pond FAS,ORDINARY_CAMPGROUND_COORDINATE_RESCUE,Run practical address-to-map rescue; entrance/campground-area coordinate can be acceptable with honest popup.,Looks like ordinary campground/operator/city/county record held mainly for coordinate/source cleanup.,gis_extraction_needed,FWP FAS coordinate/camping rescue,Rustic / Primitive,no,Medium
mt-lead-fwp-rock-creek-fas,MT,Rock Creek FAS,ORDINARY_CAMPGROUND_COORDINATE_RESCUE,Run practical address-to-map rescue; entrance/campground-area coordinate can be acceptable with honest popup.,Looks like ordinary campground/operator/city/county record held mainly for coordinate/source cleanup.,gis_extraction_needed,FWP FAS coordinate/camping rescue,Rustic / Primitive,no,Medium
mt-lead-fwp-duck-creek-fas,MT,Duck Creek FAS,ORDINARY_CAMPGROUND_COORDINATE_RESCUE,Run practical address-to-map rescue; entrance/campground-area coordinate can be acceptable with honest popup.,Looks like ordinary campground/operator/city/county record held mainly for coordinate/source cleanup.,gis_extraction_needed,FWP FAS coordinate/camping rescue,Rustic / Primitive,no,Medium
mt-lead-fwp-johnson-reservoir-fas,MT,Johnson Reservoir FAS,ORDINARY_CAMPGROUND_COORDINATE_RESCUE,Run practical address-to-map rescue; entrance/campground-area coordinate can be acceptable with honest popup.,Looks like ordinary campground/operator/city/county record held mainly for coordinate/source cleanup.,gis_extraction_needed,FWP FAS coordinate/camping rescue,Rustic / Primitive,no,Low
mt-lead-fwp-sidney-bridge-fas,MT,Sidney Bridge FAS,ORDINARY_CAMPGROUND_COORDINATE_RESCUE,Run practical address-to-map rescue; entrance/campground-area coordinate can be acceptable with honest popup.,Looks like ordinary campground/operator/city/county record held mainly for coordinate/source cleanup.,gis_extraction_needed,FWP FAS coordinate/camping rescue,Rustic / Primitive,no,Medium
mt-lead-fwp-culbertson-bridge-fas,MT,Culbertson Bridge FAS,ORDINARY_CAMPGROUND_COORDINATE_RESCUE,Run practical address-to-map rescue; entrance/campground-area coordinate can be acceptable with honest popup.,Looks like ordinary campground/operator/city/county record held mainly for coordinate/source cleanup.,gis_extraction_needed,FWP FAS coordinate/camping rescue,Rustic / Primitive,no,Medium
mt-lead-fwp-snowden-bridge-fas,MT,Snowden Bridge FAS,ORDINARY_CAMPGROUND_COORDINATE_RESCUE,Run practical address-to-map rescue; entrance/campground-area coordinate can be acceptable with honest popup.,Looks like ordinary campground/operator/city/county record held mainly for coordinate/source cleanup.,gis_extraction_needed,FWP FAS coordinate/camping rescue,Rustic / Primitive,no,Medium
mt-lead-fwp-black-bridge-fas,MT,Black Bridge FAS,ORDINARY_CAMPGROUND_COORDINATE_RESCUE,Run practical address-to-map rescue; entrance/campground-area coordinate can be acceptable with honest popup.,Looks like ordinary campground/operator/city/county record held mainly for coordinate/source cleanup.,gis_extraction_needed,FWP FAS coordinate/camping rescue,Rustic / Primitive,no,Medium
mt-lead-fwp-glasgow-base-pond-fas,MT,Glasgow Base Pond FAS,ORDINARY_CAMPGROUND_COORDINATE_RESCUE,Run practical address-to-map rescue; entrance/campground-area coordinate can be acceptable with honest popup.,Looks like ordinary campground/operator/city/county record held mainly for coordinate/source cleanup.,gis_extraction_needed,FWP FAS coordinate/camping rescue,Rustic / Primitive,no,Low
mt-lead-fwp-conclow-fas,MT,Conclow FAS,ORDINARY_CAMPGROUND_COORDINATE_RESCUE,Run practical address-to-map rescue; entrance/campground-area coordinate can be acceptable with honest popup.,Looks like ordinary campground/operator/city/county record held mainly for coordinate/source cleanup.,gis_extraction_needed,FWP FAS coordinate/camping rescue,Rustic / Primitive,no,Low
mt-lead-fwp-amelia-island-fas,MT,Amelia Island FAS,TRUE_LEAD_RESEARCH_OR_EXTERNAL,Keep as lead until proof/geometry/status is resolved.,"Still has a proof, geometry, legality, duplicate, or current-status blocker.",gis_extraction_needed,FWP FAS coordinate/camping rescue,Boat / Backpack,no,Medium
mt-lead-fwp-gartside-reservoir-fas,MT,Gartside Reservoir FAS,ORDINARY_CAMPGROUND_COORDINATE_RESCUE,Run practical address-to-map rescue; entrance/campground-area coordinate can be acceptable with honest popup.,Looks like ordinary campground/operator/city/county record held mainly for coordinate/source cleanup.,gis_extraction_needed,FWP FAS coordinate/camping rescue,Rustic / Primitive,no,Low
ne-lead-wma-boondocking-cluster-source-geometry,NE,Nebraska WMA boondocking cluster — Gifford Point / Blue Hole / Chat Canyon / Grove Lake / Yellowthroat,AREA_RULE_COMMUNITY_OR_OVERLAY_CANDIDATE,Evaluate as area/rule/community marker or overlay candidate; do not force exact campground coordinates.,"Looks like rule-area, boondocking, community, WMA/forest, permit, GIS, or overlay work.",community_review,community_review / gis_extraction_needed,Boondocking / Dispersed,no,High
ne-lead-wma-wrong-layer-modern-federal-cleanup,NE,Nebraska wildlife-area layer cleanup cluster — Anderson Bridge / Buffalo Creek / Twin Lakes / Yankee Hill,AREA_RULE_COMMUNITY_OR_OVERLAY_CANDIDATE,Evaluate as area/rule/community marker or overlay candidate; do not force exact campground coordinates.,"Looks like rule-area, boondocking, community, WMA/forest, permit, GIS, or overlay work.",needs_supervisor_review,needs_supervisor_review / coordinate_rescue,"Likely Boondocking / Dispersed, Rustic / Primitive, or Needs Verification; not Modern/Federal unless proof says so",no,High
ne-lead-bow-creek-recreation-area-identity-coordinate,NE,Bow Creek Recreation Area identity / coordinate rescue,AREA_RULE_COMMUNITY_OR_OVERLAY_CANDIDATE,Evaluate as area/rule/community marker or overlay candidate; do not force exact campground coordinates.,"Looks like rule-area, boondocking, community, WMA/forest, permit, GIS, or overlay work.",coordinate_rescue,coordinate_rescue,Rustic / Primitive or Boondocking / Dispersed,no,High
ne-lead-bessey-nf-dispersed-rule-area,NE,Nebraska National Forest / Bessey area dispersed-camping rule lead,AREA_RULE_COMMUNITY_OR_OVERLAY_CANDIDATE,Evaluate as area/rule/community marker or overlay candidate; do not force exact campground coordinates.,"Looks like rule-area, boondocking, community, WMA/forest, permit, GIS, or overlay work.",area_outline_followup,area_outline_followup / agency_contact_needed,Boondocking / Dispersed plus existing Rustic / Primitive campground if proven,no,Medium
ne-lead-niobrara-lynch-sunshine-bottom-corridor,NE,Niobrara / Lynch recreation corridor camping proof and geometry,AREA_RULE_COMMUNITY_OR_OVERLAY_CANDIDATE,Evaluate as area/rule/community marker or overlay candidate; do not force exact campground coordinates.,"Looks like rule-area, boondocking, community, WMA/forest, permit, GIS, or overlay work.",area_outline_followup,area_outline_followup / coordinate_rescue,Boondocking / Dispersed or Boat / Backpack if water-access camping is proven,no,Medium
ne-lead-point-21-lake-mcconaughy-community-review,NE,Point 21 / Lake McConaughy free-camping community review,AREA_RULE_COMMUNITY_OR_OVERLAY_CANDIDATE,Evaluate as area/rule/community marker or overlay candidate; do not force exact campground coordinates.,"Looks like rule-area, boondocking, community, WMA/forest, permit, GIS, or overlay work.",community_review,community_review / coordinate_rescue,Boondocking / Dispersed,no,High
ne-lead-bayard-city-park-municipal-proof,NE,Bayard City Park free/electric camping proof,ORDINARY_CAMPGROUND_COORDINATE_RESCUE,Run practical address-to-map rescue; entrance/campground-area coordinate can be acceptable with honest popup.,Looks like ordinary campground/operator/city/county record held mainly for coordinate/source cleanup.,coordinate_rescue,agency_contact_needed / coordinate_rescue,Rustic / Primitive or Modern Campgrounds if triad is proven,no,Medium
ne-lead-streeter-park-identity-proof,NE,Streeter Park Campground identity / municipal proof,ORDINARY_CAMPGROUND_COORDINATE_RESCUE,Run practical address-to-map rescue; entrance/campground-area coordinate can be acceptable with honest popup.,Looks like ordinary campground/operator/city/county record held mainly for coordinate/source cleanup.,coordinate_rescue,coordinate_rescue / agency_contact_needed,"Rustic / Primitive, Modern Campgrounds, or Needs Verification",no,High
ne-lead-scouts-rest-campground-source-proof,NE,Scouts Rest Campground source/layer proof,ORDINARY_CAMPGROUND_COORDINATE_RESCUE,Run practical address-to-map rescue; entrance/campground-area coordinate can be acceptable with honest popup.,Looks like ordinary campground/operator/city/county record held mainly for coordinate/source cleanup.,coordinate_rescue,agency_contact_needed / coordinate_rescue,Modern Campgrounds or Rustic / Primitive,no,Medium
ks-lead-manifest-load-audit,KS,Kansas state file exists but is missing from stable manifest,TRUE_LEAD_RESEARCH_OR_EXTERNAL,Keep as lead until proof/geometry/status is resolved.,"Still has a proof, geometry, legality, duplicate, or current-status blocker.",needs_supervisor_review,needs_supervisor_review,"Info / Reference / QA, not campsite layer",no,High
mi-lead-state-forest-dispersed-up-geometry,MI,Michigan DNR State Forest dispersed camping eligible-land geometry,AREA_RULE_COMMUNITY_OR_OVERLAY_CANDIDATE,Evaluate as area/rule/community marker or overlay candidate; do not force exact campground coordinates.,"Looks like rule-area, boondocking, community, WMA/forest, permit, GIS, or overlay work.",gis_extraction_needed,gis_extraction_needed / area_outline_followup,Boondocking / Dispersed,no,High
mi-lead-marquette-county-forest-registration-gis,MI,Marquette County Forest camping registration rule area GIS extraction,AREA_RULE_COMMUNITY_OR_OVERLAY_CANDIDATE,Evaluate as area/rule/community marker or overlay candidate; do not force exact campground coordinates.,"Looks like rule-area, boondocking, community, WMA/forest, permit, GIS, or overlay work.",gis_extraction_needed,gis_extraction_needed / area_outline_followup,Boondocking / Dispersed,no,High
mi-lead-ottawa-nf-dispersed-mvum-geometry,MI,Ottawa National Forest dispersed camping MVUM / ownership geometry,REJECT_DUPLICATE_OR_CLOSURE_REVIEW,"Review for rejected ledger, duplicate merge, or closure/status note.","Status/action fields contain duplicate, wrong-state, closure, malformed, or do-not-import language.",gis_extraction_needed,gis_extraction_needed / area_outline_followup,Boondocking / Dispersed,no,High
mi-lead-hiawatha-nf-dispersed-mvum-geometry,MI,Hiawatha National Forest dispersed camping MVUM / ownership geometry,REJECT_DUPLICATE_OR_CLOSURE_REVIEW,"Review for rejected ledger, duplicate merge, or closure/status note.","Status/action fields contain duplicate, wrong-state, closure, malformed, or do-not-import language.",gis_extraction_needed,gis_extraction_needed / area_outline_followup,Boondocking / Dispersed,no,High
wi-lead-cnf-forestwide-dispersed-mvum-geometry,WI,Chequamegon-Nicolet NF forestwide dispersed camping geometry / MVUM upgrade,AREA_RULE_COMMUNITY_OR_OVERLAY_CANDIDATE,Evaluate as area/rule/community marker or overlay candidate; do not force exact campground coordinates.,"Looks like rule-area, boondocking, community, WMA/forest, permit, GIS, or overlay work.",gis_extraction_needed,gis_extraction_needed / area_outline_followup,Boondocking / Dispersed,no,High
wi-lead-county-forest-permit-rule-areas-batch1,WI,Wisconsin county forest permit/rule area geometry batch 1,AREA_RULE_COMMUNITY_OR_OVERLAY_CANDIDATE,Evaluate as area/rule/community marker or overlay candidate; do not force exact campground coordinates.,"Looks like rule-area, boondocking, community, WMA/forest, permit, GIS, or overlay work.",area_outline_followup,area_outline_followup / agency_contact_needed,Boondocking / Dispersed,no,High
wi-lead-county-forest-permit-rule-areas-batch2,WI,Wisconsin county forest permit/rule area geometry batch 2,REJECT_DUPLICATE_OR_CLOSURE_REVIEW,"Review for rejected ledger, duplicate merge, or closure/status note.","Status/action fields contain duplicate, wrong-state, closure, malformed, or do-not-import language.",area_outline_followup,area_outline_followup / agency_contact_needed,Boondocking / Dispersed,no,Medium-High
wi-lead-brule-river-sf-backpack-camping-geometry,WI,Brule River State Forest backpack/special-camp-registration geometry,AREA_RULE_COMMUNITY_OR_OVERLAY_CANDIDATE,Evaluate as area/rule/community marker or overlay candidate; do not force exact campground coordinates.,"Looks like rule-area, boondocking, community, WMA/forest, permit, GIS, or overlay work.",gis_extraction_needed,area_outline_followup / gis_extraction_needed,Boat / Backpack,no,High
wi-lead-flambeau-river-sf-canoe-primitive-extraction,WI,Flambeau River State Forest primitive canoe camps / river-corridor extraction,AREA_RULE_COMMUNITY_OR_OVERLAY_CANDIDATE,Evaluate as area/rule/community marker or overlay candidate; do not force exact campground coordinates.,"Looks like rule-area, boondocking, community, WMA/forest, permit, GIS, or overlay work.",gis_extraction_needed,coordinate_rescue / area_outline_followup,Boat / Backpack,no,High
wi-lead-st-croix-namekagon-nps-campsite-extraction,WI,St. Croix / Namekagon NPS water-trail campsite coordinate extraction,TRUE_LEAD_RESEARCH_OR_EXTERNAL,Keep as lead until proof/geometry/status is resolved.,"Still has a proof, geometry, legality, duplicate, or current-status blocker.",coordinate_rescue,coordinate_rescue / area_outline_followup,Boat / Backpack,no,High
wi-lead-cnf-goodman-robinson-community-mvum-clusters,WI,CNF Goodman / Robinson / Florence-Armstrong dispersed cluster MVUM rescue,AREA_RULE_COMMUNITY_OR_OVERLAY_CANDIDATE,Evaluate as area/rule/community marker or overlay candidate; do not force exact campground coordinates.,"Looks like rule-area, boondocking, community, WMA/forest, permit, GIS, or overlay work.",community_review,community_review / gis_extraction_needed,Boondocking / Dispersed,no,High
mn-lead-dnr-state-forest-dispersed-geometry-system,MN,Minnesota DNR state forest dispersed-camping polygon system,AREA_RULE_COMMUNITY_OR_OVERLAY_CANDIDATE,Evaluate as area/rule/community marker or overlay candidate; do not force exact campground coordinates.,"Looks like rule-area, boondocking, community, WMA/forest, permit, GIS, or overlay work.",gis_extraction_needed,gis_extraction_needed / area_outline_followup,Boondocking / Dispersed,no,High
mn-lead-superior-chippewa-nf-dispersed-geometry-upgrade,MN,Superior / Chippewa NF dispersed camping geometry upgrades,REJECT_DUPLICATE_OR_CLOSURE_REVIEW,"Review for rejected ledger, duplicate merge, or closure/status note.","Status/action fields contain duplicate, wrong-state, closure, malformed, or do-not-import language.",gis_extraction_needed,gis_extraction_needed / area_outline_followup,Boondocking / Dispersed,no,High
mn-lead-voyageurs-nps-campsite-coordinate-feed,MN,Voyageurs NPS frontcountry/backcountry exact campsite coordinate feed,TRUE_LEAD_RESEARCH_OR_EXTERNAL,Keep as lead until proof/geometry/status is resolved.,"Still has a proof, geometry, legality, duplicate, or current-status blocker.",external_access_required,external_access_required / coordinate_rescue,Boat / Backpack,no,High
mn-lead-county-park-gis-georeference-system,MN,Minnesota county/regional park GIS/PDF georeference system,REJECT_DUPLICATE_OR_CLOSURE_REVIEW,"Review for rejected ledger, duplicate merge, or closure/status note.","Status/action fields contain duplicate, wrong-state, closure, malformed, or do-not-import language.",gis_extraction_needed,gis_extraction_needed / official_map_georeference,Rustic / Primitive / Boat / Backpack / Modern by site,no,Medium
sd-lead-black-hills-nf-dispersed-mvum-geometry-upgrade,SD,Black Hills NF dispersed camping MVUM / area-marker geometry upgrade,AREA_RULE_COMMUNITY_OR_OVERLAY_CANDIDATE,Evaluate as area/rule/community marker or overlay candidate; do not force exact campground coordinates.,"Looks like rule-area, boondocking, community, WMA/forest, permit, GIS, or overlay work.",gis_extraction_needed,gis_extraction_needed / area_outline_followup,Boondocking / Dispersed,no,High
sd-lead-fort-pierre-ng-dispersed-mvum-geometry-upgrade,SD,Fort Pierre National Grassland dispersed/MVUM geometry upgrade,AREA_RULE_COMMUNITY_OR_OVERLAY_CANDIDATE,Evaluate as area/rule/community marker or overlay candidate; do not force exact campground coordinates.,"Looks like rule-area, boondocking, community, WMA/forest, permit, GIS, or overlay work.",gis_extraction_needed,gis_extraction_needed / area_outline_followup,Boondocking / Dispersed,no,High
sd-lead-buffalo-gap-ng-pinnacles-baja-geometry,SD,Buffalo Gap NG / Pinnacles / Baja OHV dispersed geometry and duplicate cleanup,REJECT_DUPLICATE_OR_CLOSURE_REVIEW,"Review for rejected ledger, duplicate merge, or closure/status note.","Status/action fields contain duplicate, wrong-state, closure, malformed, or do-not-import language.",area_outline_followup,area_outline_followup / duplicate_watch,Boondocking / Dispersed,no,High
sd-lead-badlands-np-backcountry-zone-geometry,SD,Badlands NP backcountry camping zone/rule geometry,AREA_RULE_COMMUNITY_OR_OVERLAY_CANDIDATE,Evaluate as area/rule/community marker or overlay candidate; do not force exact campground coordinates.,"Looks like rule-area, boondocking, community, WMA/forest, permit, GIS, or overlay work.",area_outline_followup,area_outline_followup,Boat / Backpack or Info / Reference,no,Medium-High
sd-lead-missouri-river-usace-rec-system-gis,SD,South Dakota Missouri River / USACE recreation-system GIS extraction,REJECT_DUPLICATE_OR_CLOSURE_REVIEW,"Review for rejected ledger, duplicate merge, or closure/status note.","Status/action fields contain duplicate, wrong-state, closure, malformed, or do-not-import language.",gis_extraction_needed,gis_extraction_needed / coordinate_rescue,Rustic / Primitive / Modern / Boat / Backpack by site,no,Medium
sd-lead-lacreek-little-white-river-overnight-proof,SD,Lacreek NWR / Little White River corridor overnight-use proof,AREA_RULE_COMMUNITY_OR_OVERLAY_CANDIDATE,Evaluate as area/rule/community marker or overlay candidate; do not force exact campground coordinates.,"Looks like rule-area, boondocking, community, WMA/forest, permit, GIS, or overlay work.",agency_contact_needed,agency_contact_needed / official_proof_needed,Boondocking / Dispersed or Boat / Backpack only if proof recovered,no,Low-Medium
mt-lead-cmr-nwr-dispersed-backcountry-boundary,MT,CMR NWR dispersed/backcountry camping official boundary geometry,REJECT_DUPLICATE_OR_CLOSURE_REVIEW,"Review for rejected ledger, duplicate merge, or closure/status note.","Status/action fields contain duplicate, wrong-state, closure, malformed, or do-not-import language.",gis_extraction_needed,area_outline_followup / gis_extraction_needed,Boondocking / Dispersed,no,High
mt-lead-ul-bend-wilderness-backcountry-geometry,MT,UL Bend Wilderness backcountry camping geometry,AREA_RULE_COMMUNITY_OR_OVERLAY_CANDIDATE,Evaluate as area/rule/community marker or overlay candidate; do not force exact campground coordinates.,"Looks like rule-area, boondocking, community, WMA/forest, permit, GIS, or overlay work.",gis_extraction_needed,area_outline_followup / gis_extraction_needed,Boat / Backpack / Boondocking by access/rule,no,High
mt-lead-upper-missouri-breaks-blm-corridor,MT,Upper Missouri River Breaks BLM dispersed river-corridor camping rule marker,AREA_RULE_COMMUNITY_OR_OVERLAY_CANDIDATE,Evaluate as area/rule/community marker or overlay candidate; do not force exact campground coordinates.,"Looks like rule-area, boondocking, community, WMA/forest, permit, GIS, or overlay work.",gis_extraction_needed,area_outline_followup / gis_extraction_needed,Boondocking / Dispersed / Boat / Backpack by access,no,High
mt-lead-fort-peck-usace-rec-system-gis,MT,Fort Peck / USACE recreation-area system GIS and overnight-proof extraction,TRUE_LEAD_RESEARCH_OR_EXTERNAL,Keep as lead until proof/geometry/status is resolved.,"Still has a proof, geometry, legality, duplicate, or current-status blocker.",gis_extraction_needed,gis_extraction_needed / coordinate_rescue,Rustic / Primitive / Modern / Boat / Backpack by site,no,High
mt-lead-fwp-fas-camping-gis-extraction,MT,Montana FWP Fishing Access Site camping GIS/detail extraction system,TRUE_LEAD_RESEARCH_OR_EXTERNAL,Keep as lead until proof/geometry/status is resolved.,"Still has a proof, geometry, legality, duplicate, or current-status blocker.",gis_extraction_needed,gis_extraction_needed / source_system_blocker,Rustic / Primitive / Boat / Backpack by access,no,High
mt-lead-custer-gallatin-yellowstone-dispersed-area-marker,MT,Custer Gallatin NF Yellowstone-country dispersed camping area/rule marker,AREA_RULE_COMMUNITY_OR_OVERLAY_CANDIDATE,Evaluate as area/rule/community marker or overlay candidate; do not force exact campground coordinates.,"Looks like rule-area, boondocking, community, WMA/forest, permit, GIS, or overlay work.",area_outline_followup,area_outline_followup / correction_candidate,Boondocking / Dispersed,no,Medium-High
mt-lead-sw-montana-lolo-blm-dnrc-system-extraction,MT,Southwest Montana Lolo NF / BLM Dillon-Butte-Helena / DNRC extraction backlog,AREA_RULE_COMMUNITY_OR_OVERLAY_CANDIDATE,Evaluate as area/rule/community marker or overlay candidate; do not force exact campground coordinates.,"Looks like rule-area, boondocking, community, WMA/forest, permit, GIS, or overlay work.",gis_extraction_needed,gis_extraction_needed / agency_contact_needed,Boondocking / Dispersed / Rustic by source,no,Medium
ky-lead-mammoth-cave-green-nolin-river-corridor,KY,Mammoth Cave Green River / Nolin River riverside and island camping corridor,AREA_RULE_COMMUNITY_OR_OVERLAY_CANDIDATE,Evaluate as area/rule/community marker or overlay candidate; do not force exact campground coordinates.,"Looks like rule-area, boondocking, community, WMA/forest, permit, GIS, or overlay work.",external_access_required,area_outline_followup / external_access_required,Boat / Backpack,no,High
ky-lead-big-south-fork-ky-backcountry-river-corridor,KY,Big South Fork KY backcountry and canoe-camping corridor geometry,AREA_RULE_COMMUNITY_OR_OVERLAY_CANDIDATE,Evaluate as area/rule/community marker or overlay candidate; do not force exact campground coordinates.,"Looks like rule-area, boondocking, community, WMA/forest, permit, GIS, or overlay work.",external_access_required,area_outline_followup / external_access_required,Boat / Backpack,no,High
ky-lead-lbl-gis-zip-camping-extraction,KY,Land Between the Lakes camping GIS/ZIP extraction,AREA_RULE_COMMUNITY_OR_OVERLAY_CANDIDATE,Evaluate as area/rule/community marker or overlay candidate; do not force exact campground coordinates.,"Looks like rule-area, boondocking, community, WMA/forest, permit, GIS, or overlay work.",external_access_required,gis_extraction_needed / external_access_required,Boondocking / Dispersed / Rustic / Boat-Backpack by unit,no,High
il-lead-idnr-primitive-hikein-equestrian-gis-backlog,IL,Illinois IDNR primitive/hike-in/equestrian campground GIS backlog,AREA_RULE_COMMUNITY_OR_OVERLAY_CANDIDATE,Evaluate as area/rule/community marker or overlay candidate; do not force exact campground coordinates.,"Looks like rule-area, boondocking, community, WMA/forest, permit, GIS, or overlay work.",gis_extraction_needed,gis_extraction_needed / coordinate_rescue,Rustic / Primitive / Boat / Backpack by access,no,Medium-High
il-lead-hennepin-canal-primitive-rule-area,IL,Hennepin Canal primitive campgrounds / canal-corridor rule area,AREA_RULE_COMMUNITY_OR_OVERLAY_CANDIDATE,Evaluate as area/rule/community marker or overlay candidate; do not force exact campground coordinates.,"Looks like rule-area, boondocking, community, WMA/forest, permit, GIS, or overlay work.",gis_extraction_needed,area_outline_followup / coordinate_rescue,Boat / Backpack / Rustic by access,no,Medium-High
il-lead-will-county-primitive-system,IL,Will County Primitive Campsite System,AREA_RULE_COMMUNITY_OR_OVERLAY_CANDIDATE,Evaluate as area/rule/community marker or overlay candidate; do not force exact campground coordinates.,"Looks like rule-area, boondocking, community, WMA/forest, permit, GIS, or overlay work.",Existing system lead strengthened,coordinate_rescue,Rustic / Primitive,no,Medium
il-lead-castle-rock-green-river-canoe-swa-primitive,IL,Castle Rock canoe/boat primitive area and Green River SWA camping spaces geometry,AREA_RULE_COMMUNITY_OR_OVERLAY_CANDIDATE,Evaluate as area/rule/community marker or overlay candidate; do not force exact campground coordinates.,"Looks like rule-area, boondocking, community, WMA/forest, permit, GIS, or overlay work.",gis_extraction_needed,coordinate_rescue / area_outline_followup,Boat / Backpack / Rustic / Primitive,no,Medium
il-lead-crab-orchard-devils-kitchen-primitive-exact,IL,Crab Orchard NWR Devils Kitchen primitive campsite coordinate rescue,AREA_RULE_COMMUNITY_OR_OVERLAY_CANDIDATE,Evaluate as area/rule/community marker or overlay candidate; do not force exact campground coordinates.,"Looks like rule-area, boondocking, community, WMA/forest, permit, GIS, or overlay work.",coordinate_rescue,coordinate_rescue / official_proof_needed,Rustic / Primitive or Boat / Backpack by access,no,Medium-High
il-lead-usace-reservoir-project-camping-extraction,IL,Illinois USACE reservoir/project camping extraction backlog,TRUE_LEAD_RESEARCH_OR_EXTERNAL,Keep as lead until proof/geometry/status is resolved.,"Still has a proof, geometry, legality, duplicate, or current-status blocker.",gis_extraction_needed,gis_extraction_needed / coordinate_rescue,Modern / Rustic / Boat-Backpack by site,no,Medium
wi-lead-cnf-perch-lake-trail-campsites-coordinate-rescue,WI,Perch Lake Trail and Campsites,TRUE_LEAD_RESEARCH_OR_EXTERNAL,Keep as lead until proof/geometry/status is resolved.,"Still has a proof, geometry, legality, duplicate, or current-status blocker.",official_camping_confirmed_coordinate_rescue,coordinate_rescue,Boat / Backpack,no,High
wi-lead-marinette-goodman-park-campground-coordinate-rescue,WI,Goodman Park Campground,ORDINARY_CAMPGROUND_COORDINATE_RESCUE,Run practical address-to-map rescue; entrance/campground-area coordinate can be acceptable with honest popup.,Looks like ordinary campground/operator/city/county record held mainly for coordinate/source cleanup.,official_campground_confirmed_coordinate_needed,coordinate_rescue,Rustic / Primitive,no,Medium-High
wi-lead-marinette-mcclintock-park-campground-coordinate-rescue,WI,McClintock Park Campground,ORDINARY_CAMPGROUND_COORDINATE_RESCUE,Run practical address-to-map rescue; entrance/campground-area coordinate can be acceptable with honest popup.,Looks like ordinary campground/operator/city/county record held mainly for coordinate/source cleanup.,official_campground_confirmed_coordinate_needed,coordinate_rescue,Rustic / Primitive,no,Medium-High
mi-lead-hiawatha-west-zone-mvum-gis-extraction-v23155,MI,Hiawatha West Zone MVUM / ownership / dispersed-rule geometry extraction,AREA_RULE_COMMUNITY_OR_OVERLAY_CANDIDATE,Evaluate as area/rule/community marker or overlay candidate; do not force exact campground coordinates.,"Looks like rule-area, boondocking, community, WMA/forest, permit, GIS, or overlay work.",external_access_required,gis_extraction_needed,Boondocking / Dispersed / Area geometry support,no,High
mi-lead-sylvania-wilderness-backcountry-campsites-gis-extraction,MI,Sylvania Wilderness designated backcountry campsites GIS extraction,REJECT_DUPLICATE_OR_CLOSURE_REVIEW,"Review for rejected ledger, duplicate merge, or closure/status note.","Status/action fields contain duplicate, wrong-state, closure, malformed, or do-not-import language.",official_designated_sites_confirmed_gps_file_blocked,gis_extraction_needed,Boat / Backpack,no,High
mi-lead-mcdonald-lake-county-park-coordinate-rescue,MI,McDonald Lake County Park / McDonald Dam Park Rustic Tent Sites,ORDINARY_CAMPGROUND_COORDINATE_RESCUE,Run practical address-to-map rescue; entrance/campground-area coordinate can be acceptable with honest popup.,Looks like ordinary campground/operator/city/county record held mainly for coordinate/source cleanup.,coordinate_rescue,coordinate_rescue,Rustic / Primitive,no,Medium-High
mi-lead-gogebic-county-forest-remote-camping-geometry,MI,Gogebic County Forest remote camping ownership / permit geometry,AREA_RULE_COMMUNITY_OR_OVERLAY_CANDIDATE,Evaluate as area/rule/community marker or overlay candidate; do not force exact campground coordinates.,"Looks like rule-area, boondocking, community, WMA/forest, permit, GIS, or overlay work.",gis_extraction_needed,gis_extraction_needed / agency_contact_needed,Boondocking / Dispersed,no,High
mi-lead-sturgeon-river-gorge-wilderness-backcountry-geometry,MI,Sturgeon River Gorge Wilderness backcountry / dispersed area geometry,AREA_RULE_COMMUNITY_OR_OVERLAY_CANDIDATE,Evaluate as area/rule/community marker or overlay candidate; do not force exact campground coordinates.,"Looks like rule-area, boondocking, community, WMA/forest, permit, GIS, or overlay work.",area_outline_followup,area_outline_followup,Boat / Backpack,no,Medium
mi-lead-ottawa-nf-wilderness-campsites-geometry,MI,Ottawa NF wilderness campsite layer,AREA_RULE_COMMUNITY_OR_OVERLAY_CANDIDATE,Evaluate as area/rule/community marker or overlay candidate; do not force exact campground coordinates.,"Looks like rule-area, boondocking, community, WMA/forest, permit, GIS, or overlay work.",gis_extraction_needed,gis_extraction_needed,Boat / Backpack or Rustic / Primitive by access,no,High
wi-mi-lead-menominee-river-sra-canoe-walkin-campsite-geometry,WI/MI,Menominee River State Recreation Area canoe/walk-in campsite and river-corridor geometry,AREA_RULE_COMMUNITY_OR_OVERLAY_CANDIDATE,Evaluate as area/rule/community marker or overlay candidate; do not force exact campground coordinates.,"Looks like rule-area, boondocking, community, WMA/forest, permit, GIS, or overlay work.",official_camping_confirmed_exact_sites_missing,gis_extraction_needed,Boat / Backpack,no,Medium-High
wi-lead-gov-earl-peshtigo-remote-boat-in-site-geometry,WI,Governor Earl Peshtigo River State Forest remote / boat-in campsite system,AREA_RULE_COMMUNITY_OR_OVERLAY_CANDIDATE,Evaluate as area/rule/community marker or overlay candidate; do not force exact campground coordinates.,"Looks like rule-area, boondocking, community, WMA/forest, permit, GIS, or overlay work.",gis_extraction_needed,gis_extraction_needed / coordinate_rescue,Boat / Backpack and Rustic / Primitive by access,no,Medium-High
mi-lead-ottawa-nf-campground-gps-list-extraction,MI,Ottawa National Forest official campground GPS coordinate list extraction,ORDINARY_CAMPGROUND_COORDINATE_RESCUE,Run practical address-to-map rescue; entrance/campground-area coordinate can be acceptable with honest popup.,Looks like ordinary campground/operator/city/county record held mainly for coordinate/source cleanup.,external_access_required,official_gps_index_extraction / coordinate_audit,Rustic / Primitive; Boat / Backpack for designated wilderness/backcountry points by access,no,High
wi-lead-gov-earl-high-falls-canoe-campsites-coordinate-rescue,WI,Governor Earl Peshtigo River State Forest — High Falls Canoe Campsites,AREA_RULE_COMMUNITY_OR_OVERLAY_CANDIDATE,Evaluate as area/rule/community marker or overlay candidate; do not force exact campground coordinates.,"Looks like rule-area, boondocking, community, WMA/forest, permit, GIS, or overlay work.",official_map_confirmed_georeference_needed,coordinate_rescue / official_map_georeference,Boat / Backpack,no,Medium-High
mn-lead-lake-bronson-state-park-campground-coordinate-rescue,MN,Lake Bronson State Park Campgrounds,ORDINARY_CAMPGROUND_COORDINATE_RESCUE,Run practical address-to-map rescue; entrance/campground-area coordinate can be acceptable with honest popup.,Looks like ordinary campground/operator/city/county record held mainly for coordinate/source cleanup.,`official_camping_confirmed_coordinate_needed`,coordinate_rescue,Modern Campgrounds,no,High
mn-lead-hayes-lake-state-park-campground-coordinate-rescue,MN,Hayes Lake State Park Campground,REJECT_DUPLICATE_OR_CLOSURE_REVIEW,"Review for rejected ledger, duplicate merge, or closure/status note.","Status/action fields contain duplicate, wrong-state, closure, malformed, or do-not-import language.",`official_camping_confirmed_coordinate_needed`,coordinate_rescue,Modern Campgrounds,no,High
mn-lead-bemis-hill-forest-campground-coordinate-rescue,MN,Bemis Hill Forest Campground,ORDINARY_CAMPGROUND_COORDINATE_RESCUE,Run practical address-to-map rescue; entrance/campground-area coordinate can be acceptable with honest popup.,Looks like ordinary campground/operator/city/county record held mainly for coordinate/source cleanup.,`official_camping_confirmed_coordinate_needed`,coordinate_rescue,Rustic / Primitive,no,High
mn-lead-beltrami-island-blueberry-hill-faunce-campgrounds-coordinate-rescue,MN,Blueberry Hill and Faunce Campgrounds,TRUE_LEAD_RESEARCH_OR_EXTERNAL,Keep as lead until proof/geometry/status is resolved.,"Still has a proof, geometry, legality, duplicate, or current-status blocker.",`official_camping_confirmed_coordinate_rescue`,coordinate_rescue,Rustic / Primitive / Boat / Backpack,no,High
mn-lead-beltrami-island-browns-clear-norris-camping-area-rescue,MN,Brown’s Creek / Clear River / Norris Camping Areas,AREA_RULE_COMMUNITY_OR_OVERLAY_CANDIDATE,Evaluate as area/rule/community marker or overlay candidate; do not force exact campground coordinates.,"Looks like rule-area, boondocking, community, WMA/forest, permit, GIS, or overlay work.",`official_camping_area_confirmed_geometry_needed`,gis_extraction / area_outline_followup,Rustic / Primitive / Boondocking / Dispersed,no,High
mn-lead-old-mill-state-park-campground-coordinate-rescue,MN,Old Mill State Park Campground,REJECT_DUPLICATE_OR_CLOSURE_REVIEW,"Review for rejected ledger, duplicate merge, or closure/status note.","Status/action fields contain duplicate, wrong-state, closure, malformed, or do-not-import language.",`official_camping_confirmed_coordinate_needed`,coordinate_rescue,Modern Campgrounds,no,High
mn-lead-red-river-state-recreation-area-main-campground,MN,Red River State Recreation Area Campground,REJECT_DUPLICATE_OR_CLOSURE_REVIEW,"Review for rejected ledger, duplicate merge, or closure/status note.","Status/action fields contain duplicate, wrong-state, closure, malformed, or do-not-import language.",`official_camping_confirmed_coordinate_needed`,coordinate_rescue,Modern Campgrounds,no,High
mn-lead-red-river-sra-walk-in-riverfront-sites-coordinate-rescue,MN,Red River SRA Walk-in Riverfront Tent Sites,TRUE_LEAD_RESEARCH_OR_EXTERNAL,Keep as lead until proof/geometry/status is resolved.,"Still has a proof, geometry, legality, duplicate, or current-status blocker.",`official_walk_in_sites_confirmed_coordinate_rescue`,coordinate_rescue,Boat / Backpack,no,High
mn-lead-twin-valley-city-camping-areas-coordinate-rescue,MN,Twin Valley City Camping Areas / Heiberg Park West,TRUE_LEAD_RESEARCH_OR_EXTERNAL,Keep as lead until proof/geometry/status is resolved.,"Still has a proof, geometry, legality, duplicate, or current-status blocker.",`official_camping_confirmed_coordinate_amenity_needed`,coordinate_rescue,Needs Verification,no,High
mn-lead-red-lake-falls-city-campgrounds-coordinate-rescue,MN,Red Lake Falls Sportsman’s Park and Riverside Park Campgrounds,TRUE_LEAD_RESEARCH_OR_EXTERNAL,Keep as lead until proof/geometry/status is resolved.,"Still has a proof, geometry, legality, duplicate, or current-status blocker.",`official_campgrounds_confirmed_split_needed`,coordinate_rescue,Needs Verification,no,High
mn-lead-thief-river-falls-tourist-park-campground,MN,Thief River Falls Tourist Park Campground,REJECT_DUPLICATE_OR_CLOSURE_REVIEW,"Review for rejected ledger, duplicate merge, or closure/status note.","Status/action fields contain duplicate, wrong-state, closure, malformed, or do-not-import language.",`official_operator_campground_confirmed_coordinate_needed`,coordinate_rescue,Modern Campgrounds,no,High
mn-lead-roseau-city-park-campground,MN,Roseau City Park Campground,REJECT_DUPLICATE_OR_CLOSURE_REVIEW,"Review for rejected ledger, duplicate merge, or closure/status note.","Status/action fields contain duplicate, wrong-state, closure, malformed, or do-not-import language.",`official_city_campground_confirmed_coordinate_needed`,coordinate_rescue,Modern Campgrounds,no,High
mn-lead-warroad-city-campground-coordinate-rescue,MN,Warroad City Campground,ORDINARY_CAMPGROUND_COORDINATE_RESCUE,Run practical address-to-map rescue; entrance/campground-area coordinate can be acceptable with honest popup.,Looks like ordinary campground/operator/city/county record held mainly for coordinate/source cleanup.,`official_city_campground_confirmed_amenity_coordinate_needed`,coordinate_rescue,Needs Verification,no,High
mn-lead-buffalo-river-state-park-campground-layer-coordinate-rescue,MN,Buffalo River State Park Campground,REJECT_DUPLICATE_OR_CLOSURE_REVIEW,"Review for rejected ledger, duplicate merge, or closure/status note.","Status/action fields contain duplicate, wrong-state, closure, malformed, or do-not-import language.",`official_camping_confirmed_layer_coordinate_needed`,coordinate_rescue,Needs Verification,no,High
mn-lead-maplewood-state-park-main-campgrounds,MN,Maplewood State Park Main / Horse Campgrounds,REJECT_DUPLICATE_OR_CLOSURE_REVIEW,"Review for rejected ledger, duplicate merge, or closure/status note.","Status/action fields contain duplicate, wrong-state, closure, malformed, or do-not-import language.",`official_camping_confirmed_coordinate_needed`,coordinate_rescue,Modern Campgrounds,no,High
mn-lead-maplewood-state-park-backpack-sites-coordinate-rescue,MN,Maplewood State Park Backpack Sites,TRUE_LEAD_RESEARCH_OR_EXTERNAL,Keep as lead until proof/geometry/status is resolved.,"Still has a proof, geometry, legality, duplicate, or current-status blocker.",`official_backpack_sites_confirmed_coordinate_rescue`,coordinate_rescue,Boat / Backpack,no,High
mn-lead-glendalough-state-park-cart-canoe-camping,MN,Glendalough State Park Cart-in / Canoe-in Camping,TRUE_LEAD_RESEARCH_OR_EXTERNAL,Keep as lead until proof/geometry/status is resolved.,"Still has a proof, geometry, legality, duplicate, or current-status blocker.",`official_camping_confirmed_coordinate_needed`,coordinate_rescue,Boat / Backpack,no,High
mn-lead-phelps-mill-county-park-primitive-campsites,MN,Phelps Mill County Park Primitive Campsites,REJECT_DUPLICATE_OR_CLOSURE_REVIEW,"Review for rejected ledger, duplicate merge, or closure/status note.","Status/action fields contain duplicate, wrong-state, closure, malformed, or do-not-import language.",`official_county_camping_confirmed_coordinate_needed`,coordinate_rescue,Rustic / Primitive,no,High
mn-lead-fergus-falls-delagoon-park-campground,MN,DeLagoon Park Campground,ORDINARY_CAMPGROUND_COORDINATE_RESCUE,Run practical address-to-map rescue; entrance/campground-area coordinate can be acceptable with honest popup.,Looks like ordinary campground/operator/city/county record held mainly for coordinate/source cleanup.,`official_city_campground_confirmed_coordinate_needed`,coordinate_rescue,Modern Campgrounds,no,High
mn-lead-tipsinah-mounds-park-campground,MN,Tipsinah Mounds Park Campground,REJECT_DUPLICATE_OR_CLOSURE_REVIEW,"Review for rejected ledger, duplicate merge, or closure/status note.","Status/action fields contain duplicate, wrong-state, closure, malformed, or do-not-import language.",`official_city_campground_confirmed_coordinate_needed`,coordinate_rescue,Modern Campgrounds,no,High
mn-lead-traverse-county-park-campground-coordinate-rescue,MN,Traverse County Park Campground,ORDINARY_CAMPGROUND_COORDINATE_RESCUE,Run practical address-to-map rescue; entrance/campground-area coordinate can be acceptable with honest popup.,Looks like ordinary campground/operator/city/county record held mainly for coordinate/source cleanup.,`official_county_camping_confirmed_coordinate_amenity_needed`,coordinate_rescue,Needs Verification,no,High
mn-lead-traverse-county-fairgrounds-camping,MN,Traverse County Fairgrounds Camping,TRUE_LEAD_RESEARCH_OR_EXTERNAL,Keep as lead until proof/geometry/status is resolved.,"Still has a proof, geometry, legality, duplicate, or current-status blocker.",`official_public_camping_confirmed_coordinate_needed`,coordinate_rescue,Needs Verification,no,High
mn-lead-florian-park-campground-coordinate-rescue,MN,Florian Park Campground,ORDINARY_CAMPGROUND_COORDINATE_RESCUE,Run practical address-to-map rescue; entrance/campground-area coordinate can be acceptable with honest popup.,Looks like ordinary campground/operator/city/county record held mainly for coordinate/source cleanup.,`official_county_campground_confirmed_coordinate_amenity_needed`,coordinate_rescue,Needs Verification,no,High
mn-lead-warren-holiday-park-campground-coordinate-rescue,MN,Holiday Park Campground,ORDINARY_CAMPGROUND_COORDINATE_RESCUE,Run practical address-to-map rescue; entrance/campground-area coordinate can be acceptable with honest popup.,Looks like ordinary campground/operator/city/county record held mainly for coordinate/source cleanup.,`reservation_operator_campground_confirmed_coordinate_needed`,coordinate_rescue,Needs Verification,no,Medium
mn-lead-hungryman-lake-campground-coordinate-rescue,MN,Hungryman Lake Campground,ORDINARY_CAMPGROUND_COORDINATE_RESCUE,Run practical address-to-map rescue; entrance/campground-area coordinate can be acceptable with honest popup.,Looks like ordinary campground/operator/city/county record held mainly for coordinate/source cleanup.,`official_state_forest_campground_confirmed_coordinate_needed`,coordinate_rescue,Rustic / Primitive,no,High
mn-lead-wolf-lake-city-campground-coordinate-rescue,MN,Wolf Lake City Campground,ORDINARY_CAMPGROUND_COORDINATE_RESCUE,Run practical address-to-map rescue; entrance/campground-area coordinate can be acceptable with honest popup.,Looks like ordinary campground/operator/city/county record held mainly for coordinate/source cleanup.,`official_city_campground_confirmed_coordinate_needed`,coordinate_rescue,Needs Verification,no,High
mn-lead-red-river-brushvale-bridge-rustic-camping-coordinate-rescue,MN,Brushvale Bridge Recreation Area Rustic Camping,ORDINARY_CAMPGROUND_COORDINATE_RESCUE,Run practical address-to-map rescue; entrance/campground-area coordinate can be acceptable with honest popup.,Looks like ordinary campground/operator/city/county record held mainly for coordinate/source cleanup.,`official_water_trail_camping_confirmed_coordinate_rescue`,coordinate_rescue,Rustic / Primitive,no,High
mn-lead-big-stone-lake-state-park-campground-coordinate-rescue,MN,Big Stone Lake State Park campground,ORDINARY_CAMPGROUND_COORDINATE_RESCUE,Run practical address-to-map rescue; entrance/campground-area coordinate can be acceptable with honest popup.,Looks like ordinary campground/operator/city/county record held mainly for coordinate/source cleanup.,coordinate_rescue,coordinate_rescue,Modern Campgrounds or Rustic / Primitive after amenity proof,no,High
mn-lead-lac-qui-parle-state-park-campground-coordinate-rescue,MN,Lac qui Parle State Park campground,AREA_RULE_COMMUNITY_OR_OVERLAY_CANDIDATE,Evaluate as area/rule/community marker or overlay candidate; do not force exact campground coordinates.,"Looks like rule-area, boondocking, community, WMA/forest, permit, GIS, or overlay work.",coordinate_rescue,coordinate_rescue,Modern Campgrounds or Rustic / Primitive after amenity proof,no,High
mn-lead-glacial-lakes-state-park-main-campground-coordinate-rescue,MN,Glacial Lakes State Park main campground,ORDINARY_CAMPGROUND_COORDINATE_RESCUE,Run practical address-to-map rescue; entrance/campground-area coordinate can be acceptable with honest popup.,Looks like ordinary campground/operator/city/county record held mainly for coordinate/source cleanup.,coordinate_rescue,coordinate_rescue,Modern Campgrounds or Rustic / Primitive after amenity proof,no,High
mn-lead-glacial-lakes-state-park-horse-or-backpack-components,MN,Glacial Lakes State Park horse/backpack/group camping components,TRUE_LEAD_RESEARCH_OR_EXTERNAL,Keep as lead until proof/geometry/status is resolved.,"Still has a proof, geometry, legality, duplicate, or current-status blocker.",coordinate_rescue / component_split,coordinate_rescue,Rustic / Primitive or Boat / Backpack by component,no,High
mn-lead-monson-lake-state-park-campground-coordinate-rescue,MN,Monson Lake State Park campground,ORDINARY_CAMPGROUND_COORDINATE_RESCUE,Run practical address-to-map rescue; entrance/campground-area coordinate can be acceptable with honest popup.,Looks like ordinary campground/operator/city/county record held mainly for coordinate/source cleanup.,coordinate_rescue,coordinate_rescue,"Rustic / Primitive likely, verify amenities",no,High
mn-lead-sibley-state-park-campground-coordinate-rescue,MN,Sibley State Park campground system,ORDINARY_CAMPGROUND_COORDINATE_RESCUE,Run practical address-to-map rescue; entrance/campground-area coordinate can be acceptable with honest popup.,Looks like ordinary campground/operator/city/county record held mainly for coordinate/source cleanup.,coordinate_rescue / component_split,coordinate_rescue,Modern Campgrounds plus possible Rustic / Primitive component split,no,High
mn-lead-lake-carlos-state-park-campground-coordinate-rescue,MN,Lake Carlos State Park campground system,ORDINARY_CAMPGROUND_COORDINATE_RESCUE,Run practical address-to-map rescue; entrance/campground-area coordinate can be acceptable with honest popup.,Looks like ordinary campground/operator/city/county record held mainly for coordinate/source cleanup.,coordinate_rescue / component_split,coordinate_rescue,Modern Campgrounds plus possible Boat / Backpack or group/rustic split,no,High
mn-lead-lake-koronis-regional-park-campground-coordinate-rescue,MN,Lake Koronis Regional Park campground,ORDINARY_CAMPGROUND_COORDINATE_RESCUE,Run practical address-to-map rescue; entrance/campground-area coordinate can be acceptable with honest popup.,Looks like ordinary campground/operator/city/county record held mainly for coordinate/source cleanup.,official_proof_strong_coordinate_rescue,coordinate_rescue,Modern Campgrounds plus Rustic / Primitive tent-site component if split,no,High
mn-lead-toqua-park-big-stone-county-campground-proof,MN,Toqua Park / Toqua County Park camping proof,ORDINARY_CAMPGROUND_COORDINATE_RESCUE,Run practical address-to-map rescue; entrance/campground-area coordinate can be acceptable with honest popup.,Looks like ordinary campground/operator/city/county record held mainly for coordinate/source cleanup.,official_source_needed / coordinate_rescue,coordinate_rescue,Rustic / Primitive or Modern after official proof,no,High
mn-lead-lac-qui-parle-county-park-campground-proof,MN,Lac qui Parle County Park,AREA_RULE_COMMUNITY_OR_OVERLAY_CANDIDATE,Evaluate as area/rule/community marker or overlay candidate; do not force exact campground coordinates.,"Looks like rule-area, boondocking, community, WMA/forest, permit, GIS, or overlay work.",official_source_needed / coordinate_rescue,coordinate_rescue,Rustic / Primitive or Modern after official proof,no,High
mn-lead-pomme-de-terre-park-stevens-campground-proof,MN,Pomme de Terre Park campground / Morris,ORDINARY_CAMPGROUND_COORDINATE_RESCUE,Run practical address-to-map rescue; entrance/campground-area coordinate can be acceptable with honest popup.,Looks like ordinary campground/operator/city/county record held mainly for coordinate/source cleanup.,official_source_needed / coordinate_rescue,coordinate_rescue,Modern Campgrounds or Rustic / Primitive after proof,no,High
mn-lead-swift-falls-park-camping-proof,MN,Swift Falls Park,TRUE_LEAD_RESEARCH_OR_EXTERNAL,Keep as lead until proof/geometry/status is resolved.,"Still has a proof, geometry, legality, duplicate, or current-status blocker.",official_source_needed,official_proof_followup,Rustic / Primitive or day-use reject after proof,no,High
mn-lead-kandiyohi-county-park-campground-batch,MN,Kandiyohi County Parks 1–7 / county campground batch,ORDINARY_CAMPGROUND_COORDINATE_RESCUE,Run practical address-to-map rescue; entrance/campground-area coordinate can be acceptable with honest popup.,Looks like ordinary campground/operator/city/county record held mainly for coordinate/source cleanup.,official_source_needed / coordinate_rescue,coordinate_rescue,Modern Campgrounds / Rustic / Primitive by park,no,High
mn-lead-renville-county-park-campground-batch,MN,Renville County park campground batch,REJECT_DUPLICATE_OR_CLOSURE_REVIEW,"Review for rejected ledger, duplicate merge, or closure/status note.","Status/action fields contain duplicate, wrong-state, closure, malformed, or do-not-import language.",official_source_needed / coordinate_rescue,coordinate_rescue,Rustic / Primitive / Modern by park,no,High
mn-lead-yellow-medicine-timm-oraas-county-parks-camping-proof,MN,Timm County Park / Oraas County Park camping proof,REJECT_DUPLICATE_OR_CLOSURE_REVIEW,"Review for rejected ledger, duplicate merge, or closure/status note.","Status/action fields contain duplicate, wrong-state, closure, malformed, or do-not-import language.",official_source_needed / coordinate_rescue,coordinate_rescue,Rustic / Primitive or Modern after proof,no,High
mn-lead-western-stearns-county-park-campground-screen,MN,Western Stearns county park campground screen,ORDINARY_CAMPGROUND_COORDINATE_RESCUE,Run practical address-to-map rescue; entrance/campground-area coordinate can be acceptable with honest popup.,Looks like ordinary campground/operator/city/county record held mainly for coordinate/source cleanup.,official_source_needed / geography_screen,official_proof_followup,Rustic / Primitive or Modern by park,no,High
mn-lead-upper-minnesota-river-water-trail-campsite-extraction,MN,Upper Minnesota River / Minnesota River State Water Trail camping extraction,REJECT_DUPLICATE_OR_CLOSURE_REVIEW,"Review for rejected ledger, duplicate merge, or closure/status note.","Status/action fields contain duplicate, wrong-state, closure, malformed, or do-not-import language.",gis_extraction_needed / official_rule_needed,gis_extraction / area_outline_followup,Boat / Backpack if official water-access campsites exist,no,High
mn-lead-community-boondocking-west-central-prairie-lakes-review,MN,West-central prairie-lakes community boondocking clusters,AREA_RULE_COMMUNITY_OR_OVERLAY_CANDIDATE,Evaluate as area/rule/community marker or overlay candidate; do not force exact campground coordinates.,"Looks like rule-area, boondocking, community, WMA/forest, permit, GIS, or overlay work.",community_review,official_proof_followup,Boondocking / Dispersed only if 3-source rule met,no,Medium
mn-lead-camden-state-park-campground,MN,Camden State Park Campgrounds,REJECT_DUPLICATE_OR_CLOSURE_REVIEW,"Review for rejected ledger, duplicate merge, or closure/status note.","Status/action fields contain duplicate, wrong-state, closure, malformed, or do-not-import language.",official campground candidate,official_proof_followup,Modern Campgrounds,no,High
mn-lead-camden-state-park-horse-camp,MN,Camden State Park Horse Camp,ORDINARY_CAMPGROUND_COORDINATE_RESCUE,Run practical address-to-map rescue; entrance/campground-area coordinate can be acceptable with honest popup.,Looks like ordinary campground/operator/city/county record held mainly for coordinate/source cleanup.,official horse camp candidate,official_proof_followup,Rustic / Primitive,no,High
mn-lead-lake-shetek-state-park-main-campgrounds,MN,Lake Shetek State Park Main Campgrounds,REJECT_DUPLICATE_OR_CLOSURE_REVIEW,"Review for rejected ledger, duplicate merge, or closure/status note.","Status/action fields contain duplicate, wrong-state, closure, malformed, or do-not-import language.",official campground candidate,official_proof_followup,Modern Campgrounds,no,High
mn-lead-lake-shetek-park-lake-campsite,MN,Lake Shetek — Park Lake Campsite,TRUE_LEAD_RESEARCH_OR_EXTERNAL,Keep as lead until proof/geometry/status is resolved.,"Still has a proof, geometry, legality, duplicate, or current-status blocker.",official cart-in / walk-in campsite candidate,official_proof_followup,Boat / Backpack,no,High
mn-lead-split-rock-creek-state-park-campground,MN,Split Rock Creek State Park Campground,ORDINARY_CAMPGROUND_COORDINATE_RESCUE,Run practical address-to-map rescue; entrance/campground-area coordinate can be acceptable with honest popup.,Looks like ordinary campground/operator/city/county record held mainly for coordinate/source cleanup.,official campground candidate,official_proof_followup,Modern Campgrounds,no,High
mn-lead-flandrau-state-park-semi-modern-campground,MN,Flandrau State Park Semi-modern Campground,REJECT_DUPLICATE_OR_CLOSURE_REVIEW,"Review for rejected ledger, duplicate merge, or closure/status note.","Status/action fields contain duplicate, wrong-state, closure, malformed, or do-not-import language.",official campground candidate,official_proof_followup,Modern Campgrounds,no,High
mn-lead-flandrau-state-park-rustic-campground,MN,Flandrau State Park Rustic Campground,ORDINARY_CAMPGROUND_COORDINATE_RESCUE,Run practical address-to-map rescue; entrance/campground-area coordinate can be acceptable with honest popup.,Looks like ordinary campground/operator/city/county record held mainly for coordinate/source cleanup.,official rustic campground candidate,official_proof_followup,Rustic / Primitive,no,High
mn-lead-minneopa-state-park-campground-layer-check,MN,Minneopa State Park Campground,ORDINARY_CAMPGROUND_COORDINATE_RESCUE,Run practical address-to-map rescue; entrance/campground-area coordinate can be acceptable with honest popup.,Looks like ordinary campground/operator/city/county record held mainly for coordinate/source cleanup.,"official campground, layer/source check needed",official_proof_followup,Modern Campgrounds / Needs Verification,no,High
mn-lead-kilen-woods-state-park-campground,MN,Kilen Woods State Park Main Campground,ORDINARY_CAMPGROUND_COORDINATE_RESCUE,Run practical address-to-map rescue; entrance/campground-area coordinate can be acceptable with honest popup.,Looks like ordinary campground/operator/city/county record held mainly for coordinate/source cleanup.,official campground candidate,official_proof_followup,Modern Campgrounds,no,High
mn-lead-kilen-woods-walk-in-sites,MN,Kilen Woods State Park Walk-in Campsites,TRUE_LEAD_RESEARCH_OR_EXTERNAL,Keep as lead until proof/geometry/status is resolved.,"Still has a proof, geometry, legality, duplicate, or current-status blocker.",official walk-in campsite candidate,official_proof_followup,Boat / Backpack,no,High
mn-lead-kilen-woods-des-moines-river-canoe-campsite,MN,Kilen Woods Canoe Rest Area / Campsite,TRUE_LEAD_RESEARCH_OR_EXTERNAL,Keep as lead until proof/geometry/status is resolved.,"Still has a proof, geometry, legality, duplicate, or current-status blocker.",official canoe/water-access campsite candidate,official_proof_followup,Boat / Backpack,no,High
mn-lead-sakatah-lake-state-park-campground,MN,Sakatah Lake State Park Campground,AREA_RULE_COMMUNITY_OR_OVERLAY_CANDIDATE,Evaluate as area/rule/community marker or overlay candidate; do not force exact campground coordinates.,"Looks like rule-area, boondocking, community, WMA/forest, permit, GIS, or overlay work.",official campground candidate,official_proof_followup,Modern Campgrounds,no,High
mn-lead-sakatah-lake-bike-in-campsites,MN,Sakatah Lake State Park Bike-in Campsites,TRUE_LEAD_RESEARCH_OR_EXTERNAL,Keep as lead until proof/geometry/status is resolved.,"Still has a proof, geometry, legality, duplicate, or current-status blocker.",official bike-in campsite candidate,official_proof_followup,Boat / Backpack,no,High
mn-lead-fort-ridgely-state-park-campground-boundary-check,MN,Fort Ridgely State Park Campgrounds,AREA_RULE_COMMUNITY_OR_OVERLAY_CANDIDATE,Evaluate as area/rule/community marker or overlay candidate; do not force exact campground coordinates.,"Looks like rule-area, boondocking, community, WMA/forest, permit, GIS, or overlay work.",official campground but county-lock boundary check needed,official_proof_followup,Modern Campgrounds + Rustic / Primitive + Boat / Backpack,no,High
mn-lead-lincoln-norwegian-creek-county-park,MN,Norwegian Creek County Park Campground,REJECT_DUPLICATE_OR_CLOSURE_REVIEW,"Review for rejected ledger, duplicate merge, or closure/status note.","Status/action fields contain duplicate, wrong-state, closure, malformed, or do-not-import language.",official county campground candidate,official_proof_followup,Modern Campgrounds,no,High
mn-lead-lincoln-hole-in-the-mountain-county-park,MN,Hole-in-the-Mountain County Park Campgrounds,REJECT_DUPLICATE_OR_CLOSURE_REVIEW,"Review for rejected ledger, duplicate merge, or closure/status note.","Status/action fields contain duplicate, wrong-state, closure, malformed, or do-not-import language.",official county campground candidate,official_proof_followup,Modern Campgrounds / Rustic / Primitive split possible,no,High
mn-lead-lincoln-picnic-point-county-park-coordinate-rescue,MN,Picnic Point County Park Campground,ORDINARY_CAMPGROUND_COORDINATE_RESCUE,Run practical address-to-map rescue; entrance/campground-area coordinate can be acceptable with honest popup.,Looks like ordinary campground/operator/city/county record held mainly for coordinate/source cleanup.,coordinate_rescue,coordinate_rescue,Modern Campgrounds,no,High
mn-lead-lyon-garvin-county-park-campground,MN,Garvin County Park Campground,ORDINARY_CAMPGROUND_COORDINATE_RESCUE,Run practical address-to-map rescue; entrance/campground-area coordinate can be acceptable with honest popup.,Looks like ordinary campground/operator/city/county record held mainly for coordinate/source cleanup.,official county campground candidate,official_proof_followup,Rustic / Primitive / Modern needs amenity check,no,High
mn-lead-lyon-twin-lakes-county-park-campground,MN,Twin Lakes County Park Campground,ORDINARY_CAMPGROUND_COORDINATE_RESCUE,Run practical address-to-map rescue; entrance/campground-area coordinate can be acceptable with honest popup.,Looks like ordinary campground/operator/city/county record held mainly for coordinate/source cleanup.,official county campground candidate,official_proof_followup,Rustic / Primitive / Modern needs amenity check,no,High
mn-lead-brown-lake-hanska-county-park-campground,MN,Lake Hanska County Park Campground,REJECT_DUPLICATE_OR_CLOSURE_REVIEW,"Review for rejected ledger, duplicate merge, or closure/status note.","Status/action fields contain duplicate, wrong-state, closure, malformed, or do-not-import language.",official county campground candidate,official_proof_followup,Modern Campgrounds,no,High
mn-lead-murray-lake-sarah-county-park-campground,MN,Lake Sarah County Park Campground,REJECT_DUPLICATE_OR_CLOSURE_REVIEW,"Review for rejected ledger, duplicate merge, or closure/status note.","Status/action fields contain duplicate, wrong-state, closure, malformed, or do-not-import language.",official county campground candidate,official_proof_followup,Rustic / Primitive,no,High
mn-lead-murray-seven-mile-lake-park-campground,MN,Seven Mile Lake Park Campground,ORDINARY_CAMPGROUND_COORDINATE_RESCUE,Run practical address-to-map rescue; entrance/campground-area coordinate can be acceptable with honest popup.,Looks like ordinary campground/operator/city/county record held mainly for coordinate/source cleanup.,official county campground candidate,official_proof_followup,Rustic / Primitive,no,High
mn-lead-murray-lime-lake-park-campground-coordinate-rescue,MN,Lime Lake Park Campground,ORDINARY_CAMPGROUND_COORDINATE_RESCUE,Run practical address-to-map rescue; entrance/campground-area coordinate can be acceptable with honest popup.,Looks like ordinary campground/operator/city/county record held mainly for coordinate/source cleanup.,coordinate_rescue,coordinate_rescue,Rustic / Primitive,no,High
mn-lead-blue-earth-daly-park-campground,MN,Daly Park & Campground,ORDINARY_CAMPGROUND_COORDINATE_RESCUE,Run practical address-to-map rescue; entrance/campground-area coordinate can be acceptable with honest popup.,Looks like ordinary campground/operator/city/county record held mainly for coordinate/source cleanup.,official county campground candidate,official_proof_followup,Modern Campgrounds,no,High
mn-lead-blue-earth-bray-park-campground,MN,Bray Park Campground,REJECT_DUPLICATE_OR_CLOSURE_REVIEW,"Review for rejected ledger, duplicate merge, or closure/status note.","Status/action fields contain duplicate, wrong-state, closure, malformed, or do-not-import language.",official county campground candidate,official_proof_followup,Modern Campgrounds / Needs amenity confirmation,no,High
mn-lead-mankato-land-of-memories-campground,MN,Land of Memories Campground,REJECT_DUPLICATE_OR_CLOSURE_REVIEW,"Review for rejected ledger, duplicate merge, or closure/status note.","Status/action fields contain duplicate, wrong-state, closure, malformed, or do-not-import language.",official city campground candidate,official_proof_followup,Modern Campgrounds / Rustic label in operator copy,no,High
mn-lead-martin-perch-lake-park-campground,MN,Perch Lake Park Campground,REJECT_DUPLICATE_OR_CLOSURE_REVIEW,"Review for rejected ledger, duplicate merge, or closure/status note.","Status/action fields contain duplicate, wrong-state, closure, malformed, or do-not-import language.",official county campground candidate,official_proof_followup,Modern Campgrounds + Rustic / Primitive split possible,no,High
mn-lead-martin-cedar-hanson-park-campground,MN,Cedar/Hanson Park Campground,REJECT_DUPLICATE_OR_CLOSURE_REVIEW,"Review for rejected ledger, duplicate merge, or closure/status note.","Status/action fields contain duplicate, wrong-state, closure, malformed, or do-not-import language.",official county campground candidate,official_proof_followup,Modern Campgrounds + Rustic / Primitive split possible,no,High
mn-lead-madelia-watona-park-campground,MN,Madelia Campground at Watona Park,REJECT_DUPLICATE_OR_CLOSURE_REVIEW,"Review for rejected ledger, duplicate merge, or closure/status note.","Status/action fields contain duplicate, wrong-state, closure, malformed, or do-not-import language.",official city campground candidate,official_proof_followup,Modern Campgrounds,no,High
mn-lead-watonwan-eagle-nest-park-campground,MN,Eagle Nest Park Campground,REJECT_DUPLICATE_OR_CLOSURE_REVIEW,"Review for rejected ledger, duplicate merge, or closure/status note.","Status/action fields contain duplicate, wrong-state, closure, malformed, or do-not-import language.",official county campground candidate,official_proof_followup,Modern Campgrounds / Rustic small public campground,no,High
mn-lead-st-james-tiell-park-campground,MN,Tiell Park Campground,REJECT_DUPLICATE_OR_CLOSURE_REVIEW,"Review for rejected ledger, duplicate merge, or closure/status note.","Status/action fields contain duplicate, wrong-state, closure, malformed, or do-not-import language.",official city campground candidate,official_proof_followup,Modern Campgrounds,no,High
mn-lead-worthington-olson-park-campground,MN,Olson Park and Campground,REJECT_DUPLICATE_OR_CLOSURE_REVIEW,"Review for rejected ledger, duplicate merge, or closure/status note.","Status/action fields contain duplicate, wrong-state, closure, malformed, or do-not-import language.",official municipal campground candidate,official_proof_followup,Modern Campgrounds,no,High
mn-lead-jackson-county-campgrounds-system,MN,"Jackson County Park Campgrounds — Anderson, Brown, Brown South, Robertson, Sandy Point",ORDINARY_CAMPGROUND_COORDINATE_RESCUE,Run practical address-to-map rescue; entrance/campground-area coordinate can be acceptable with honest popup.,Looks like ordinary campground/operator/city/county record held mainly for coordinate/source cleanup.,official county campground system candidate,official_proof_followup,Modern Campgrounds / Rustic depending park,no,High
mn-lead-sibley-clear-lake-park-overnight-camping,MN,Clear Lake Park Overnight Camping,AREA_RULE_COMMUNITY_OR_OVERLAY_CANDIDATE,Evaluate as area/rule/community marker or overlay candidate; do not force exact campground coordinates.,"Looks like rule-area, boondocking, community, WMA/forest, permit, GIS, or overlay work.",official county permission camping candidate,official_proof_followup,Rustic / Primitive,no,High
mn-lead-sibley-high-island-creek-park-overnight-camping,MN,High Island Creek Park Overnight Camping,REJECT_DUPLICATE_OR_CLOSURE_REVIEW,"Review for rejected ledger, duplicate merge, or closure/status note.","Status/action fields contain duplicate, wrong-state, closure, malformed, or do-not-import language.",official county permission camping candidate,official_proof_followup,Rustic / Primitive,no,High
mn-lead-sibley-rush-river-park-overnight-camping,MN,Rush River Park Overnight Camping,REJECT_DUPLICATE_OR_CLOSURE_REVIEW,"Review for rejected ledger, duplicate merge, or closure/status note.","Status/action fields contain duplicate, wrong-state, closure, malformed, or do-not-import language.",official county permission camping candidate,official_proof_followup,Rustic / Primitive,no,High
mn-lead-faribault-pihls-park-campground-official-proof,MN,Pihl’s Park / Faribault County Park,REJECT_DUPLICATE_OR_CLOSURE_REVIEW,"Review for rejected ledger, duplicate merge, or closure/status note.","Status/action fields contain duplicate, wrong-state, closure, malformed, or do-not-import language.",official-proof-needed / coordinate_rescue,coordinate_rescue,Modern Campgrounds / Rustic,no,High
mn-lead-fairgrounds-public-camping-proof-needed,MN,Southwest MN Fairgrounds Public Camping Sweep,TRUE_LEAD_RESEARCH_OR_EXTERNAL,Keep as lead until proof/geometry/status is resolved.,"Still has a proof, geometry, legality, duplicate, or current-status blocker.",agency_contact_needed,official_proof_followup,Needs Verification,no,Medium
mn-lead-cut-foot-horse-camp-coordinate-rescue,MN,Cut Foot Horse Camp,ORDINARY_CAMPGROUND_COORDINATE_RESCUE,Run practical address-to-map rescue; entrance/campground-area coordinate can be acceptable with honest popup.,Looks like ordinary campground/operator/city/county record held mainly for coordinate/source cleanup.,coordinate_rescue,coordinate_rescue,Rustic / Primitive,no,High
mn-lead-mantrap-lake-campground-geopdf-coordinate-rescue,MN,Mantrap Lake Campground,ORDINARY_CAMPGROUND_COORDINATE_RESCUE,Run practical address-to-map rescue; entrance/campground-area coordinate can be acceptable with honest popup.,Looks like ordinary campground/operator/city/county record held mainly for coordinate/source cleanup.,official_geopdf_coordinate_extraction_needed,coordinate_rescue,Rustic / Primitive,no,High
mn-lead-gulch-lake-campground-geopdf-coordinate-rescue,MN,Gulch Lake Campground and Group Site,ORDINARY_CAMPGROUND_COORDINATE_RESCUE,Run practical address-to-map rescue; entrance/campground-area coordinate can be acceptable with honest popup.,Looks like ordinary campground/operator/city/county record held mainly for coordinate/source cleanup.,official_geopdf_coordinate_extraction_needed,coordinate_rescue,Rustic / Primitive,no,High
mn-lead-paul-bunyan-badoura-state-forest-dispersed-rule-area,MN,Paul Bunyan / Badoura State Forest dispersed camping rule-area geometry,AREA_RULE_COMMUNITY_OR_OVERLAY_CANDIDATE,Evaluate as area/rule/community marker or overlay candidate; do not force exact campground coordinates.,"Looks like rule-area, boondocking, community, WMA/forest, permit, GIS, or overlay work.",area_outline_followup,gis_extraction / area_outline_followup,Boondocking / Dispersed,no,Medium
mn-lead-clint-converse-campground-geopdf-coordinate-rescue,MN,Clint Converse Campground,ORDINARY_CAMPGROUND_COORDINATE_RESCUE,Run practical address-to-map rescue; entrance/campground-area coordinate can be acceptable with honest popup.,Looks like ordinary campground/operator/city/county record held mainly for coordinate/source cleanup.,official_geopdf_coordinate_extraction_needed,coordinate_rescue,Rustic / Primitive,no,High
mn-lead-white-oak-baker-lakes-dispersed-sites-coordinate-rescue,MN,White Oak and Baker Lakes official dispersed campsites,AREA_RULE_COMMUNITY_OR_OVERLAY_CANDIDATE,Evaluate as area/rule/community marker or overlay candidate; do not force exact campground coordinates.,"Looks like rule-area, boondocking, community, WMA/forest, permit, GIS, or overlay work.",official_geopdf_coordinate_extraction_needed,coordinate_rescue,Boondocking / Dispersed,no,High
mn-lead-land-o-lakes-emily-state-forest-dispersed-rule-area,MN,Land O'Lakes / Emily State Forest dispersed camping rule-area geometry,AREA_RULE_COMMUNITY_OR_OVERLAY_CANDIDATE,Evaluate as area/rule/community marker or overlay candidate; do not force exact campground coordinates.,"Looks like rule-area, boondocking, community, WMA/forest, permit, GIS, or overlay work.",area_outline_followup,gis_extraction / area_outline_followup,Boondocking / Dispersed,no,Medium
mn-lead-rock-lake-campground-geopdf-coordinate-rescue,MN,Rock Lake Campground,ORDINARY_CAMPGROUND_COORDINATE_RESCUE,Run practical address-to-map rescue; entrance/campground-area coordinate can be acceptable with honest popup.,Looks like ordinary campground/operator/city/county record held mainly for coordinate/source cleanup.,official_geopdf_coordinate_extraction_needed,coordinate_rescue,Rustic / Primitive,no,High
mn-lead-walter-stark-horse-camp-geopdf-coordinate-rescue,MN,Walter E. Stark Horse Assembly Area and Campground,ORDINARY_CAMPGROUND_COORDINATE_RESCUE,Run practical address-to-map rescue; entrance/campground-area coordinate can be acceptable with honest popup.,Looks like ordinary campground/operator/city/county record held mainly for coordinate/source cleanup.,official_geopdf_coordinate_extraction_needed,coordinate_rescue,Rustic / Primitive,no,High
mn-lead-pillsbury-state-forest-dispersed-rule-area,MN,Pillsbury State Forest dispersed camping rule-area geometry,AREA_RULE_COMMUNITY_OR_OVERLAY_CANDIDATE,Evaluate as area/rule/community marker or overlay candidate; do not force exact campground coordinates.,"Looks like rule-area, boondocking, community, WMA/forest, permit, GIS, or overlay work.",area_outline_followup,gis_extraction / area_outline_followup,Boondocking / Dispersed,no,High
mn-lead-huntersville-landing-campground-geopdf-coordinate-rescue,MN,Huntersville Landing Campground,ORDINARY_CAMPGROUND_COORDINATE_RESCUE,Run practical address-to-map rescue; entrance/campground-area coordinate can be acceptable with honest popup.,Looks like ordinary campground/operator/city/county record held mainly for coordinate/source cleanup.,official_geopdf_coordinate_extraction_needed,coordinate_rescue,Rustic / Primitive,no,High
mn-lead-shell-city-landing-campground-geopdf-coordinate-rescue,MN,Shell City Landing Campground,ORDINARY_CAMPGROUND_COORDINATE_RESCUE,Run practical address-to-map rescue; entrance/campground-area coordinate can be acceptable with honest popup.,Looks like ordinary campground/operator/city/county record held mainly for coordinate/source cleanup.,official_geopdf_coordinate_extraction_needed,coordinate_rescue,Rustic / Primitive,no,High
mn-lead-shell-city-horse-campground-geopdf-coordinate-rescue,MN,Shell City Horse Campground,ORDINARY_CAMPGROUND_COORDINATE_RESCUE,Run practical address-to-map rescue; entrance/campground-area coordinate can be acceptable with honest popup.,Looks like ordinary campground/operator/city/county record held mainly for coordinate/source cleanup.,official_geopdf_coordinate_extraction_needed,coordinate_rescue,Rustic / Primitive,no,High
mn-lead-huntersville-crow-wing-shell-watercraft-campsites,MN,Huntersville / Crow Wing River and Shell River watercraft campsite extraction,TRUE_LEAD_RESEARCH_OR_EXTERNAL,Keep as lead until proof/geometry/status is resolved.,"Still has a proof, geometry, legality, duplicate, or current-status blocker.",official_geopdf_coordinate_extraction_needed,coordinate_rescue,Boat / Backpack,no,High
mn-lead-huntersville-state-forest-dispersed-rule-area,MN,Huntersville State Forest dispersed camping rule-area geometry,AREA_RULE_COMMUNITY_OR_OVERLAY_CANDIDATE,Evaluate as area/rule/community marker or overlay candidate; do not force exact campground coordinates.,"Looks like rule-area, boondocking, community, WMA/forest, permit, GIS, or overlay work.",area_outline_followup,gis_extraction / area_outline_followup,Boondocking / Dispersed,no,Medium
mn-lead-august-lake-backcountry-vehicle-site-split,MN,August Lake backcountry + vehicle/OHV accessible sites,AREA_RULE_COMMUNITY_OR_OVERLAY_CANDIDATE,Evaluate as area/rule/community marker or overlay candidate; do not force exact campground coordinates.,"Looks like rule-area, boondocking, community, WMA/forest, permit, GIS, or overlay work.",gis_extraction_needed / split_layer_needed,gis_extraction / area_outline_followup,Boat / Backpack + Rustic / Primitive split needed,no,High
mn-lead-superior-nf-non-bwca-dispersed-area-geometry,MN,Superior National Forest non-BWCA dispersed camping area geometry,AREA_RULE_COMMUNITY_OR_OVERLAY_CANDIDATE,Evaluate as area/rule/community marker or overlay candidate; do not force exact campground coordinates.,"Looks like rule-area, boondocking, community, WMA/forest, permit, GIS, or overlay work.",area_outline_followup / gis_extraction_needed,gis_extraction / area_outline_followup,Boondocking / Dispersed,no,High
mn-lead-superior-nf-backcountry-exact-site-extraction,MN,Superior NF backcountry campsite exact-site extraction,AREA_RULE_COMMUNITY_OR_OVERLAY_CANDIDATE,Evaluate as area/rule/community marker or overlay candidate; do not force exact campground coordinates.,"Looks like rule-area, boondocking, community, WMA/forest, permit, GIS, or overlay work.",gis_extraction_needed,gis_extraction / area_outline_followup,Boat / Backpack,no,High
mn-lead-voyageurs-np-exact-campsite-extraction,MN,Voyageurs National Park frontcountry/backcountry/primitive campsite exact-site extraction,TRUE_LEAD_RESEARCH_OR_EXTERNAL,Keep as lead until proof/geometry/status is resolved.,"Still has a proof, geometry, legality, duplicate, or current-status blocker.",gis_extraction_needed / coordinate_rescue,coordinate_rescue,Boat / Backpack,no,High
mn-lead-northeast-state-forest-dispersed-geometry,MN,Northeast MN state forest dispersed-camping geometry / exclusion overlay,AREA_RULE_COMMUNITY_OR_OVERLAY_CANDIDATE,Evaluate as area/rule/community marker or overlay candidate; do not force exact campground coordinates.,"Looks like rule-area, boondocking, community, WMA/forest, permit, GIS, or overlay work.",area_outline_followup / gis_extraction_needed,gis_extraction / area_outline_followup,Boondocking / Dispersed,no,High
mn-lead-correction-jay-cooke-duplicate-source-layer-cleanup,MN,Jay Cooke State Park / Jay Cooke State Park Campground duplicate-source cleanup,REJECT_DUPLICATE_OR_CLOSURE_REVIEW,"Review for rejected ledger, duplicate merge, or closure/status note.","Status/action fields contain duplicate, wrong-state, closure, malformed, or do-not-import language.",duplicate_cleanup / source_enrichment_needed,official_proof_followup,"Modern Campgrounds likely, but verify via official DNR page/reservation source",no,High
mn-lead-falls-stay-n-play-private-rv-park-coordinate-rescue,MN,Falls Stay N Play Campground,ORDINARY_CAMPGROUND_COORDINATE_RESCUE,Run practical address-to-map rescue; entrance/campground-area coordinate can be acceptable with honest popup.,Looks like ordinary campground/operator/city/county record held mainly for coordinate/source cleanup.,operator_proof_coordinate_rescue,coordinate_or_promotion_rescue,Private Campgrounds,no,High
mn-lead-unlogged-rv-park-thief-river-falls-name-conflict,MN,Unlogged RV Park / Thief River Falls RV naming conflict,ORDINARY_CAMPGROUND_COORDINATE_RESCUE,Run practical address-to-map rescue; entrance/campground-area coordinate can be acceptable with honest popup.,Looks like ordinary campground/operator/city/county record held mainly for coordinate/source cleanup.,name_conflict_public_availability_unclear,verification,Needs Verification,no,Medium
mn-lead-heiberg-park-west-camping-coordinate-rescue,MN,Heiberg Park West Camping,ORDINARY_CAMPGROUND_COORDINATE_RESCUE,Run practical address-to-map rescue; entrance/campground-area coordinate can be acceptable with honest popup.,Looks like ordinary campground/operator/city/county record held mainly for coordinate/source cleanup.,existing_combined_lead_split_coordinate_rescue,coordinate_or_promotion_rescue,Rustic / Primitive,no,High
mn-lead-hallock-horseshoe-park-campground-coordinate-rescue,MN,Horseshoe Park Campground,ORDINARY_CAMPGROUND_COORDINATE_RESCUE,Run practical address-to-map rescue; entrance/campground-area coordinate can be acceptable with honest popup.,Looks like ordinary campground/operator/city/county record held mainly for coordinate/source cleanup.,obvious_miss_coordinate_layer_rescue,coordinate_or_promotion_rescue,Needs Verification,no,High
mn-lead-lancaster-city-park-campground-coordinate-rescue,MN,Lancaster City Park Campground,ORDINARY_CAMPGROUND_COORDINATE_RESCUE,Run practical address-to-map rescue; entrance/campground-area coordinate can be acceptable with honest popup.,Looks like ordinary campground/operator/city/county record held mainly for coordinate/source cleanup.,obvious_miss_coordinate_layer_rescue,coordinate_or_promotion_rescue,Needs Verification,no,High
mn-lead-newfolden-city-park-campground-coordinate-rescue,MN,Newfolden City Park Campground,ORDINARY_CAMPGROUND_COORDINATE_RESCUE,Run practical address-to-map rescue; entrance/campground-area coordinate can be acceptable with honest popup.,Looks like ordinary campground/operator/city/county record held mainly for coordinate/source cleanup.,obvious_miss_coordinate_rescue,coordinate_or_promotion_rescue,Rustic / Primitive,no,High
mn-lead-greenbush-legion-park-campground-coordinate-rescue,MN,Legion Park Campground,ORDINARY_CAMPGROUND_COORDINATE_RESCUE,Run practical address-to-map rescue; entrance/campground-area coordinate can be acceptable with honest popup.,Looks like ordinary campground/operator/city/county record held mainly for coordinate/source cleanup.,obvious_miss_coordinate_rescue,coordinate_or_promotion_rescue,Modern Campgrounds,no,High
mn-lead-old-crossing-treaty-park-primitive-camping-coordinate-rescue,MN,Old Crossing Treaty Park Primitive Camping,ORDINARY_CAMPGROUND_COORDINATE_RESCUE,Run practical address-to-map rescue; entrance/campground-area coordinate can be acceptable with honest popup.,Looks like ordinary campground/operator/city/county record held mainly for coordinate/source cleanup.,obvious_miss_coordinate_rescue,coordinate_or_promotion_rescue,Rustic / Primitive,no,High
mn-lead-voyageurs-view-campground-coordinate-rescue,MN,Voyageur’s View Campground,ORDINARY_CAMPGROUND_COORDINATE_RESCUE,Run practical address-to-map rescue; entrance/campground-area coordinate can be acceptable with honest popup.,Looks like ordinary campground/operator/city/county record held mainly for coordinate/source cleanup.,obvious_miss_private_coordinate_rescue,coordinate_or_promotion_rescue,Private Campgrounds,no,High
mn-lead-red-river-sra-main-campground-coordinate-rescue,MN,Red River State Recreation Area Main Campground,ORDINARY_CAMPGROUND_COORDINATE_RESCUE,Run practical address-to-map rescue; entrance/campground-area coordinate can be acceptable with honest popup.,Looks like ordinary campground/operator/city/county record held mainly for coordinate/source cleanup.,existing_lead_coordinate_rescue,area_geometry_or_coordinate_rescue,Modern Campgrounds,no,High
mn-lead-polk-county-park-maple-lake-campground-coordinate-rescue,MN,Polk County Park / Maple Lake Campground,ORDINARY_CAMPGROUND_COORDINATE_RESCUE,Run practical address-to-map rescue; entrance/campground-area coordinate can be acceptable with honest popup.,Looks like ordinary campground/operator/city/county record held mainly for coordinate/source cleanup.,obvious_miss_coordinate_rescue,coordinate_or_promotion_rescue,Modern Campgrounds,no,High
mn-lead-cross-lake-tilberg-county-park-campground-coordinate-rescue,MN,Cross Lake–Tilberg County Park Campground,ORDINARY_CAMPGROUND_COORDINATE_RESCUE,Run practical address-to-map rescue; entrance/campground-area coordinate can be acceptable with honest popup.,Looks like ordinary campground/operator/city/county record held mainly for coordinate/source cleanup.,obvious_miss_coordinate_rescue,coordinate_or_promotion_rescue,Rustic / Primitive,no,High
mn-lead-fertile-municipal-camping-system-coordinate-rescue,MN,Fertile municipal camping system / Sand Hills area,TRUE_LEAD_RESEARCH_OR_EXTERNAL,Keep as lead until proof/geometry/status is resolved.,"Still has a proof, geometry, legality, duplicate, or current-status blocker.",obvious_miss_system_coordinate_rescue,area_geometry_or_coordinate_rescue,Needs Verification,no,High
mn-lead-cross-lake-campground-seasonal-private-public-access-check,MN,Cross Lake Campground,ORDINARY_CAMPGROUND_COORDINATE_RESCUE,Run practical address-to-map rescue; entrance/campground-area coordinate can be acceptable with honest popup.,Looks like ordinary campground/operator/city/county record held mainly for coordinate/source cleanup.,seasonal_public_access_unclear,verification,Private Campgrounds,no,Medium
mn-lead-maple-lake-resort-ranch-seasonal-rv-public-access-check,MN,Maple Lake Resort / Ranch seasonal RV campground,ORDINARY_CAMPGROUND_COORDINATE_RESCUE,Run practical address-to-map rescue; entrance/campground-area coordinate can be acceptable with honest popup.,Looks like ordinary campground/operator/city/county record held mainly for coordinate/source cleanup.,seasonal_public_access_unclear,verification,Needs Verification,no,Medium
mn-lead-halstad-temporary-rv-campground-public-status-check,MN,Halstad Temporary RV Campground,ORDINARY_CAMPGROUND_COORDINATE_RESCUE,Run practical address-to-map rescue; entrance/campground-area coordinate can be acceptable with honest popup.,Looks like ordinary campground/operator/city/county record held mainly for coordinate/source cleanup.,temporary_campground_public_status_unclear,verification,Needs Verification,no,High
mn-lead-norman-county-fairgrounds-camping-public-non-event-check,MN,Norman County Fairgrounds / Raceway Camping,REJECT_DUPLICATE_OR_CLOSURE_REVIEW,"Review for rejected ledger, duplicate merge, or closure/status note.","Status/action fields contain duplicate, wrong-state, closure, malformed, or do-not-import language.",event_public_non_event_unclear,verification,Needs Verification,no,High
mn-lead-birch-ridge-rv-campground-duplicate-watch-coordinate-rescue,MN,Birch Ridge RV Campground,REJECT_DUPLICATE_OR_CLOSURE_REVIEW,"Review for rejected ledger, duplicate merge, or closure/status note.","Status/action fields contain duplicate, wrong-state, closure, malformed, or do-not-import language.",private_operator_duplicate_watch_coordinate_rescue,coordinate_or_promotion_rescue,Private Campgrounds,no,High
mn-lead-bestes-sandy-pines-campground-coordinate-rescue,MN,Beste’s Sandy Pines Campground,REJECT_DUPLICATE_OR_CLOSURE_REVIEW,"Review for rejected ledger, duplicate merge, or closure/status note.","Status/action fields contain duplicate, wrong-state, closure, malformed, or do-not-import language.",private_operator_coordinate_rescue,coordinate_or_promotion_rescue,Private Campgrounds,no,High
mn-lead-warroad-estates-seasonal-rv-park-public-access-check,MN,Warroad Estates RV Park,PROMOTION_STATUS_CHECK_CANDIDATE,Quick source/status check; promote if public overnight use and coordinate are defensible as campground/entrance/area marker.,Ordinary campground/operator lead with a coordinate; likely held for semantics or status wording.,seasonal_public_access_unclear,verification,Needs Verification,yes,Medium
mn-lead-hawk-tavern-rv-hookups-coordinate-rescue,MN,The Hawk Tavern & Campground / RV Hookups,ORDINARY_CAMPGROUND_COORDINATE_RESCUE,Run practical address-to-map rescue; entrance/campground-area coordinate can be acceptable with honest popup.,Looks like ordinary campground/operator/city/county record held mainly for coordinate/source cleanup.,private_operator_coordinate_access_rescue,coordinate_or_promotion_rescue,Private Campgrounds,no,High
mn-lead-roseau-rv-park-americinn-coordinate-rescue,MN,Roseau RV Park / AmericInn RV Park,ORDINARY_CAMPGROUND_COORDINATE_RESCUE,Run practical address-to-map rescue; entrance/campground-area coordinate can be acceptable with honest popup.,Looks like ordinary campground/operator/city/county record held mainly for coordinate/source cleanup.,private_operator_coordinate_rescue,coordinate_or_promotion_rescue,Private Campgrounds,no,High
mn-lead-mn-bulldog-w2-zippel-bay-group-camp-coordinate-rescue,MN,Zippel Bay State Park Group Camp,ORDINARY_CAMPGROUND_COORDINATE_RESCUE,Run practical address-to-map rescue; entrance/campground-area coordinate can be acceptable with honest popup.,Looks like ordinary campground/operator/city/county record held mainly for coordinate/source cleanup.,Official camping component likely; coordinate rescue needed,coordinate_or_promotion_rescue,Modern Campgrounds,no,High
mn-lead-mn-bulldog-w2-ballards-resort-rv-campground-proof-check,MN,Ballard’s Resort RV/campground proof check,REJECT_DUPLICATE_OR_CLOSURE_REVIEW,"Review for rejected ledger, duplicate merge, or closure/status note.","Status/action fields contain duplicate, wrong-state, closure, malformed, or do-not-import language.",Resort official proof found; RV/campground proof not found on accessible operator page,verification,Private Campgrounds,no,Medium
mn-lead-mn-bulldog-w2-long-point-resort-rv-campground-proof-check,MN,Long Point Resort RV/campground proof check,ORDINARY_CAMPGROUND_COORDINATE_RESCUE,Run practical address-to-map rescue; entrance/campground-area coordinate can be acceptable with honest popup.,Looks like ordinary campground/operator/city/county record held mainly for coordinate/source cleanup.,Resort official proof found; campground/RV proof not found on accessible operator page,verification,Private Campgrounds,no,Medium
mn-lead-mn-bulldog-w2-sportsmans-lodge-camping-proof-check,MN,Sportsman’s Lodge camping/RV proof check,ORDINARY_CAMPGROUND_COORDINATE_RESCUE,Run practical address-to-map rescue; entrance/campground-area coordinate can be acceptable with honest popup.,Looks like ordinary campground/operator/city/county record held mainly for coordinate/source cleanup.,"Operator site mentions camping, but details/coordinate need extraction",coordinate_or_promotion_rescue,Private Campgrounds,no,High
mn-lead-mn-bulldog-w2-voyageurs-np-exact-campsite-extraction-status,MN,Voyageurs National Park frontcountry/backcountry/primitive campsites,TRUE_LEAD_RESEARCH_OR_EXTERNAL,Keep as lead until proof/geometry/status is resolved.,"Still has a proof, geometry, legality, duplicate, or current-status blocker.",Official NPS system exists; exact campsite extraction is separate project lead,coordinate_or_promotion_rescue,Boat / Backpack,no,High
mn-lead-mn-bulldog-w2-voyageurs-houseboat-sites-extraction,MN,Voyageurs National Park houseboat sites,AREA_RULE_COMMUNITY_OR_OVERLAY_CANDIDATE,Evaluate as area/rule/community marker or overlay candidate; do not force exact campground coordinates.,"Looks like rule-area, boondocking, community, WMA/forest, permit, GIS, or overlay work.",Official NPS houseboat site system; exact site extraction needed,area_geometry_or_coordinate_rescue,Boat / Backpack,no,High
mn-lead-mn-bulldog-w2-itasca-state-park-campground-components-coordinate-rescue,MN,Itasca State Park backpack / cart-in / group / remaining camping components,REJECT_DUPLICATE_OR_CLOSURE_REVIEW,"Review for rejected ledger, duplicate merge, or closure/status note.","Status/action fields contain duplicate, wrong-state, closure, malformed, or do-not-import language.",remaining_component_coordinate_extraction_after_bear_paw_pine_ridge_active,coordinate_or_promotion_rescue,Boat / Backpack / Rustic / Primitive split pending,no,High
mn-lead-roholt-camp-park-mcintosh-coordinate-rescue,MN,Roholt Camp and Park / McIntosh Roholt Park,ORDINARY_CAMPGROUND_COORDINATE_RESCUE,Run practical address-to-map rescue; entrance/campground-area coordinate can be acceptable with honest popup.,Looks like ordinary campground/operator/city/county record held mainly for coordinate/source cleanup.,municipal_operator_proof_coordinate_needed,coordinate_or_promotion_rescue,Rustic / Primitive,no,High
mn-lead-ullands-resort-campgrounds-current-operator-proof,MN,Ulland’s Resort and Campgrounds,REJECT_DUPLICATE_OR_CLOSURE_REVIEW,"Review for rejected ledger, duplicate merge, or closure/status note.","Status/action fields contain duplicate, wrong-state, closure, malformed, or do-not-import language.",current_operator_proof_needed,coordinate_or_promotion_rescue,Private Campgrounds,no,Medium
mn-lead-oak-cove-resort-current-operator-proof,MN,Oak Cove Resort,REJECT_DUPLICATE_OR_CLOSURE_REVIEW,"Review for rejected ledger, duplicate merge, or closure/status note.","Status/action fields contain duplicate, wrong-state, closure, malformed, or do-not-import language.",current_operator_proof_needed,coordinate_or_promotion_rescue,Private Campgrounds,no,Medium
mn-lead-camp-shalom-maple-lake-public-camping-proof,MN,Camp Shalom,REJECT_DUPLICATE_OR_CLOSURE_REVIEW,"Review for rejected ledger, duplicate merge, or closure/status note.","Status/action fields contain duplicate, wrong-state, closure, malformed, or do-not-import language.",public_access_needed,coordinate_or_promotion_rescue,Needs Verification,no,Medium
mn-lead-lakeview-resort-maple-lake-campground-proof,MN,Lakeview Resort Restaurant and Lounge,REJECT_DUPLICATE_OR_CLOSURE_REVIEW,"Review for rejected ledger, duplicate merge, or closure/status note.","Status/action fields contain duplicate, wrong-state, closure, malformed, or do-not-import language.",campground_status_needed,coordinate_or_promotion_rescue,Private Campgrounds,no,Medium
mn-lead-mn-becker-white-earth-state-forest-dispersed-area-geometry-lead,MN,White Earth State Forest Dispersed Camping Area,AREA_RULE_COMMUNITY_OR_OVERLAY_CANDIDATE,Evaluate as area/rule/community marker or overlay candidate; do not force exact campground coordinates.,"Looks like rule-area, boondocking, community, WMA/forest, permit, GIS, or overlay work.",Research Needed,area_geometry_or_coordinate_rescue,Boondocking / Dispersed,no,High
mn-lead-mn-becker-smoky-hills-state-forest-dispersed-area-geometry-lead,MN,Smoky Hills State Forest Dispersed Camping Area,AREA_RULE_COMMUNITY_OR_OVERLAY_CANDIDATE,Evaluate as area/rule/community marker or overlay candidate; do not force exact campground coordinates.,"Looks like rule-area, boondocking, community, WMA/forest, permit, GIS, or overlay work.",Research Needed,area_geometry_or_coordinate_rescue,Boondocking / Dispersed,no,High
mn-lead-mn-becker-two-inlets-state-forest-dispersed-area-geometry-lead,MN,Two Inlets State Forest Dispersed Camping Area,AREA_RULE_COMMUNITY_OR_OVERLAY_CANDIDATE,Evaluate as area/rule/community marker or overlay candidate; do not force exact campground coordinates.,"Looks like rule-area, boondocking, community, WMA/forest, permit, GIS, or overlay work.",Research Needed,area_geometry_or_coordinate_rescue,Boondocking / Dispersed,no,High
mn-lead-mn-becker-forest-hills-rv-golf-resort-public-access-check,MN,Forest Hills RV & Golf Resort,PROMOTION_STATUS_CHECK_CANDIDATE,Quick source/status check; promote if public overnight use and coordinate are defensible as campground/entrance/area marker.,Ordinary campground/operator lead with a coordinate; likely held for semantics or status wording.,Needs Verification,verification,Private Campgrounds,yes,Medium
mn-lead-mn-becker-jack-pines-resort-campground-coordinate-rescue,MN,Jack Pines Resort & Campground,ORDINARY_CAMPGROUND_COORDINATE_RESCUE,Run practical address-to-map rescue; entrance/campground-area coordinate can be acceptable with honest popup.,Looks like ordinary campground/operator/city/county record held mainly for coordinate/source cleanup.,Research Needed,coordinate_or_promotion_rescue,Private Campgrounds,no,Medium
mn-lead-mn-becker-tamarac-resort-seasonal-only-public-access-check,MN,Tamarac Resort & Campground,ORDINARY_CAMPGROUND_COORDINATE_RESCUE,Run practical address-to-map rescue; entrance/campground-area coordinate can be acceptable with honest popup.,Looks like ordinary campground/operator/city/county record held mainly for coordinate/source cleanup.,Needs Verification,verification,Private Campgrounds,no,Medium
mn-lead-mn-becker-sunset-shores-seasonal-rv-sites-public-access-check,MN,Sunset Shores Seasonal RV Sites,ORDINARY_CAMPGROUND_COORDINATE_RESCUE,Run practical address-to-map rescue; entrance/campground-area coordinate can be acceptable with honest popup.,Looks like ordinary campground/operator/city/county record held mainly for coordinate/source cleanup.,Needs Verification,verification,Private Campgrounds,no,Medium
mn-lead-mn-ottertail-eagle-stone-campground-coordinate-rescue,MN,Eagle Stone Campground,ORDINARY_CAMPGROUND_COORDINATE_RESCUE,Run practical address-to-map rescue; entrance/campground-area coordinate can be acceptable with honest popup.,Looks like ordinary campground/operator/city/county record held mainly for coordinate/source cleanup.,Research Needed,coordinate_or_promotion_rescue,Private Campgrounds,no,Medium
mn-lead-mn-ottertail-homestead-at-ottertail-rv-park-resort-coordinate-rescue,MN,The Homestead at Ottertail RV Park and Resort,ORDINARY_CAMPGROUND_COORDINATE_RESCUE,Run practical address-to-map rescue; entrance/campground-area coordinate can be acceptable with honest popup.,Looks like ordinary campground/operator/city/county record held mainly for coordinate/source cleanup.,Research Needed,coordinate_or_promotion_rescue,Private Campgrounds,no,Medium
mn-lead-mn-ottertail-thumper-pond-resort-rv-park-coordinate-rescue,MN,Thumper Pond Resort RV Park,ORDINARY_CAMPGROUND_COORDINATE_RESCUE,Run practical address-to-map rescue; entrance/campground-area coordinate can be acceptable with honest popup.,Looks like ordinary campground/operator/city/county record held mainly for coordinate/source cleanup.,Research Needed,coordinate_or_promotion_rescue,Private Campgrounds,no,Medium
mn-lead-mn-ottertail-vacationland-resort-campground-coordinate-rescue,MN,Vacationland Resort Campground,ORDINARY_CAMPGROUND_COORDINATE_RESCUE,Run practical address-to-map rescue; entrance/campground-area coordinate can be acceptable with honest popup.,Looks like ordinary campground/operator/city/county record held mainly for coordinate/source cleanup.,Research Needed,coordinate_or_promotion_rescue,Private Campgrounds,no,Medium
mn-lead-mn-ottertail-bladow-beach-resort-campground-coordinate-rescue,MN,Bladow Beach Resort & Campground,ORDINARY_CAMPGROUND_COORDINATE_RESCUE,Run practical address-to-map rescue; entrance/campground-area coordinate can be acceptable with honest popup.,Looks like ordinary campground/operator/city/county record held mainly for coordinate/source cleanup.,Research Needed,coordinate_or_promotion_rescue,Private Campgrounds,no,Medium
mn-lead-glacial-lakes-state-park-horse-backpack-group-coordinate-rescue,MN,Glacial Lakes State Park Horse / Backpack / Group Components,TRUE_LEAD_RESEARCH_OR_EXTERNAL,Keep as lead until proof/geometry/status is resolved.,"Still has a proof, geometry, legality, duplicate, or current-status blocker.",Research Needed,coordinate_or_promotion_rescue,Boat / Backpack,no,High
mn-lead-mn-douglas-chippewa-park-campground-coordinate-rescue,MN,Chippewa Park Campground,ORDINARY_CAMPGROUND_COORDINATE_RESCUE,Run practical address-to-map rescue; entrance/campground-area coordinate can be acceptable with honest popup.,Looks like ordinary campground/operator/city/county record held mainly for coordinate/source cleanup.,Research Needed,coordinate_or_promotion_rescue,Rustic / Primitive,no,High
mn-lead-mn-douglas-brophy-bay-rv-park-seasonal-access-check,MN,Brophy Bay RV Park,PROMOTION_STATUS_CHECK_CANDIDATE,Quick source/status check; promote if public overnight use and coordinate are defensible as campground/entrance/area marker.,Ordinary campground/operator lead with a coordinate; likely held for semantics or status wording.,Needs Verification,verification,Private Campgrounds,yes,Medium
mn-lead-mn-douglas-dons-lakeview-rv-park-coordinate-rescue,MN,Don’s Lakeview RV Park,ORDINARY_CAMPGROUND_COORDINATE_RESCUE,Run practical address-to-map rescue; entrance/campground-area coordinate can be acceptable with honest popup.,Looks like ordinary campground/operator/city/county record held mainly for coordinate/source cleanup.,Research Needed,coordinate_or_promotion_rescue,Private Campgrounds,no,Medium
mn-lead-mn-douglas-scenic-view-rv-campground-coordinate-rescue,MN,Scenic View RV Campground,ORDINARY_CAMPGROUND_COORDINATE_RESCUE,Run practical address-to-map rescue; entrance/campground-area coordinate can be acceptable with honest popup.,Looks like ordinary campground/operator/city/county record held mainly for coordinate/source cleanup.,Research Needed,coordinate_or_promotion_rescue,Private Campgrounds,no,Medium
mn-lead-mn-wilkin-breckenridge-welles-memorial-park-camping-coordinate-rescue,MN,Welles Memorial Park / Breckenridge City Camping,ORDINARY_CAMPGROUND_COORDINATE_RESCUE,Run practical address-to-map rescue; entrance/campground-area coordinate can be acceptable with honest popup.,Looks like ordinary campground/operator/city/county record held mainly for coordinate/source cleanup.,Research Needed,coordinate_or_promotion_rescue,Rustic / Primitive,no,High
mn-lead-mn-becker-eagle-view-campground-private-permanent-access-check,MN,Eagle View Campground,ORDINARY_CAMPGROUND_COORDINATE_RESCUE,Run practical address-to-map rescue; entrance/campground-area coordinate can be acceptable with honest popup.,Looks like ordinary campground/operator/city/county record held mainly for coordinate/source cleanup.,Needs Verification,verification,Private Campgrounds,no,Medium
mn-lead-mn-ottertail-tonys-campground-seasonal-only-check,MN,Tony’s Campground,ORDINARY_CAMPGROUND_COORDINATE_RESCUE,Run practical address-to-map rescue; entrance/campground-area coordinate can be acceptable with honest popup.,Looks like ordinary campground/operator/city/county record held mainly for coordinate/source cleanup.,Needs Verification,verification,Private Campgrounds,no,Medium
mn-lead-mn-becker-swanies-resort-campground-public-access-check,MN,Swanie’s Resort & Campground,ORDINARY_CAMPGROUND_COORDINATE_RESCUE,Run practical address-to-map rescue; entrance/campground-area coordinate can be acceptable with honest popup.,Looks like ordinary campground/operator/city/county record held mainly for coordinate/source cleanup.,Needs Verification,verification,Private Campgrounds,no,Medium
mn-lead-savanna-portage-state-park-drive-in-campground-coordinate-rescue,MN,Savanna Portage State Park drive-in campground,ORDINARY_CAMPGROUND_COORDINATE_RESCUE,Run practical address-to-map rescue; entrance/campground-area coordinate can be acceptable with honest popup.,Looks like ordinary campground/operator/city/county record held mainly for coordinate/source cleanup.,Official campground proof; coordinate rescue needed,coordinate_or_promotion_rescue,Rustic / Primitive,no,High
mn-lead-savanna-portage-backpack-walkin-boat-campsites-extraction,MN,Savanna Portage State Park backpack / walk-in / boat-in sites,TRUE_LEAD_RESEARCH_OR_EXTERNAL,Keep as lead until proof/geometry/status is resolved.,"Still has a proof, geometry, legality, duplicate, or current-status blocker.",Official backcountry/walk-in proof; extraction needed,coordinate_or_promotion_rescue,Boat / Backpack,no,High
mn-lead-rollie-johnson-whitefish-island-campsites-coordinate-rescue,MN,Rollie Johnson Natural and Recreational Area island campsites,TRUE_LEAD_RESEARCH_OR_EXTERNAL,Keep as lead until proof/geometry/status is resolved.,"Still has a proof, geometry, legality, duplicate, or current-status blocker.",Official county island camping proof; coordinates needed,area_geometry_or_coordinate_rescue,Boat / Backpack,no,High
mn-lead-crow-wing-state-park-campground-coordinate-rescue,MN,Crow Wing State Park campground,ORDINARY_CAMPGROUND_COORDINATE_RESCUE,Run practical address-to-map rescue; entrance/campground-area coordinate can be acceptable with honest popup.,Looks like ordinary campground/operator/city/county record held mainly for coordinate/source cleanup.,Official/state tourism campground proof; coordinate needed,coordinate_or_promotion_rescue,Modern Campgrounds,no,High
mn-lead-knob-hill-campground-coordinate-rescue,MN,Knob Hill Campground,ORDINARY_CAMPGROUND_COORDINATE_RESCUE,Run practical address-to-map rescue; entrance/campground-area coordinate can be acceptable with honest popup.,Looks like ordinary campground/operator/city/county record held mainly for coordinate/source cleanup.,Official county campground proof; coordinate needed,coordinate_or_promotion_rescue,Rustic / Primitive,no,High
mn-lead-cottingham-park-campground-coordinate-rescue,MN,Cottingham Park Campground,ORDINARY_CAMPGROUND_COORDINATE_RESCUE,Run practical address-to-map rescue; entrance/campground-area coordinate can be acceptable with honest popup.,Looks like ordinary campground/operator/city/county record held mainly for coordinate/source cleanup.,Official county campground proof; coordinate needed,coordinate_or_promotion_rescue,Rustic / Primitive,no,High
mn-lead-little-white-dog-campground-coordinate-rescue,MN,Little White Dog Campground,ORDINARY_CAMPGROUND_COORDINATE_RESCUE,Run practical address-to-map rescue; entrance/campground-area coordinate can be acceptable with honest popup.,Looks like ordinary campground/operator/city/county record held mainly for coordinate/source cleanup.,Official county campground proof; coordinate needed,coordinate_or_promotion_rescue,Rustic / Primitive,no,High
mn-lead-mcgivern-park-campground-coordinate-rescue,MN,McGivern Park Campground,ORDINARY_CAMPGROUND_COORDINATE_RESCUE,Run practical address-to-map rescue; entrance/campground-area coordinate can be acceptable with honest popup.,Looks like ordinary campground/operator/city/county record held mainly for coordinate/source cleanup.,Official county campground proof; coordinate needed,coordinate_or_promotion_rescue,Rustic / Primitive,no,High
mn-lead-tree-farm-landing-campground-coordinate-rescue,MN,Tree Farm Landing Campground,ORDINARY_CAMPGROUND_COORDINATE_RESCUE,Run practical address-to-map rescue; entrance/campground-area coordinate can be acceptable with honest popup.,Looks like ordinary campground/operator/city/county record held mainly for coordinate/source cleanup.,Official county campground proof; coordinate needed,coordinate_or_promotion_rescue,Rustic / Primitive,no,High
mn-lead-ann-lake-campground-sand-dunes-coordinate-rescue,MN,Ann Lake Campground,ORDINARY_CAMPGROUND_COORDINATE_RESCUE,Run practical address-to-map rescue; entrance/campground-area coordinate can be acceptable with honest popup.,Looks like ordinary campground/operator/city/county record held mainly for coordinate/source cleanup.,Official/state tourism proof; coordinate needed,coordinate_or_promotion_rescue,Rustic / Primitive,no,High
mn-lead-sand-dunes-horse-camp-coordinate-rescue,MN,Sand Dunes Horse Camp,ORDINARY_CAMPGROUND_COORDINATE_RESCUE,Run practical address-to-map rescue; entrance/campground-area coordinate can be acceptable with honest popup.,Looks like ordinary campground/operator/city/county record held mainly for coordinate/source cleanup.,Official campground component proof; coordinate needed,coordinate_or_promotion_rescue,Rustic / Primitive,no,High
mn-lead-charles-lindbergh-state-park-campground-coordinate-rescue,MN,Charles A. Lindbergh State Park campground,ORDINARY_CAMPGROUND_COORDINATE_RESCUE,Run practical address-to-map rescue; entrance/campground-area coordinate can be acceptable with honest popup.,Looks like ordinary campground/operator/city/county record held mainly for coordinate/source cleanup.,State park campground proof; coordinate needed,coordinate_or_promotion_rescue,Rustic / Primitive,no,High
mn-lead-morrison-county-fairgrounds-camping-verification,MN,Morrison County Fairgrounds camping,TRUE_LEAD_RESEARCH_OR_EXTERNAL,Keep as lead until proof/geometry/status is resolved.,"Still has a proof, geometry, legality, duplicate, or current-status blocker.",Public camping proof but details thin,coordinate_or_promotion_rescue,Needs Verification,no,Medium
mn-lead-37-acres-rv-campground-coordinate-rescue,MN,37 Acres RV & Campground,ORDINARY_CAMPGROUND_COORDINATE_RESCUE,Run practical address-to-map rescue; entrance/campground-area coordinate can be acceptable with honest popup.,Looks like ordinary campground/operator/city/county record held mainly for coordinate/source cleanup.,Private public-facing campground proof; coordinate needed,coordinate_or_promotion_rescue,Private Campgrounds,no,High
mn-lead-camp-holiday-resort-campground-coordinate-rescue,MN,Camp Holiday Resort & Campground,ORDINARY_CAMPGROUND_COORDINATE_RESCUE,Run practical address-to-map rescue; entrance/campground-area coordinate can be acceptable with honest popup.,Looks like ordinary campground/operator/city/county record held mainly for coordinate/source cleanup.,Private public-facing campground proof; coordinate needed,coordinate_or_promotion_rescue,Private Campgrounds,no,High
mn-lead-birch-bay-rv-resort-coordinate-rescue,MN,Birch Bay RV Resort,ORDINARY_CAMPGROUND_COORDINATE_RESCUE,Run practical address-to-map rescue; entrance/campground-area coordinate can be acceptable with honest popup.,Looks like ordinary campground/operator/city/county record held mainly for coordinate/source cleanup.,Private public-facing RV resort proof; coordinate needed,coordinate_or_promotion_rescue,Private Campgrounds,no,High
mn-lead-rocky-reef-resort-rv-campground-coordinate-rescue,MN,Rocky Reef Resort RV Park Campground,ORDINARY_CAMPGROUND_COORDINATE_RESCUE,Run practical address-to-map rescue; entrance/campground-area coordinate can be acceptable with honest popup.,Looks like ordinary campground/operator/city/county record held mainly for coordinate/source cleanup.,Private public-facing RV campground proof; coordinate needed,coordinate_or_promotion_rescue,Private Campgrounds,no,High
mn-lead-stony-point-resort-rv-park-coordinate-rescue,MN,Stony Point Resort RV Park & Campground,REJECT_DUPLICATE_OR_CLOSURE_REVIEW,"Review for rejected ledger, duplicate merge, or closure/status note.","Status/action fields contain duplicate, wrong-state, closure, malformed, or do-not-import language.",Private campground proof; name collision needs care,coordinate_or_promotion_rescue,Private Campgrounds,no,Medium
mn-lead-bliss-point-resort-rv-park-coordinate-rescue,MN,Bliss Point Resort RV Park,ORDINARY_CAMPGROUND_COORDINATE_RESCUE,Run practical address-to-map rescue; entrance/campground-area coordinate can be acceptable with honest popup.,Looks like ordinary campground/operator/city/county record held mainly for coordinate/source cleanup.,Private RV park proof; coordinate needed,coordinate_or_promotion_rescue,Private Campgrounds,no,High
mn-lead-trails-rv-park-coordinate-rescue,MN,Trails RV Park,ORDINARY_CAMPGROUND_COORDINATE_RESCUE,Run practical address-to-map rescue; entrance/campground-area coordinate can be acceptable with honest popup.,Looks like ordinary campground/operator/city/county record held mainly for coordinate/source cleanup.,Private public-facing RV park proof; coordinate needed,coordinate_or_promotion_rescue,Private Campgrounds,no,High
mn-lead-fish-lake-resort-campground-kanabec-coordinate-rescue,MN,Fish Lake Resort and Campground,ORDINARY_CAMPGROUND_COORDINATE_RESCUE,Run practical address-to-map rescue; entrance/campground-area coordinate can be acceptable with honest popup.,Looks like ordinary campground/operator/city/county record held mainly for coordinate/source cleanup.,Private campground proof; coordinate needed,coordinate_or_promotion_rescue,Private Campgrounds,no,High
mn-lead-mn-needs-mission-beach-resort-seasonal-camping,MN,Mission Beach Resort seasonal camping,ORDINARY_CAMPGROUND_COORDINATE_RESCUE,Run practical address-to-map rescue; entrance/campground-area coordinate can be acceptable with honest popup.,Looks like ordinary campground/operator/city/county record held mainly for coordinate/source cleanup.,Seasonal camping public access unclear,verification,Private Campgrounds,no,Medium
mn-lead-mn-needs-niemeyers-rugged-river-seasonal-rv,MN,Niemeyer’s Rugged River Resort RV parks,ORDINARY_CAMPGROUND_COORDINATE_RESCUE,Run practical address-to-map rescue; entrance/campground-area coordinate can be acceptable with honest popup.,Looks like ordinary campground/operator/city/county record held mainly for coordinate/source cleanup.,Seasonal RV public access unclear,verification,Private Campgrounds,no,Medium
mn-lead-mn-needs-fishers-resort-mille-lacs-camping,MN,Fisher’s Resort camping / RV sites,ORDINARY_CAMPGROUND_COORDINATE_RESCUE,Run practical address-to-map rescue; entrance/campground-area coordinate can be acceptable with honest popup.,Looks like ordinary campground/operator/city/county record held mainly for coordinate/source cleanup.,"Mostly seasonal, occasional nightly unclear",verification,Private Campgrounds,no,Medium
mn-lead-mn-needs-north-star-resort-rv-sites,MN,North Star Resort RV sites,ORDINARY_CAMPGROUND_COORDINATE_RESCUE,Run practical address-to-map rescue; entrance/campground-area coordinate can be acceptable with honest popup.,Looks like ordinary campground/operator/city/county record held mainly for coordinate/source cleanup.,Seasonal lease/sale RV sites,verification,Private Campgrounds,no,Medium
mn-lead-mn-needs-red-door-mlv-rv-park-seasonal,MN,Red Door Resort / MLV RV Park seasonal sites,ORDINARY_CAMPGROUND_COORDINATE_RESCUE,Run practical address-to-map rescue; entrance/campground-area coordinate can be acceptable with honest popup.,Looks like ordinary campground/operator/city/county record held mainly for coordinate/source cleanup.,Seasonal RV park,verification,Private Campgrounds,no,Medium
mn-lead-mn-needs-camperville-seasonal-membership,MN,World Famous Camperville,ORDINARY_CAMPGROUND_COORDINATE_RESCUE,Run practical address-to-map rescue; entrance/campground-area coordinate can be acceptable with honest popup.,Looks like ordinary campground/operator/city/county record held mainly for coordinate/source cleanup.,Seasonal membership campground,verification,Private Campgrounds,no,Medium
mn-lead-mn-needs-hilltop-family-campgrounds-ogilvie,MN,Hilltop Family Campgrounds,ORDINARY_CAMPGROUND_COORDINATE_RESCUE,Run practical address-to-map rescue; entrance/campground-area coordinate can be acceptable with honest popup.,Looks like ordinary campground/operator/city/county record held mainly for coordinate/source cleanup.,Directory-only campground clue,verification,Private Campgrounds,no,Medium
mn-lead-sibley-state-park-equestrian-group-camp-component-split,MN,Sibley State Park Equestrian / Group Camp Components,ORDINARY_CAMPGROUND_COORDINATE_RESCUE,Run practical address-to-map rescue; entrance/campground-area coordinate can be acceptable with honest popup.,Looks like ordinary campground/operator/city/county record held mainly for coordinate/source cleanup.,Component split lead,coordinate_or_promotion_rescue,Rustic / Primitive,no,Medium
mn-lead-chippewa-county-park-1-campground-proof-rescue,MN,Chippewa County Park #1 Campground,REJECT_DUPLICATE_OR_CLOSURE_REVIEW,"Review for rejected ledger, duplicate merge, or closure/status note.","Status/action fields contain duplicate, wrong-state, closure, malformed, or do-not-import language.",Secondary-only lead,coordinate_or_promotion_rescue,Needs Verification,no,Medium
mn-lead-mower-adventure-bound-beaver-trails-coordinate-rescue,MN,Adventure Bound Beaver Trails,ORDINARY_CAMPGROUND_COORDINATE_RESCUE,Run practical address-to-map rescue; entrance/campground-area coordinate can be acceptable with honest popup.,Looks like ordinary campground/operator/city/county record held mainly for coordinate/source cleanup.,Operator proof strong; coordinate rescue needed,coordinate_or_promotion_rescue,Private Campgrounds,no,High
mn-lead-lyon-garvin-park-component-split,MN,Garvin County Park component split — upper/lower/horse/primitive,ORDINARY_CAMPGROUND_COORDINATE_RESCUE,Run practical address-to-map rescue; entrance/campground-area coordinate can be acceptable with honest popup.,Looks like ordinary campground/operator/city/county record held mainly for coordinate/source cleanup.,Component split lead after official proof,coordinate_or_promotion_rescue,Modern Campgrounds,no,High
mn-lead-martin-bright-lake-primitive-camping,MN,Bright Lake Park primitive camping,ORDINARY_CAMPGROUND_COORDINATE_RESCUE,Run practical address-to-map rescue; entrance/campground-area coordinate can be acceptable with honest popup.,Looks like ordinary campground/operator/city/county record held mainly for coordinate/source cleanup.,Official primitive camping proof; coordinate rescue needed,coordinate_or_promotion_rescue,Rustic / Primitive,no,High
mn-lead-nobles-olson-park-campground-coordinate-rescue,MN,Olson Park Campground,ORDINARY_CAMPGROUND_COORDINATE_RESCUE,Run practical address-to-map rescue; entrance/campground-area coordinate can be acceptable with honest popup.,Looks like ordinary campground/operator/city/county record held mainly for coordinate/source cleanup.,Official city proof; coordinate rescue needed,coordinate_or_promotion_rescue,Modern Campgrounds,no,High
mn-lead-jackson-anderson-park-campground-coordinate-rescue,MN,Anderson Park Campground,REJECT_DUPLICATE_OR_CLOSURE_REVIEW,"Review for rejected ledger, duplicate merge, or closure/status note.","Status/action fields contain duplicate, wrong-state, closure, malformed, or do-not-import language.",Official county proof; coordinate rescue needed,coordinate_or_promotion_rescue,Modern Campgrounds,no,High
mn-lead-jackson-brown-park-campground-coordinate-rescue,MN,Brown Park Campground,ORDINARY_CAMPGROUND_COORDINATE_RESCUE,Run practical address-to-map rescue; entrance/campground-area coordinate can be acceptable with honest popup.,Looks like ordinary campground/operator/city/county record held mainly for coordinate/source cleanup.,Official county proof; coordinate rescue needed,coordinate_or_promotion_rescue,Modern Campgrounds,no,High
mn-lead-jackson-brown-park-south-campground-coordinate-rescue,MN,Brown Park South Campground,ORDINARY_CAMPGROUND_COORDINATE_RESCUE,Run practical address-to-map rescue; entrance/campground-area coordinate can be acceptable with honest popup.,Looks like ordinary campground/operator/city/county record held mainly for coordinate/source cleanup.,Official county proof; coordinate rescue needed,coordinate_or_promotion_rescue,Modern Campgrounds,no,High
mn-lead-jackson-robertson-park-campground-coordinate-rescue,MN,Robertson Park Campground,ORDINARY_CAMPGROUND_COORDINATE_RESCUE,Run practical address-to-map rescue; entrance/campground-area coordinate can be acceptable with honest popup.,Looks like ordinary campground/operator/city/county record held mainly for coordinate/source cleanup.,Official county camping system proof; coordinate rescue needed,coordinate_or_promotion_rescue,Modern Campgrounds,no,High
mn-lead-jackson-sandy-point-park-campground-coordinate-rescue,MN,Sandy Point Park Campground,ORDINARY_CAMPGROUND_COORDINATE_RESCUE,Run practical address-to-map rescue; entrance/campground-area coordinate can be acceptable with honest popup.,Looks like ordinary campground/operator/city/county record held mainly for coordinate/source cleanup.,Official county proof; coordinate rescue needed,coordinate_or_promotion_rescue,Rustic / Primitive,no,High
mn-lead-sibley-south-permission-camping-parks,MN,Sibley County south-edge permission camping parks — Clear Lake / High Island / Rush River,ORDINARY_CAMPGROUND_COORDINATE_RESCUE,Run practical address-to-map rescue; entrance/campground-area coordinate can be acceptable with honest popup.,Looks like ordinary campground/operator/city/county record held mainly for coordinate/source cleanup.,Permission-camping lead; coordinates/eligibility need confirmation,coordinate_or_promotion_rescue,Rustic / Primitive,no,High
mn-lead-myre-big-island-state-park-campground-coordinate-rescue,MN,Myre-Big Island State Park Campgrounds,ORDINARY_CAMPGROUND_COORDINATE_RESCUE,Run practical address-to-map rescue; entrance/campground-area coordinate can be acceptable with honest popup.,Looks like ordinary campground/operator/city/county record held mainly for coordinate/source cleanup.,Official DNR page found; campground detail/coordinates need extraction,coordinate_or_promotion_rescue,Modern Campgrounds,no,High
mn-lead-martin-fox-lake-campground-public-access-review,MN,Fox Lake Campground / Fox Lake area campground,REJECT_DUPLICATE_OR_CLOSURE_REVIEW,"Review for rejected ledger, duplicate merge, or closure/status note.","Status/action fields contain duplicate, wrong-state, closure, malformed, or do-not-import language.",Directory-only campground lead; public/operator proof unclear,area_geometry_or_coordinate_rescue,Needs Verification,yes,Medium
mn-lead-steele-hope-oak-knoll-campground-coordinate-rescue,MN,Hope Oak Knoll Campground,ORDINARY_CAMPGROUND_COORDINATE_RESCUE,Run practical address-to-map rescue; entrance/campground-area coordinate can be acceptable with honest popup.,Looks like ordinary campground/operator/city/county record held mainly for coordinate/source cleanup.,Directory/tourism mention; operator proof and coordinate needed,coordinate_or_promotion_rescue,Private Campgrounds,no,High
mn-lead-faribault-county-fairgrounds-non-event-camping-review,MN,Faribault County Fairgrounds camping,TRUE_LEAD_RESEARCH_OR_EXTERNAL,Keep as lead until proof/geometry/status is resolved.,"Still has a proof, geometry, legality, duplicate, or current-status blocker.",Fairgrounds camping lead; non-event public overnight use unclear,coordinate_or_promotion_rescue,Needs Verification,no,Medium
mn-lead-lake-elmo-rustic-hikein-components,MN,Lake Elmo Rustic / Hike-In component split,TRUE_LEAD_RESEARCH_OR_EXTERNAL,Keep as lead until proof/geometry/status is resolved.,"Still has a proof, geometry, legality, duplicate, or current-status blocker.",coordinate_rescue,coordinate_or_promotion_rescue,Boat / Backpack,no,High
mn-lead-ham-lake-resort-access-verification,MN,Ham Lake Resort,PROMOTION_STATUS_CHECK_CANDIDATE,Quick source/status check; promote if public overnight use and coordinate are defensible as campground/entrance/area marker.,Ordinary campground/operator lead with a coordinate; likely held for semantics or status wording.,needs_verification,coordinate_or_promotion_rescue,Private Campgrounds,yes,Medium
mn-lead-norquist-campground-public-status,MN,Norquist Campground,PROMOTION_STATUS_CHECK_CANDIDATE,Quick source/status check; promote if public overnight use and coordinate are defensible as campground/entrance/area marker.,Ordinary campground/operator lead with a coordinate; likely held for semantics or status wording.,needs_verification,verification,Private Campgrounds,yes,Medium
mn-lead-prairie-island-campground-coordinate-layer-proof,MN,Prairie Island Campground,PROMOTION_STATUS_CHECK_CANDIDATE,Quick source/status check; promote if public overnight use and coordinate are defensible as campground/entrance/area marker.,Ordinary campground/operator lead with a coordinate; likely held for semantics or status wording.,coordinate_rescue,coordinate_or_promotion_rescue,Modern Campgrounds,yes,High
mn-lead-chester-woods-park-campground-coordinate-rescue,MN,Chester Woods Park Campground,ORDINARY_CAMPGROUND_COORDINATE_RESCUE,Run practical address-to-map rescue; entrance/campground-area coordinate can be acceptable with honest popup.,Looks like ordinary campground/operator/city/county record held mainly for coordinate/source cleanup.,coordinate_rescue,coordinate_or_promotion_rescue,Modern Campgrounds,no,High
mn-lead-fillmore-county-fair-campground-coordinate-rescue,MN,Fillmore County Fair Campground,ORDINARY_CAMPGROUND_COORDINATE_RESCUE,Run practical address-to-map rescue; entrance/campground-area coordinate can be acceptable with honest popup.,Looks like ordinary campground/operator/city/county record held mainly for coordinate/source cleanup.,coordinate_rescue,coordinate_or_promotion_rescue,Modern Campgrounds,no,High
mn-lead-cannon-river-wilderness-primitive-campsites,MN,Cannon River Wilderness Area primitive campsites,ORDINARY_CAMPGROUND_COORDINATE_RESCUE,Run practical address-to-map rescue; entrance/campground-area coordinate can be acceptable with honest popup.,Looks like ordinary campground/operator/city/county record held mainly for coordinate/source cleanup.,coordinate_rescue,area_geometry_or_coordinate_rescue,Rustic / Primitive,no,High
mn-lead-tettegouche-baptism-river-and-cartin-split,MN,Tettegouche State Park — Baptism River / cart-in / walk-in split,PROMOTION_STATUS_CHECK_CANDIDATE,Quick source/status check; promote if public overnight use and coordinate are defensible as campground/entrance/area marker.,Ordinary campground/operator lead with a coordinate; likely held for semantics or status wording.,coordinate_rescue,coordinate_or_promotion_rescue,Modern Campgrounds,yes,High
mn-lead-temperance-river-state-park-campground-split,MN,Temperance River State Park — Upper/Lower/cart-in campgrounds,ORDINARY_CAMPGROUND_COORDINATE_RESCUE,Run practical address-to-map rescue; entrance/campground-area coordinate can be acceptable with honest popup.,Looks like ordinary campground/operator/city/county record held mainly for coordinate/source cleanup.,coordinate_rescue,coordinate_or_promotion_rescue,Modern Campgrounds,no,High
mn-lead-cascade-river-state-park-campground-split,MN,Cascade River State Park Campground,ORDINARY_CAMPGROUND_COORDINATE_RESCUE,Run practical address-to-map rescue; entrance/campground-area coordinate can be acceptable with honest popup.,Looks like ordinary campground/operator/city/county record held mainly for coordinate/source cleanup.,coordinate_rescue,coordinate_or_promotion_rescue,Modern Campgrounds,no,High
mn-lead-grand-marais-recreation-area-coordinate-rescue,MN,Grand Marais Recreation Area exact-coordinate rescue,ORDINARY_CAMPGROUND_COORDINATE_RESCUE,Run practical address-to-map rescue; entrance/campground-area coordinate can be acceptable with honest popup.,Looks like ordinary campground/operator/city/county record held mainly for coordinate/source cleanup.,coordinate_rescue,area_geometry_or_coordinate_rescue,Modern Campgrounds,no,High
pa-forest-tionesta-rec-area-campground-coordinate-rescue,PA,Tionesta Recreation Area Campground,ORDINARY_CAMPGROUND_COORDINATE_RESCUE,Run practical address-to-map rescue; entrance/campground-area coordinate can be acceptable with honest popup.,Looks like ordinary campground/operator/city/county record held mainly for coordinate/source cleanup.,Research Needed,coordinate_rescue,Modern Campgrounds,no,High
pa-forest-outflow-recreation-area-campground-coordinate-rescue,PA,Outflow Recreation Area Campground,ORDINARY_CAMPGROUND_COORDINATE_RESCUE,Run practical address-to-map rescue; entrance/campground-area coordinate can be acceptable with honest popup.,Looks like ordinary campground/operator/city/county record held mainly for coordinate/source cleanup.,Research Needed,coordinate_rescue,Modern Campgrounds,no,High
pa-forest-kellettville-recreation-area-campground-coordinate-rescue,PA,Kellettville Recreation Area Campground,ORDINARY_CAMPGROUND_COORDINATE_RESCUE,Run practical address-to-map rescue; entrance/campground-area coordinate can be acceptable with honest popup.,Looks like ordinary campground/operator/city/county record held mainly for coordinate/source cleanup.,Research Needed,coordinate_rescue,Rustic / Primitive,no,High
pa-forest-morrison-boat-access-campground-coordinate-rescue,PA,Morrison Boat Access Campground,ORDINARY_CAMPGROUND_COORDINATE_RESCUE,Run practical address-to-map rescue; entrance/campground-area coordinate can be acceptable with honest popup.,Looks like ordinary campground/operator/city/county record held mainly for coordinate/source cleanup.,Research Needed,coordinate_rescue,Boat / Backpack,no,High
pa-mckean-pine-grove-boat-access-campground-coordinate-rescue,PA,Pine Grove Boat Access Campground,ORDINARY_CAMPGROUND_COORDINATE_RESCUE,Run practical address-to-map rescue; entrance/campground-area coordinate can be acceptable with honest popup.,Looks like ordinary campground/operator/city/county record held mainly for coordinate/source cleanup.,Research Needed,coordinate_rescue,Boat / Backpack,no,High
pa-clarion-cook-forest-state-park-ridge-campground-coordinate-rescue,PA,Cook Forest State Park Ridge Campground,ORDINARY_CAMPGROUND_COORDINATE_RESCUE,Run practical address-to-map rescue; entrance/campground-area coordinate can be acceptable with honest popup.,Looks like ordinary campground/operator/city/county record held mainly for coordinate/source cleanup.,Research Needed,coordinate_rescue,Modern Campgrounds,no,High
pa-clarion-cook-forest-thompson-eddy-river-camping-coordinate-rescue,PA,Cook Forest Thompson Eddy River Camping,TRUE_LEAD_RESEARCH_OR_EXTERNAL,Keep as lead until proof/geometry/status is resolved.,"Still has a proof, geometry, legality, duplicate, or current-status blocker.",Research Needed,coordinate_rescue,Boat / Backpack,no,High
pa-jefferson-clear-creek-state-park-campground-coordinate-rescue,PA,Clear Creek State Park Campground,ORDINARY_CAMPGROUND_COORDINATE_RESCUE,Run practical address-to-map rescue; entrance/campground-area coordinate can be acceptable with honest popup.,Looks like ordinary campground/operator/city/county record held mainly for coordinate/source cleanup.,Research Needed,coordinate_rescue,Modern Campgrounds,no,High
pa-lead-clear-creek-state-park-canoe-kayak-campsites-point-extraction,PA,Clear Creek State Park Canoe/Kayak Campsites,TRUE_LEAD_RESEARCH_OR_EXTERNAL,Keep as lead until proof/geometry/status is resolved.,"Still has a proof, geometry, legality, duplicate, or current-status blocker.","Official campsite lead, point blocked",coordinate_rescue,Boat / Backpack,no,High
pa-clear-creek-danner-primitive-camping-area-gis-rescue,PA,Danner Primitive Camping Area — Clear Creek State Forest,AREA_RULE_COMMUNITY_OR_OVERLAY_CANDIDATE,Evaluate as area/rule/community marker or overlay candidate; do not force exact campground coordinates.,"Looks like rule-area, boondocking, community, WMA/forest, permit, GIS, or overlay work.",Research Needed,coordinate_rescue,Rustic / Primitive,no,High
pa-nw-state-forest-motorized-roadside-camping-geometry-lead,PA,Northwest PA State Forest Motorized Roadside Campsites — Geometry Lead,AREA_RULE_COMMUNITY_OR_OVERLAY_CANDIDATE,Evaluate as area/rule/community marker or overlay candidate; do not force exact campground coordinates.,"Looks like rule-area, boondocking, community, WMA/forest, permit, GIS, or overlay work.",Research Needed,coordinate_rescue,Boondocking / Dispersed,no,High
pa-crawford-pymatuning-jamestown-campground-coordinate-rescue,PA,Pymatuning State Park — Jamestown Campground,ORDINARY_CAMPGROUND_COORDINATE_RESCUE,Run practical address-to-map rescue; entrance/campground-area coordinate can be acceptable with honest popup.,Looks like ordinary campground/operator/city/county record held mainly for coordinate/source cleanup.,Research Needed,coordinate_rescue,Modern Campgrounds,no,High
pa-crawford-pymatuning-linesville-campground-coordinate-rescue,PA,Pymatuning State Park — Linesville Campground,ORDINARY_CAMPGROUND_COORDINATE_RESCUE,Run practical address-to-map rescue; entrance/campground-area coordinate can be acceptable with honest popup.,Looks like ordinary campground/operator/city/county record held mainly for coordinate/source cleanup.,Research Needed,coordinate_rescue,Modern Campgrounds,no,High
pa-warren-chapman-state-park-campground-coordinate-rescue,PA,Chapman State Park Campground,ORDINARY_CAMPGROUND_COORDINATE_RESCUE,Run practical address-to-map rescue; entrance/campground-area coordinate can be acceptable with honest popup.,Looks like ordinary campground/operator/city/county record held mainly for coordinate/source cleanup.,Research Needed,coordinate_rescue,Modern Campgrounds,no,High
pa-venango-oil-creek-state-park-campground-coordinate-rescue,PA,Oil Creek State Park Campground,ORDINARY_CAMPGROUND_COORDINATE_RESCUE,Run practical address-to-map rescue; entrance/campground-area coordinate can be acceptable with honest popup.,Looks like ordinary campground/operator/city/county record held mainly for coordinate/source cleanup.,Research Needed,coordinate_rescue,Rustic / Primitive,no,High
pa-venango-oil-creek-trail-shelters-coordinate-rescue,PA,Oil Creek State Park Trail Shelters / Backpack Camping,TRUE_LEAD_RESEARCH_OR_EXTERNAL,Keep as lead until proof/geometry/status is resolved.,"Still has a proof, geometry, legality, duplicate, or current-status blocker.",Research Needed,coordinate_rescue,Boat / Backpack,no,High
pa-butler-moraine-link-road-overnight-shelter-coordinate-rescue,PA,Moraine State Park — Link Road Overnight Shelter,TRUE_LEAD_RESEARCH_OR_EXTERNAL,Keep as lead until proof/geometry/status is resolved.,"Still has a proof, geometry, legality, duplicate, or current-status blocker.",Research Needed,coordinate_rescue,Boat / Backpack,no,High
pa-erie-lampe-campground-coordinate-rescue,PA,Lampe Campground,ORDINARY_CAMPGROUND_COORDINATE_RESCUE,Run practical address-to-map rescue; entrance/campground-area coordinate can be acceptable with honest popup.,Looks like ordinary campground/operator/city/county record held mainly for coordinate/source cleanup.,Research Needed,coordinate_rescue,Modern Campgrounds,no,High
pa-erie-saras-campground-coordinate-rescue,PA,Sara’s Campground,ORDINARY_CAMPGROUND_COORDINATE_RESCUE,Run practical address-to-map rescue; entrance/campground-area coordinate can be acceptable with honest popup.,Looks like ordinary campground/operator/city/county record held mainly for coordinate/source cleanup.,Research Needed,coordinate_rescue,Private Campgrounds,no,High
pa-erie-presque-isle-passage-rv-park-coordinate-rescue,PA,Presque Isle Passage RV Park,ORDINARY_CAMPGROUND_COORDINATE_RESCUE,Run practical address-to-map rescue; entrance/campground-area coordinate can be acceptable with honest popup.,Looks like ordinary campground/operator/city/county record held mainly for coordinate/source cleanup.,Research Needed,coordinate_rescue,Private Campgrounds,no,High
pa-erie-pine-lane-campground-coordinate-rescue,PA,Pine Lane Campground,ORDINARY_CAMPGROUND_COORDINATE_RESCUE,Run practical address-to-map rescue; entrance/campground-area coordinate can be acceptable with honest popup.,Looks like ordinary campground/operator/city/county record held mainly for coordinate/source cleanup.,Research Needed,coordinate_rescue,Private Campgrounds,no,High
pa-crawford-meadville-campground-coordinate-rescue,PA,Meadville Campground,ORDINARY_CAMPGROUND_COORDINATE_RESCUE,Run practical address-to-map rescue; entrance/campground-area coordinate can be acceptable with honest popup.,Looks like ordinary campground/operator/city/county record held mainly for coordinate/source cleanup.,Research Needed,coordinate_rescue,Private Campgrounds,no,High
pa-crawford-conneaut-lake-family-campground-coordinate-rescue,PA,Conneaut Lake Family Campground,ORDINARY_CAMPGROUND_COORDINATE_RESCUE,Run practical address-to-map rescue; entrance/campground-area coordinate can be acceptable with honest popup.,Looks like ordinary campground/operator/city/county record held mainly for coordinate/source cleanup.,Research Needed,coordinate_rescue,Private Campgrounds,no,High
pa-crawford-pineview-camplands-coordinate-rescue,PA,Pineview Camplands,ORDINARY_CAMPGROUND_COORDINATE_RESCUE,Run practical address-to-map rescue; entrance/campground-area coordinate can be acceptable with honest popup.,Looks like ordinary campground/operator/city/county record held mainly for coordinate/source cleanup.,Research Needed,coordinate_rescue,Private Campgrounds,no,High
pa-mercer-shenango-rec-area-campground-coordinate-rescue,PA,Shenango Recreation Area Campground,ORDINARY_CAMPGROUND_COORDINATE_RESCUE,Run practical address-to-map rescue; entrance/campground-area coordinate can be acceptable with honest popup.,Looks like ordinary campground/operator/city/county record held mainly for coordinate/source cleanup.,Research Needed,coordinate_rescue,Modern Campgrounds,no,High
pa-mercer-adventure-bound-shenango-coordinate-rescue,PA,Adventure Bound Shenango,ORDINARY_CAMPGROUND_COORDINATE_RESCUE,Run practical address-to-map rescue; entrance/campground-area coordinate can be acceptable with honest popup.,Looks like ordinary campground/operator/city/county record held mainly for coordinate/source cleanup.,Research Needed,coordinate_rescue,Private Campgrounds,no,High
pa-mercer-mercer-grove-city-koa-coordinate-rescue,PA,Mercer / Grove City KOA Holiday,ORDINARY_CAMPGROUND_COORDINATE_RESCUE,Run practical address-to-map rescue; entrance/campground-area coordinate can be acceptable with honest popup.,Looks like ordinary campground/operator/city/county record held mainly for coordinate/source cleanup.,Research Needed,coordinate_rescue,Private Campgrounds,no,High
pa-mercer-rv-village-camping-resort-coordinate-rescue,PA,RV Village Camping Resort,ORDINARY_CAMPGROUND_COORDINATE_RESCUE,Run practical address-to-map rescue; entrance/campground-area coordinate can be acceptable with honest popup.,Looks like ordinary campground/operator/city/county record held mainly for coordinate/source cleanup.,Research Needed,coordinate_rescue,Private Campgrounds,no,High
pa-clarion-rustic-acres-rv-resort-campground-coordinate-rescue,PA,Rustic Acres RV Resort & Campground,ORDINARY_CAMPGROUND_COORDINATE_RESCUE,Run practical address-to-map rescue; entrance/campground-area coordinate can be acceptable with honest popup.,Looks like ordinary campground/operator/city/county record held mainly for coordinate/source cleanup.,Research Needed,coordinate_rescue,Private Campgrounds,no,High
pa-forest-double-r-campground-coordinate-rescue,PA,Double R Campground,ORDINARY_CAMPGROUND_COORDINATE_RESCUE,Run practical address-to-map rescue; entrance/campground-area coordinate can be acceptable with honest popup.,Looks like ordinary campground/operator/city/county record held mainly for coordinate/source cleanup.,Research Needed,coordinate_rescue,Private Campgrounds,no,High
pa-forest-forest-lodge-campground-coordinate-rescue,PA,Forest Lodge & Campground,ORDINARY_CAMPGROUND_COORDINATE_RESCUE,Run practical address-to-map rescue; entrance/campground-area coordinate can be acceptable with honest popup.,Looks like ordinary campground/operator/city/county record held mainly for coordinate/source cleanup.,Research Needed,coordinate_rescue,Private Campgrounds,no,High
pa-forest-forest-ridge-cabins-campground-coordinate-rescue,PA,Forest Ridge Cabins & Campground,ORDINARY_CAMPGROUND_COORDINATE_RESCUE,Run practical address-to-map rescue; entrance/campground-area coordinate can be acceptable with honest popup.,Looks like ordinary campground/operator/city/county record held mainly for coordinate/source cleanup.,Research Needed,coordinate_rescue,Private Campgrounds,no,High
pa-forest-deer-meadow-campground-coordinate-rescue,PA,Deer Meadow Campground,ORDINARY_CAMPGROUND_COORDINATE_RESCUE,Run practical address-to-map rescue; entrance/campground-area coordinate can be acceptable with honest popup.,Looks like ordinary campground/operator/city/county record held mainly for coordinate/source cleanup.,Research Needed,coordinate_rescue,Private Campgrounds,no,High
pa-forest-flying-w-ranch-camping-coordinate-rescue,PA,Flying W Ranch Camping,ORDINARY_CAMPGROUND_COORDINATE_RESCUE,Run practical address-to-map rescue; entrance/campground-area coordinate can be acceptable with honest popup.,Looks like ordinary campground/operator/city/county record held mainly for coordinate/source cleanup.,Research Needed,coordinate_rescue,Private Campgrounds,no,High
pa-forest-nason-trust-primitive-camping-coordinate-rescue,PA,The Nason Trust Primitive Camping,ORDINARY_CAMPGROUND_COORDINATE_RESCUE,Run practical address-to-map rescue; entrance/campground-area coordinate can be acceptable with honest popup.,Looks like ordinary campground/operator/city/county record held mainly for coordinate/source cleanup.,Research Needed,coordinate_rescue,Rustic / Primitive,no,High
pa-state-parks-reserveamerica-coordinate-extraction,PA,PA DCNR State Park Campground Coordinate Extraction — NW Counties,ORDINARY_CAMPGROUND_COORDINATE_RESCUE,Run practical address-to-map rescue; entrance/campground-area coordinate can be acceptable with honest popup.,Looks like ordinary campground/operator/city/county record held mainly for coordinate/source cleanup.,External Extraction Needed,external_access_required,Mixed,no,Medium
pa-anf-recreation-gov-facility-api-coordinate-extraction,PA,Allegheny NF Recreation.gov Facility Coordinate Extraction,TRUE_LEAD_RESEARCH_OR_EXTERNAL,Keep as lead until proof/geometry/status is resolved.,"Still has a proof, geometry, legality, duplicate, or current-status blocker.",External Extraction Needed,external_access_required,Mixed,no,Medium
pa-private-campground-address-mapcheck-batch,PA,Private Campground Address Map-Check Batch,ORDINARY_CAMPGROUND_COORDINATE_RESCUE,Run practical address-to-map rescue; entrance/campground-area coordinate can be acceptable with honest popup.,Looks like ordinary campground/operator/city/county record held mainly for coordinate/source cleanup.,External Extraction Needed,external_access_required,Private Campgrounds,no,Medium
pa-dcnr-state-forest-campsite-gis-extraction,PA,PA DCNR State Forest Campsite GIS Extraction,AREA_RULE_COMMUNITY_OR_OVERLAY_CANDIDATE,Evaluate as area/rule/community marker or overlay candidate; do not force exact campground coordinates.,"Looks like rule-area, boondocking, community, WMA/forest, permit, GIS, or overlay work.",External Extraction Needed,external_access_required,Boondocking / Dispersed,no,Medium
pa-lead-bald-eagle-state-park-rustic-camping-area-coordinate-rescue,PA,Bald Eagle State Park Rustic Camping Area,ORDINARY_CAMPGROUND_COORDINATE_RESCUE,Run practical address-to-map rescue; entrance/campground-area coordinate can be acceptable with honest popup.,Looks like ordinary campground/operator/city/county record held mainly for coordinate/source cleanup.,Official rustic area; coordinate rescue needed,coordinate_rescue,Rustic / Primitive,no,High
pa-lead-tioga-state-forest-improved-camping-areas-gis-extraction,PA,"Tioga State Forest improved camping areas — Asaph, County Bridge, Hoffman, Tiadaghton",AREA_RULE_COMMUNITY_OR_OVERLAY_CANDIDATE,Evaluate as area/rule/community marker or overlay candidate; do not force exact campground coordinates.,"Looks like rule-area, boondocking, community, WMA/forest, permit, GIS, or overlay work.",Official state forest camping system; coordinates/site extraction needed,coordinate_rescue,Rustic / Primitive,no,High
pa-lead-tiadaghton-state-forest-pine-creek-campgrounds-gis-extraction,PA,Tiadaghton State Forest Pine Creek Valley camping areas,AREA_RULE_COMMUNITY_OR_OVERLAY_CANDIDATE,Evaluate as area/rule/community marker or overlay candidate; do not force exact campground coordinates.,"Looks like rule-area, boondocking, community, WMA/forest, permit, GIS, or overlay work.",Official state forest campground system; extraction needed,coordinate_rescue,Rustic / Primitive,no,High
pa-lead-sproul-state-forest-roadside-campsites-gis-extraction,PA,Sproul State Forest designated roadside campsites,AREA_RULE_COMMUNITY_OR_OVERLAY_CANDIDATE,Evaluate as area/rule/community marker or overlay candidate; do not force exact campground coordinates.,"Looks like rule-area, boondocking, community, WMA/forest, permit, GIS, or overlay work.",Official designated roadside campsite system,coordinate_rescue,Boondocking / Dispersed,no,High
pa-lead-susquehannock-state-forest-roadside-primitive-campsites-gis-extraction,PA,Susquehannock State Forest primitive / roadside campsite system,AREA_RULE_COMMUNITY_OR_OVERLAY_CANDIDATE,Evaluate as area/rule/community marker or overlay candidate; do not force exact campground coordinates.,"Looks like rule-area, boondocking, community, WMA/forest, permit, GIS, or overlay work.",Official primitive campsite system,coordinate_rescue,Boondocking / Dispersed,no,High
pa-lead-moshannon-state-forest-roadside-campsites-gis-extraction,PA,Moshannon State Forest designated roadside campsites,AREA_RULE_COMMUNITY_OR_OVERLAY_CANDIDATE,Evaluate as area/rule/community marker or overlay candidate; do not force exact campground coordinates.,"Looks like rule-area, boondocking, community, WMA/forest, permit, GIS, or overlay work.",Official designated roadside campsite system,coordinate_rescue,Boondocking / Dispersed,no,High
pa-lead-bald-eagle-state-forest-roadside-hikein-campsites-gis-extraction,PA,Bald Eagle State Forest roadside / hike-in campsites,AREA_RULE_COMMUNITY_OR_OVERLAY_CANDIDATE,Evaluate as area/rule/community marker or overlay candidate; do not force exact campground coordinates.,"Looks like rule-area, boondocking, community, WMA/forest, permit, GIS, or overlay work.",Official state forest camping system,coordinate_rescue,Boondocking / Dispersed,no,High
pa-lead-rothrock-state-forest-roadside-campsites-gis-extraction,PA,Rothrock State Forest designated roadside campsites,AREA_RULE_COMMUNITY_OR_OVERLAY_CANDIDATE,Evaluate as area/rule/community marker or overlay candidate; do not force exact campground coordinates.,"Looks like rule-area, boondocking, community, WMA/forest, permit, GIS, or overlay work.",Official designated roadside system; exact points needed,coordinate_rescue,Boondocking / Dispersed,no,High
pa-needs-lambs-creek-recreation-area-no-overnight-proof,PA,Lambs Creek Recreation Area,REJECT_DUPLICATE_OR_CLOSURE_REVIEW,"Review for rejected ledger, duplicate merge, or closure/status note.","Status/action fields contain duplicate, wrong-state, closure, malformed, or do-not-import language.","Recreation.gov facility found, but appears day-use/group shelter rather than overnight campground",needs_verification,Needs Verification,no,Medium
pa-lead-schuylkill-tuscarora-state-park-overnight-cottages-yurts-schema-check,PA,Tuscarora State Park Overnight Cottages / Yurts,TRUE_LEAD_RESEARCH_OR_EXTERNAL,Keep as lead until proof/geometry/status is resolved.,"Still has a proof, geometry, legality, duplicate, or current-status blocker.","Overnight lodging lead, not normal campground",coordinate_rescue,Needs Verification,yes,High
pa-lead-bradford-pine-cradle-lake-family-campground-coordinate-rescue,PA,Pine Cradle Lake Family Campground,ORDINARY_CAMPGROUND_COORDINATE_RESCUE,Run practical address-to-map rescue; entrance/campground-area coordinate can be acceptable with honest popup.,Looks like ordinary campground/operator/city/county record held mainly for coordinate/source cleanup.,Coordinate rescue lead,coordinate_rescue,Private Campgrounds,no,High
pa-lead-bradford-sugar-creek-rv-park-public-status,PA,Sugar Creek RV Park,ORDINARY_CAMPGROUND_COORDINATE_RESCUE,Run practical address-to-map rescue; entrance/campground-area coordinate can be acceptable with honest popup.,Looks like ordinary campground/operator/city/county record held mainly for coordinate/source cleanup.,lead_public_status,coordinate_rescue,Needs Verification,no,High
pa-lead-delaware-state-forest-designated-campsites-gis-extraction,PA,Delaware State Forest Designated Roadside / Backpack Camping,AREA_RULE_COMMUNITY_OR_OVERLAY_CANDIDATE,Evaluate as area/rule/community marker or overlay candidate; do not force exact campground coordinates.,"Looks like rule-area, boondocking, community, WMA/forest, permit, GIS, or overlay work.",Official rule/area lead,coordinate_rescue,Boondocking / Dispersed,no,High
pa-lead-pinchot-state-forest-designated-backpack-watertrail-campsite-extraction,PA,Pinchot State Forest Roadside / Backpack / Water-Trail Camping,AREA_RULE_COMMUNITY_OR_OVERLAY_CANDIDATE,Evaluate as area/rule/community marker or overlay candidate; do not force exact campground coordinates.,"Looks like rule-area, boondocking, community, WMA/forest, permit, GIS, or overlay work.",Official state-forest extraction lead,coordinate_rescue,Boondocking / Dispersed / Boat / Backpack,no,High
pa-lead-loyalsock-state-forest-camping-extraction,PA,Loyalsock State Forest Roadside / Masten / Bridle / Backpack / Water-Trail Camping,AREA_RULE_COMMUNITY_OR_OVERLAY_CANDIDATE,Evaluate as area/rule/community marker or overlay candidate; do not force exact campground coordinates.,"Looks like rule-area, boondocking, community, WMA/forest, permit, GIS, or overlay work.",Official rule/area lead,coordinate_rescue,Boondocking / Dispersed,no,High
pa-lead-weiser-state-forest-schuylkill-camping-extraction,PA,Weiser State Forest — Schuylkill-Area Designated Camping,AREA_RULE_COMMUNITY_OR_OVERLAY_CANDIDATE,Evaluate as area/rule/community marker or overlay candidate; do not force exact campground coordinates.,"Looks like rule-area, boondocking, community, WMA/forest, permit, GIS, or overlay work.",Official rule/area lead,coordinate_rescue,Boondocking / Dispersed,no,High
pa-lead-north-branch-susquehanna-water-trail-island-camping-extraction,PA,North Branch Susquehanna Water Trail Island Camping,TRUE_LEAD_RESEARCH_OR_EXTERNAL,Keep as lead until proof/geometry/status is resolved.,"Still has a proof, geometry, legality, duplicate, or current-status blocker.",Official water-trail lead,coordinate_rescue,Boat / Backpack,no,High
pa-lead-delaware-water-gap-river-campsites-alosa-valley-view-extraction,PA,Delaware Water Gap NRA Primitive River Camps / Alosa / Valley View / Rivers Bend,TRUE_LEAD_RESEARCH_OR_EXTERNAL,Keep as lead until proof/geometry/status is resolved.,"Still has a proof, geometry, legality, duplicate, or current-status blocker.",Official campsite-system lead,coordinate_rescue,Boat / Backpack,no,High
pa-lead-delaware-water-gap-at-through-hiker-backcountry-camping,PA,Delaware Water Gap AT Through-Hiker Backcountry Camping,AREA_RULE_COMMUNITY_OR_OVERLAY_CANDIDATE,Evaluate as area/rule/community marker or overlay candidate; do not force exact campground coordinates.,"Looks like rule-area, boondocking, community, WMA/forest, permit, GIS, or overlay work.",Official rule lead,coordinate_rescue,Boat / Backpack,no,High
pa-lead-pike-kittatinny-river-beach-campground-coordinate-rescue,PA,Kittatinny’s River Beach Campground,ORDINARY_CAMPGROUND_COORDINATE_RESCUE,Run practical address-to-map rescue; entrance/campground-area coordinate can be acceptable with honest popup.,Looks like ordinary campground/operator/city/county record held mainly for coordinate/source cleanup.,Coordinate rescue lead,coordinate_rescue,Private Campgrounds,no,High
pa-lead-wayne-keen-lake-camping-cottage-resort-coordinate-rescue,PA,Keen Lake Camping & Cottage Resort,ORDINARY_CAMPGROUND_COORDINATE_RESCUE,Run practical address-to-map rescue; entrance/campground-area coordinate can be acceptable with honest popup.,Looks like ordinary campground/operator/city/county record held mainly for coordinate/source cleanup.,Coordinate rescue lead,coordinate_rescue,Private Campgrounds,no,High
pa-needs-wayne-lake-mocatek-campground-public-transient-status,PA,Lake Moc-A-Tek Campground,PROMOTION_STATUS_CHECK_CANDIDATE,Quick source/status check; promote if public overnight use and coordinate are defensible as campground/entrance/area marker.,Ordinary campground/operator lead with a coordinate; likely held for semantics or status wording.,Public transient status unclear,needs_verification,Private Campgrounds,yes,Medium
pa-lead-lackawanna-highland-campgrounds-coordinate-rescue,PA,Highland Campgrounds,ORDINARY_CAMPGROUND_COORDINATE_RESCUE,Run practical address-to-map rescue; entrance/campground-area coordinate can be acceptable with honest popup.,Looks like ordinary campground/operator/city/county record held mainly for coordinate/source cleanup.,Coordinate rescue lead,coordinate_rescue,Private Campgrounds,no,High
pa-lead-susquehanna-shore-forest-campground-coordinate-rescue,PA,Shore Forest Campground,ORDINARY_CAMPGROUND_COORDINATE_RESCUE,Run practical address-to-map rescue; entrance/campground-area coordinate can be acceptable with honest popup.,Looks like ordinary campground/operator/city/county record held mainly for coordinate/source cleanup.,Coordinate rescue lead,coordinate_rescue,Private Campgrounds,no,High
pa-lead-susquehanna-shady-rest-campground-coordinate-rescue,PA,Shady Rest Campground,REJECT_DUPLICATE_OR_CLOSURE_REVIEW,"Review for rejected ledger, duplicate merge, or closure/status note.","Status/action fields contain duplicate, wrong-state, closure, malformed, or do-not-import language.",Coordinate/address rescue lead,coordinate_rescue,Private Campgrounds,no,High
pa-lead-susquehanna-montrose-campground-coordinate-rescue,PA,Montrose Campground,ORDINARY_CAMPGROUND_COORDINATE_RESCUE,Run practical address-to-map rescue; entrance/campground-area coordinate can be acceptable with honest popup.,Looks like ordinary campground/operator/city/county record held mainly for coordinate/source cleanup.,Coordinate rescue lead,coordinate_rescue,Private Campgrounds,no,High
pa-lead-wyoming-rustic-creek-former-cozy-creek-coordinate-rescue,PA,Rustic Creek Family Campground / former Cozy Creek,ORDINARY_CAMPGROUND_COORDINATE_RESCUE,Run practical address-to-map rescue; entrance/campground-area coordinate can be acceptable with honest popup.,Looks like ordinary campground/operator/city/county record held mainly for coordinate/source cleanup.,Coordinate rescue lead,coordinate_rescue,Private Campgrounds,no,High
pa-lead-wyoming-stony-mountain-family-campground-coordinate-rescue,PA,Stony Mountain Family Campground,ORDINARY_CAMPGROUND_COORDINATE_RESCUE,Run practical address-to-map rescue; entrance/campground-area coordinate can be acceptable with honest popup.,Looks like ordinary campground/operator/city/county record held mainly for coordinate/source cleanup.,Coordinate rescue lead,coordinate_rescue,Private Campgrounds,no,High
pa-lead-carbon-jim-thorpe-camping-resort-coordinate-rescue,PA,Jim Thorpe Camping Resort,REJECT_DUPLICATE_OR_CLOSURE_REVIEW,"Review for rejected ledger, duplicate merge, or closure/status note.","Status/action fields contain duplicate, wrong-state, closure, malformed, or do-not-import language.",Coordinate rescue lead,coordinate_rescue,Private Campgrounds,no,High
pa-lead-carbon-don-laine-campground-coordinate-rescue,PA,Don Laine Campground,ORDINARY_CAMPGROUND_COORDINATE_RESCUE,Run practical address-to-map rescue; entrance/campground-area coordinate can be acceptable with honest popup.,Looks like ordinary campground/operator/city/county record held mainly for coordinate/source cleanup.,Coordinate rescue lead,coordinate_rescue,Private Campgrounds,no,High
pa-lead-schuylkill-christmas-pines-campground-coordinate-rescue,PA,Christmas Pines Campground,ORDINARY_CAMPGROUND_COORDINATE_RESCUE,Run practical address-to-map rescue; entrance/campground-area coordinate can be acceptable with honest popup.,Looks like ordinary campground/operator/city/county record held mainly for coordinate/source cleanup.,Coordinate rescue lead,coordinate_rescue,Private Campgrounds,no,High
pa-lead-columbia-lake-glory-campground-coordinate-rescue,PA,Lake Glory Campground / Knoebels,ORDINARY_CAMPGROUND_COORDINATE_RESCUE,Run practical address-to-map rescue; entrance/campground-area coordinate can be acceptable with honest popup.,Looks like ordinary campground/operator/city/county record held mainly for coordinate/source cleanup.,Coordinate rescue lead,coordinate_rescue,Private Campgrounds,no,High
pa-lead-columbia-jd-campground-coordinate-rescue,PA,J&D Campground,ORDINARY_CAMPGROUND_COORDINATE_RESCUE,Run practical address-to-map rescue; entrance/campground-area coordinate can be acceptable with honest popup.,Looks like ordinary campground/operator/city/county record held mainly for coordinate/source cleanup.,Coordinate rescue lead,coordinate_rescue,Private Campgrounds,no,High
pa-lead-luzerne-columbia-bodnarosa-campground-coordinate-rescue,PA,Bodnarosa Campground,AREA_RULE_COMMUNITY_OR_OVERLAY_CANDIDATE,Evaluate as area/rule/community marker or overlay candidate; do not force exact campground coordinates.,"Looks like rule-area, boondocking, community, WMA/forest, permit, GIS, or overlay work.",Coordinate/county rescue lead,coordinate_rescue,Private Campgrounds,no,High
pa-lead-luzerne-council-cup-campground-coordinate-rescue,PA,Council Cup Campground,ORDINARY_CAMPGROUND_COORDINATE_RESCUE,Run practical address-to-map rescue; entrance/campground-area coordinate can be acceptable with honest popup.,Looks like ordinary campground/operator/city/county record held mainly for coordinate/source cleanup.,Coordinate rescue lead,coordinate_rescue,Private Campgrounds,no,High
pa-lead-sullivan-pioneer-campground-coordinate-rescue,PA,Pioneer Campground,ORDINARY_CAMPGROUND_COORDINATE_RESCUE,Run practical address-to-map rescue; entrance/campground-area coordinate can be acceptable with honest popup.,Looks like ordinary campground/operator/city/county record held mainly for coordinate/source cleanup.,Coordinate rescue lead,coordinate_rescue,Private Campgrounds,no,High
pa-lead-sullivan-falling-waters-campground-coordinate-rescue,PA,Falling Waters Campground,ORDINARY_CAMPGROUND_COORDINATE_RESCUE,Run practical address-to-map rescue; entrance/campground-area coordinate can be acceptable with honest popup.,Looks like ordinary campground/operator/city/county record held mainly for coordinate/source cleanup.,Coordinate rescue lead,coordinate_rescue,Private Campgrounds,no,High
pa-lead-columbia-bloomsburg-fairgrounds-event-camping,PA,Bloomsburg Fairgrounds Event Camping,TRUE_LEAD_RESEARCH_OR_EXTERNAL,Keep as lead until proof/geometry/status is resolved.,"Still has a proof, geometry, legality, duplicate, or current-status blocker.",Event-only camping lead,coordinate_rescue,Overnight Parking / Rest Areas,no,High
pa-raystown-nancys-boat-to-shore-coordinate-extraction,PA,Nancy's Boat-to-Shore Campground - Raystown Lake,ORDINARY_CAMPGROUND_COORDINATE_RESCUE,Run practical address-to-map rescue; entrance/campground-area coordinate can be acceptable with honest popup.,Looks like ordinary campground/operator/city/county record held mainly for coordinate/source cleanup.,coordinate_rescue,coordinate_rescue,Boat / Backpack,no,High
pa-trough-creek-state-park-campground-coordinate-extraction,PA,Trough Creek State Park Campground,ORDINARY_CAMPGROUND_COORDINATE_RESCUE,Run practical address-to-map rescue; entrance/campground-area coordinate can be acceptable with honest popup.,Looks like ordinary campground/operator/city/county record held mainly for coordinate/source cleanup.,coordinate_rescue,coordinate_rescue,Rustic / Primitive,no,High
pa-shawnee-state-park-campground-coordinate-extraction,PA,Shawnee State Park Campground,ORDINARY_CAMPGROUND_COORDINATE_RESCUE,Run practical address-to-map rescue; entrance/campground-area coordinate can be acceptable with honest popup.,Looks like ordinary campground/operator/city/county record held mainly for coordinate/source cleanup.,coordinate_rescue,coordinate_rescue,Modern Campgrounds,no,High
pa-gifford-pinchot-state-park-campground-coordinate-and-closure-note,PA,Gifford Pinchot State Park Campground,REJECT_DUPLICATE_OR_CLOSURE_REVIEW,"Review for rejected ledger, duplicate merge, or closure/status note.","Status/action fields contain duplicate, wrong-state, closure, malformed, or do-not-import language.",coordinate_rescue / future_closure_note,coordinate_rescue,Modern Campgrounds,no,High
pa-penn-roosevelt-state-park-camping-status,PA,Penn-Roosevelt State Park overnight/camping status,REJECT_DUPLICATE_OR_CLOSURE_REVIEW,"Review for rejected ledger, duplicate merge, or closure/status note.","Status/action fields contain duplicate, wrong-state, closure, malformed, or do-not-import language.",camping_status_unclear,needs_verification,Needs Verification,yes,Medium
pa-michaux-state-forest-designated-roadside-and-backpack-camping,PA,Michaux State Forest designated roadside + backpack camping rule/geometry,AREA_RULE_COMMUNITY_OR_OVERLAY_CANDIDATE,Evaluate as area/rule/community marker or overlay candidate; do not force exact campground coordinates.,"Looks like rule-area, boondocking, community, WMA/forest, permit, GIS, or overlay work.",geometry_extraction_needed,coordinate_rescue,Boondocking / Dispersed,no,High
pa-tuscarora-state-forest-designated-roadside-and-primitive-camping,PA,Tuscarora State Forest designated roadside + primitive camping rule/geometry,AREA_RULE_COMMUNITY_OR_OVERLAY_CANDIDATE,Evaluate as area/rule/community marker or overlay candidate; do not force exact campground coordinates.,"Looks like rule-area, boondocking, community, WMA/forest, permit, GIS, or overlay work.",geometry_extraction_needed,coordinate_rescue,Boondocking / Dispersed,no,High
pa-rothrock-state-forest-primitive-and-roadside-camping,PA,Rothrock State Forest primitive/backpack/roadside camping rule/geometry,AREA_RULE_COMMUNITY_OR_OVERLAY_CANDIDATE,Evaluate as area/rule/community marker or overlay candidate; do not force exact campground coordinates.,"Looks like rule-area, boondocking, community, WMA/forest, permit, GIS, or overlay work.",geometry_extraction_needed,coordinate_rescue,Boondocking / Dispersed,no,High
pa-buchanan-state-forest-designated-campsites,PA,Buchanan State Forest designated campsites,AREA_RULE_COMMUNITY_OR_OVERLAY_CANDIDATE,Evaluate as area/rule/community marker or overlay candidate; do not force exact campground coordinates.,"Looks like rule-area, boondocking, community, WMA/forest, permit, GIS, or overlay work.",geometry_extraction_needed,coordinate_rescue,Boondocking / Dispersed,no,High
pa-appalachian-trail-michaux-camping-rule-lead,PA,Appalachian Trail camping rules - Michaux / south-central PA,TRUE_LEAD_RESEARCH_OR_EXTERNAL,Keep as lead until proof/geometry/status is resolved.,"Still has a proof, geometry, legality, duplicate, or current-status blocker.",rule_lead / reject_trap_watch,coordinate_rescue,Boat / Backpack,no,High
pa-drummer-boy-camping-resort-coordinate-rescue,PA,Drummer Boy Camping Resort,ORDINARY_CAMPGROUND_COORDINATE_RESCUE,Run practical address-to-map rescue; entrance/campground-area coordinate can be acceptable with honest popup.,Looks like ordinary campground/operator/city/county record held mainly for coordinate/source cleanup.,coordinate_rescue,coordinate_rescue,Private Campgrounds,no,High
pa-gettysburg-battlefield-koa-coordinate-rescue,PA,Gettysburg / Battlefield KOA Holiday,ORDINARY_CAMPGROUND_COORDINATE_RESCUE,Run practical address-to-map rescue; entrance/campground-area coordinate can be acceptable with honest popup.,Looks like ordinary campground/operator/city/county record held mainly for coordinate/source cleanup.,coordinate_rescue,coordinate_rescue,Private Campgrounds,no,High
pa-conewago-campground-coordinate-rescue,PA,Conewago Campground,ORDINARY_CAMPGROUND_COORDINATE_RESCUE,Run practical address-to-map rescue; entrance/campground-area coordinate can be acceptable with honest popup.,Looks like ordinary campground/operator/city/county record held mainly for coordinate/source cleanup.,coordinate_rescue,coordinate_rescue,Private Campgrounds,no,High
pa-hersheypark-camping-resort-coordinate-rescue,PA,Hersheypark Camping Resort,ORDINARY_CAMPGROUND_COORDINATE_RESCUE,Run practical address-to-map rescue; entrance/campground-area coordinate can be acceptable with honest popup.,Looks like ordinary campground/operator/city/county record held mainly for coordinate/source cleanup.,coordinate_rescue,coordinate_rescue,Private Campgrounds,no,High
pa-hershey-road-campground-coordinate-rescue,PA,Hershey Road Campground,ORDINARY_CAMPGROUND_COORDINATE_RESCUE,Run practical address-to-map rescue; entrance/campground-area coordinate can be acceptable with honest popup.,Looks like ordinary campground/operator/city/county record held mainly for coordinate/source cleanup.,coordinate_rescue,coordinate_rescue,Private Campgrounds,no,High
pa-elizabethtown-hershey-koa-coordinate-rescue,PA,Elizabethtown / Hershey KOA Holiday,ORDINARY_CAMPGROUND_COORDINATE_RESCUE,Run practical address-to-map rescue; entrance/campground-area coordinate can be acceptable with honest popup.,Looks like ordinary campground/operator/city/county record held mainly for coordinate/source cleanup.,coordinate_rescue,coordinate_rescue,Private Campgrounds,no,High
pa-spring-gulch-rv-resort-coordinate-rescue,PA,Spring Gulch RV Resort,AREA_RULE_COMMUNITY_OR_OVERLAY_CANDIDATE,Evaluate as area/rule/community marker or overlay candidate; do not force exact campground coordinates.,"Looks like rule-area, boondocking, community, WMA/forest, permit, GIS, or overlay work.",coordinate_rescue,coordinate_rescue,Private Campgrounds,no,High
pa-old-mill-stream-campground-coordinate-rescue,PA,Old Mill Stream Campground,ORDINARY_CAMPGROUND_COORDINATE_RESCUE,Run practical address-to-map rescue; entrance/campground-area coordinate can be acceptable with honest popup.,Looks like ordinary campground/operator/city/county record held mainly for coordinate/source cleanup.,coordinate_rescue,coordinate_rescue,Private Campgrounds,no,High
pa-country-acres-campground-coordinate-rescue,PA,Country Acres Campground,ORDINARY_CAMPGROUND_COORDINATE_RESCUE,Run practical address-to-map rescue; entrance/campground-area coordinate can be acceptable with honest popup.,Looks like ordinary campground/operator/city/county record held mainly for coordinate/source cleanup.,coordinate_rescue,coordinate_rescue,Private Campgrounds,no,High
pa-mill-bridge-village-camp-resort-coordinate-rescue,PA,Mill Bridge Village Camp Resort,REJECT_DUPLICATE_OR_CLOSURE_REVIEW,"Review for rejected ledger, duplicate merge, or closure/status note.","Status/action fields contain duplicate, wrong-state, closure, malformed, or do-not-import language.",coordinate_rescue,coordinate_rescue,Private Campgrounds,no,High
pa-white-oak-campground-coordinate-rescue,PA,White Oak Campground,ORDINARY_CAMPGROUND_COORDINATE_RESCUE,Run practical address-to-map rescue; entrance/campground-area coordinate can be acceptable with honest popup.,Looks like ordinary campground/operator/city/county record held mainly for coordinate/source cleanup.,coordinate_rescue,coordinate_rescue,Private Campgrounds,no,High
pa-tucquan-park-family-campground-coordinate-rescue,PA,Tucquan Park Family Campground,ORDINARY_CAMPGROUND_COORDINATE_RESCUE,Run practical address-to-map rescue; entrance/campground-area coordinate can be acceptable with honest popup.,Looks like ordinary campground/operator/city/county record held mainly for coordinate/source cleanup.,coordinate_rescue,coordinate_rescue,Private Campgrounds,no,High
pa-circle-m-rv-camping-resort-coordinate-rescue,PA,Circle M RV & Camping Resort,ORDINARY_CAMPGROUND_COORDINATE_RESCUE,Run practical address-to-map rescue; entrance/campground-area coordinate can be acceptable with honest popup.,Looks like ordinary campground/operator/city/county record held mainly for coordinate/source cleanup.,coordinate_rescue,coordinate_rescue,Private Campgrounds,no,High
pa-western-village-rv-park-coordinate-rescue,PA,Western Village RV Park,ORDINARY_CAMPGROUND_COORDINATE_RESCUE,Run practical address-to-map rescue; entrance/campground-area coordinate can be acceptable with honest popup.,Looks like ordinary campground/operator/city/county record held mainly for coordinate/source cleanup.,coordinate_rescue,coordinate_rescue,Private Campgrounds,no,High
pa-mountain-creek-campground-coordinate-rescue,PA,Mountain Creek Campground,ORDINARY_CAMPGROUND_COORDINATE_RESCUE,Run practical address-to-map rescue; entrance/campground-area coordinate can be acceptable with honest popup.,Looks like ordinary campground/operator/city/county record held mainly for coordinate/source cleanup.,coordinate_rescue,coordinate_rescue,Private Campgrounds,no,High
pa-twin-bridge-campground-coordinate-rescue,PA,Twin Bridge Campground,ORDINARY_CAMPGROUND_COORDINATE_RESCUE,Run practical address-to-map rescue; entrance/campground-area coordinate can be acceptable with honest popup.,Looks like ordinary campground/operator/city/county record held mainly for coordinate/source cleanup.,coordinate_rescue,coordinate_rescue,Private Campgrounds,no,High
pa-saunderosa-park-coordinate-rescue,PA,Saunderosa Park Campground,ORDINARY_CAMPGROUND_COORDINATE_RESCUE,Run practical address-to-map rescue; entrance/campground-area coordinate can be acceptable with honest popup.,Looks like ordinary campground/operator/city/county record held mainly for coordinate/source cleanup.,coordinate_rescue,coordinate_rescue,Private Campgrounds,no,High
pa-heritage-cove-resort-coordinate-rescue,PA,Heritage Cove Resort,ORDINARY_CAMPGROUND_COORDINATE_RESCUE,Run practical address-to-map rescue; entrance/campground-area coordinate can be acceptable with honest popup.,Looks like ordinary campground/operator/city/county record held mainly for coordinate/source cleanup.,coordinate_rescue,coordinate_rescue,Private Campgrounds,no,High
pa-pleasant-hills-campground-coordinate-rescue,PA,Pleasant Hills Campground,ORDINARY_CAMPGROUND_COORDINATE_RESCUE,Run practical address-to-map rescue; entrance/campground-area coordinate can be acceptable with honest popup.,Looks like ordinary campground/operator/city/county record held mainly for coordinate/source cleanup.,coordinate_rescue,coordinate_rescue,Private Campgrounds,no,High
pa-honey-bear-campground-coordinate-rescue,PA,Honey Bear Campground,ORDINARY_CAMPGROUND_COORDINATE_RESCUE,Run practical address-to-map rescue; entrance/campground-area coordinate can be acceptable with honest popup.,Looks like ordinary campground/operator/city/county record held mainly for coordinate/source cleanup.,coordinate_rescue,coordinate_rescue,Private Campgrounds,no,High
pa-wrights-orchard-station-campground-coordinate-rescue,PA,Wrights Orchard Station Campground,ORDINARY_CAMPGROUND_COORDINATE_RESCUE,Run practical address-to-map rescue; entrance/campground-area coordinate can be acceptable with honest popup.,Looks like ordinary campground/operator/city/county record held mainly for coordinate/source cleanup.,coordinate_rescue,coordinate_rescue,Private Campgrounds,no,High
pa-friendship-village-campground-coordinate-rescue,PA,Friendship Village Campground & RV Park,ORDINARY_CAMPGROUND_COORDINATE_RESCUE,Run practical address-to-map rescue; entrance/campground-area coordinate can be acceptable with honest popup.,Looks like ordinary campground/operator/city/county record held mainly for coordinate/source cleanup.,coordinate_rescue,coordinate_rescue,Private Campgrounds,no,High
pa-harrisburg-east-campground-coordinate-rescue,PA,Harrisburg East Campground,ORDINARY_CAMPGROUND_COORDINATE_RESCUE,Run practical address-to-map rescue; entrance/campground-area coordinate can be acceptable with honest popup.,Looks like ordinary campground/operator/city/county record held mainly for coordinate/source cleanup.,coordinate_rescue,coordinate_rescue,Private Campgrounds,no,High
pa-jonestown-hershey-ne-koa-coordinate-rescue,PA,Jonestown / Hershey NE KOA Journey,ORDINARY_CAMPGROUND_COORDINATE_RESCUE,Run practical address-to-map rescue; entrance/campground-area coordinate can be acceptable with honest popup.,Looks like ordinary campground/operator/city/county record held mainly for coordinate/source cleanup.,coordinate_rescue,coordinate_rescue,Private Campgrounds,no,High
pa-lead-prince-gallitzin-crooked-run-campground-coordinate-rescue,PA,Crooked Run Campground / Prince Gallitzin State Park,ORDINARY_CAMPGROUND_COORDINATE_RESCUE,Run practical address-to-map rescue; entrance/campground-area coordinate can be acceptable with honest popup.,Looks like ordinary campground/operator/city/county record held mainly for coordinate/source cleanup.,lead_coordinate_rescue,coordinate_rescue,Modern Campgrounds,no,High
pa-lead-ryerson-station-state-park-campground-coordinate-rescue,PA,Ryerson Station State Park Campground,ORDINARY_CAMPGROUND_COORDINATE_RESCUE,Run practical address-to-map rescue; entrance/campground-area coordinate can be acceptable with honest popup.,Looks like ordinary campground/operator/city/county record held mainly for coordinate/source cleanup.,lead_coordinate_rescue,coordinate_rescue,Modern Campgrounds likely,no,High
pa-lead-forbes-state-forest-roadside-camping-area-rule,PA,Forbes State Forest Roadside / Primitive Camping,AREA_RULE_COMMUNITY_OR_OVERLAY_CANDIDATE,Evaluate as area/rule/community marker or overlay candidate; do not force exact campground coordinates.,"Looks like rule-area, boondocking, community, WMA/forest, permit, GIS, or overlay work.",lead_area_rule,coordinate_rescue,Boondocking / Dispersed,no,High
pa-lead-laurel-highlands-hiking-trail-shelter-areas-coordinate-extraction,PA,Laurel Highlands Hiking Trail overnight shelter areas,AREA_RULE_COMMUNITY_OR_OVERLAY_CANDIDATE,Evaluate as area/rule/community marker or overlay candidate; do not force exact campground coordinates.,"Looks like rule-area, boondocking, community, WMA/forest, permit, GIS, or overlay work.",Official backpack shelter system; exact shelter-area coordinates needed,coordinate_rescue,Boat / Backpack,no,High
pa-lead-youghiogheny-river-lake-outflow-campground,PA,Outflow Campground / Youghiogheny River Lake,ORDINARY_CAMPGROUND_COORDINATE_RESCUE,Run practical address-to-map rescue; entrance/campground-area coordinate can be acceptable with honest popup.,Looks like ordinary campground/operator/city/county record held mainly for coordinate/source cleanup.,lead_coordinate_rescue,coordinate_rescue,Modern Campgrounds likely,no,High
pa-lead-youghiogheny-river-lake-component-campgrounds,PA,Youghiogheny River Lake Campground Components,ORDINARY_CAMPGROUND_COORDINATE_RESCUE,Run practical address-to-map rescue; entrance/campground-area coordinate can be acceptable with honest popup.,Looks like ordinary campground/operator/city/county record held mainly for coordinate/source cleanup.,lead_source_family,coordinate_rescue,Rustic / Primitive + Modern split likely,no,High
pa-lead-loyalhanna-lake-bush-recreation-area-campground,PA,Bush Recreation Area Campground / Loyalhanna Lake,ORDINARY_CAMPGROUND_COORDINATE_RESCUE,Run practical address-to-map rescue; entrance/campground-area coordinate can be acceptable with honest popup.,Looks like ordinary campground/operator/city/county record held mainly for coordinate/source cleanup.,lead_coordinate_rescue,coordinate_rescue,Modern Campgrounds,no,High
pa-lead-somerset-quemahoning-family-recreation-area-coordinate-rescue,PA,Quemahoning Family Recreation Area Campground,ORDINARY_CAMPGROUND_COORDINATE_RESCUE,Run practical address-to-map rescue; entrance/campground-area coordinate can be acceptable with honest popup.,Looks like ordinary campground/operator/city/county record held mainly for coordinate/source cleanup.,lead_coordinate_rescue,coordinate_rescue,Modern Campgrounds likely,no,High
pa-lead-green-lane-deep-creek-campground,PA,Deep Creek Campground / Green Lane Park,ORDINARY_CAMPGROUND_COORDINATE_RESCUE,Run practical address-to-map rescue; entrance/campground-area coordinate can be acceptable with honest popup.,Looks like ordinary campground/operator/city/county record held mainly for coordinate/source cleanup.,lead_coordinate_rescue,coordinate_rescue,Rustic / Primitive,no,High
pa-lead-bucks-tohickon-valley-park-campground,PA,Tohickon Valley Park Campground,ORDINARY_CAMPGROUND_COORDINATE_RESCUE,Run practical address-to-map rescue; entrance/campground-area coordinate can be acceptable with honest popup.,Looks like ordinary campground/operator/city/county record held mainly for coordinate/source cleanup.,lead_coordinate_rescue,coordinate_rescue,Rustic / Primitive,no,High
pa-lead-bucks-tinicum-park-campground,PA,Tinicum Park Campground,ORDINARY_CAMPGROUND_COORDINATE_RESCUE,Run practical address-to-map rescue; entrance/campground-area coordinate can be acceptable with honest popup.,Looks like ordinary campground/operator/city/county record held mainly for coordinate/source cleanup.,lead_coordinate_rescue,coordinate_rescue,Rustic / Primitive,no,High
pa-lead-bucks-lake-towhee-campground-proof-coordinate-rescue,PA,Lake Towhee Campground,ORDINARY_CAMPGROUND_COORDINATE_RESCUE,Run practical address-to-map rescue; entrance/campground-area coordinate can be acceptable with honest popup.,Looks like ordinary campground/operator/city/county record held mainly for coordinate/source cleanup.,lead_proof_coordinate_rescue,coordinate_rescue,Rustic / Primitive likely,no,High
pa-lead-bucks-colonial-woods-family-camping-resort,PA,Colonial Woods Family Camping Resort,ORDINARY_CAMPGROUND_COORDINATE_RESCUE,Run practical address-to-map rescue; entrance/campground-area coordinate can be acceptable with honest popup.,Looks like ordinary campground/operator/city/county record held mainly for coordinate/source cleanup.,lead_coordinate_rescue,coordinate_rescue,Private Campgrounds,no,High
pa-lead-lehigh-allentown-koa-journey,PA,Allentown KOA Journey,ORDINARY_CAMPGROUND_COORDINATE_RESCUE,Run practical address-to-map rescue; entrance/campground-area coordinate can be acceptable with honest popup.,Looks like ordinary campground/operator/city/county record held mainly for coordinate/source cleanup.,lead_coordinate_rescue,coordinate_rescue,Private Campgrounds,no,High
pa-lead-berks-blue-rocks-family-campground,PA,Blue Rocks Family Campground,ORDINARY_CAMPGROUND_COORDINATE_RESCUE,Run practical address-to-map rescue; entrance/campground-area coordinate can be acceptable with honest popup.,Looks like ordinary campground/operator/city/county record held mainly for coordinate/source cleanup.,lead_coordinate_rescue,coordinate_rescue,Private Campgrounds,no,High
pa-lead-northampton-driftstone-campground,PA,Driftstone Campground,ORDINARY_CAMPGROUND_COORDINATE_RESCUE,Run practical address-to-map rescue; entrance/campground-area coordinate can be acceptable with honest popup.,Looks like ordinary campground/operator/city/county record held mainly for coordinate/source cleanup.,lead_coordinate_rescue,coordinate_rescue,Private Campgrounds,no,High
pa-lead-fayette-tall-oaks-campground,PA,Tall Oaks Campground,ORDINARY_CAMPGROUND_COORDINATE_RESCUE,Run practical address-to-map rescue; entrance/campground-area coordinate can be acceptable with honest popup.,Looks like ordinary campground/operator/city/county record held mainly for coordinate/source cleanup.,lead_coordinate_rescue,coordinate_rescue,Private Campgrounds,no,High
pa-lead-somerset-pioneer-lakes-rv-park,PA,Pioneer Lakes RV Park,ORDINARY_CAMPGROUND_COORDINATE_RESCUE,Run practical address-to-map rescue; entrance/campground-area coordinate can be acceptable with honest popup.,Looks like ordinary campground/operator/city/county record held mainly for coordinate/source cleanup.,lead_coordinate_rescue,coordinate_rescue,Private Campgrounds,no,High
pa-lead-westmoreland-donegal-campground,PA,Donegal Campground,ORDINARY_CAMPGROUND_COORDINATE_RESCUE,Run practical address-to-map rescue; entrance/campground-area coordinate can be acceptable with honest popup.,Looks like ordinary campground/operator/city/county record held mainly for coordinate/source cleanup.,lead_coordinate_rescue,coordinate_rescue,Private Campgrounds,no,High
pa-lead-westmoreland-county-organized-group-camping-system,PA,Westmoreland County Parks Organized Group Camping Areas,TRUE_LEAD_RESEARCH_OR_EXTERNAL,Keep as lead until proof/geometry/status is resolved.,"Still has a proof, geometry, legality, duplicate, or current-status blocker.",lead_group_camping,coordinate_rescue,Rustic / Primitive or Needs Verification,no,High
pa-lead-uniontown-koa-holiday-status-conflict,PA,Uniontown KOA Holiday,ORDINARY_CAMPGROUND_COORDINATE_RESCUE,Run practical address-to-map rescue; entrance/campground-area coordinate can be acceptable with honest popup.,Looks like ordinary campground/operator/city/county record held mainly for coordinate/source cleanup.,needs_verification,needs_verification,Private Campgrounds,no,Medium
ia-lead-lake-pahoja-lakeview-campground-coordinate-rescue,IA,Lake Pahoja Recreation Area — Lakeview Campground,ORDINARY_CAMPGROUND_COORDINATE_RESCUE,Run practical address-to-map rescue; entrance/campground-area coordinate can be acceptable with honest popup.,Looks like ordinary campground/operator/city/county record held mainly for coordinate/source cleanup.,`official_county_campground_coordinate_rescue`,coordinate_rescue,Modern Campgrounds,no,High
ia-lead-lake-pahoja-prairie-view-campground-coordinate-rescue,IA,Lake Pahoja Recreation Area — Prairie View Campground,ORDINARY_CAMPGROUND_COORDINATE_RESCUE,Run practical address-to-map rescue; entrance/campground-area coordinate can be acceptable with honest popup.,Looks like ordinary campground/operator/city/county record held mainly for coordinate/source cleanup.,`official_county_campground_coordinate_rescue`,coordinate_rescue,Modern Campgrounds,no,High
ia-lead-big-sioux-recreation-area-campgrounds-coordinate-rescue,IA,Big Sioux Recreation Area / Meadowlark + other campgrounds,ORDINARY_CAMPGROUND_COORDINATE_RESCUE,Run practical address-to-map rescue; entrance/campground-area coordinate can be acceptable with honest popup.,Looks like ordinary campground/operator/city/county record held mainly for coordinate/source cleanup.,`official_county_campground_coordinate_rescue`,coordinate_rescue,Modern Campgrounds,no,High
ia-lead-oak-grove-big-sioux-turkey-ridge-deer-run-coordinate-rescue,IA,Oak Grove / Big Sioux Park — Turkey Ridge / Deer Run campgrounds,REJECT_DUPLICATE_OR_CLOSURE_REVIEW,"Review for rejected ledger, duplicate merge, or closure/status note.","Status/action fields contain duplicate, wrong-state, closure, malformed, or do-not-import language.",`component_coordinate_rescue`,coordinate_rescue,Needs Verification,no,High
ia-lead-willow-creek-county-park-campground-coordinate-rescue,IA,Willow Creek County Park Campground,ORDINARY_CAMPGROUND_COORDINATE_RESCUE,Run practical address-to-map rescue; entrance/campground-area coordinate can be acceptable with honest popup.,Looks like ordinary campground/operator/city/county record held mainly for coordinate/source cleanup.,`official_proof_coordinate_rescue`,coordinate_rescue,Modern Campgrounds,no,High
ia-lead-hawkeye-point-campground-coordinate-rescue,IA,Hawkeye Point Campground,ORDINARY_CAMPGROUND_COORDINATE_RESCUE,Run practical address-to-map rescue; entrance/campground-area coordinate can be acceptable with honest popup.,Looks like ordinary campground/operator/city/county record held mainly for coordinate/source cleanup.,`official_county_campground_coordinate_rescue`,coordinate_rescue,Modern Campgrounds,no,High
ia-lead-dog-creek-park-campground-coordinate-rescue,IA,Dog Creek Park Campground,ORDINARY_CAMPGROUND_COORDINATE_RESCUE,Run practical address-to-map rescue; entrance/campground-area coordinate can be acceptable with honest popup.,Looks like ordinary campground/operator/city/county record held mainly for coordinate/source cleanup.,`official_county_campground_coordinate_rescue`,coordinate_rescue,Modern Campgrounds,no,High
ia-lead-mill-creek-park-campground-coordinate-rescue,IA,Mill Creek Park Campground,ORDINARY_CAMPGROUND_COORDINATE_RESCUE,Run practical address-to-map rescue; entrance/campground-area coordinate can be acceptable with honest popup.,Looks like ordinary campground/operator/city/county record held mainly for coordinate/source cleanup.,`official_county_campground_coordinate_rescue`,coordinate_rescue,Modern Campgrounds,no,High
ia-lead-hillview-recreation-area-campgrounds-coordinate-rescue,IA,Hillview Recreation Area — Deer Ridge / Bur Oak / Beaver Creek campgrounds,TRUE_LEAD_RESEARCH_OR_EXTERNAL,Keep as lead until proof/geometry/status is resolved.,"Still has a proof, geometry, legality, duplicate, or current-status blocker.",`official_county_campground_split_coordinate_rescue`,coordinate_rescue,Modern + Rustic / Primitive split likely,no,High
ia-lead-five-ridge-prairie-camping-cabin-coordinate-rescue,IA,Five Ridge Prairie Camping Cabin,ORDINARY_CAMPGROUND_COORDINATE_RESCUE,Run practical address-to-map rescue; entrance/campground-area coordinate can be acceptable with honest popup.,Looks like ordinary campground/operator/city/county record held mainly for coordinate/source cleanup.,`official_overnight_cabin_lead_coordinate_rescue`,coordinate_rescue,Rustic / Primitive,no,High
ia-lead-silver-sioux-recreation-area-campground-coordinate-rescue,IA,Silver Sioux Recreation Area Campground,ORDINARY_CAMPGROUND_COORDINATE_RESCUE,Run practical address-to-map rescue; entrance/campground-area coordinate can be acceptable with honest popup.,Looks like ordinary campground/operator/city/county record held mainly for coordinate/source cleanup.,`official_county_campground_coordinate_rescue`,coordinate_rescue,Modern Campgrounds,no,High
ia-lead-martins-access-modern-primitive-coordinate-rescue,IA,Martin’s Access Modern + Primitive Campgrounds,TRUE_LEAD_RESEARCH_OR_EXTERNAL,Keep as lead until proof/geometry/status is resolved.,"Still has a proof, geometry, legality, duplicate, or current-status blocker.",`official_county_campground_split_coordinate_rescue`,coordinate_rescue,Modern + Rustic / Primitive split likely,no,High
ia-lead-stieneke-area-primitive-campsites-coordinate-rescue,IA,Stieneke Area Primitive Campsites,ORDINARY_CAMPGROUND_COORDINATE_RESCUE,Run practical address-to-map rescue; entrance/campground-area coordinate can be acceptable with honest popup.,Looks like ordinary campground/operator/city/county record held mainly for coordinate/source cleanup.,`official_proof_coordinate_rescue`,coordinate_rescue,Rustic / Primitive,no,High
ia-lead-larson-lake-primitive-camping-coordinate-rescue,IA,Larson Lake Primitive Campsites,ORDINARY_CAMPGROUND_COORDINATE_RESCUE,Run practical address-to-map rescue; entrance/campground-area coordinate can be acceptable with honest popup.,Looks like ordinary campground/operator/city/county record held mainly for coordinate/source cleanup.,`official_county_primitive_coordinate_rescue`,coordinate_rescue,Rustic / Primitive,no,High
ia-lead-little-sioux-park-campground-coordinate-rescue,IA,Little Sioux Park Campgrounds,ORDINARY_CAMPGROUND_COORDINATE_RESCUE,Run practical address-to-map rescue; entrance/campground-area coordinate can be acceptable with honest popup.,Looks like ordinary campground/operator/city/county record held mainly for coordinate/source cleanup.,`official_map_georeference_needed`,coordinate_rescue,Modern Campgrounds,no,High
ia-lead-southwood-conservation-area-campground-coordinate-rescue,IA,Southwood Conservation Area Campground,ORDINARY_CAMPGROUND_COORDINATE_RESCUE,Run practical address-to-map rescue; entrance/campground-area coordinate can be acceptable with honest popup.,Looks like ordinary campground/operator/city/county record held mainly for coordinate/source cleanup.,`official_county_campground_coordinate_rescue`,coordinate_rescue,Modern Campgrounds,no,High
ia-lead-snyder-bend-park-campground-coordinate-rescue,IA,Snyder Bend Park Campground,ORDINARY_CAMPGROUND_COORDINATE_RESCUE,Run practical address-to-map rescue; entrance/campground-area coordinate can be acceptable with honest popup.,Looks like ordinary campground/operator/city/county record held mainly for coordinate/source cleanup.,`official_county_campground_coordinate_rescue`,coordinate_rescue,Modern Campgrounds,no,High
ia-lead-bigelow-browns-lake-campground-coordinate-rescue,IA,Bigelow Park / Brown’s Lake Campground,ORDINARY_CAMPGROUND_COORDINATE_RESCUE,Run practical address-to-map rescue; entrance/campground-area coordinate can be acceptable with honest popup.,Looks like ordinary campground/operator/city/county record held mainly for coordinate/source cleanup.,`official_map_coordinate_rescue`,coordinate_rescue,Modern Campgrounds,no,High
ia-lead-grant-park-campground-coordinate-rescue,IA,Grant Park Campground,ORDINARY_CAMPGROUND_COORDINATE_RESCUE,Run practical address-to-map rescue; entrance/campground-area coordinate can be acceptable with honest popup.,Looks like ordinary campground/operator/city/county record held mainly for coordinate/source cleanup.,`component_split_coordinate_rescue`,coordinate_rescue,Modern + Rustic / Primitive split,no,High
ia-lead-hagge-park-campground-coordinate-rescue,IA,Hagge Park Campground,ORDINARY_CAMPGROUND_COORDINATE_RESCUE,Run practical address-to-map rescue; entrance/campground-area coordinate can be acceptable with honest popup.,Looks like ordinary campground/operator/city/county record held mainly for coordinate/source cleanup.,`official_county_campground_coordinate_layer_rescue`,coordinate_rescue,Needs Verification,no,High
ia-lead-reiff-park-campground-coordinate-rescue,IA,Reiff Park Campground,ORDINARY_CAMPGROUND_COORDINATE_RESCUE,Run practical address-to-map rescue; entrance/campground-area coordinate can be acceptable with honest popup.,Looks like ordinary campground/operator/city/county record held mainly for coordinate/source cleanup.,`official_county_campground_coordinate_rescue`,coordinate_rescue,Rustic / Primitive,no,High
ia-lead-peters-park-campground-coordinate-rescue,IA,Peters Park / Rodney Pits Campground,ORDINARY_CAMPGROUND_COORDINATE_RESCUE,Run practical address-to-map rescue; entrance/campground-area coordinate can be acceptable with honest popup.,Looks like ordinary campground/operator/city/county record held mainly for coordinate/source cleanup.,`official_county_campground_coordinate_rescue`,coordinate_rescue,Modern Campgrounds,no,High
ia-lead-grays-landing-campground-coordinate-rescue,IA,Gray’s Landing Campground,ORDINARY_CAMPGROUND_COORDINATE_RESCUE,Run practical address-to-map rescue; entrance/campground-area coordinate can be acceptable with honest popup.,Looks like ordinary campground/operator/city/county record held mainly for coordinate/source cleanup.,`official_county_campground_coordinate_rescue`,coordinate_rescue,Rustic / Primitive,no,High
ia-lead-huff-warner-access-campground-coordinate-rescue,IA,Huff-Warner Access Campground,ORDINARY_CAMPGROUND_COORDINATE_RESCUE,Run practical address-to-map rescue; entrance/campground-area coordinate can be acceptable with honest popup.,Looks like ordinary campground/operator/city/county record held mainly for coordinate/source cleanup.,`official_county_campground_coordinate_rescue`,coordinate_rescue,Modern Campgrounds,no,High
ia-lead-oldham-recreation-area-campground-coordinate-rescue,IA,Oldham Recreation Area Campground,ORDINARY_CAMPGROUND_COORDINATE_RESCUE,Run practical address-to-map rescue; entrance/campground-area coordinate can be acceptable with honest popup.,Looks like ordinary campground/operator/city/county record held mainly for coordinate/source cleanup.,`official_county_campground_coordinate_rescue`,coordinate_rescue,Rustic / Primitive,no,High
ia-lead-whiting-woods-campground-coordinate-rescue,IA,Whiting Woods Campground,AREA_RULE_COMMUNITY_OR_OVERLAY_CANDIDATE,Evaluate as area/rule/community marker or overlay candidate; do not force exact campground coordinates.,"Looks like rule-area, boondocking, community, WMA/forest, permit, GIS, or overlay work.",`official_county_campground_coordinate_rescue`,coordinate_rescue,Rustic / Primitive,no,High
ia-lead-swan-lake-state-park-campground-coordinate-rescue,IA,Swan Lake State Park Campground,ORDINARY_CAMPGROUND_COORDINATE_RESCUE,Run practical address-to-map rescue; entrance/campground-area coordinate can be acceptable with honest popup.,Looks like ordinary campground/operator/city/county record held mainly for coordinate/source cleanup.,`official_county_managed_state_park_coordinate_rescue`,coordinate_rescue,Modern Campgrounds,no,High
ia-lead-richey-access-campground-coordinate-rescue,IA,Richey Access Campground,REJECT_DUPLICATE_OR_CLOSURE_REVIEW,"Review for rejected ledger, duplicate merge, or closure/status note.","Status/action fields contain duplicate, wrong-state, closure, malformed, or do-not-import language.",`official_proof_coordinate_rescue`,coordinate_rescue,Rustic / Primitive,no,High
ia-lead-manteno-park-campground-coordinate-rescue,IA,Manteno Park Campground,ORDINARY_CAMPGROUND_COORDINATE_RESCUE,Run practical address-to-map rescue; entrance/campground-area coordinate can be acceptable with honest popup.,Looks like ordinary campground/operator/city/county record held mainly for coordinate/source cleanup.,`official_county_campground_coordinate_rescue`,coordinate_rescue,Modern Campgrounds,no,High
ia-lead-nishna-bend-recreation-area-campground-coordinate-rescue,IA,Nishna Bend Recreation Area Campground,ORDINARY_CAMPGROUND_COORDINATE_RESCUE,Run practical address-to-map rescue; entrance/campground-area coordinate can be acceptable with honest popup.,Looks like ordinary campground/operator/city/county record held mainly for coordinate/source cleanup.,`official_county_campground_coordinate_rescue`,coordinate_rescue,Modern Campgrounds,no,High
ia-lead-willow-lake-recreation-area-campground-coordinate-rescue,IA,Willow Lake Recreation Area Campground,ORDINARY_CAMPGROUND_COORDINATE_RESCUE,Run practical address-to-map rescue; entrance/campground-area coordinate can be acceptable with honest popup.,Looks like ordinary campground/operator/city/county record held mainly for coordinate/source cleanup.,`official_county_campground_coordinate_rescue`,coordinate_rescue,Modern Campgrounds,no,High
ia-lead-schaben-park-campground-coordinate-rescue,IA,Schaben Park Campground,ORDINARY_CAMPGROUND_COORDINATE_RESCUE,Run practical address-to-map rescue; entrance/campground-area coordinate can be acceptable with honest popup.,Looks like ordinary campground/operator/city/county record held mainly for coordinate/source cleanup.,`official_county_campground_coordinate_rescue`,coordinate_rescue,Modern Campgrounds,no,High
ia-lead-arrowhead-park-rv-camping-coordinate-rescue,IA,Arrowhead Park RV Camping,TRUE_LEAD_RESEARCH_OR_EXTERNAL,Keep as lead until proof/geometry/status is resolved.,"Still has a proof, geometry, legality, duplicate, or current-status blocker.",`official_county_campground_coordinate_rescue`,coordinate_rescue,Needs Verification,no,High
ia-lead-hitchcock-nature-center-campgrounds-coordinate-rescue,IA,Hitchcock Nature Center RV + group/backcountry camping,TRUE_LEAD_RESEARCH_OR_EXTERNAL,Keep as lead until proof/geometry/status is resolved.,"Still has a proof, geometry, legality, duplicate, or current-status blocker.",`official_county_campground_split_coordinate_rescue`,coordinate_rescue,Modern + Boat / Backpack split likely,no,High
ia-lead-botna-bend-rv-camping-coordinate-rescue,IA,Botna Bend Park RV Camping,TRUE_LEAD_RESEARCH_OR_EXTERNAL,Keep as lead until proof/geometry/status is resolved.,"Still has a proof, geometry, legality, duplicate, or current-status blocker.",`official_county_campground_coordinate_rescue`,coordinate_rescue,Needs Verification,no,High
ia-lead-lake-manawa-state-park-campground-coordinate-rescue,IA,Lake Manawa State Park Campground,ORDINARY_CAMPGROUND_COORDINATE_RESCUE,Run practical address-to-map rescue; entrance/campground-area coordinate can be acceptable with honest popup.,Looks like ordinary campground/operator/city/county record held mainly for coordinate/source cleanup.,`official_dnr_campground_coordinate_rescue`,coordinate_rescue,Modern Campgrounds,no,High
ia-lead-pony-creek-park-camping-coordinate-rescue,IA,Pony Creek Park Campground,ORDINARY_CAMPGROUND_COORDINATE_RESCUE,Run practical address-to-map rescue; entrance/campground-area coordinate can be acceptable with honest popup.,Looks like ordinary campground/operator/city/county record held mainly for coordinate/source cleanup.,`official_county_campground_coordinate_rescue`,coordinate_rescue,Rustic / Primitive,no,High
ia-lead-fremont-county-conservation-rv-park-coordinate-rescue,IA,Fremont County Conservation RV Park / Campground,ORDINARY_CAMPGROUND_COORDINATE_RESCUE,Run practical address-to-map rescue; entrance/campground-area coordinate can be acceptable with honest popup.,Looks like ordinary campground/operator/city/county record held mainly for coordinate/source cleanup.,`official_county_rv_campground_coordinate_rescue`,coordinate_rescue,Rustic / Primitive,no,High
ia-lead-hacklebarney-woods-park-campgrounds-coordinate-rescue,IA,Hacklebarney Woods Park Campgrounds,TRUE_LEAD_RESEARCH_OR_EXTERNAL,Keep as lead until proof/geometry/status is resolved.,"Still has a proof, geometry, legality, duplicate, or current-status blocker.",`official_county_campground_split_coordinate_rescue`,coordinate_rescue,Modern + Rustic / Primitive split likely,no,High
ia-lead-viking-lake-state-park-campground-coordinate-rescue,IA,Viking Lake State Park Campground,ORDINARY_CAMPGROUND_COORDINATE_RESCUE,Run practical address-to-map rescue; entrance/campground-area coordinate can be acceptable with honest popup.,Looks like ordinary campground/operator/city/county record held mainly for coordinate/source cleanup.,`official_dnr_campground_coordinate_rescue`,coordinate_rescue,Modern Campgrounds,no,High
ia-lead-pierce-creek-recreation-area-campgrounds-coordinate-rescue,IA,Pierce Creek Recreation Area Campgrounds,ORDINARY_CAMPGROUND_COORDINATE_RESCUE,Run practical address-to-map rescue; entrance/campground-area coordinate can be acceptable with honest popup.,Looks like ordinary campground/operator/city/county record held mainly for coordinate/source cleanup.,`official_county_campground_coordinate_rescue`,coordinate_rescue,Rustic / Primitive,no,High
ia-lead-nodaway-valley-park-campground-coordinate-rescue,IA,Nodaway Valley Park Campground,ORDINARY_CAMPGROUND_COORDINATE_RESCUE,Run practical address-to-map rescue; entrance/campground-area coordinate can be acceptable with honest popup.,Looks like ordinary campground/operator/city/county record held mainly for coordinate/source cleanup.,`official_county_campground_coordinate_rescue`,coordinate_rescue,Rustic / Primitive,no,High
ia-lead-rapp-park-campground-coordinate-rescue,IA,Rapp Park Campground,ORDINARY_CAMPGROUND_COORDINATE_RESCUE,Run practical address-to-map rescue; entrance/campground-area coordinate can be acceptable with honest popup.,Looks like ordinary campground/operator/city/county record held mainly for coordinate/source cleanup.,`official_county_campground_coordinate_rescue`,coordinate_rescue,Rustic / Primitive,no,High
ia-lead-lake-anita-state-park-campground-coordinate-rescue,IA,Lake Anita State Park Campground,ORDINARY_CAMPGROUND_COORDINATE_RESCUE,Run practical address-to-map rescue; entrance/campground-area coordinate can be acceptable with honest popup.,Looks like ordinary campground/operator/city/county record held mainly for coordinate/source cleanup.,`official_dnr_campground_coordinate_rescue`,coordinate_rescue,Modern Campgrounds,no,High
ia-lead-cold-springs-park-campground-coordinate-rescue,IA,Cold Springs Park Campground,ORDINARY_CAMPGROUND_COORDINATE_RESCUE,Run practical address-to-map rescue; entrance/campground-area coordinate can be acceptable with honest popup.,Looks like ordinary campground/operator/city/county record held mainly for coordinate/source cleanup.,`official_county_campground_coordinate_rescue`,coordinate_rescue,Modern Campgrounds,no,High
ia-lead-littlefield-recreation-area-campground-coordinate-rescue,IA,Littlefield Recreation Area Campgrounds,ORDINARY_CAMPGROUND_COORDINATE_RESCUE,Run practical address-to-map rescue; entrance/campground-area coordinate can be acceptable with honest popup.,Looks like ordinary campground/operator/city/county record held mainly for coordinate/source cleanup.,`official_county_campground_coordinate_rescue`,coordinate_rescue,Modern Campgrounds,no,High
ia-lead-black-hawk-state-park-campground-coordinate-rescue,IA,Black Hawk State Park Campground,ORDINARY_CAMPGROUND_COORDINATE_RESCUE,Run practical address-to-map rescue; entrance/campground-area coordinate can be acceptable with honest popup.,Looks like ordinary campground/operator/city/county record held mainly for coordinate/source cleanup.,`official_dnr_campground_coordinate_rescue`,coordinate_rescue,Needs Verification,no,High
ia-lead-stone-state-park-campground-coordinate-rescue,IA,Stone State Park Campground,ORDINARY_CAMPGROUND_COORDINATE_RESCUE,Run practical address-to-map rescue; entrance/campground-area coordinate can be acceptable with honest popup.,Looks like ordinary campground/operator/city/county record held mainly for coordinate/source cleanup.,`official_dnr_campground_coordinate_rescue`,coordinate_rescue,Modern Campgrounds,no,High
ia-lead-waubonsie-state-park-campgrounds-coordinate-rescue,IA,Waubonsie State Park Modern + Equestrian Campgrounds,TRUE_LEAD_RESEARCH_OR_EXTERNAL,Keep as lead until proof/geometry/status is resolved.,"Still has a proof, geometry, legality, duplicate, or current-status blocker.",`official_dnr_campground_split_coordinate_rescue`,coordinate_rescue,Modern + Rustic / Primitive split likely,no,High
ia-lead-prairie-rose-state-park-campgrounds-coordinate-rescue,IA,Prairie Rose State Park East + West Campgrounds,TRUE_LEAD_RESEARCH_OR_EXTERNAL,Keep as lead until proof/geometry/status is resolved.,"Still has a proof, geometry, legality, duplicate, or current-status blocker.",`official_dnr_campground_split_coordinate_rescue`,coordinate_rescue,Modern + Rustic / Primitive split likely,no,High
ia-lead-lewis-and-clark-state-park-campground-closure-memory,IA,Lewis and Clark State Park Campground,REJECT_DUPLICATE_OR_CLOSURE_REVIEW,"Review for rejected ledger, duplicate merge, or closure/status note.","Status/action fields contain duplicate, wrong-state, closure, malformed, or do-not-import language.",`official_closure_coordinate_rescue`,coordinate_rescue,Needs Verification,no,High
ia-ledges-state-park-primitive-hike-in-sites-coordinate-rescue,IA,Ledges State Park Primitive Hike-In Sites,REJECT_DUPLICATE_OR_CLOSURE_REVIEW,"Review for rejected ledger, duplicate merge, or closure/status note.","Status/action fields contain duplicate, wrong-state, closure, malformed, or do-not-import language.",official camping component confirmed; exact hike-in points needed,coordinate_rescue,Boat / Backpack,no,High
ia-iowa-great-lakes-private-resort-campground-screen,IA,Iowa Great Lakes Resort Campground Screening Lead,ORDINARY_CAMPGROUND_COORDINATE_RESCUE,Run practical address-to-map rescue; entrance/campground-area coordinate can be acceptable with honest popup.,Looks like ordinary campground/operator/city/county record held mainly for coordinate/source cleanup.,multiple resorts found; RV/tent proof must be separated from cabins/lodging,coordinate_rescue,Private Campgrounds,no,High
ia-lead-lake-darling-state-park-campground-coordinate-rescue,IA,Lake Darling State Park Campground,ORDINARY_CAMPGROUND_COORDINATE_RESCUE,Run practical address-to-map rescue; entrance/campground-area coordinate can be acceptable with honest popup.,Looks like ordinary campground/operator/city/county record held mainly for coordinate/source cleanup.,coordinate_rescue,coordinate_rescue,Modern Campgrounds,no,High
ia-lead-lacey-keosauqua-state-park-campground-coordinate-rescue,IA,Lacey-Keosauqua State Park Campground,ORDINARY_CAMPGROUND_COORDINATE_RESCUE,Run practical address-to-map rescue; entrance/campground-area coordinate can be acceptable with honest popup.,Looks like ordinary campground/operator/city/county record held mainly for coordinate/source cleanup.,coordinate_rescue,coordinate_rescue,Modern Campgrounds likely,no,High
ia-lead-geode-state-park-campground-coordinate-rescue,IA,Geode State Park Campground,ORDINARY_CAMPGROUND_COORDINATE_RESCUE,Run practical address-to-map rescue; entrance/campground-area coordinate can be acceptable with honest popup.,Looks like ordinary campground/operator/city/county record held mainly for coordinate/source cleanup.,coordinate_rescue,coordinate_rescue,Modern Campgrounds likely,no,High
ia-lead-pikes-peak-state-park-campground-coordinate-rescue,IA,Pikes Peak State Park Campground,ORDINARY_CAMPGROUND_COORDINATE_RESCUE,Run practical address-to-map rescue; entrance/campground-area coordinate can be acceptable with honest popup.,Looks like ordinary campground/operator/city/county record held mainly for coordinate/source cleanup.,coordinate_rescue,coordinate_rescue,Modern Campgrounds likely,no,High
ia-lead-bellevue-state-park-campground-coordinate-rescue,IA,Bellevue State Park Campground,ORDINARY_CAMPGROUND_COORDINATE_RESCUE,Run practical address-to-map rescue; entrance/campground-area coordinate can be acceptable with honest popup.,Looks like ordinary campground/operator/city/county record held mainly for coordinate/source cleanup.,coordinate_rescue,coordinate_rescue,Modern Campgrounds likely,no,High
ia-lead-maquoketa-caves-state-park-campground-coordinate-rescue,IA,Maquoketa Caves State Park Campground,ORDINARY_CAMPGROUND_COORDINATE_RESCUE,Run practical address-to-map rescue; entrance/campground-area coordinate can be acceptable with honest popup.,Looks like ordinary campground/operator/city/county record held mainly for coordinate/source cleanup.,coordinate_rescue,coordinate_rescue,Modern/Rustic by amenities,no,High
ia-lead-backbone-state-park-campground-coordinate-rescue,IA,Backbone State Park Campground,ORDINARY_CAMPGROUND_COORDINATE_RESCUE,Run practical address-to-map rescue; entrance/campground-area coordinate can be acceptable with honest popup.,Looks like ordinary campground/operator/city/county record held mainly for coordinate/source cleanup.,coordinate_rescue,coordinate_rescue,Modern Campgrounds likely,no,High
ia-lead-volga-river-state-recreation-area-campground-coordinate-rescue,IA,Volga River State Recreation Area Campgrounds,TRUE_LEAD_RESEARCH_OR_EXTERNAL,Keep as lead until proof/geometry/status is resolved.,"Still has a proof, geometry, legality, duplicate, or current-status blocker.",coordinate_rescue,coordinate_rescue,Modern/Rustic split likely,no,High
ia-lead-wapsipinicon-state-park-campground-coordinate-rescue,IA,Wapsipinicon State Park Campground,REJECT_DUPLICATE_OR_CLOSURE_REVIEW,"Review for rejected ledger, duplicate merge, or closure/status note.","Status/action fields contain duplicate, wrong-state, closure, malformed, or do-not-import language.",coordinate_rescue,coordinate_rescue,Modern/Rustic by amenities,no,High
ia-lead-fairport-state-recreation-area-campground-coordinate-rescue,IA,Fairport State Recreation Area Campground,ORDINARY_CAMPGROUND_COORDINATE_RESCUE,Run practical address-to-map rescue; entrance/campground-area coordinate can be acceptable with honest popup.,Looks like ordinary campground/operator/city/county record held mainly for coordinate/source cleanup.,coordinate_rescue,coordinate_rescue,Modern/Rustic by amenities,no,High
ia-lead-rock-creek-state-park-campground-coordinate-rescue,IA,Rock Creek State Park Campground,ORDINARY_CAMPGROUND_COORDINATE_RESCUE,Run practical address-to-map rescue; entrance/campground-area coordinate can be acceptable with honest popup.,Looks like ordinary campground/operator/city/county record held mainly for coordinate/source cleanup.,coordinate_rescue,coordinate_rescue,Modern Campgrounds likely,no,High
ia-lead-pleasant-creek-state-recreation-area-campground-coordinate-rescue,IA,Pleasant Creek State Recreation Area Campground,REJECT_DUPLICATE_OR_CLOSURE_REVIEW,"Review for rejected ledger, duplicate merge, or closure/status note.","Status/action fields contain duplicate, wrong-state, closure, malformed, or do-not-import language.",coordinate_rescue,coordinate_rescue,Modern Campgrounds likely,no,High
ia-lead-honey-creek-state-park-campground-coordinate-rescue,IA,Honey Creek State Park Campground,ORDINARY_CAMPGROUND_COORDINATE_RESCUE,Run practical address-to-map rescue; entrance/campground-area coordinate can be acceptable with honest popup.,Looks like ordinary campground/operator/city/county record held mainly for coordinate/source cleanup.,coordinate_rescue,coordinate_rescue,Modern Campgrounds likely,no,High
ia-lead-green-valley-state-park-campground-coordinate-rescue,IA,Green Valley State Park Campground,ORDINARY_CAMPGROUND_COORDINATE_RESCUE,Run practical address-to-map rescue; entrance/campground-area coordinate can be acceptable with honest popup.,Looks like ordinary campground/operator/city/county record held mainly for coordinate/source cleanup.,coordinate_rescue,coordinate_rescue,Modern Campgrounds likely,no,High
ia-lead-lake-of-three-fires-state-park-campgrounds-coordinate-rescue,IA,Lake of Three Fires State Park Campgrounds,TRUE_LEAD_RESEARCH_OR_EXTERNAL,Keep as lead until proof/geometry/status is resolved.,"Still has a proof, geometry, legality, duplicate, or current-status blocker.",coordinate_rescue,coordinate_rescue,Modern/Rustic/Horse split likely,no,High
ia-lead-nine-eagles-state-park-campground-coordinate-rescue,IA,Nine Eagles State Park Campground,ORDINARY_CAMPGROUND_COORDINATE_RESCUE,Run practical address-to-map rescue; entrance/campground-area coordinate can be acceptable with honest popup.,Looks like ordinary campground/operator/city/county record held mainly for coordinate/source cleanup.,coordinate_rescue,coordinate_rescue,Modern/Rustic by amenities,no,High
ia-lead-red-haw-state-park-campground-coordinate-rescue,IA,Red Haw State Park Campground,REJECT_DUPLICATE_OR_CLOSURE_REVIEW,"Review for rejected ledger, duplicate merge, or closure/status note.","Status/action fields contain duplicate, wrong-state, closure, malformed, or do-not-import language.",coordinate_rescue,coordinate_rescue,Modern/Rustic by amenities,no,High
ia-lead-springbrook-state-park-campground-coordinate-rescue,IA,Springbrook State Park Campground,ORDINARY_CAMPGROUND_COORDINATE_RESCUE,Run practical address-to-map rescue; entrance/campground-area coordinate can be acceptable with honest popup.,Looks like ordinary campground/operator/city/county record held mainly for coordinate/source cleanup.,coordinate_rescue,coordinate_rescue,Modern Campgrounds likely,no,High
ia-lead-lake-keomah-state-park-campground-coordinate-rescue,IA,Lake Keomah State Park Campground,ORDINARY_CAMPGROUND_COORDINATE_RESCUE,Run practical address-to-map rescue; entrance/campground-area coordinate can be acceptable with honest popup.,Looks like ordinary campground/operator/city/county record held mainly for coordinate/source cleanup.,coordinate_rescue / current conditions check,coordinate_rescue,Modern Campgrounds likely,no,High
ia-lead-shimek-state-forest-camping-components,IA,Shimek State Forest Camping / Equestrian Components,AREA_RULE_COMMUNITY_OR_OVERLAY_CANDIDATE,Evaluate as area/rule/community marker or overlay candidate; do not force exact campground coordinates.,"Looks like rule-area, boondocking, community, WMA/forest, permit, GIS, or overlay work.",coordinate_rescue / component_split,coordinate_rescue,Rustic / Primitive,no,High
ia-lead-stephens-state-forest-camping-components,IA,Stephens State Forest Camping Components,AREA_RULE_COMMUNITY_OR_OVERLAY_CANDIDATE,Evaluate as area/rule/community marker or overlay candidate; do not force exact campground coordinates.,"Looks like rule-area, boondocking, community, WMA/forest, permit, GIS, or overlay work.",coordinate_rescue / component_split,coordinate_rescue,Rustic / Primitive,no,High
ia-lead-coralville-sugar-bottom-campground,IA,Sugar Bottom Campground,AREA_RULE_COMMUNITY_OR_OVERLAY_CANDIDATE,Evaluate as area/rule/community marker or overlay candidate; do not force exact campground coordinates.,"Looks like rule-area, boondocking, community, WMA/forest, permit, GIS, or overlay work.",official campground proof; coordinate extraction blocked,existing_lead_update,Modern Campgrounds,no,High
ia-lead-coralville-sandy-beach-campground,IA,Sandy Beach Campground,ORDINARY_CAMPGROUND_COORDINATE_RESCUE,Run practical address-to-map rescue; entrance/campground-area coordinate can be acceptable with honest popup.,Looks like ordinary campground/operator/city/county record held mainly for coordinate/source cleanup.,official campground proof; coordinate extraction blocked,existing_lead_update,Modern Campgrounds,no,High
ia-lead-coralville-tailwater-east-campground,IA,Tailwater East Campground,AREA_RULE_COMMUNITY_OR_OVERLAY_CANDIDATE,Evaluate as area/rule/community marker or overlay candidate; do not force exact campground coordinates.,"Looks like rule-area, boondocking, community, WMA/forest, permit, GIS, or overlay work.",official campground proof; coordinate extraction blocked,existing_lead_update,Modern Campgrounds,no,High
ia-lead-coralville-tailwater-west-campground,IA,Tailwater West Campground,AREA_RULE_COMMUNITY_OR_OVERLAY_CANDIDATE,Evaluate as area/rule/community marker or overlay candidate; do not force exact campground coordinates.,"Looks like rule-area, boondocking, community, WMA/forest, permit, GIS, or overlay work.",official campground proof; coordinate extraction blocked,existing_lead_update,Modern Campgrounds,no,High
ia-lead-saylorville-prairie-flower-campground,IA,Prairie Flower Campground,AREA_RULE_COMMUNITY_OR_OVERLAY_CANDIDATE,Evaluate as area/rule/community marker or overlay candidate; do not force exact campground coordinates.,"Looks like rule-area, boondocking, community, WMA/forest, permit, GIS, or overlay work.",official campground proof; coordinate extraction blocked,existing_lead_update,Modern Campgrounds,no,High
ia-lead-saylorville-cherry-glen-campground,IA,Cherry Glen Campground,ORDINARY_CAMPGROUND_COORDINATE_RESCUE,Run practical address-to-map rescue; entrance/campground-area coordinate can be acceptable with honest popup.,Looks like ordinary campground/operator/city/county record held mainly for coordinate/source cleanup.,official campground proof; coordinate extraction blocked,existing_lead_update,Modern Campgrounds,no,High
ia-lead-saylorville-acorn-valley-campground,IA,Acorn Valley Campground,AREA_RULE_COMMUNITY_OR_OVERLAY_CANDIDATE,Evaluate as area/rule/community marker or overlay candidate; do not force exact campground coordinates.,"Looks like rule-area, boondocking, community, WMA/forest, permit, GIS, or overlay work.",official campground proof; coordinate extraction blocked,existing_lead_update,Modern Campgrounds with possible Boat/Backpack walk-to component note,no,High
ia-lead-bob-shetler-campground-saylorville,IA,Bob Shetler Campground,ORDINARY_CAMPGROUND_COORDINATE_RESCUE,Run practical address-to-map rescue; entrance/campground-area coordinate can be acceptable with honest popup.,Looks like ordinary campground/operator/city/county record held mainly for coordinate/source cleanup.,coordinate_rescue,coordinate_rescue,Rustic / Primitive or Modern by amenities,no,High
ia-lead-red-rock-howell-station-campground,IA,Howell Station Campground,ORDINARY_CAMPGROUND_COORDINATE_RESCUE,Run practical address-to-map rescue; entrance/campground-area coordinate can be acceptable with honest popup.,Looks like ordinary campground/operator/city/county record held mainly for coordinate/source cleanup.,official campground proof; coordinate extraction blocked,existing_lead_update,Modern Campgrounds,no,High
ia-lead-red-rock-wallashuck-campground,IA,Wallashuck Campground,ORDINARY_CAMPGROUND_COORDINATE_RESCUE,Run practical address-to-map rescue; entrance/campground-area coordinate can be acceptable with honest popup.,Looks like ordinary campground/operator/city/county record held mainly for coordinate/source cleanup.,official campground proof; coordinate extraction blocked,existing_lead_update,Modern Campgrounds,no,High
ia-lead-red-rock-north-overlook-campground,IA,North Overlook Campground,ORDINARY_CAMPGROUND_COORDINATE_RESCUE,Run practical address-to-map rescue; entrance/campground-area coordinate can be acceptable with honest popup.,Looks like ordinary campground/operator/city/county record held mainly for coordinate/source cleanup.,official campground proof; coordinate extraction blocked,existing_lead_update,Modern Campgrounds with primitive tent-site note,no,High
ia-lead-whitebreast-campground-lake-red-rock,IA,Whitebreast Campground / Recreation Area,ORDINARY_CAMPGROUND_COORDINATE_RESCUE,Run practical address-to-map rescue; entrance/campground-area coordinate can be acceptable with honest popup.,Looks like ordinary campground/operator/city/county record held mainly for coordinate/source cleanup.,coordinate_rescue,coordinate_rescue,Modern/Rustic by amenities,no,High
ia-lead-ivans-campground-lake-red-rock,IA,Ivans Campground / Recreation Area,ORDINARY_CAMPGROUND_COORDINATE_RESCUE,Run practical address-to-map rescue; entrance/campground-area coordinate can be acceptable with honest popup.,Looks like ordinary campground/operator/city/county record held mainly for coordinate/source cleanup.,coordinate_rescue,coordinate_rescue,Rustic/Primitive likely by amenities,no,High
ia-lead-rathbun-buck-creek-campground,IA,Buck Creek Campground,ORDINARY_CAMPGROUND_COORDINATE_RESCUE,Run practical address-to-map rescue; entrance/campground-area coordinate can be acceptable with honest popup.,Looks like ordinary campground/operator/city/county record held mainly for coordinate/source cleanup.,official USACE campground proof; coordinate extraction needed,coordinate_rescue,Modern Campgrounds,no,High
ia-lead-rathbun-island-view-campground,IA,Island View Campground,ORDINARY_CAMPGROUND_COORDINATE_RESCUE,Run practical address-to-map rescue; entrance/campground-area coordinate can be acceptable with honest popup.,Looks like ordinary campground/operator/city/county record held mainly for coordinate/source cleanup.,official USACE campground proof; coordinate extraction needed,coordinate_rescue,Modern Campgrounds,no,High
ia-lead-rathbun-prairie-ridge-campground,IA,Prairie Ridge Campground,ORDINARY_CAMPGROUND_COORDINATE_RESCUE,Run practical address-to-map rescue; entrance/campground-area coordinate can be acceptable with honest popup.,Looks like ordinary campground/operator/city/county record held mainly for coordinate/source cleanup.,official USACE campground proof; coordinate extraction needed,coordinate_rescue,Modern Campgrounds with group rustic note,no,High
ia-lead-bridge-view-campground-rathbun,IA,Bridge View Campground,ORDINARY_CAMPGROUND_COORDINATE_RESCUE,Run practical address-to-map rescue; entrance/campground-area coordinate can be acceptable with honest popup.,Looks like ordinary campground/operator/city/county record held mainly for coordinate/source cleanup.,coordinate_rescue,coordinate_rescue,Modern/Rustic by amenities,no,High
ia-lead-jester-park-campground,IA,Jester Park Campground,ORDINARY_CAMPGROUND_COORDINATE_RESCUE,Run practical address-to-map rescue; entrance/campground-area coordinate can be acceptable with honest popup.,Looks like ordinary campground/operator/city/county record held mainly for coordinate/source cleanup.,coordinate_rescue,coordinate_rescue,Modern Campgrounds likely,no,High
ia-lead-yellow-banks-park-campground,IA,Yellow Banks Park Campground,ORDINARY_CAMPGROUND_COORDINATE_RESCUE,Run practical address-to-map rescue; entrance/campground-area coordinate can be acceptable with honest popup.,Looks like ordinary campground/operator/city/county record held mainly for coordinate/source cleanup.,coordinate_rescue,coordinate_rescue,Modern/Rustic by amenities,no,High
ia-lead-thomas-mitchell-park-campground,IA,Thomas Mitchell Park Campground,ORDINARY_CAMPGROUND_COORDINATE_RESCUE,Run practical address-to-map rescue; entrance/campground-area coordinate can be acceptable with honest popup.,Looks like ordinary campground/operator/city/county record held mainly for coordinate/source cleanup.,coordinate_rescue,coordinate_rescue,Modern/Rustic by amenities,no,High
ia-lead-scott-county-park-campground,IA,Scott County Park Campground,ORDINARY_CAMPGROUND_COORDINATE_RESCUE,Run practical address-to-map rescue; entrance/campground-area coordinate can be acceptable with honest popup.,Looks like ordinary campground/operator/city/county record held mainly for coordinate/source cleanup.,coordinate_rescue,coordinate_rescue,Modern Campgrounds likely,no,High
ia-lead-west-lake-park-campground,IA,West Lake Park Campground,ORDINARY_CAMPGROUND_COORDINATE_RESCUE,Run practical address-to-map rescue; entrance/campground-area coordinate can be acceptable with honest popup.,Looks like ordinary campground/operator/city/county record held mainly for coordinate/source cleanup.,coordinate_rescue,coordinate_rescue,Modern Campgrounds likely,no,High
ia-lead-rock-creek-marina-campground,IA,Rock Creek Marina & Campground,ORDINARY_CAMPGROUND_COORDINATE_RESCUE,Run practical address-to-map rescue; entrance/campground-area coordinate can be acceptable with honest popup.,Looks like ordinary campground/operator/city/county record held mainly for coordinate/source cleanup.,coordinate_rescue,coordinate_rescue,Private Campgrounds or public/operator by ownership,no,High
ia-lead-saulsbury-bridge-recreation-area-campground,IA,Saulsbury Bridge Recreation Area Campground,ORDINARY_CAMPGROUND_COORDINATE_RESCUE,Run practical address-to-map rescue; entrance/campground-area coordinate can be acceptable with honest popup.,Looks like ordinary campground/operator/city/county record held mainly for coordinate/source cleanup.,coordinate_rescue,coordinate_rescue,Modern/Rustic by amenities,no,High
ia-lead-pulpit-rock-campground-decorah,IA,Pulpit Rock Campground,ORDINARY_CAMPGROUND_COORDINATE_RESCUE,Run practical address-to-map rescue; entrance/campground-area coordinate can be acceptable with honest popup.,Looks like ordinary campground/operator/city/county record held mainly for coordinate/source cleanup.,coordinate_rescue,coordinate_rescue,Modern Campgrounds,no,High
ia-lead-lake-hendricks-campground,IA,Lake Hendricks Campground,ORDINARY_CAMPGROUND_COORDINATE_RESCUE,Run practical address-to-map rescue; entrance/campground-area coordinate can be acceptable with honest popup.,Looks like ordinary campground/operator/city/county record held mainly for coordinate/source cleanup.,coordinate_rescue,coordinate_rescue,Modern/Rustic by amenities,no,High
ia-lead-pinicon-ridge-park-campground,IA,Pinicon Ridge Park Campground,ORDINARY_CAMPGROUND_COORDINATE_RESCUE,Run practical address-to-map rescue; entrance/campground-area coordinate can be acceptable with honest popup.,Looks like ordinary campground/operator/city/county record held mainly for coordinate/source cleanup.,coordinate_rescue,coordinate_rescue,Modern/Rustic by amenities,no,High
ia-lead-wanatee-park-campground,IA,Wanatee Park Campground,REJECT_DUPLICATE_OR_CLOSURE_REVIEW,"Review for rejected ledger, duplicate merge, or closure/status note.","Status/action fields contain duplicate, wrong-state, closure, malformed, or do-not-import language.",coordinate_rescue,coordinate_rescue,Modern/Rustic by amenities,no,High
ia-lead-morgan-creek-park-campground,IA,Morgan Creek Park Campground,ORDINARY_CAMPGROUND_COORDINATE_RESCUE,Run practical address-to-map rescue; entrance/campground-area coordinate can be acceptable with honest popup.,Looks like ordinary campground/operator/city/county record held mainly for coordinate/source cleanup.,coordinate_rescue,coordinate_rescue,Modern/Rustic by amenities,no,High
ia-lead-hannen-lake-park-campground,IA,Hannen Lake Park Campground,ORDINARY_CAMPGROUND_COORDINATE_RESCUE,Run practical address-to-map rescue; entrance/campground-area coordinate can be acceptable with honest popup.,Looks like ordinary campground/operator/city/county record held mainly for coordinate/source cleanup.,coordinate_rescue,coordinate_rescue,Modern/Rustic by amenities,no,High
ia-lead-roddgers-park-campground,IA,Rodgers Park Campground,ORDINARY_CAMPGROUND_COORDINATE_RESCUE,Run practical address-to-map rescue; entrance/campground-area coordinate can be acceptable with honest popup.,Looks like ordinary campground/operator/city/county record held mainly for coordinate/source cleanup.,coordinate_rescue,coordinate_rescue,Modern/Rustic by amenities,no,High
ia-lead-diamond-lake-park-campground,IA,Diamond Lake Park Campground,ORDINARY_CAMPGROUND_COORDINATE_RESCUE,Run practical address-to-map rescue; entrance/campground-area coordinate can be acceptable with honest popup.,Looks like ordinary campground/operator/city/county record held mainly for coordinate/source cleanup.,coordinate_rescue,coordinate_rescue,Modern/Rustic by amenities,no,High
ia-lead-pammel-park-campground,IA,Pammel Park Campground,ORDINARY_CAMPGROUND_COORDINATE_RESCUE,Run practical address-to-map rescue; entrance/campground-area coordinate can be acceptable with honest popup.,Looks like ordinary campground/operator/city/county record held mainly for coordinate/source cleanup.,coordinate_rescue,coordinate_rescue,Modern/Rustic by amenities,no,High
ia-lead-marion-county-park-campground,IA,Marion County Park Campground,ORDINARY_CAMPGROUND_COORDINATE_RESCUE,Run practical address-to-map rescue; entrance/campground-area coordinate can be acceptable with honest popup.,Looks like ordinary campground/operator/city/county record held mainly for coordinate/source cleanup.,coordinate_rescue,coordinate_rescue,Modern/Rustic by amenities,no,High
ia-lead-cordova-park-campground,IA,Cordova Park Campground,ORDINARY_CAMPGROUND_COORDINATE_RESCUE,Run practical address-to-map rescue; entrance/campground-area coordinate can be acceptable with honest popup.,Looks like ordinary campground/operator/city/county record held mainly for coordinate/source cleanup.,coordinate_rescue,coordinate_rescue,Modern/Rustic by amenities,no,High
ia-lead-roberts-creek-park-campground,IA,Roberts Creek Park Campground,ORDINARY_CAMPGROUND_COORDINATE_RESCUE,Run practical address-to-map rescue; entrance/campground-area coordinate can be acceptable with honest popup.,Looks like ordinary campground/operator/city/county record held mainly for coordinate/source cleanup.,coordinate_rescue,coordinate_rescue,Modern/Rustic by amenities,no,High
ia-lead-lake-hawthorn-campground,IA,Lake Hawthorn Campground,ORDINARY_CAMPGROUND_COORDINATE_RESCUE,Run practical address-to-map rescue; entrance/campground-area coordinate can be acceptable with honest popup.,Looks like ordinary campground/operator/city/county record held mainly for coordinate/source cleanup.,coordinate_rescue,coordinate_rescue,Modern/Rustic by amenities,no,High
ia-lead-eveland-access-campground,IA,Eveland Access Campground,ORDINARY_CAMPGROUND_COORDINATE_RESCUE,Run practical address-to-map rescue; entrance/campground-area coordinate can be acceptable with honest popup.,Looks like ordinary campground/operator/city/county record held mainly for coordinate/source cleanup.,coordinate_rescue,coordinate_rescue,Rustic / Primitive likely,no,High
ia-lead-swiss-valley-campground,IA,Swiss Valley Campground,ORDINARY_CAMPGROUND_COORDINATE_RESCUE,Run practical address-to-map rescue; entrance/campground-area coordinate can be acceptable with honest popup.,Looks like ordinary campground/operator/city/county record held mainly for coordinate/source cleanup.,coordinate_rescue,coordinate_rescue,Modern/Rustic by amenities,no,High
ia-lead-massey-marina-campground,IA,Massey Marina Park Campground,ORDINARY_CAMPGROUND_COORDINATE_RESCUE,Run practical address-to-map rescue; entrance/campground-area coordinate can be acceptable with honest popup.,Looks like ordinary campground/operator/city/county record held mainly for coordinate/source cleanup.,coordinate_rescue,coordinate_rescue,Modern/Rustic or Private/operator by management,no,High
ia-lead-mud-lake-park-campground,IA,Mud Lake Park Campground,ORDINARY_CAMPGROUND_COORDINATE_RESCUE,Run practical address-to-map rescue; entrance/campground-area coordinate can be acceptable with honest popup.,Looks like ordinary campground/operator/city/county record held mainly for coordinate/source cleanup.,coordinate_rescue,coordinate_rescue,Rustic/Primitive likely,no,High
ia-nv-amanas-rv-park-event-center,IA,Amana RV Park & Event Center,ORDINARY_CAMPGROUND_COORDINATE_RESCUE,Run practical address-to-map rescue; entrance/campground-area coordinate can be acceptable with honest popup.,Looks like ordinary campground/operator/city/county record held mainly for coordinate/source cleanup.,needs_public_operator_coord_check,needs_verification,Private Campgrounds,no,Medium
ia-nv-monticello-jellystone,IA,Monticello Jellystone Park Camp-Resort,ORDINARY_CAMPGROUND_COORDINATE_RESCUE,Run practical address-to-map rescue; entrance/campground-area coordinate can be acceptable with honest popup.,Looks like ordinary campground/operator/city/county record held mainly for coordinate/source cleanup.,needs_public_operator_coord_check,needs_verification,Private Campgrounds,no,Medium
ia-nv-sleepy-hollow-rv-park-oxford,IA,Sleepy Hollow RV Park & Campground,REJECT_DUPLICATE_OR_CLOSURE_REVIEW,"Review for rejected ledger, duplicate merge, or closure/status note.","Status/action fields contain duplicate, wrong-state, closure, malformed, or do-not-import language.",needs_public_operator_coord_check,needs_verification,Private Campgrounds,no,Medium
ia-nv-country-dreams-campground,IA,Country Dreams Campground,REJECT_DUPLICATE_OR_CLOSURE_REVIEW,"Review for rejected ledger, duplicate merge, or closure/status note.","Status/action fields contain duplicate, wrong-state, closure, malformed, or do-not-import language.",needs_public_operator_coord_check,needs_verification,Private Campgrounds,no,Medium
ia-lead-hillview-recreation-area-campground-split-coordinate-rescue,IA,Hillview Recreation Area — Deer Ridge / Bur Oak / Beaver Creek,TRUE_LEAD_RESEARCH_OR_EXTERNAL,Keep as lead until proof/geometry/status is resolved.,"Still has a proof, geometry, legality, duplicate, or current-status blocker.",`component_split_coordinate_rescue`,coordinate_rescue,Modern + Rustic / Primitive split,no,High
ia-lead-martins-access-primitive-areas-coordinate-rescue,IA,Martin’s Access Primitive Camping Areas,ORDINARY_CAMPGROUND_COORDINATE_RESCUE,Run practical address-to-map rescue; entrance/campground-area coordinate can be acceptable with honest popup.,Looks like ordinary campground/operator/city/county record held mainly for coordinate/source cleanup.,`primitive_component_coordinate_rescue`,coordinate_rescue,Rustic / Primitive,no,High
ia-lead-hagge-reiff-campgrounds-coordinate-rescue,IA,Hagge Park / Reiff Park campgrounds,ORDINARY_CAMPGROUND_COORDINATE_RESCUE,Run practical address-to-map rescue; entrance/campground-area coordinate can be acceptable with honest popup.,Looks like ordinary campground/operator/city/county record held mainly for coordinate/source cleanup.,`county_campground_coordinate_rescue`,coordinate_rescue,Rustic / Primitive,no,High
ia-lead-monona-county-minor-campground-coordinate-rescue,IA,Gray’s Landing / Huff-Warner / Oldham / Whiting Woods campgrounds,ORDINARY_CAMPGROUND_COORDINATE_RESCUE,Run practical address-to-map rescue; entrance/campground-area coordinate can be acceptable with honest popup.,Looks like ordinary campground/operator/city/county record held mainly for coordinate/source cleanup.,`official_proof_coordinate_rescue_bundle`,coordinate_rescue,Rustic / Primitive,no,High
ia-lead-maquoketa-caves-hikein-walkto-primitive-component,IA,Maquoketa Caves State Park primitive hike-in / walk-to component,TRUE_LEAD_RESEARCH_OR_EXTERNAL,Keep as lead until proof/geometry/status is resolved.,"Still has a proof, geometry, legality, duplicate, or current-status blocker.",component_coordinate_rescue,coordinate_rescue,Boat / Backpack or Rustic / Primitive after access proof,no,High
ia-lead-backbone-six-pine-rustic-campground-component,IA,Backbone State Park — Six Pine Campground component,ORDINARY_CAMPGROUND_COORDINATE_RESCUE,Run practical address-to-map rescue; entrance/campground-area coordinate can be acceptable with honest popup.,Looks like ordinary campground/operator/city/county record held mainly for coordinate/source cleanup.,official_component_split_coordinate_rescue,coordinate_rescue,Rustic / Primitive,no,High
ia-lead-volga-river-albany-campground-equestrian-component,IA,Volga River SRA — Albany Campground / equestrian and non-equestrian component,REJECT_DUPLICATE_OR_CLOSURE_REVIEW,"Review for rejected ledger, duplicate merge, or closure/status note.","Status/action fields contain duplicate, wrong-state, closure, malformed, or do-not-import language.",official_component_split_coordinate_rescue,coordinate_rescue,Rustic / Primitive or Modern Campgrounds by loop/service,no,High
ia-lead-lake-of-three-fires-equestrian-component,IA,Lake of Three Fires State Park equestrian / primitive component,ORDINARY_CAMPGROUND_COORDINATE_RESCUE,Run practical address-to-map rescue; entrance/campground-area coordinate can be acceptable with honest popup.,Looks like ordinary campground/operator/city/county record held mainly for coordinate/source cleanup.,official_component_split_coordinate_rescue,coordinate_rescue,Rustic / Primitive,no,High
ia-lead-shimek-state-forest-lick-creek-equestrian-campgrounds,IA,Shimek State Forest — Lick Creek Upper/Lower equestrian campgrounds,AREA_RULE_COMMUNITY_OR_OVERLAY_CANDIDATE,Evaluate as area/rule/community marker or overlay candidate; do not force exact campground coordinates.,"Looks like rule-area, boondocking, community, WMA/forest, permit, GIS, or overlay work.",official_state_forest_component_coordinate_rescue,coordinate_rescue,Rustic / Primitive,no,High
ia-lead-shimek-state-forest-bitternut-white-oak-campgrounds,IA,Shimek State Forest — Bitternut Lake and White Oak campgrounds,AREA_RULE_COMMUNITY_OR_OVERLAY_CANDIDATE,Evaluate as area/rule/community marker or overlay candidate; do not force exact campground coordinates.,"Looks like rule-area, boondocking, community, WMA/forest, permit, GIS, or overlay work.",official_state_forest_component_coordinate_rescue,coordinate_rescue,Rustic / Primitive,no,High
ia-lead-shimek-state-forest-donnellson-hikein-campsite,IA,Shimek State Forest — Donnellson Unit hike-in campsite,AREA_RULE_COMMUNITY_OR_OVERLAY_CANDIDATE,Evaluate as area/rule/community marker or overlay candidate; do not force exact campground coordinates.,"Looks like rule-area, boondocking, community, WMA/forest, permit, GIS, or overlay work.",official_hikein_component_coordinate_rescue,coordinate_rescue,Boat / Backpack,no,High
ia-lead-stephens-state-forest-lucas-campgrounds,IA,Stephens State Forest — Lucas Unit campgrounds,AREA_RULE_COMMUNITY_OR_OVERLAY_CANDIDATE,Evaluate as area/rule/community marker or overlay candidate; do not force exact campground coordinates.,"Looks like rule-area, boondocking, community, WMA/forest, permit, GIS, or overlay work.",official_state_forest_component_coordinate_rescue,coordinate_rescue,Rustic / Primitive,no,High
ia-lead-stephens-whitebreast-equestrian-group-camp-components,IA,Stephens State Forest — Whitebreast equestrian campgrounds and group camp,AREA_RULE_COMMUNITY_OR_OVERLAY_CANDIDATE,Evaluate as area/rule/community marker or overlay candidate; do not force exact campground coordinates.,"Looks like rule-area, boondocking, community, WMA/forest, permit, GIS, or overlay work.",official_state_forest_component_coordinate_rescue,coordinate_rescue,Rustic / Primitive,no,High
ia-lead-stephens-woodburn-packin-backcountry-campsites,IA,Stephens State Forest — Woodburn pack-in backcountry campsites,AREA_RULE_COMMUNITY_OR_OVERLAY_CANDIDATE,Evaluate as area/rule/community marker or overlay candidate; do not force exact campground coordinates.,"Looks like rule-area, boondocking, community, WMA/forest, permit, GIS, or overlay work.",official_backcountry_component_coordinate_rescue,coordinate_rescue,Boat / Backpack,no,High
ia-lead-ledges-state-park-primitive-hikein-component,IA,Ledges State Park primitive hike-in / walk-in component,REJECT_DUPLICATE_OR_CLOSURE_REVIEW,"Review for rejected ledger, duplicate merge, or closure/status note.","Status/action fields contain duplicate, wrong-state, closure, malformed, or do-not-import language.",component_coordinate_rescue,coordinate_rescue,Boat / Backpack or Rustic / Primitive after official proof,no,High
ia-lead-brushy-creek-equestrian-non-equestrian-component-split,IA,Brushy Creek SRA north/south equestrian and non-equestrian campground component split,ORDINARY_CAMPGROUND_COORDINATE_RESCUE,Run practical address-to-map rescue; entrance/campground-area coordinate can be acceptable with honest popup.,Looks like ordinary campground/operator/city/county record held mainly for coordinate/source cleanup.,component_split_coordinate_rescue,coordinate_rescue,Modern Campgrounds or Rustic / Primitive by component,no,High
ia-lead-coralville-linder-point-campground,IA,Linder Point Campground,ORDINARY_CAMPGROUND_COORDINATE_RESCUE,Run practical address-to-map rescue; entrance/campground-area coordinate can be acceptable with honest popup.,Looks like ordinary campground/operator/city/county record held mainly for coordinate/source cleanup.,official campground listed; facility extraction needed,coordinate_rescue,Likely Modern Campgrounds or Rustic / Primitive after amenity proof,no,High
ia-lead-coralville-cottonwood-campground,IA,Cottonwood Campground / Coralville Lake,ORDINARY_CAMPGROUND_COORDINATE_RESCUE,Run practical address-to-map rescue; entrance/campground-area coordinate can be acceptable with honest popup.,Looks like ordinary campground/operator/city/county record held mainly for coordinate/source cleanup.,official gateway-listed campground; details blocked,coordinate_rescue,Likely Rustic / Primitive or Modern after facility proof,no,High
ia-lead-saylorville-bob-shetler-campground,IA,Bob Shetler Recreation Area Campground,AREA_RULE_COMMUNITY_OR_OVERLAY_CANDIDATE,Evaluate as area/rule/community marker or overlay candidate; do not force exact campground coordinates.,"Looks like rule-area, boondocking, community, WMA/forest, permit, GIS, or overlay work.",official campground proof; coordinate extraction blocked,existing_lead_update,Modern Campgrounds,no,High
ia-lead-red-rock-whitebreast-campground,IA,Whitebreast Campground,ORDINARY_CAMPGROUND_COORDINATE_RESCUE,Run practical address-to-map rescue; entrance/campground-area coordinate can be acceptable with honest popup.,Looks like ordinary campground/operator/city/county record held mainly for coordinate/source cleanup.,official campground proof; coordinate extraction blocked,existing_lead_update,Modern Campgrounds,no,High
ia-lead-red-rock-ivans-campground,IA,Ivan’s / Ivans Campground,ORDINARY_CAMPGROUND_COORDINATE_RESCUE,Run practical address-to-map rescue; entrance/campground-area coordinate can be acceptable with honest popup.,Looks like ordinary campground/operator/city/county record held mainly for coordinate/source cleanup.,official component listed; facility extraction needed,coordinate_rescue,Likely Rustic / Primitive or Modern after facility proof,no,High
ia-lead-red-rock-roberts-creek-east-west-campgrounds,IA,Roberts Creek East and West Campgrounds,REJECT_DUPLICATE_OR_CLOSURE_REVIEW,"Review for rejected ledger, duplicate merge, or closure/status note.","Status/action fields contain duplicate, wrong-state, closure, malformed, or do-not-import language.",official Corps Lakes component; manager/source split needed,coordinate_rescue,Modern or Rustic / Primitive after operator/source split,no,High
ia-lead-rathbun-bridgeview-campground,IA,Bridgeview Campground,ORDINARY_CAMPGROUND_COORDINATE_RESCUE,Run practical address-to-map rescue; entrance/campground-area coordinate can be acceptable with honest popup.,Looks like ordinary campground/operator/city/county record held mainly for coordinate/source cleanup.,official USACE campground proof; coordinate extraction needed,coordinate_rescue,Modern Campgrounds,no,High
ia-lead-rathbun-rathbun-marina-campground,IA,Rathbun Marina Campground,ORDINARY_CAMPGROUND_COORDINATE_RESCUE,Run practical address-to-map rescue; entrance/campground-area coordinate can be acceptable with honest popup.,Looks like ordinary campground/operator/city/county record held mainly for coordinate/source cleanup.,official USACE-listed concession campground; private/operator proof needed,coordinate_rescue,Private Campgrounds or Modern Campgrounds depending operator proof,no,High
ia-lead-rathbun-water-trail-official-map,IA,Rathbun Water Trail / water-corridor camping check,REJECT_DUPLICATE_OR_CLOSURE_REVIEW,"Review for rejected ledger, duplicate merge, or closure/status note.","Status/action fields contain duplicate, wrong-state, closure, malformed, or do-not-import language.",area/geometry follow-up,geometry_or_gis_extraction,Boat / Backpack only if official overnight sites are proven,no,Medium
pa-dcnr-bof-camping-designated-campsites-gis-extraction,PA,PA DCNR Designated State Forest Campsites GIS Layer,AREA_RULE_COMMUNITY_OR_OVERLAY_CANDIDATE,Evaluate as area/rule/community marker or overlay candidate; do not force exact campground coordinates.,"Looks like rule-area, boondocking, community, WMA/forest, permit, GIS, or overlay work.",External Extraction Needed,external_access_required,Mixed,no,High
pa-cornplanter-hunter-run-division-roadside-campsite-gis-rescue,PA,Cornplanter State Forest — Hunter Run Division Roadside Campsite,AREA_RULE_COMMUNITY_OR_OVERLAY_CANDIDATE,Evaluate as area/rule/community marker or overlay candidate; do not force exact campground coordinates.,"Looks like rule-area, boondocking, community, WMA/forest, permit, GIS, or overlay work.",Research Needed,coordinate_rescue,Boondocking / Dispersed,no,High
pa-cornplanter-primitive-backpack-camping-area-rule-lead,PA,Cornplanter State Forest Primitive Backpack Camping Rule Area,AREA_RULE_COMMUNITY_OR_OVERLAY_CANDIDATE,Evaluate as area/rule/community marker or overlay candidate; do not force exact campground coordinates.,"Looks like rule-area, boondocking, community, WMA/forest, permit, GIS, or overlay work.",Research Needed,coordinate_rescue,Boat / Backpack,no,High
pa-clear-creek-callen-run-roadside-campsites-gis-rescue,PA,Clear Creek State Forest — Callen Run Tract Roadside Campsites,AREA_RULE_COMMUNITY_OR_OVERLAY_CANDIDATE,Evaluate as area/rule/community marker or overlay candidate; do not force exact campground coordinates.,"Looks like rule-area, boondocking, community, WMA/forest, permit, GIS, or overlay work.",Research Needed,coordinate_rescue,Boondocking / Dispersed,no,High
pa-elk-hicks-run-camping-area-gis-rescue,PA,Hicks Run Camping Area — Elk State Forest,AREA_RULE_COMMUNITY_OR_OVERLAY_CANDIDATE,Evaluate as area/rule/community marker or overlay candidate; do not force exact campground coordinates.,"Looks like rule-area, boondocking, community, WMA/forest, permit, GIS, or overlay work.",Research Needed,coordinate_rescue,Rustic / Primitive,no,High
pa-elk-dark-hollow-equestrian-camping-area-gis-rescue,PA,Dark Hollow Equestrian Camping Area — Elk State Forest,AREA_RULE_COMMUNITY_OR_OVERLAY_CANDIDATE,Evaluate as area/rule/community marker or overlay candidate; do not force exact campground coordinates.,"Looks like rule-area, boondocking, community, WMA/forest, permit, GIS, or overlay work.",Research Needed,coordinate_rescue,Rustic / Primitive,no,High
pa-elk-gaswell-equestrian-camping-area-gis-rescue,PA,Gaswell Equestrian Camping Area — Elk State Forest,AREA_RULE_COMMUNITY_OR_OVERLAY_CANDIDATE,Evaluate as area/rule/community marker or overlay candidate; do not force exact campground coordinates.,"Looks like rule-area, boondocking, community, WMA/forest, permit, GIS, or overlay work.",Research Needed,coordinate_rescue,Rustic / Primitive,no,High
pa-elk-state-forest-roadside-campsite-system-gis-rescue,PA,Elk State Forest Roadside Campsite System,AREA_RULE_COMMUNITY_OR_OVERLAY_CANDIDATE,Evaluate as area/rule/community marker or overlay candidate; do not force exact campground coordinates.,"Looks like rule-area, boondocking, community, WMA/forest, permit, GIS, or overlay work.",Research Needed,coordinate_rescue,Boondocking / Dispersed,no,High
pa-moshannon-medix-grade-road-roadside-campsites-gis-rescue,PA,Moshannon State Forest — Medix Grade Road Roadside Campsites,AREA_RULE_COMMUNITY_OR_OVERLAY_CANDIDATE,Evaluate as area/rule/community marker or overlay candidate; do not force exact campground coordinates.,"Looks like rule-area, boondocking, community, WMA/forest, permit, GIS, or overlay work.",Research Needed,coordinate_rescue,Boondocking / Dispersed,no,High
pa-moshannon-shaggers-inn-camping-area-gis-rescue,PA,Shaggers Inn Camping Area — Moshannon State Forest,AREA_RULE_COMMUNITY_OR_OVERLAY_CANDIDATE,Evaluate as area/rule/community marker or overlay candidate; do not force exact campground coordinates.,"Looks like rule-area, boondocking, community, WMA/forest, permit, GIS, or overlay work.",Research Needed,coordinate_rescue,Rustic / Primitive,no,High
pa-moshannon-yellow-snake-equestrian-camping-area-gis-rescue,PA,Yellow Snake Camping Area — Moshannon State Forest,AREA_RULE_COMMUNITY_OR_OVERLAY_CANDIDATE,Evaluate as area/rule/community marker or overlay candidate; do not force exact campground coordinates.,"Looks like rule-area, boondocking, community, WMA/forest, permit, GIS, or overlay work.",Research Needed,coordinate_rescue,Rustic / Primitive,no,High
pa-sproul-roadside-rv-campsites-gis-rescue,PA,Sproul State Forest Roadside RV Campsites,REJECT_DUPLICATE_OR_CLOSURE_REVIEW,"Review for rejected ledger, duplicate merge, or closure/status note.","Status/action fields contain duplicate, wrong-state, closure, malformed, or do-not-import language.",Research Needed,coordinate_rescue,Boondocking / Dispersed,no,High
pa-susquehannock-roadside-campsite-system-gis-rescue,PA,Susquehannock State Forest Roadside Campsite System,AREA_RULE_COMMUNITY_OR_OVERLAY_CANDIDATE,Evaluate as area/rule/community marker or overlay candidate; do not force exact campground coordinates.,"Looks like rule-area, boondocking, community, WMA/forest, permit, GIS, or overlay work.",Research Needed,coordinate_rescue,Boondocking / Dispersed,no,High
pa-susquehannock-dyer-equestrian-camping-area-gis-rescue,PA,Dyer Equestrian Camping Area — Susquehannock State Forest,AREA_RULE_COMMUNITY_OR_OVERLAY_CANDIDATE,Evaluate as area/rule/community marker or overlay candidate; do not force exact campground coordinates.,"Looks like rule-area, boondocking, community, WMA/forest, permit, GIS, or overlay work.",Research Needed,coordinate_rescue,Rustic / Primitive,no,High
pa-susquehannock-horsey-hilton-equestrian-camping-area-gis-rescue,PA,Horsey Hilton Equestrian Camping Area — Susquehannock State Forest,AREA_RULE_COMMUNITY_OR_OVERLAY_CANDIDATE,Evaluate as area/rule/community marker or overlay candidate; do not force exact campground coordinates.,"Looks like rule-area, boondocking, community, WMA/forest, permit, GIS, or overlay work.",Research Needed,coordinate_rescue,Rustic / Primitive,no,High
pa-tiadaghton-state-forest-roadside-hikein-rustic-campsite-system-gis-rescue,PA,Tiadaghton State Forest Roadside / Hike-in / Rustic Campsite System,REJECT_DUPLICATE_OR_CLOSURE_REVIEW,"Review for rejected ledger, duplicate merge, or closure/status note.","Status/action fields contain duplicate, wrong-state, closure, malformed, or do-not-import language.",Research Needed,coordinate_rescue,Mixed: Boondocking / Dispersed + Boat / Backpack + Rustic / Primitive,no,High
pa-tioga-state-forest-roadside-hikein-trailside-camping-system-gis-rescue,PA,Tioga State Forest Roadside / Hike-in / Trailside Camping System,AREA_RULE_COMMUNITY_OR_OVERLAY_CANDIDATE,Evaluate as area/rule/community marker or overlay candidate; do not force exact campground coordinates.,"Looks like rule-area, boondocking, community, WMA/forest, permit, GIS, or overlay work.",Research Needed,coordinate_rescue,Mixed: Boondocking / Dispersed + Boat / Backpack + Rustic / Primitive,no,High
pa-loyalsock-roadside-masten-bridle-camping-system-gis-rescue,PA,Loyalsock State Forest Roadside / Masten / Bridle Camping System,AREA_RULE_COMMUNITY_OR_OVERLAY_CANDIDATE,Evaluate as area/rule/community marker or overlay candidate; do not force exact campground coordinates.,"Looks like rule-area, boondocking, community, WMA/forest, permit, GIS, or overlay work.",Research Needed,coordinate_rescue,Mixed: Boondocking / Dispersed + Rustic / Primitive,no,High
pa-loyalsock-north-branch-susquehanna-river-island-camping-geometry-lead,PA,Loyalsock / North Branch Susquehanna River Island Primitive Camping,AREA_RULE_COMMUNITY_OR_OVERLAY_CANDIDATE,Evaluate as area/rule/community marker or overlay candidate; do not force exact campground coordinates.,"Looks like rule-area, boondocking, community, WMA/forest, permit, GIS, or overlay work.",Research Needed,coordinate_rescue,Boat / Backpack,no,High
pa-lead-dcnr-state-forest-designated-campsites-master-gis-extraction,PA,PA DCNR State Forest Designated Campsites GIS master extraction,AREA_RULE_COMMUNITY_OR_OVERLAY_CANDIDATE,Evaluate as area/rule/community marker or overlay candidate; do not force exact campground coordinates.,"Looks like rule-area, boondocking, community, WMA/forest, permit, GIS, or overlay work.",Official GIS point layer found; query extraction still needed,geometry_or_gis_extraction,Boondocking / Dispersed; Rustic / Primitive; Boat / Backpack depending site type,no,High
pa-lead-michaux-state-forest-designated-campsites-gis-extraction,PA,Michaux State Forest designated roadside / hike-in / rustic campsites,AREA_RULE_COMMUNITY_OR_OVERLAY_CANDIDATE,Evaluate as area/rule/community marker or overlay candidate; do not force exact campground coordinates.,"Looks like rule-area, boondocking, community, WMA/forest, permit, GIS, or overlay work.",Official designated camping system; exact DCNR point extraction needed,coordinate_rescue,Boondocking / Dispersed; Boat / Backpack for hike-in; Rustic / Primitive where rustic area applies,no,High
pa-lead-tuscarora-state-forest-roadside-hikein-equestrian-gis-extraction,PA,Tuscarora State Forest roadside / hike-in / equestrian campsites,AREA_RULE_COMMUNITY_OR_OVERLAY_CANDIDATE,Evaluate as area/rule/community marker or overlay candidate; do not force exact campground coordinates.,"Looks like rule-area, boondocking, community, WMA/forest, permit, GIS, or overlay work.",Official designated camping system; exact point extraction needed,coordinate_rescue,Boondocking / Dispersed; Boat / Backpack for hike-in; Rustic / Primitive for equestrian camping area,no,High
pa-lead-tuscarora-juniata-river-island-campsites-gis-extraction,PA,Tuscarora State Forest Juniata River island campsites,AREA_RULE_COMMUNITY_OR_OVERLAY_CANDIDATE,Evaluate as area/rule/community marker or overlay candidate; do not force exact campground coordinates.,"Looks like rule-area, boondocking, community, WMA/forest, permit, GIS, or overlay work.",Official water-trail camping proof; coordinates needed,coordinate_rescue,Boat / Backpack,no,High
pa-lead-buchanan-state-forest-roadside-hikein-gis-extraction,PA,Buchanan State Forest roadside / hike-in campsites,AREA_RULE_COMMUNITY_OR_OVERLAY_CANDIDATE,Evaluate as area/rule/community marker or overlay candidate; do not force exact campground coordinates.,"Looks like rule-area, boondocking, community, WMA/forest, permit, GIS, or overlay work.",Official designated campsite system; exact point extraction needed,coordinate_rescue,Boondocking / Dispersed; Boat / Backpack for hike-in,no,High
pa-lead-rothrock-state-forest-backpack-watertrail-rule-area,PA,Rothrock State Forest primitive backpack / Juniata water-trail camping rule areas,AREA_RULE_COMMUNITY_OR_OVERLAY_CANDIDATE,Evaluate as area/rule/community marker or overlay candidate; do not force exact campground coordinates.,"Looks like rule-area, boondocking, community, WMA/forest, permit, GIS, or overlay work.",Official rule-area proof; geometry/point detail needed,geometry_or_gis_extraction,Boat / Backpack,no,High
pa-lead-forbes-state-forest-roadside-backpack-gis-extraction,PA,Forbes State Forest roadside / primitive backpack camping,AREA_RULE_COMMUNITY_OR_OVERLAY_CANDIDATE,Evaluate as area/rule/community marker or overlay candidate; do not force exact campground coordinates.,"Looks like rule-area, boondocking, community, WMA/forest, permit, GIS, or overlay work.",Official state-forest camping system; exact site extraction needed,coordinate_rescue,Boondocking / Dispersed; Boat / Backpack for backpacking,no,High
pa-lead-state-forest-backpack-rule-area-geometry-sc-sw,PA,SC/SW PA state forest primitive backpack camping rule-area geometry,AREA_RULE_COMMUNITY_OR_OVERLAY_CANDIDATE,Evaluate as area/rule/community marker or overlay candidate; do not force exact campground coordinates.,"Looks like rule-area, boondocking, community, WMA/forest, permit, GIS, or overlay work.",Official broad primitive backpack rule opportunity; geometry needed before mapping,geometry_or_gis_extraction,Boat / Backpack,no,High
pa-lead-cook-forest-thompson-eddy-canoe-kayak-campsites-point-extraction,PA,Cook Forest Thompson Eddy Canoe/Kayak Campsites,TRUE_LEAD_RESEARCH_OR_EXTERNAL,Keep as lead until proof/geometry/status is resolved.,"Still has a proof, geometry, legality, duplicate, or current-status blocker.","Official campsite lead, point blocked",coordinate_rescue,Boat / Backpack,no,High
pa-lead-dwgnra-valley-view-group-campsites-coordinate-extraction,PA,Valley View Group Campsites,TRUE_LEAD_RESEARCH_OR_EXTERNAL,Keep as lead until proof/geometry/status is resolved.,"Still has a proof, geometry, legality, duplicate, or current-status blocker.",Official coordinate-rescue lead,coordinate_rescue,Boat / Backpack,no,High
pa-lead-dwgnra-at-through-hiker-backcountry-rule-geometry,PA,Delaware Water Gap AT Through-Hiker Backcountry Camping Rule,AREA_RULE_COMMUNITY_OR_OVERLAY_CANDIDATE,Evaluate as area/rule/community marker or overlay candidate; do not force exact campground coordinates.,"Looks like rule-area, boondocking, community, WMA/forest, permit, GIS, or overlay work.","Official rule lead, geometry blocked",geometry_or_gis_extraction,Boat / Backpack,no,High
pa-lead-north-branch-susquehanna-bof-island-campsite-extraction,PA,North Branch Susquehanna Water Trail Bureau of Forestry Island Campsites,TRUE_LEAD_RESEARCH_OR_EXTERNAL,Keep as lead until proof/geometry/status is resolved.,"Still has a proof, geometry, legality, duplicate, or current-status blocker.",Official island-camping extraction lead,coordinate_rescue,Boat / Backpack,no,High
pa-lead-laurel-highlands-hiking-trail-shelter-area-point-extraction,PA,Laurel Highlands Hiking Trail Shelter Areas,TRUE_LEAD_RESEARCH_OR_EXTERNAL,Keep as lead until proof/geometry/status is resolved.,"Still has a proof, geometry, legality, duplicate, or current-status blocker.",Official shelter-system extraction lead,coordinate_rescue,Boat / Backpack,no,High
pa-lead-michaux-state-forest-at-hike-in-campsite-extraction,PA,Michaux State Forest AT / Hike-In / Primitive Backpack Camping,AREA_RULE_COMMUNITY_OR_OVERLAY_CANDIDATE,Evaluate as area/rule/community marker or overlay candidate; do not force exact campground coordinates.,"Looks like rule-area, boondocking, community, WMA/forest, permit, GIS, or overlay work.",Official rule + designated-site extraction lead,coordinate_rescue,Boat / Backpack / Boondocking / Dispersed,no,High
pa-lead-delaware-state-forest-designated-backpack-roadside-campsite-extraction,PA,Delaware State Forest Designated / Backpack Camping,AREA_RULE_COMMUNITY_OR_OVERLAY_CANDIDATE,Evaluate as area/rule/community marker or overlay candidate; do not force exact campground coordinates.,"Looks like rule-area, boondocking, community, WMA/forest, permit, GIS, or overlay work.",Official state-forest extraction lead,coordinate_rescue,Boondocking / Dispersed,no,High
pa-lead-loyalsock-state-forest-roadside-backpack-watertrail-campsite-extraction,PA,Loyalsock State Forest Roadside / Backpack / Water-Trail Camping,AREA_RULE_COMMUNITY_OR_OVERLAY_CANDIDATE,Evaluate as area/rule/community marker or overlay candidate; do not force exact campground coordinates.,"Looks like rule-area, boondocking, community, WMA/forest, permit, GIS, or overlay work.",Official state-forest extraction lead,coordinate_rescue,Boondocking / Dispersed / Boat / Backpack,no,High
pa-lead-weiser-state-forest-schuylkill-roadside-backpack-campsite-extraction,PA,Weiser State Forest Schuylkill-Area Roadside / Backpack Campsites,AREA_RULE_COMMUNITY_OR_OVERLAY_CANDIDATE,Evaluate as area/rule/community marker or overlay candidate; do not force exact campground coordinates.,"Looks like rule-area, boondocking, community, WMA/forest, permit, GIS, or overlay work.",Official state-forest extraction lead,coordinate_rescue,Boondocking / Dispersed,no,High
pa-lead-cook-forest-thompson-eddy-river-camping-coordinate-rescue,PA,Cook Forest State Park — Thompson Eddy River Camping,TRUE_LEAD_RESEARCH_OR_EXTERNAL,Keep as lead until proof/geometry/status is resolved.,"Still has a proof, geometry, legality, duplicate, or current-status blocker.",coordinate_rescue / water_component_handoff,coordinate_rescue,Boat / Backpack,no,High
pa-lead-clear-creek-canoe-kayak-campsites-component-split,PA,Clear Creek State Park — Canoe/Kayak Campsites CC01–CC02,TRUE_LEAD_RESEARCH_OR_EXTERNAL,Keep as lead until proof/geometry/status is resolved.,"Still has a proof, geometry, legality, duplicate, or current-status blocker.",coordinate_rescue / component_split,coordinate_rescue,Boat / Backpack,no,High
pa-lead-cowans-gap-a-b-campground-component-coordinate-split,PA,Cowans Gap State Park — A/B Campground Component Split,ORDINARY_CAMPGROUND_COORDINATE_RESCUE,Run practical address-to-map rescue; entrance/campground-area coordinate can be acceptable with honest popup.,Looks like ordinary campground/operator/city/county record held mainly for coordinate/source cleanup.,component_coordinate_rescue,coordinate_rescue,Modern Campgrounds,no,High
pa-lead-codorus-campground-coordinate-correction,PA,Codorus State Park Campground / Camping Components,ORDINARY_CAMPGROUND_COORDINATE_RESCUE,Run practical address-to-map rescue; entrance/campground-area coordinate can be acceptable with honest popup.,Looks like ordinary campground/operator/city/county record held mainly for coordinate/source cleanup.,coordinate_correction / component_verification,coordinate_rescue,Modern Campgrounds,no,High
pa-lead-lancaster-mill-creek-camping-area-coordinate-verification,PA,Mill Creek Camping Area,TRUE_LEAD_RESEARCH_OR_EXTERNAL,Keep as lead until proof/geometry/status is resolved.,"Still has a proof, geometry, legality, duplicate, or current-status blocker.",lead_coordinate_verification,coordinate_rescue,Rustic / Primitive likely,no,High
oh-lead-maumee-bay-sp-campground-coordinate-rescue,OH,Maumee Bay State Park Campground,ORDINARY_CAMPGROUND_COORDINATE_RESCUE,Run practical address-to-map rescue; entrance/campground-area coordinate can be acceptable with honest popup.,Looks like ordinary campground/operator/city/county record held mainly for coordinate/source cleanup.,`official_proof_coordinate_rescue`,coordinate_rescue,Modern Campgrounds,no,High
oh-lead-east-harbor-sp-campground-coordinate-rescue,OH,East Harbor State Park Campground,ORDINARY_CAMPGROUND_COORDINATE_RESCUE,Run practical address-to-map rescue; entrance/campground-area coordinate can be acceptable with honest popup.,Looks like ordinary campground/operator/city/county record held mainly for coordinate/source cleanup.,`official_proof_coordinate_rescue`,coordinate_rescue,Modern Campgrounds,no,High
oh-lead-kelleys-island-sp-campground-coordinate-rescue,OH,Kelleys Island State Park Campground,ORDINARY_CAMPGROUND_COORDINATE_RESCUE,Run practical address-to-map rescue; entrance/campground-area coordinate can be acceptable with honest popup.,Looks like ordinary campground/operator/city/county record held mainly for coordinate/source cleanup.,`official_proof_coordinate_rescue`,coordinate_rescue,Modern Campgrounds,no,High
oh-lead-south-bass-island-sp-campground-coordinate-rescue,OH,South Bass Island State Park Campground,ORDINARY_CAMPGROUND_COORDINATE_RESCUE,Run practical address-to-map rescue; entrance/campground-area coordinate can be acceptable with honest popup.,Looks like ordinary campground/operator/city/county record held mainly for coordinate/source cleanup.,`official_proof_coordinate_rescue`,coordinate_rescue,Modern Campgrounds,no,High
oh-lead-middle-bass-island-sp-primitive-campground,OH,Middle Bass Island State Park Campground,ORDINARY_CAMPGROUND_COORDINATE_RESCUE,Run practical address-to-map rescue; entrance/campground-area coordinate can be acceptable with honest popup.,Looks like ordinary campground/operator/city/county record held mainly for coordinate/source cleanup.,`official_primitive_island_coordinate_rescue`,coordinate_rescue,Boat / Backpack,no,High
oh-lead-north-bass-island-sp-primitive-camping-coordinate-rescue,OH,North Bass Island State Park Primitive Camping,TRUE_LEAD_RESEARCH_OR_EXTERNAL,Keep as lead until proof/geometry/status is resolved.,"Still has a proof, geometry, legality, duplicate, or current-status blocker.",`official_primitive_island_coordinate_rescue`,coordinate_rescue,Boat / Backpack,no,High
oh-lead-harrison-lake-sp-campground-coordinate-rescue,OH,Harrison Lake State Park Campground,ORDINARY_CAMPGROUND_COORDINATE_RESCUE,Run practical address-to-map rescue; entrance/campground-area coordinate can be acceptable with honest popup.,Looks like ordinary campground/operator/city/county record held mainly for coordinate/source cleanup.,`official_proof_coordinate_rescue`,coordinate_rescue,Modern Campgrounds,no,High
oh-lead-findley-sp-campground-coordinate-rescue,OH,Findley State Park Campground,ORDINARY_CAMPGROUND_COORDINATE_RESCUE,Run practical address-to-map rescue; entrance/campground-area coordinate can be acceptable with honest popup.,Looks like ordinary campground/operator/city/county record held mainly for coordinate/source cleanup.,`official_proof_coordinate_rescue`,coordinate_rescue,Modern Campgrounds,no,High
oh-lead-independence-dam-sp-primitive-campground,OH,Independence Dam State Park Primitive Campground,ORDINARY_CAMPGROUND_COORDINATE_RESCUE,Run practical address-to-map rescue; entrance/campground-area coordinate can be acceptable with honest popup.,Looks like ordinary campground/operator/city/county record held mainly for coordinate/source cleanup.,`official_primitive_coordinate_rescue`,coordinate_rescue,Rustic / Primitive,no,High
oh-lead-oak-openings-white-oak-springbrook-campgrounds,OH,Oak Openings Preserve — White Oak / Springbrook Campgrounds,ORDINARY_CAMPGROUND_COORDINATE_RESCUE,Run practical address-to-map rescue; entrance/campground-area coordinate can be acceptable with honest popup.,Looks like ordinary campground/operator/city/county record held mainly for coordinate/source cleanup.,`official_metroparks_component_coordinate_rescue`,coordinate_rescue,Rustic / Primitive,no,Medium
oh-lead-cannaley-treehouse-village-oak-openings,OH,Cannaley Treehouse Village / tent platforms,TRUE_LEAD_RESEARCH_OR_EXTERNAL,Keep as lead until proof/geometry/status is resolved.,"Still has a proof, geometry, legality, duplicate, or current-status blocker.",`official_overnight_unique_getaway_coordinate_rescue`,coordinate_rescue,Boat / Backpack / Needs Supervisor Review,no,Medium
oh-lead-cannonball-prairie-campground,OH,Cannonball Prairie Campground,ORDINARY_CAMPGROUND_COORDINATE_RESCUE,Run practical address-to-map rescue; entrance/campground-area coordinate can be acceptable with honest popup.,Looks like ordinary campground/operator/city/county record held mainly for coordinate/source cleanup.,`official_walk_in_primitive_coordinate_rescue`,coordinate_rescue,Boat / Backpack,no,Medium
oh-lead-wiregrass-lake-campground-georeference,OH,Wiregrass Lake Campground,ORDINARY_CAMPGROUND_COORDINATE_RESCUE,Run practical address-to-map rescue; entrance/campground-area coordinate can be acceptable with honest popup.,Looks like ordinary campground/operator/city/county record held mainly for coordinate/source cleanup.,`official_pdf_site_georeference_needed`,research_needed,Boat / Backpack,no,Medium
oh-lead-farnsworth-campground-maumee-river,OH,Farnsworth Campground,ORDINARY_CAMPGROUND_COORDINATE_RESCUE,Run practical address-to-map rescue; entrance/campground-area coordinate can be acceptable with honest popup.,Looks like ordinary campground/operator/city/county record held mainly for coordinate/source cleanup.,`official_river_tent_coordinate_rescue`,coordinate_rescue,Boat / Backpack,no,Medium
oh-lead-blue-creek-campground,OH,Blue Creek Campground,ORDINARY_CAMPGROUND_COORDINATE_RESCUE,Run practical address-to-map rescue; entrance/campground-area coordinate can be acceptable with honest popup.,Looks like ordinary campground/operator/city/county record held mainly for coordinate/source cleanup.,`official_temporary_primitive_coordinate_rescue`,coordinate_rescue,Rustic / Primitive,no,Medium
oh-lead-white-star-park-campground,OH,White Star Park Campground,ORDINARY_CAMPGROUND_COORDINATE_RESCUE,Run practical address-to-map rescue; entrance/campground-area coordinate can be acceptable with honest popup.,Looks like ordinary campground/operator/city/county record held mainly for coordinate/source cleanup.,`official_county_coordinate_rescue`,coordinate_rescue,Modern Campgrounds,no,Medium
oh-lead-riverbend-recreation-area-campground,OH,Riverbend Recreation Area Campground,ORDINARY_CAMPGROUND_COORDINATE_RESCUE,Run practical address-to-map rescue; entrance/campground-area coordinate can be acceptable with honest popup.,Looks like ordinary campground/operator/city/county record held mainly for coordinate/source cleanup.,`official_tourism_coordinate_rescue`,coordinate_rescue,Boat / Backpack,no,Medium
oh-lead-camp-sandusky-private-campground,OH,Camp Sandusky,ORDINARY_CAMPGROUND_COORDINATE_RESCUE,Run practical address-to-map rescue; entrance/campground-area coordinate can be acceptable with honest popup.,Looks like ordinary campground/operator/city/county record held mainly for coordinate/source cleanup.,`operator_proof_coordinate_rescue`,coordinate_rescue,Private Campgrounds,no,Medium
oh-lead-sandusky-bayshore-koa,OH,Sandusky / Bayshore KOA Holiday,ORDINARY_CAMPGROUND_COORDINATE_RESCUE,Run practical address-to-map rescue; entrance/campground-area coordinate can be acceptable with honest popup.,Looks like ordinary campground/operator/city/county record held mainly for coordinate/source cleanup.,`operator_proof_coordinate_rescue`,coordinate_rescue,Private Campgrounds,no,Medium
oh-lead-crystal-rock-campground,OH,Crystal Rock Campground,ORDINARY_CAMPGROUND_COORDINATE_RESCUE,Run practical address-to-map rescue; entrance/campground-area coordinate can be acceptable with honest popup.,Looks like ordinary campground/operator/city/county record held mainly for coordinate/source cleanup.,`operator_proof_coordinate_rescue`,coordinate_rescue,Private Campgrounds,no,Medium
oh-lead-lighthouse-point-rv-campground,OH,Lighthouse Point RV Sites at Cedar Point,ORDINARY_CAMPGROUND_COORDINATE_RESCUE,Run practical address-to-map rescue; entrance/campground-area coordinate can be acceptable with honest popup.,Looks like ordinary campground/operator/city/county record held mainly for coordinate/source cleanup.,`operator_proof_coordinate_rescue`,coordinate_rescue,Private Campgrounds,no,Medium
oh-lead-sandusky-rv-resort,OH,Sandusky RV Resort,ORDINARY_CAMPGROUND_COORDINATE_RESCUE,Run practical address-to-map rescue; entrance/campground-area coordinate can be acceptable with honest popup.,Looks like ordinary campground/operator/city/county record held mainly for coordinate/source cleanup.,`operator_proof_coordinate_rescue`,coordinate_rescue,Private Campgrounds,no,Medium
oh-lead-toledo-east-stony-ridge-koa,OH,Toledo East / Stony Ridge KOA Journey,ORDINARY_CAMPGROUND_COORDINATE_RESCUE,Run practical address-to-map rescue; entrance/campground-area coordinate can be acceptable with honest popup.,Looks like ordinary campground/operator/city/county record held mainly for coordinate/source cleanup.,`operator_proof_coordinate_rescue`,coordinate_rescue,Private Campgrounds,no,Medium
oh-lead-twin-acres-campground,OH,Twin Acres Campground,ORDINARY_CAMPGROUND_COORDINATE_RESCUE,Run practical address-to-map rescue; entrance/campground-area coordinate can be acceptable with honest popup.,Looks like ordinary campground/operator/city/county record held mainly for coordinate/source cleanup.,`operator_proof_coordinate_rescue`,coordinate_rescue,Private Campgrounds,no,Medium
oh-lead-bluegrass-campground,OH,Bluegrass Campground,ORDINARY_CAMPGROUND_COORDINATE_RESCUE,Run practical address-to-map rescue; entrance/campground-area coordinate can be acceptable with honest popup.,Looks like ordinary campground/operator/city/county record held mainly for coordinate/source cleanup.,`operator_proof_coordinate_rescue`,coordinate_rescue,Private Campgrounds,no,Medium
oh-lead-superior-made-rv-resort-former-big-sandy,OH,Superior Made RV Resort / former Big Sandy Campground,REJECT_DUPLICATE_OR_CLOSURE_REVIEW,"Review for rejected ledger, duplicate merge, or closure/status note.","Status/action fields contain duplicate, wrong-state, closure, malformed, or do-not-import language.",`operator_opening_status_coordinate_rescue`,coordinate_rescue,Private Campgrounds,no,Medium
oh-lead-camp-sabroske-coordinate-rescue,OH,Camp Sabroske,ORDINARY_CAMPGROUND_COORDINATE_RESCUE,Run practical address-to-map rescue; entrance/campground-area coordinate can be acceptable with honest popup.,Looks like ordinary campground/operator/city/county record held mainly for coordinate/source cleanup.,`operator_or_directory_coordinate_rescue`,coordinate_rescue,Private Campgrounds,no,Medium
oh-lead-mohican-state-park-group-primitive-components,OH,Mohican State Park Group / Primitive / Walk-in Components,TRUE_LEAD_RESEARCH_OR_EXTERNAL,Keep as lead until proof/geometry/status is resolved.,"Still has a proof, geometry, legality, duplicate, or current-status blocker.",component split lead,research_needed,Rustic / Primitive or Boat / Backpack,no,High
oh-lead-mohican-memorial-state-forest-park-and-pack,OH,Mohican-Memorial State Forest Park-and-Pack / Primitive Trail Camps,AREA_RULE_COMMUNITY_OR_OVERLAY_CANDIDATE,Evaluate as area/rule/community marker or overlay candidate; do not force exact campground coordinates.,"Looks like rule-area, boondocking, community, WMA/forest, permit, GIS, or overlay work.",official forest camping likely; extraction needed,research_needed,Boat / Backpack,no,High
oh-needs-canfield-fairgrounds-camping,OH,Canfield Fairgrounds Camping,REJECT_DUPLICATE_OR_CLOSURE_REVIEW,"Review for rejected ledger, duplicate merge, or closure/status note.","Status/action fields contain duplicate, wrong-state, closure, malformed, or do-not-import language.",real fairground camping likely; public non-event status unclear,research_needed,Needs Verification,yes,Medium
oh-needs-lorain-county-fairgrounds-camping,OH,Lorain County Fairgrounds Camping,TRUE_LEAD_RESEARCH_OR_EXTERNAL,Keep as lead until proof/geometry/status is resolved.,"Still has a proof, geometry, legality, duplicate, or current-status blocker.",fairground camping possible; public non-event status unclear,research_needed,Needs Verification,yes,Medium
oh-lead-grand-river-water-trail-overnight-camping-proof,OH,Grand River Water Trail / Scenic River Overnight Camping Proof,AREA_RULE_COMMUNITY_OR_OVERLAY_CANDIDATE,Evaluate as area/rule/community marker or overlay candidate; do not force exact campground coordinates.,"Looks like rule-area, boondocking, community, WMA/forest, permit, GIS, or overlay work.",possible corridor lead; no official overnight site recovered,research_needed,Boat / Backpack or Boondocking / Dispersed,no,Medium
oh-correction-van-buren-state-park-campground,OH,Van Buren State Park Campground,PROMOTION_STATUS_CHECK_CANDIDATE,Quick source/status check; promote if public overnight use and coordinate are defensible as campground/entrance/area marker.,Ordinary campground/operator lead with a coordinate; likely held for semantics or status wording.,existing active row needs source/layer enrichment,correction_candidate,Modern Campgrounds or Rustic / Primitive after ODNR amenity audit,yes,High
oh-lead-alum-creek-state-park-campground,OH,Alum Creek State Park Campground,ORDINARY_CAMPGROUND_COORDINATE_RESCUE,Run practical address-to-map rescue; entrance/campground-area coordinate can be acceptable with honest popup.,Looks like ordinary campground/operator/city/county record held mainly for coordinate/source cleanup.,ODNR campground; coordinate extraction needed,coordinate_rescue,Modern Campgrounds,no,High
oh-lead-alum-creek-primitive-horse-camp,OH,Alum Creek primitive bridle / horse camp,ORDINARY_CAMPGROUND_COORDINATE_RESCUE,Run practical address-to-map rescue; entrance/campground-area coordinate can be acceptable with honest popup.,Looks like ordinary campground/operator/city/county record held mainly for coordinate/source cleanup.,Separate primitive/horse component lead,research_needed,Rustic / Primitive,no,High
oh-lead-delaware-state-park-campground,OH,Delaware State Park Campground,ORDINARY_CAMPGROUND_COORDINATE_RESCUE,Run practical address-to-map rescue; entrance/campground-area coordinate can be acceptable with honest popup.,Looks like ordinary campground/operator/city/county record held mainly for coordinate/source cleanup.,ODNR campground; coordinate rescue,coordinate_rescue,Modern Campgrounds,no,High
oh-lead-buck-creek-state-park-campground,OH,Buck Creek State Park Campground,ORDINARY_CAMPGROUND_COORDINATE_RESCUE,Run practical address-to-map rescue; entrance/campground-area coordinate can be acceptable with honest popup.,Looks like ordinary campground/operator/city/county record held mainly for coordinate/source cleanup.,ODNR/USACE reservoir campground; coordinate rescue,coordinate_rescue,Modern Campgrounds,no,High
oh-lead-kiser-lake-state-park-campground,OH,Kiser Lake State Park Campground,ORDINARY_CAMPGROUND_COORDINATE_RESCUE,Run practical address-to-map rescue; entrance/campground-area coordinate can be acceptable with honest popup.,Looks like ordinary campground/operator/city/county record held mainly for coordinate/source cleanup.,ODNR campground; layer/coordinate rescue,coordinate_rescue,Rustic / Primitive,no,High
oh-lead-john-bryan-state-park-campground,OH,John Bryan State Park Campground,ORDINARY_CAMPGROUND_COORDINATE_RESCUE,Run practical address-to-map rescue; entrance/campground-area coordinate can be acceptable with honest popup.,Looks like ordinary campground/operator/city/county record held mainly for coordinate/source cleanup.,ODNR campground; coordinate rescue,coordinate_rescue,Rustic / Primitive,no,High
oh-lead-caesar-creek-state-park-campground,OH,Caesar Creek State Park Campground,ORDINARY_CAMPGROUND_COORDINATE_RESCUE,Run practical address-to-map rescue; entrance/campground-area coordinate can be acceptable with honest popup.,Looks like ordinary campground/operator/city/county record held mainly for coordinate/source cleanup.,ODNR/USACE reservoir campground; coordinate rescue,coordinate_rescue,Modern Campgrounds,no,High
oh-lead-caesar-creek-horse-camp,OH,Caesar Creek Horse Camp,ORDINARY_CAMPGROUND_COORDINATE_RESCUE,Run practical address-to-map rescue; entrance/campground-area coordinate can be acceptable with honest popup.,Looks like ordinary campground/operator/city/county record held mainly for coordinate/source cleanup.,Separate horse-camp component lead,research_needed,Rustic / Primitive,no,High
oh-lead-cowan-lake-state-park-campground,OH,Cowan Lake State Park Campground,ORDINARY_CAMPGROUND_COORDINATE_RESCUE,Run practical address-to-map rescue; entrance/campground-area coordinate can be acceptable with honest popup.,Looks like ordinary campground/operator/city/county record held mainly for coordinate/source cleanup.,ODNR campground; coordinate rescue,coordinate_rescue,Modern Campgrounds,no,High
oh-lead-east-fork-state-park-campground,OH,East Fork State Park Campground,ORDINARY_CAMPGROUND_COORDINATE_RESCUE,Run practical address-to-map rescue; entrance/campground-area coordinate can be acceptable with honest popup.,Looks like ordinary campground/operator/city/county record held mainly for coordinate/source cleanup.,ODNR/USACE reservoir campground; coordinate rescue,coordinate_rescue,Modern Campgrounds,no,High
oh-lead-hueston-woods-state-park-campground,OH,Hueston Woods State Park Campground,ORDINARY_CAMPGROUND_COORDINATE_RESCUE,Run practical address-to-map rescue; entrance/campground-area coordinate can be acceptable with honest popup.,Looks like ordinary campground/operator/city/county record held mainly for coordinate/source cleanup.,ODNR campground; coordinate rescue,coordinate_rescue,Modern Campgrounds,no,High
oh-lead-stonelick-state-park-campground,OH,Stonelick State Park Campground,ORDINARY_CAMPGROUND_COORDINATE_RESCUE,Run practical address-to-map rescue; entrance/campground-area coordinate can be acceptable with honest popup.,Looks like ordinary campground/operator/city/county record held mainly for coordinate/source cleanup.,ODNR campground; layer/coordinate rescue,coordinate_rescue,Rustic / Primitive or Modern after amenity audit,no,High
oh-lead-paint-creek-state-park-campground,OH,Paint Creek State Park Campground,ORDINARY_CAMPGROUND_COORDINATE_RESCUE,Run practical address-to-map rescue; entrance/campground-area coordinate can be acceptable with honest popup.,Looks like ordinary campground/operator/city/county record held mainly for coordinate/source cleanup.,ODNR campground; coordinate rescue,coordinate_rescue,Modern Campgrounds,no,High
oh-lead-rocky-fork-state-park-campground,OH,Rocky Fork State Park Campground,ORDINARY_CAMPGROUND_COORDINATE_RESCUE,Run practical address-to-map rescue; entrance/campground-area coordinate can be acceptable with honest popup.,Looks like ordinary campground/operator/city/county record held mainly for coordinate/source cleanup.,ODNR campground; coordinate rescue,coordinate_rescue,Modern Campgrounds,no,High
oh-lead-deer-creek-state-park-campground,OH,Deer Creek State Park Campground,ORDINARY_CAMPGROUND_COORDINATE_RESCUE,Run practical address-to-map rescue; entrance/campground-area coordinate can be acceptable with honest popup.,Looks like ordinary campground/operator/city/county record held mainly for coordinate/source cleanup.,ODNR campground; coordinate rescue,coordinate_rescue,Modern Campgrounds,no,High
oh-lead-aw-marion-state-park-campground,OH,A.W. Marion State Park Campground,ORDINARY_CAMPGROUND_COORDINATE_RESCUE,Run practical address-to-map rescue; entrance/campground-area coordinate can be acceptable with honest popup.,Looks like ordinary campground/operator/city/county record held mainly for coordinate/source cleanup.,ODNR campground; coordinate rescue,coordinate_rescue,Rustic / Primitive or Modern after amenity audit,no,High
oh-lead-mt-gilead-state-park-campground,OH,Mt. Gilead State Park Campground,ORDINARY_CAMPGROUND_COORDINATE_RESCUE,Run practical address-to-map rescue; entrance/campground-area coordinate can be acceptable with honest popup.,Looks like ordinary campground/operator/city/county record held mainly for coordinate/source cleanup.,ODNR campground; coordinate rescue,coordinate_rescue,Rustic / Primitive or Modern after amenity audit,no,High
oh-lead-indian-lake-state-park-campground,OH,Indian Lake State Park Campground,ORDINARY_CAMPGROUND_COORDINATE_RESCUE,Run practical address-to-map rescue; entrance/campground-area coordinate can be acceptable with honest popup.,Looks like ordinary campground/operator/city/county record held mainly for coordinate/source cleanup.,ODNR campground; coordinate rescue,coordinate_rescue,Modern Campgrounds,no,High
oh-lead-grand-lake-st-marys-state-park-campground,OH,Grand Lake St. Marys State Park Campground,ORDINARY_CAMPGROUND_COORDINATE_RESCUE,Run practical address-to-map rescue; entrance/campground-area coordinate can be acceptable with honest popup.,Looks like ordinary campground/operator/city/county record held mainly for coordinate/source cleanup.,ODNR campground; coordinate rescue,coordinate_rescue,Modern Campgrounds,no,High
oh-lead-lake-loramie-state-park-campground,OH,Lake Loramie State Park Campground,ORDINARY_CAMPGROUND_COORDINATE_RESCUE,Run practical address-to-map rescue; entrance/campground-area coordinate can be acceptable with honest popup.,Looks like ordinary campground/operator/city/county record held mainly for coordinate/source cleanup.,ODNR campground; coordinate rescue,coordinate_rescue,Modern Campgrounds,no,High
oh-lead-sycamore-state-park-group-camp,OH,Sycamore State Park group / equestrian campground check,ORDINARY_CAMPGROUND_COORDINATE_RESCUE,Run practical address-to-map rescue; entrance/campground-area coordinate can be acceptable with honest popup.,Looks like ordinary campground/operator/city/county record held mainly for coordinate/source cleanup.,Official component proof needed,research_needed,Rustic / Primitive or Needs Verification,no,High
oh-lead-winton-woods-campground,OH,Winton Woods Campground,ORDINARY_CAMPGROUND_COORDINATE_RESCUE,Run practical address-to-map rescue; entrance/campground-area coordinate can be acceptable with honest popup.,Looks like ordinary campground/operator/city/county record held mainly for coordinate/source cleanup.,Official Great Parks campground; coordinate/amenity split rescue,coordinate_rescue,Modern Campgrounds or mixed Modern/Rustic split,no,Medium
oh-lead-winton-woods-possum-run-group-campground,OH,Possum Run Group Campground,ORDINARY_CAMPGROUND_COORDINATE_RESCUE,Run practical address-to-map rescue; entrance/campground-area coordinate can be acceptable with honest popup.,Looks like ordinary campground/operator/city/county record held mainly for coordinate/source cleanup.,Official group-camp component lead,coordinate_rescue,Rustic / Primitive or Info / Reference,no,Medium
oh-lead-miami-whitewater-forest-campground,OH,Miami Whitewater Forest Campground,ORDINARY_CAMPGROUND_COORDINATE_RESCUE,Run practical address-to-map rescue; entrance/campground-area coordinate can be acceptable with honest popup.,Looks like ordinary campground/operator/city/county record held mainly for coordinate/source cleanup.,Official Great Parks campground; coordinate/amenity rescue,coordinate_rescue,Rustic / Primitive or Modern after shower/restroom proof,no,Medium
oh-lead-miami-whitewater-forest-group-campground,OH,Miami Whitewater Forest Group Campground,ORDINARY_CAMPGROUND_COORDINATE_RESCUE,Run practical address-to-map rescue; entrance/campground-area coordinate can be acceptable with honest popup.,Looks like ordinary campground/operator/city/county record held mainly for coordinate/source cleanup.,Official group-camp component lead,coordinate_rescue,Rustic / Primitive or Info / Reference,no,Medium
oh-lead-lake-isabella-campground,OH,Lake Isabella Campground,ORDINARY_CAMPGROUND_COORDINATE_RESCUE,Run practical address-to-map rescue; entrance/campground-area coordinate can be acceptable with honest popup.,Looks like ordinary campground/operator/city/county record held mainly for coordinate/source cleanup.,Great Parks reservation-system campground lead,coordinate_rescue,Rustic / Primitive or Private/Public modern after proof,no,Medium
oh-lead-five-rivers-twin-valley-backpacking-campsites,OH,Twin Valley Trail / Five Rivers MetroParks backpacking campsites,TRUE_LEAD_RESEARCH_OR_EXTERNAL,Keep as lead until proof/geometry/status is resolved.,"Still has a proof, geometry, legality, duplicate, or current-status blocker.",Backpacking / hike-in component extraction lead,coordinate_rescue,Boat / Backpack,no,Medium
oh-lead-armco-park-campground,OH,Warren County Armco Park Campground,ORDINARY_CAMPGROUND_COORDINATE_RESCUE,Run practical address-to-map rescue; entrance/campground-area coordinate can be acceptable with honest popup.,Looks like ordinary campground/operator/city/county record held mainly for coordinate/source cleanup.,County park campground lead,coordinate_rescue,Modern Campgrounds or Rustic / Primitive,no,Medium
oh-lead-buckeye-lake-koa-columbus-east,OH,Buckeye Lake / Columbus East KOA Holiday,ORDINARY_CAMPGROUND_COORDINATE_RESCUE,Run practical address-to-map rescue; entrance/campground-area coordinate can be acceptable with honest popup.,Looks like ordinary campground/operator/city/county record held mainly for coordinate/source cleanup.,Operator campground lead,coordinate_rescue,Private Campgrounds,no,Medium
oh-lead-sunbury-columbus-north-koa,OH,Sunbury / Columbus North KOA Holiday,ORDINARY_CAMPGROUND_COORDINATE_RESCUE,Run practical address-to-map rescue; entrance/campground-area coordinate can be acceptable with honest popup.,Looks like ordinary campground/operator/city/county record held mainly for coordinate/source cleanup.,Operator campground lead,coordinate_rescue,Private Campgrounds,no,Medium
oh-lead-dayton-koa-resort,OH,Dayton KOA Resort / Brookville,ORDINARY_CAMPGROUND_COORDINATE_RESCUE,Run practical address-to-map rescue; entrance/campground-area coordinate can be acceptable with honest popup.,Looks like ordinary campground/operator/city/county record held mainly for coordinate/source cleanup.,Operator campground lead,coordinate_rescue,Private Campgrounds,no,Medium
oh-lead-lebanon-cincinnati-ne-koa,OH,Lebanon / Cincinnati NE KOA Holiday,ORDINARY_CAMPGROUND_COORDINATE_RESCUE,Run practical address-to-map rescue; entrance/campground-area coordinate can be acceptable with honest popup.,Looks like ordinary campground/operator/city/county record held mainly for coordinate/source cleanup.,Operator campground lead,coordinate_rescue,Private Campgrounds,no,Medium
oh-lead-lazy-river-at-granville,OH,Lazy River At Granville Campground,ORDINARY_CAMPGROUND_COORDINATE_RESCUE,Run practical address-to-map rescue; entrance/campground-area coordinate can be acceptable with honest popup.,Looks like ordinary campground/operator/city/county record held mainly for coordinate/source cleanup.,Operator campground lead,coordinate_rescue,Private Campgrounds,no,Medium
oh-lead-cedarbrook-campground,OH,Cedarbrook Campground,ORDINARY_CAMPGROUND_COORDINATE_RESCUE,Run practical address-to-map rescue; entrance/campground-area coordinate can be acceptable with honest popup.,Looks like ordinary campground/operator/city/county record held mainly for coordinate/source cleanup.,Operator campground lead,coordinate_rescue,Private Campgrounds,no,Medium
oh-lead-olive-branch-campground,OH,Olive Branch Campground,ORDINARY_CAMPGROUND_COORDINATE_RESCUE,Run practical address-to-map rescue; entrance/campground-area coordinate can be acceptable with honest popup.,Looks like ordinary campground/operator/city/county record held mainly for coordinate/source cleanup.,Operator campground lead,coordinate_rescue,Private Campgrounds,no,Medium
oh-lead-morgans-riverside-campground,OH,Morgan's Riverside Campground / Little Miami River,ORDINARY_CAMPGROUND_COORDINATE_RESCUE,Run practical address-to-map rescue; entrance/campground-area coordinate can be acceptable with honest popup.,Looks like ordinary campground/operator/city/county record held mainly for coordinate/source cleanup.,Operator campground/canoe-livery lead,coordinate_rescue,Private Campgrounds / Boat-Backpack support,no,Medium
oh-lead-beechwood-acres-camping-resort,OH,Beechwood Acres Camping Resort,ORDINARY_CAMPGROUND_COORDINATE_RESCUE,Run practical address-to-map rescue; entrance/campground-area coordinate can be acceptable with honest popup.,Looks like ordinary campground/operator/city/county record held mainly for coordinate/source cleanup.,Operator campground lead,coordinate_rescue,Private Campgrounds,no,Medium
oh-lead-enon-beach-campground,OH,Enon Beach Campground,ORDINARY_CAMPGROUND_COORDINATE_RESCUE,Run practical address-to-map rescue; entrance/campground-area coordinate can be acceptable with honest popup.,Looks like ordinary campground/operator/city/county record held mainly for coordinate/source cleanup.,Operator campground lead,coordinate_rescue,Private Campgrounds,no,Medium
oh-lead-frontier-campground-waynesville,OH,Frontier Campground,ORDINARY_CAMPGROUND_COORDINATE_RESCUE,Run practical address-to-map rescue; entrance/campground-area coordinate can be acceptable with honest popup.,Looks like ordinary campground/operator/city/county record held mainly for coordinate/source cleanup.,Operator campground lead,coordinate_rescue,Private Campgrounds,no,Medium
oh-lead-pine-cove-campground,OH,Pine Cove Campground,ORDINARY_CAMPGROUND_COORDINATE_RESCUE,Run practical address-to-map rescue; entrance/campground-area coordinate can be acceptable with honest popup.,Looks like ordinary campground/operator/city/county record held mainly for coordinate/source cleanup.,Operator campground lead,coordinate_rescue,Private Campgrounds,no,Medium
oh-lead-butler-county-governor-bebb-campground,OH,Governor Bebb MetroPark campground / Pioneer Village group camping,ORDINARY_CAMPGROUND_COORDINATE_RESCUE,Run practical address-to-map rescue; entrance/campground-area coordinate can be acceptable with honest popup.,Looks like ordinary campground/operator/city/county record held mainly for coordinate/source cleanup.,County park/group camping lead,coordinate_rescue,Rustic / Primitive or Needs Verification,no,Medium
oh-lead-warren-county-fairgrounds-camping,OH,Warren County Fairgrounds camping,TRUE_LEAD_RESEARCH_OR_EXTERNAL,Keep as lead until proof/geometry/status is resolved.,"Still has a proof, geometry, legality, duplicate, or current-status blocker.",Fairgrounds public non-event camping proof needed,research_needed,Overnight Parking or Modern/Rustic after proof,no,Medium
oh-lead-greene-county-fairgrounds-camping,OH,Greene County Fairgrounds camping,TRUE_LEAD_RESEARCH_OR_EXTERNAL,Keep as lead until proof/geometry/status is resolved.,"Still has a proof, geometry, legality, duplicate, or current-status blocker.",Fairgrounds public non-event camping proof needed,research_needed,Overnight Parking or Modern/Rustic after proof,no,Medium
oh-lead-miami-county-fairgrounds-camping,OH,Miami County Fairgrounds camping,TRUE_LEAD_RESEARCH_OR_EXTERNAL,Keep as lead until proof/geometry/status is resolved.,"Still has a proof, geometry, legality, duplicate, or current-status blocker.",Fairgrounds public non-event camping proof needed,research_needed,Overnight Parking or Modern/Rustic after proof,no,Medium
oh-lead-darke-county-fairgrounds-camping,OH,Darke County Fairgrounds camping,TRUE_LEAD_RESEARCH_OR_EXTERNAL,Keep as lead until proof/geometry/status is resolved.,"Still has a proof, geometry, legality, duplicate, or current-status blocker.",Fairgrounds public non-event camping proof needed,research_needed,Overnight Parking or Modern/Rustic after proof,no,Medium
oh-lead-mercer-county-fairgrounds-camping,OH,Mercer County Fairgrounds camping,TRUE_LEAD_RESEARCH_OR_EXTERNAL,Keep as lead until proof/geometry/status is resolved.,"Still has a proof, geometry, legality, duplicate, or current-status blocker.",Fairgrounds public non-event camping proof needed,research_needed,Overnight Parking or Modern/Rustic after proof,no,Medium
oh-lead-shelby-county-fairgrounds-camping,OH,Shelby County Fairgrounds camping,TRUE_LEAD_RESEARCH_OR_EXTERNAL,Keep as lead until proof/geometry/status is resolved.,"Still has a proof, geometry, legality, duplicate, or current-status blocker.",Fairgrounds public non-event camping proof needed,research_needed,Overnight Parking or Modern/Rustic after proof,no,Medium
oh-lead-shawnee-state-forest-adams-edge-backpack-geometry,OH,Shawnee State Forest backpack / primitive camping geometry — Adams edge,REJECT_DUPLICATE_OR_CLOSURE_REVIEW,"Review for rejected ledger, duplicate merge, or closure/status note.","Status/action fields contain duplicate, wrong-state, closure, malformed, or do-not-import language.",Area/geometry lead; verify assigned boundary,research_needed,Boat / Backpack or Boondocking / Dispersed,no,Medium
oh-lead-brush-creek-state-forest-camping-check,OH,Brush Creek State Forest camping / bridle-trail overnight check,REJECT_DUPLICATE_OR_CLOSURE_REVIEW,"Review for rejected ledger, duplicate merge, or closure/status note.","Status/action fields contain duplicate, wrong-state, closure, malformed, or do-not-import language.",Area/rule proof needed,research_needed,Boondocking / Dispersed or Rustic / Primitive if official,no,Medium
oh-lead-great-miami-little-miami-river-camping-check,OH,Great Miami / Little Miami River corridor overnight camping check,REJECT_DUPLICATE_OR_CLOSURE_REVIEW,"Review for rejected ledger, duplicate merge, or closure/status note.","Status/action fields contain duplicate, wrong-state, closure, malformed, or do-not-import language.",Water-trail/river corridor lead,research_needed,Boat / Backpack or Boondocking / Dispersed if proven,no,Medium
oh-lead-ohio-state-forest-gis-camping-policy,OH,Ohio state forest designated camping / no-dispersed-camping policy geometry,REJECT_DUPLICATE_OR_CLOSURE_REVIEW,"Review for rejected ledger, duplicate merge, or closure/status note.","Status/action fields contain duplicate, wrong-state, closure, malformed, or do-not-import language.",statewide rule-source lead constrained to geography,research_needed,Info / Reference or Boondocking / Dispersed only where designated,no,Medium
oh-wayne-nf-iron-ridge-campground-coordinate-rescue,OH,Iron Ridge Campground,ORDINARY_CAMPGROUND_COORDINATE_RESCUE,Run practical address-to-map rescue; entrance/campground-area coordinate can be acceptable with honest popup.,Looks like ordinary campground/operator/city/county record held mainly for coordinate/source cleanup.,Research Needed,coordinate_rescue,Modern Campgrounds,no,Medium
oh-wayne-nf-lake-vesuvius-group-campground-two-points-coordinate-rescue,OH,Lake Vesuvius Group Campground / Two Points Group Camp,REJECT_DUPLICATE_OR_CLOSURE_REVIEW,"Review for rejected ledger, duplicate merge, or closure/status note.","Status/action fields contain duplicate, wrong-state, closure, malformed, or do-not-import language.",Research Needed,research_needed,Rustic / Primitive,no,Medium
oh-wayne-nf-pine-knob-loop-campground-coordinate-rescue,OH,Pine Knob Loop Campground,ORDINARY_CAMPGROUND_COORDINATE_RESCUE,Run practical address-to-map rescue; entrance/campground-area coordinate can be acceptable with honest popup.,Looks like ordinary campground/operator/city/county record held mainly for coordinate/source cleanup.,Research Needed,research_needed,Rustic / Primitive,no,Medium
oh-wayne-nf-kinderhook-horse-camping-trailhead-trap-check,OH,Kinderhook Horse Trailhead / Possible Horse Camping,ORDINARY_CAMPGROUND_COORDINATE_RESCUE,Run practical address-to-map rescue; entrance/campground-area coordinate can be acceptable with honest popup.,Looks like ordinary campground/operator/city/county record held mainly for coordinate/source cleanup.,Needs Verification,research_needed,Rustic / Primitive,no,Medium
oh-hocking-hocking-hills-state-park-main-campground-coordinate-rescue,OH,Hocking Hills State Park Main Campground,ORDINARY_CAMPGROUND_COORDINATE_RESCUE,Run practical address-to-map rescue; entrance/campground-area coordinate can be acceptable with honest popup.,Looks like ordinary campground/operator/city/county record held mainly for coordinate/source cleanup.,Research Needed,research_needed,Modern Campgrounds,no,High
oh-hocking-hocking-hills-state-park-primitive-hikein-campground-coordinate-rescue,OH,Hocking Hills Primitive Hike-in Campground,ORDINARY_CAMPGROUND_COORDINATE_RESCUE,Run practical address-to-map rescue; entrance/campground-area coordinate can be acceptable with honest popup.,Looks like ordinary campground/operator/city/county record held mainly for coordinate/source cleanup.,Research Needed,research_needed,Boat / Backpack,no,High
oh-vinton-lake-hope-state-park-campground-coordinate-rescue,OH,Lake Hope State Park Campground,ORDINARY_CAMPGROUND_COORDINATE_RESCUE,Run practical address-to-map rescue; entrance/campground-area coordinate can be acceptable with honest popup.,Looks like ordinary campground/operator/city/county record held mainly for coordinate/source cleanup.,Research Needed,research_needed,Modern Campgrounds,no,High
oh-vinton-zaleski-state-forest-backpack-campsites-coordinate-rescue,OH,Zaleski State Forest Backpack Campsites,AREA_RULE_COMMUNITY_OR_OVERLAY_CANDIDATE,Evaluate as area/rule/community marker or overlay candidate; do not force exact campground coordinates.,"Looks like rule-area, boondocking, community, WMA/forest, permit, GIS, or overlay work.",Research Needed,research_needed,Boat / Backpack,no,High
oh-vinton-zaleski-state-forest-horse-hunter-camping-coordinate-rescue,OH,Zaleski State Forest Horse / Hunter Camping,AREA_RULE_COMMUNITY_OR_OVERLAY_CANDIDATE,Evaluate as area/rule/community marker or overlay candidate; do not force exact campground coordinates.,"Looks like rule-area, boondocking, community, WMA/forest, permit, GIS, or overlay work.",Research Needed,research_needed,Rustic / Primitive,no,High
oh-morgan-burr-oak-state-park-campground-coordinate-rescue,OH,Burr Oak State Park Campground,REJECT_DUPLICATE_OR_CLOSURE_REVIEW,"Review for rejected ledger, duplicate merge, or closure/status note.","Status/action fields contain duplicate, wrong-state, closure, malformed, or do-not-import language.",Research Needed,research_needed,Modern Campgrounds,no,High
oh-morgan-burr-oak-backpack-trail-camping-coordinate-rescue,OH,Burr Oak Backpack Trail Primitive Camps,TRUE_LEAD_RESEARCH_OR_EXTERNAL,Keep as lead until proof/geometry/status is resolved.,"Still has a proof, geometry, legality, duplicate, or current-status blocker.",Research Needed,research_needed,Boat / Backpack,no,High
oh-athens-strouds-run-state-park-campground-coordinate-rescue,OH,Strouds Run State Park Campground,ORDINARY_CAMPGROUND_COORDINATE_RESCUE,Run practical address-to-map rescue; entrance/campground-area coordinate can be acceptable with honest popup.,Looks like ordinary campground/operator/city/county record held mainly for coordinate/source cleanup.,Research Needed,research_needed,Rustic / Primitive,no,High
oh-meigs-forked-run-state-park-campground-coordinate-rescue,OH,Forked Run State Park Campground,ORDINARY_CAMPGROUND_COORDINATE_RESCUE,Run practical address-to-map rescue; entrance/campground-area coordinate can be acceptable with honest popup.,Looks like ordinary campground/operator/city/county record held mainly for coordinate/source cleanup.,Research Needed,research_needed,Modern Campgrounds,no,High
oh-noble-wolf-run-state-park-campground-coordinate-rescue,OH,Wolf Run State Park Campground,ORDINARY_CAMPGROUND_COORDINATE_RESCUE,Run practical address-to-map rescue; entrance/campground-area coordinate can be acceptable with honest popup.,Looks like ordinary campground/operator/city/county record held mainly for coordinate/source cleanup.,Research Needed,research_needed,Modern Campgrounds,no,High
oh-pike-pike-lake-state-park-campground-coordinate-rescue,OH,Pike Lake State Park Campground,ORDINARY_CAMPGROUND_COORDINATE_RESCUE,Run practical address-to-map rescue; entrance/campground-area coordinate can be acceptable with honest popup.,Looks like ordinary campground/operator/city/county record held mainly for coordinate/source cleanup.,Research Needed,research_needed,Modern Campgrounds,no,High
oh-ross-tar-hollow-state-park-campground-coordinate-rescue,OH,Tar Hollow State Park Campground,ORDINARY_CAMPGROUND_COORDINATE_RESCUE,Run practical address-to-map rescue; entrance/campground-area coordinate can be acceptable with honest popup.,Looks like ordinary campground/operator/city/county record held mainly for coordinate/source cleanup.,Research Needed,research_needed,Modern Campgrounds,no,High
oh-ross-tar-hollow-logan-backpack-trail-camps-coordinate-rescue,OH,Tar Hollow Logan Backpack Trail Primitive Camps,TRUE_LEAD_RESEARCH_OR_EXTERNAL,Keep as lead until proof/geometry/status is resolved.,"Still has a proof, geometry, legality, duplicate, or current-status blocker.",Research Needed,research_needed,Boat / Backpack,no,High
oh-ross-tar-hollow-state-forest-horse-camp-coordinate-rescue,OH,Tar Hollow State Forest Horse Camp,AREA_RULE_COMMUNITY_OR_OVERLAY_CANDIDATE,Evaluate as area/rule/community marker or overlay candidate; do not force exact campground coordinates.,"Looks like rule-area, boondocking, community, WMA/forest, permit, GIS, or overlay work.",Research Needed,research_needed,Rustic / Primitive,no,High
oh-scioto-shawnee-state-park-turkey-creek-campground-coordinate-rescue,OH,Shawnee State Park — Turkey Creek Campground,ORDINARY_CAMPGROUND_COORDINATE_RESCUE,Run practical address-to-map rescue; entrance/campground-area coordinate can be acceptable with honest popup.,Looks like ordinary campground/operator/city/county record held mainly for coordinate/source cleanup.,Research Needed,research_needed,Modern Campgrounds,no,High
oh-scioto-shawnee-ohio-river-campground-marina-coordinate-rescue,OH,Shawnee State Park — Ohio River Campground & Marina,ORDINARY_CAMPGROUND_COORDINATE_RESCUE,Run practical address-to-map rescue; entrance/campground-area coordinate can be acceptable with honest popup.,Looks like ordinary campground/operator/city/county record held mainly for coordinate/source cleanup.,Research Needed,research_needed,Modern Campgrounds,no,High
oh-scioto-shawnee-bear-lake-horse-camp-coordinate-rescue,OH,Shawnee State Forest / Bear Lake Horse Camp,AREA_RULE_COMMUNITY_OR_OVERLAY_CANDIDATE,Evaluate as area/rule/community marker or overlay candidate; do not force exact campground coordinates.,"Looks like rule-area, boondocking, community, WMA/forest, permit, GIS, or overlay work.",Research Needed,research_needed,Rustic / Primitive,no,High
oh-scioto-shawnee-state-forest-backpack-camps-coordinate-rescue,OH,Shawnee State Forest Backpack Camps,AREA_RULE_COMMUNITY_OR_OVERLAY_CANDIDATE,Evaluate as area/rule/community marker or overlay candidate; do not force exact campground coordinates.,"Looks like rule-area, boondocking, community, WMA/forest, permit, GIS, or overlay work.",Research Needed,research_needed,Boat / Backpack,no,High
oh-ross-scioto-trail-state-park-campground-coordinate-rescue,OH,Scioto Trail State Park Campground,ORDINARY_CAMPGROUND_COORDINATE_RESCUE,Run practical address-to-map rescue; entrance/campground-area coordinate can be acceptable with honest popup.,Looks like ordinary campground/operator/city/county record held mainly for coordinate/source cleanup.,Research Needed,research_needed,Rustic / Primitive,no,High
oh-vinton-lake-alma-state-park-campground-coordinate-rescue,OH,Lake Alma State Park Campground,ORDINARY_CAMPGROUND_COORDINATE_RESCUE,Run practical address-to-map rescue; entrance/campground-area coordinate can be acceptable with honest popup.,Looks like ordinary campground/operator/city/county record held mainly for coordinate/source cleanup.,Research Needed,research_needed,Modern Campgrounds,no,High
oh-jackson-jackson-lake-state-park-campground-coordinate-rescue,OH,Jackson Lake State Park Campground,ORDINARY_CAMPGROUND_COORDINATE_RESCUE,Run practical address-to-map rescue; entrance/campground-area coordinate can be acceptable with honest popup.,Looks like ordinary campground/operator/city/county record held mainly for coordinate/source cleanup.,Research Needed,research_needed,Rustic / Primitive,no,High
oh-muskingum-blue-rock-state-park-campground-coordinate-rescue,OH,Blue Rock State Park Campground,ORDINARY_CAMPGROUND_COORDINATE_RESCUE,Run practical address-to-map rescue; entrance/campground-area coordinate can be acceptable with honest popup.,Looks like ordinary campground/operator/city/county record held mainly for coordinate/source cleanup.,Research Needed,research_needed,Rustic / Primitive,no,High
oh-muskingum-dillon-state-park-main-campground-coordinate-rescue,OH,Dillon State Park Main Campground,ORDINARY_CAMPGROUND_COORDINATE_RESCUE,Run practical address-to-map rescue; entrance/campground-area coordinate can be acceptable with honest popup.,Looks like ordinary campground/operator/city/county record held mainly for coordinate/source cleanup.,Research Needed,research_needed,Modern Campgrounds,no,High
oh-muskingum-dillon-state-park-equestrian-camp-coordinate-rescue,OH,Dillon State Park Equestrian Camp,ORDINARY_CAMPGROUND_COORDINATE_RESCUE,Run practical address-to-map rescue; entrance/campground-area coordinate can be acceptable with honest popup.,Looks like ordinary campground/operator/city/county record held mainly for coordinate/source cleanup.,Research Needed,research_needed,Rustic / Primitive,no,High
oh-belmont-barkcamp-state-park-campground-coordinate-rescue,OH,Barkcamp State Park Campground,ORDINARY_CAMPGROUND_COORDINATE_RESCUE,Run practical address-to-map rescue; entrance/campground-area coordinate can be acceptable with honest popup.,Looks like ordinary campground/operator/city/county record held mainly for coordinate/source cleanup.,Research Needed,research_needed,Modern Campgrounds,no,High
oh-guernsey-salt-fork-state-park-campground-coordinate-rescue,OH,Salt Fork State Park Campground,ORDINARY_CAMPGROUND_COORDINATE_RESCUE,Run practical address-to-map rescue; entrance/campground-area coordinate can be acceptable with honest popup.,Looks like ordinary campground/operator/city/county record held mainly for coordinate/source cleanup.,Research Needed,research_needed,Modern Campgrounds,no,High
oh-muskingum-muskingum-river-parkway-lock-campsites-coordinate-rescue,OH,Muskingum River Parkway Lock Campsites,ORDINARY_CAMPGROUND_COORDINATE_RESCUE,Run practical address-to-map rescue; entrance/campground-area coordinate can be acceptable with honest popup.,Looks like ordinary campground/operator/city/county record held mainly for coordinate/source cleanup.,Research Needed,research_needed,Rustic / Primitive,no,High
oh-muskingum-perry-morgan-jesse-owens-state-park-full-service-campground-coordinate-rescue,OH,Jesse Owens State Park / Appalachian Hills Full-Service Campground,ORDINARY_CAMPGROUND_COORDINATE_RESCUE,Run practical address-to-map rescue; entrance/campground-area coordinate can be acceptable with honest popup.,Looks like ordinary campground/operator/city/county record held mainly for coordinate/source cleanup.,Research Needed,research_needed,Modern Campgrounds,no,High
oh-muskingum-perry-morgan-jesse-owens-primitive-campgrounds-coordinate-rescue,OH,Jesse Owens State Park Primitive Campgrounds,ORDINARY_CAMPGROUND_COORDINATE_RESCUE,Run practical address-to-map rescue; entrance/campground-area coordinate can be acceptable with honest popup.,Looks like ordinary campground/operator/city/county record held mainly for coordinate/source cleanup.,Research Needed,research_needed,Rustic / Primitive,no,High
oh-hocking-hocking-state-forest-designated-reservation-campsites-coordinate-rescue,OH,Hocking State Forest Designated Campsites / Horse Camp,AREA_RULE_COMMUNITY_OR_OVERLAY_CANDIDATE,Evaluate as area/rule/community marker or overlay candidate; do not force exact campground coordinates.,"Looks like rule-area, boondocking, community, WMA/forest, permit, GIS, or overlay work.",Research Needed,research_needed,Rustic / Primitive,no,High
oh-vinton-vinton-furnace-hunters-camp-coordinate-rescue,OH,Vinton Furnace Hunters Camp,ORDINARY_CAMPGROUND_COORDINATE_RESCUE,Run practical address-to-map rescue; entrance/campground-area coordinate can be acceptable with honest popup.,Looks like ordinary campground/operator/city/county record held mainly for coordinate/source cleanup.,Research Needed,research_needed,Rustic / Primitive,no,High
oh-athens-lake-snowden-campground-coordinate-rescue,OH,Lake Snowden Campground,ORDINARY_CAMPGROUND_COORDINATE_RESCUE,Run practical address-to-map rescue; entrance/campground-area coordinate can be acceptable with honest popup.,Looks like ordinary campground/operator/city/county record held mainly for coordinate/source cleanup.,Research Needed,research_needed,Rustic / Primitive,no,Medium
oh-monroe-county-parks-campground-system-coordinate-rescue,OH,Monroe County Parks Campground System,ORDINARY_CAMPGROUND_COORDINATE_RESCUE,Run practical address-to-map rescue; entrance/campground-area coordinate can be acceptable with honest popup.,Looks like ordinary campground/operator/city/county record held mainly for coordinate/source cleanup.,Research Needed,coordinate_rescue,Rustic / Primitive,no,Medium
oh-hocking-campbell-cove-campground-coordinate-rescue,OH,Campbell Cove Campground,ORDINARY_CAMPGROUND_COORDINATE_RESCUE,Run practical address-to-map rescue; entrance/campground-area coordinate can be acceptable with honest popup.,Looks like ordinary campground/operator/city/county record held mainly for coordinate/source cleanup.,Research Needed,research_needed,Private Campgrounds,no,Medium
oh-hocking-hocking-hills-koa-holiday-coordinate-rescue,OH,Hocking Hills KOA Holiday,ORDINARY_CAMPGROUND_COORDINATE_RESCUE,Run practical address-to-map rescue; entrance/campground-area coordinate can be acceptable with honest popup.,Looks like ordinary campground/operator/city/county record held mainly for coordinate/source cleanup.,Research Needed,research_needed,Private Campgrounds,no,Medium
oh-hocking-top-o-the-caves-campground-coordinate-rescue,OH,Top O’ The Caves Campground,ORDINARY_CAMPGROUND_COORDINATE_RESCUE,Run practical address-to-map rescue; entrance/campground-area coordinate can be acceptable with honest popup.,Looks like ordinary campground/operator/city/county record held mainly for coordinate/source cleanup.,Research Needed,research_needed,Private Campgrounds,no,Medium
oh-hocking-jellystone-park-hocking-hills-coordinate-rescue,OH,Jellystone Park Hocking Hills,ORDINARY_CAMPGROUND_COORDINATE_RESCUE,Run practical address-to-map rescue; entrance/campground-area coordinate can be acceptable with honest popup.,Looks like ordinary campground/operator/city/county record held mainly for coordinate/source cleanup.,Research Needed,research_needed,Private Campgrounds,no,Medium
oh-hocking-pine-creek-cabins-camping-resort-coordinate-rescue,OH,Pine Creek Cabins & Camping Resort,ORDINARY_CAMPGROUND_COORDINATE_RESCUE,Run practical address-to-map rescue; entrance/campground-area coordinate can be acceptable with honest popup.,Looks like ordinary campground/operator/city/county record held mainly for coordinate/source cleanup.,Research Needed,research_needed,Private Campgrounds,no,Medium
oh-morgan-riversedge-campground-marina-coordinate-rescue,OH,Riversedge Campground & Marina,ORDINARY_CAMPGROUND_COORDINATE_RESCUE,Run practical address-to-map rescue; entrance/campground-area coordinate can be acceptable with honest popup.,Looks like ordinary campground/operator/city/county record held mainly for coordinate/source cleanup.,Research Needed,research_needed,Private Campgrounds,no,Medium
oh-morgan-private-campground-cluster-coordinate-rescue,OH,Morgan County Private Campground Cluster,ORDINARY_CAMPGROUND_COORDINATE_RESCUE,Run practical address-to-map rescue; entrance/campground-area coordinate can be acceptable with honest popup.,Looks like ordinary campground/operator/city/county record held mainly for coordinate/source cleanup.,Research Needed,research_needed,Private Campgrounds,no,Medium
oh-appalachian-hills-aep-recreation-land-legacy-camping-proof-check,OH,Appalachian Hills / Former AEP Recreation Land Legacy Camping,AREA_RULE_COMMUNITY_OR_OVERLAY_CANDIDATE,Evaluate as area/rule/community marker or overlay candidate; do not force exact campground coordinates.,"Looks like rule-area, boondocking, community, WMA/forest, permit, GIS, or overlay work.",Needs Verification,research_needed,Boondocking / Dispersed,no,High
il-lead-blanchard-island-campground-coordinate-rescue,IL,Blanchard Island Recreation Area Campground,ORDINARY_CAMPGROUND_COORDINATE_RESCUE,Run practical address-to-map rescue; entrance/campground-area coordinate can be acceptable with honest popup.,Looks like ordinary campground/operator/city/county record held mainly for coordinate/source cleanup.,USACE primitive campground proof; coordinate needs rescue,coordinate_rescue,Rustic / Primitive,no,Medium
il-lead-hononegah-forest-preserve-campground-coordinate-rescue,IL,Hononegah Forest Preserve Campground,AREA_RULE_COMMUNITY_OR_OVERLAY_CANDIDATE,Evaluate as area/rule/community marker or overlay candidate; do not force exact campground coordinates.,"Looks like rule-area, boondocking, community, WMA/forest, permit, GIS, or overlay work.",Official county campground proof; coordinate rescue needed,coordinate_rescue,Modern Campgrounds,no,Medium
il-lead-oak-ridge-forest-preserve-equestrian-camping-coordinate-rescue,IL,Oak Ridge Forest Preserve Equestrian Camping Area,AREA_RULE_COMMUNITY_OR_OVERLAY_CANDIDATE,Evaluate as area/rule/community marker or overlay candidate; do not force exact campground coordinates.,"Looks like rule-area, boondocking, community, WMA/forest, permit, GIS, or overlay work.",County equestrian camping proof; access/coordinate details needed,coordinate_rescue,Rustic / Primitive,no,Medium
il-lead-lundeens-rock-river-landing-campground-coordinate-access-verification,IL,Lundeen’s Rock River Landing,ORDINARY_CAMPGROUND_COORDINATE_RESCUE,Run practical address-to-map rescue; entrance/campground-area coordinate can be acceptable with honest popup.,Looks like ordinary campground/operator/city/county record held mainly for coordinate/source cleanup.,Operator campground clue; access/coordinate needs verification,coordinate_rescue,Private Campgrounds,no,Medium
il-lead-castle-rock-canoe-boat-primitive-camping-geometry,IL,Castle Rock State Park canoe/boat primitive camping,AREA_RULE_COMMUNITY_OR_OVERLAY_CANDIDATE,Evaluate as area/rule/community marker or overlay candidate; do not force exact campground coordinates.,"Looks like rule-area, boondocking, community, WMA/forest, permit, GIS, or overlay work.",Existing lead should be updated with official proof,research_needed,Boat / Backpack,no,Medium
il-lead-hennepin-canal-missing-designated-campgrounds-extraction,IL,Hennepin Canal missing designated campgrounds,ORDINARY_CAMPGROUND_COORDINATE_RESCUE,Run practical address-to-map rescue; entrance/campground-area coordinate can be acceptable with honest popup.,Looks like ordinary campground/operator/city/county record held mainly for coordinate/source cleanup.,Official IDNR designated campground set; partial active duplicates,research_needed,Rustic / Primitive,no,Medium
il-lead-hansens-hideaway-ranch-family-campground-coordinate-proof,IL,Hansen’s Hideaway Ranch & Family Campground,ORDINARY_CAMPGROUND_COORDINATE_RESCUE,Run practical address-to-map rescue; entrance/campground-area coordinate can be acceptable with honest popup.,Looks like ordinary campground/operator/city/county record held mainly for coordinate/source cleanup.,Public campground clue; proof/coordinate incomplete,coordinate_rescue,Private Campgrounds,no,Medium
il-lead-mchenry-marengo-ridge-thomas-woods-campground,IL,Marengo Ridge / Thomas Woods Campground,ORDINARY_CAMPGROUND_COORDINATE_RESCUE,Run practical address-to-map rescue; entrance/campground-area coordinate can be acceptable with honest popup.,Looks like ordinary campground/operator/city/county record held mainly for coordinate/source cleanup.,Official coordinate rescue lead,coordinate_rescue,Rustic / Primitive,no,Medium
il-lead-mchenry-north-branch-cyclist-camping,IL,North Branch Conservation Area Overnight Cyclist Camping,TRUE_LEAD_RESEARCH_OR_EXTERNAL,Keep as lead until proof/geometry/status is resolved.,"Still has a proof, geometry, legality, duplicate, or current-status blocker.",Official trail-camping lead,research_needed,Boat / Backpack,no,Medium
il-lead-lake-county-van-patten-woods-youth-group-campground,IL,Van Patten Woods Youth Group Campground,AREA_RULE_COMMUNITY_OR_OVERLAY_CANDIDATE,Evaluate as area/rule/community marker or overlay candidate; do not force exact campground coordinates.,"Looks like rule-area, boondocking, community, WMA/forest, permit, GIS, or overlay work.",Official youth-group lead,coordinate_rescue,Rustic / Primitive,no,Medium
il-lead-kendall-county-forest-preserve-campsites-extraction,IL,Kendall County Forest Preserve Family / Group Campsites,AREA_RULE_COMMUNITY_OR_OVERLAY_CANDIDATE,Evaluate as area/rule/community marker or overlay candidate; do not force exact campground coordinates.,"Looks like rule-area, boondocking, community, WMA/forest, permit, GIS, or overlay work.",Official system lead,research_needed,Rustic / Primitive,no,Medium
il-needs-lake-grass-lake-marina-rv-park-public-transient-status,IL,Grass Lake Marina and RV Park,REJECT_DUPLICATE_OR_CLOSURE_REVIEW,"Review for rejected ledger, duplicate merge, or closure/status note.","Status/action fields contain duplicate, wrong-state, closure, malformed, or do-not-import language.",Seasonal/public status unclear,research_needed,Private Campgrounds,no,Medium
il-needs-lake-spring-lake-marina-rv-park-seasonal-only,IL,Spring Lake Marina RV Park,ORDINARY_CAMPGROUND_COORDINATE_RESCUE,Run practical address-to-map rescue; entrance/campground-area coordinate can be acceptable with honest popup.,Looks like ordinary campground/operator/city/county record held mainly for coordinate/source cleanup.,Seasonal-only unclear,research_needed,Private Campgrounds,no,Medium
il-lead-kankakee-lake-alexander-rv-park-coordinate-proof,IL,Lake Alexander RV Park,ORDINARY_CAMPGROUND_COORDINATE_RESCUE,Run practical address-to-map rescue; entrance/campground-area coordinate can be acceptable with honest popup.,Looks like ordinary campground/operator/city/county record held mainly for coordinate/source cleanup.,Directory/official-directory lead,research_needed,Private Campgrounds,no,Medium
il-lead-usace-wilborn-creek-primitive-tent-sites,IL,Wilborn Creek Primitive Tent Sites,ORDINARY_CAMPGROUND_COORDINATE_RESCUE,Run practical address-to-map rescue; entrance/campground-area coordinate can be acceptable with honest popup.,Looks like ordinary campground/operator/city/county record held mainly for coordinate/source cleanup.,coordinate_rescue / map_extraction_needed,coordinate_rescue,Rustic / Primitive,no,Medium
il-lead-jepc-questing-hills-equestrian-coordinate-rescue,IL,Jim Edgar Panther Creek — Questing Hills Equestrian Campground,ORDINARY_CAMPGROUND_COORDINATE_RESCUE,Run practical address-to-map rescue; entrance/campground-area coordinate can be acceptable with honest popup.,Looks like ordinary campground/operator/city/county record held mainly for coordinate/source cleanup.,coordinate_rescue,coordinate_rescue,Rustic / Primitive,no,Medium
il-correction-sangchris-deer-run-hickory-point,IL,Sangchris Lake State Park — Deer Run / Hickory Point / Primitive components,REJECT_DUPLICATE_OR_CLOSURE_REVIEW,"Review for rejected ledger, duplicate merge, or closure/status note.","Status/action fields contain duplicate, wrong-state, closure, malformed, or do-not-import language.",source_name_layer_cleanup,correction_candidate,Modern Campgrounds + Rustic / Primitive components,yes,Medium
il-correction-spring-lake-north-oak-pine,IL,Spring Lake SFWA — North / Oak / Pine Campgrounds,TRUE_LEAD_RESEARCH_OR_EXTERNAL,Keep as lead until proof/geometry/status is resolved.,"Still has a proof, geometry, legality, duplicate, or current-status blocker.",source_name_layer_cleanup,correction_candidate,Modern Campgrounds / Rustic components,yes,Medium
il-correction-clinton-lake-main-system,IL,Clinton Lake State Recreation Area campground system,REJECT_DUPLICATE_OR_CLOSURE_REVIEW,"Review for rejected ledger, duplicate merge, or closure/status note.","Status/action fields contain duplicate, wrong-state, closure, malformed, or do-not-import language.",already_active_source_layer_enrichment,correction_candidate,Modern Campgrounds,yes,Medium
il-lead-marshall-sfwa-canoe-island-camping,IL,Marshall SFWA canoe island camping component,TRUE_LEAD_RESEARCH_OR_EXTERNAL,Keep as lead until proof/geometry/status is resolved.,"Still has a proof, geometry, legality, duplicate, or current-status blocker.",water_access_component_coordinate_rescue,coordinate_rescue,Boat / Backpack,no,Medium
il-lead-siloam-springs-backpack-horse-sites,IL,Siloam Springs hike-in / horse-ride hike-in campsites,TRUE_LEAD_RESEARCH_OR_EXTERNAL,Keep as lead until proof/geometry/status is resolved.,"Still has a proof, geometry, legality, duplicate, or current-status blocker.",coordinate_rescue,coordinate_rescue,Boat / Backpack / Rustic components,no,Medium
il-lead-hennepin-canal-central-locks-primitive-corridor,IL,Hennepin Canal primitive campgrounds / canal corridor — central Illinois locks,REJECT_DUPLICATE_OR_CLOSURE_REVIEW,"Review for rejected ledger, duplicate merge, or closure/status note.","Status/action fields contain duplicate, wrong-state, closure, malformed, or do-not-import language.",area_outline_followup / coordinate_rescue,coordinate_rescue,Rustic / Primitive / Boat / Backpack,no,Medium
il-lead-lake-shelbyville-opossum-creek-coordinate-rescue,IL,Opossum Creek Campground,ORDINARY_CAMPGROUND_COORDINATE_RESCUE,Run practical address-to-map rescue; entrance/campground-area coordinate can be acceptable with honest popup.,Looks like ordinary campground/operator/city/county record held mainly for coordinate/source cleanup.,coordinate_rescue,coordinate_rescue,Modern Campgrounds,no,Medium
il-lead-lake-shelbyville-opossum-creek-coordinate-rescue-duplicate-protection,IL,Opossum Creek / Opossum Creek Recreation Area duplicate guard,REJECT_DUPLICATE_OR_CLOSURE_REVIEW,"Review for rejected ledger, duplicate merge, or closure/status note.","Status/action fields contain duplicate, wrong-state, closure, malformed, or do-not-import language.",duplicate_watch,research_needed,Modern Campgrounds,no,Medium
il-lead-lake-shelbyville-lone-point-group-camp-component,IL,Lone Point Group Camp component,REJECT_DUPLICATE_OR_CLOSURE_REVIEW,"Review for rejected ledger, duplicate merge, or closure/status note.","Status/action fields contain duplicate, wrong-state, closure, malformed, or do-not-import language.",component_split_optional,research_needed,Modern Campgrounds,yes,Medium
il-lead-lake-shelbyville-area-outline-usace-campgrounds,IL,Lake Shelbyville USACE campground / recreation-area geometry extraction,AREA_RULE_COMMUNITY_OR_OVERLAY_CANDIDATE,Evaluate as area/rule/community marker or overlay candidate; do not force exact campground coordinates.,"Looks like rule-area, boondocking, community, WMA/forest, permit, GIS, or overlay work.",area_outline_followup,research_needed,Info / Reference,no,Medium
il-needs-verification-peoria-camp-wokanda,IL,Camp Wokanda,TRUE_LEAD_RESEARCH_OR_EXTERNAL,Keep as lead until proof/geometry/status is resolved.,"Still has a proof, geometry, legality, duplicate, or current-status blocker.",public_access_unclear,research_needed,Needs Verification,no,Medium
il-needs-verification-great-river-road-campground-public-non-event,IL,Great River Road Campground ordinary-public vs fairground-related use,PROMOTION_STATUS_CHECK_CANDIDATE,Quick source/status check; promote if public overnight use and coordinate are defensible as campground/entrance/area marker.,Ordinary campground/operator lead with a coordinate; likely held for semantics or status wording.,public_non_event_use_needs_confirmation,research_needed,Needs Verification,yes,Medium
il-needs-verification-hickory-hill-secor,IL,Hickory Hill Campground,ORDINARY_CAMPGROUND_COORDINATE_RESCUE,Run practical address-to-map rescue; entrance/campground-area coordinate can be acceptable with honest popup.,Looks like ordinary campground/operator/city/county record held mainly for coordinate/source cleanup.,current_public_access_and_coordinate_needed,coordinate_rescue,Needs Verification,no,Medium
il-lead-private-campground-coordinate-tightening-central-il,IL,Central Illinois private campground coordinate tightening batch,ORDINARY_CAMPGROUND_COORDINATE_RESCUE,Run practical address-to-map rescue; entrance/campground-area coordinate can be acceptable with honest popup.,Looks like ordinary campground/operator/city/county record held mainly for coordinate/source cleanup.,coordinate_rescue / current_status_check,coordinate_rescue,Private Campgrounds,no,Medium
il-lead-idnr-component-split-central-state-parks,IL,Central IL IDNR campground component split / official map extraction,ORDINARY_CAMPGROUND_COORDINATE_RESCUE,Run practical address-to-map rescue; entrance/campground-area coordinate can be acceptable with honest popup.,Looks like ordinary campground/operator/city/county record held mainly for coordinate/source cleanup.,gis_extraction_needed,research_needed,Modern / Rustic / Boat-Backpack components,no,Medium
il-shawnee-nf-dispersed-camping-area-rule,IL,Shawnee National Forest dispersed / primitive camping rule area,AREA_RULE_COMMUNITY_OR_OVERLAY_CANDIDATE,Evaluate as area/rule/community marker or overlay candidate; do not force exact campground coordinates.,"Looks like rule-area, boondocking, community, WMA/forest, permit, GIS, or overlay work.",correction_candidate,correction_candidate,Boondocking / Dispersed,yes,Medium
il-saline-garden-of-gods-pharaoh-campground,IL,Garden of the Gods / Pharaoh Campground,PROMOTION_STATUS_CHECK_CANDIDATE,Quick source/status check; promote if public overnight use and coordinate are defensible as campground/entrance/area marker.,Ordinary campground/operator lead with a coordinate; likely held for semantics or status wording.,correction_candidate,correction_candidate,Rustic / Primitive,yes,Medium
il-gallatin-camp-cadiz-campground,IL,Camp Cadiz Campground,PROMOTION_STATUS_CHECK_CANDIDATE,Quick source/status check; promote if public overnight use and coordinate are defensible as campground/entrance/area marker.,Ordinary campground/operator lead with a coordinate; likely held for semantics or status wording.,correction_candidate,correction_candidate,Rustic / Primitive,yes,Medium
il-jackson-johnson-creek-recreation-area-campground,IL,Johnson Creek Recreation Area Campground,PROMOTION_STATUS_CHECK_CANDIDATE,Quick source/status check; promote if public overnight use and coordinate are defensible as campground/entrance/area marker.,Ordinary campground/operator lead with a coordinate; likely held for semantics or status wording.,correction_candidate,correction_candidate,Rustic / Primitive,yes,Medium
il-gallatin-pine-ridge-campground-pounds-hollow,IL,Pine Ridge Campground / Pounds Hollow Recreation Area,PROMOTION_STATUS_CHECK_CANDIDATE,Quick source/status check; promote if public overnight use and coordinate are defensible as campground/entrance/area marker.,Ordinary campground/operator lead with a coordinate; likely held for semantics or status wording.,correction_candidate,correction_candidate,Rustic / Primitive,yes,Medium
il-jackson-turkey-bayou-campground,IL,Turkey Bayou Campground / Oakwood Bottoms,AREA_RULE_COMMUNITY_OR_OVERLAY_CANDIDATE,Evaluate as area/rule/community marker or overlay candidate; do not force exact campground coordinates.,"Looks like rule-area, boondocking, community, WMA/forest, permit, GIS, or overlay work.",correction_candidate,correction_candidate,Rustic / Primitive,yes,Medium
il-lead-rend-lake-south-sandusky-coordinate-conflict,IL,South Sandusky Campground / Rend Lake,ORDINARY_CAMPGROUND_COORDINATE_RESCUE,Run practical address-to-map rescue; entrance/campground-area coordinate can be acceptable with honest popup.,Looks like ordinary campground/operator/city/county record held mainly for coordinate/source cleanup.,lead_coordinate_conflict,coordinate_rescue,Modern Campgrounds,no,Medium
il-lead-clinton-carlyle-lake-coles-creek-campground-coordinate-rescue,IL,Coles Creek Campground / Carlyle Lake,ORDINARY_CAMPGROUND_COORDINATE_RESCUE,Run practical address-to-map rescue; entrance/campground-area coordinate can be acceptable with honest popup.,Looks like ordinary campground/operator/city/county record held mainly for coordinate/source cleanup.,lead_coordinate_rescue,coordinate_rescue,Modern Campgrounds,no,Medium
il-lead-clinton-carlyle-lake-dam-west-campground-coordinate-rescue,IL,Dam West Campground / Carlyle Lake,ORDINARY_CAMPGROUND_COORDINATE_RESCUE,Run practical address-to-map rescue; entrance/campground-area coordinate can be acceptable with honest popup.,Looks like ordinary campground/operator/city/county record held mainly for coordinate/source cleanup.,lead_coordinate_rescue,coordinate_rescue,Modern Campgrounds likely,no,Medium
il-lead-clinton-carlyle-lake-boulder-campground-coordinate-rescue,IL,Boulder Campground / Carlyle Lake,ORDINARY_CAMPGROUND_COORDINATE_RESCUE,Run practical address-to-map rescue; entrance/campground-area coordinate can be acceptable with honest popup.,Looks like ordinary campground/operator/city/county record held mainly for coordinate/source cleanup.,lead_coordinate_rescue,coordinate_rescue,Modern Campgrounds likely,no,Medium
il-lead-gallatin-fiedlerland-rv-park-campground-coordinate-rescue,IL,Fiedlerland RV Park & Campground,ORDINARY_CAMPGROUND_COORDINATE_RESCUE,Run practical address-to-map rescue; entrance/campground-area coordinate can be acceptable with honest popup.,Looks like ordinary campground/operator/city/county record held mainly for coordinate/source cleanup.,lead_coordinate_rescue,coordinate_rescue,Private Campgrounds,no,Medium
il-lead-pope-hayes-canyon-campground-coordinate-rescue,IL,Hayes Canyon Campground & Cabins,ORDINARY_CAMPGROUND_COORDINATE_RESCUE,Run practical address-to-map rescue; entrance/campground-area coordinate can be acceptable with honest popup.,Looks like ordinary campground/operator/city/county record held mainly for coordinate/source cleanup.,lead_coordinate_rescue,coordinate_rescue,Private Campgrounds,no,Medium
il-lead-fayette-vandalia-lake-campground-coordinate-conflict,IL,Vandalia Lake Campground,ORDINARY_CAMPGROUND_COORDINATE_RESCUE,Run practical address-to-map rescue; entrance/campground-area coordinate can be acceptable with honest popup.,Looks like ordinary campground/operator/city/county record held mainly for coordinate/source cleanup.,lead_coordinate_conflict,coordinate_rescue,Modern Campgrounds,no,Medium
il-lead-richland-lakeside-rv-park-olney-coordinate-rescue,IL,Lakeside RV Park & Campground,ORDINARY_CAMPGROUND_COORDINATE_RESCUE,Run practical address-to-map rescue; entrance/campground-area coordinate can be acceptable with honest popup.,Looks like ordinary campground/operator/city/county record held mainly for coordinate/source cleanup.,lead_coordinate_rescue,coordinate_rescue,Private Campgrounds,no,Medium
il-lead-sand-ridge-state-forest-area-rule-correction,IL,Sand Ridge State Forest backcountry/equestrian/primitive area marker correction,REJECT_DUPLICATE_OR_CLOSURE_REVIEW,"Review for rejected ledger, duplicate merge, or closure/status note.","Status/action fields contain duplicate, wrong-state, closure, malformed, or do-not-import language.",existing_coordinate_duplicate_area_rule_cleanup,correction_candidate,Boondocking / Dispersed,yes,Medium
oh-lead-east-fork-backcountry-sites-status-check,OH,East Fork hike-in / overnight primitive sites,REJECT_DUPLICATE_OR_CLOSURE_REVIEW,"Review for rejected ledger, duplicate merge, or closure/status note.","Status/action fields contain duplicate, wrong-state, closure, malformed, or do-not-import language.",source_conflict_status_check,needs_verification,Boat / Backpack,no,High
oh-lead-middle-bass-island-state-park-primitive-camping,OH,Middle Bass Island State Park Primitive Camping,AREA_RULE_COMMUNITY_OR_OVERLAY_CANDIDATE,Evaluate as area/rule/community marker or overlay candidate; do not force exact campground coordinates.,"Looks like rule-area, boondocking, community, WMA/forest, permit, GIS, or overlay work.",Official/secondary proof says primitive camping exists; exact point blocked,coordinate_rescue,Rustic / Primitive or Boat / Backpack after access review,no,High
oh-lead-north-bass-island-state-park-primitive-camping,OH,North Bass Island State Park Primitive/Island Camping Check,TRUE_LEAD_RESEARCH_OR_EXTERNAL,Keep as lead until proof/geometry/status is resolved.,"Still has a proof, geometry, legality, duplicate, or current-status blocker.",Public camping status/coordinate unclear from accessible sources,coordinate_rescue,Rustic / Primitive or Boat / Backpack,no,High
oh-lead-cannaley-treehouse-village-tent-platforms-schema,OH,Cannaley Treehouse Village / Tent Platforms,TRUE_LEAD_RESEARCH_OR_EXTERNAL,Keep as lead until proof/geometry/status is resolved.,"Still has a proof, geometry, legality, duplicate, or current-status blocker.",Overnight facility proven by official Metroparks family; schema unclear,coordinate_rescue,Boat / Backpack or Needs Verification by schema,no,High
oh-lead-cannonball-prairie-overnight-camping-check,OH,Cannonball Prairie Metropark Overnight Camping Check,TRUE_LEAD_RESEARCH_OR_EXTERNAL,Keep as lead until proof/geometry/status is resolved.,"Still has a proof, geometry, legality, duplicate, or current-status blocker.",Seed target; no overnight proof recovered in accessible source snippet,coordinate_rescue,Needs Verification,no,Medium
oh-camp-perry-rv-camping-public-status-check,OH,Camp Perry Lodging/RV/Camping Public-Access Check,TRUE_LEAD_RESEARCH_OR_EXTERNAL,Keep as lead until proof/geometry/status is resolved.,"Still has a proof, geometry, legality, duplicate, or current-status blocker.",Public availability unclear / may be military or event-restricted,needs_verification,Needs Verification,no,Medium
oh-lead-maumee-river-water-trail-camping-geometry,OH,Maumee River Water Trail / Metroparks-Toledo Camping Geometry Check,AREA_RULE_COMMUNITY_OR_OVERLAY_CANDIDATE,Evaluate as area/rule/community marker or overlay candidate; do not force exact campground coordinates.,"Looks like rule-area, boondocking, community, WMA/forest, permit, GIS, or overlay work.",Area/route lead only,coordinate_rescue,Boat / Backpack or Boondocking / Dispersed if official sites exist,no,High
oh-nv-strouds-run-camping-status,OH,Strouds Run State Park campground/camping status,ORDINARY_CAMPGROUND_COORDINATE_RESCUE,Run practical address-to-map rescue; entrance/campground-area coordinate can be acceptable with honest popup.,Looks like ordinary campground/operator/city/county record held mainly for coordinate/source cleanup.,camping status unclear in accessible pass,needs_verification,Needs Verification,no,Medium
oh-clark-enon-beach-campground-public-proof-check,OH,Enon Beach Campground,REJECT_DUPLICATE_OR_CLOSURE_REVIEW,"Review for rejected ledger, duplicate merge, or closure/status note.","Status/action fields contain duplicate, wrong-state, closure, malformed, or do-not-import language.",Needs Verification,needs_verification,Private Campgrounds,no,Medium
oh-clinton-pine-cove-campground-seasonal-permanent-check,OH,Pine Cove Campground,ORDINARY_CAMPGROUND_COORDINATE_RESCUE,Run practical address-to-map rescue; entrance/campground-area coordinate can be acceptable with honest popup.,Looks like ordinary campground/operator/city/county record held mainly for coordinate/source cleanup.,Needs Verification,needs_verification,Private Campgrounds,no,Medium
oh-hamilton-hamilton-county-fairgrounds-camping-public-access-check,OH,Hamilton County Fairgrounds Camping,REJECT_DUPLICATE_OR_CLOSURE_REVIEW,"Review for rejected ledger, duplicate merge, or closure/status note.","Status/action fields contain duplicate, wrong-state, closure, malformed, or do-not-import language.",Needs Verification,needs_verification,Needs Verification,no,Medium
il-needs-verification-kentuckiana-kampground-mackinaw,IL,Kentuckiana Kampground,ORDINARY_CAMPGROUND_COORDINATE_RESCUE,Run practical address-to-map rescue; entrance/campground-area coordinate can be acceptable with honest popup.,Looks like ordinary campground/operator/city/county record held mainly for coordinate/source cleanup.,public_status_coordinate_needed,needs_verification,Private Campgrounds,no,Medium
il-needs-verification-mt-hawley-mobile-home-rv-peoria,IL,Mt. Hawley Mobile Home Park / RV stay claims,TRUE_LEAD_RESEARCH_OR_EXTERNAL,Keep as lead until proof/geometry/status is resolved.,"Still has a proof, geometry, legality, duplicate, or current-status blocker.",mobile_home_vs_public_rv_status_unclear,needs_verification,Needs Verification,no,Medium
in-lead-pokagon-youth-group-component-extraction,IN,Pokagon State Park Youth Tent / Group Camp Components,TRUE_LEAD_RESEARCH_OR_EXTERNAL,Keep as lead until proof/geometry/status is resolved.,"Still has a proof, geometry, legality, duplicate, or current-status blocker.",Coordinate rescue,coordinate_rescue,Rustic / Primitive or group/youth component,no,High
in-lead-in-chain-olakes-sp-primitive-campground,IN,Chain O'Lakes State Park Primitive Campground,ORDINARY_CAMPGROUND_COORDINATE_RESCUE,Run practical address-to-map rescue; entrance/campground-area coordinate can be acceptable with honest popup.,Looks like ordinary campground/operator/city/county record held mainly for coordinate/source cleanup.,Verified Legal,coordinate_rescue,Rustic / Primitive,no,High
in-lead-chain-olakes-canoe-camp-coordinate-rescue,IN,Chain O'Lakes State Park Canoe Camp,TRUE_LEAD_RESEARCH_OR_EXTERNAL,Keep as lead until proof/geometry/status is resolved.,"Still has a proof, geometry, legality, duplicate, or current-status blocker.",Coordinate rescue,coordinate_rescue,Boat / Backpack,no,High
in-lead-chain-olakes-rally-youth-components,IN,Chain O'Lakes Rally Campground / Youth Tent Areas,ORDINARY_CAMPGROUND_COORDINATE_RESCUE,Run practical address-to-map rescue; entrance/campground-area coordinate can be acceptable with honest popup.,Looks like ordinary campground/operator/city/county record held mainly for coordinate/source cleanup.,Coordinate rescue,coordinate_rescue,Rustic / Primitive or group/youth,no,High
in-lead-ouabache-youth-tent-component,IN,Ouabache State Park Youth Tent Area,TRUE_LEAD_RESEARCH_OR_EXTERNAL,Keep as lead until proof/geometry/status is resolved.,"Still has a proof, geometry, legality, duplicate, or current-status blocker.",Coordinate rescue,coordinate_rescue,Rustic / Primitive or group/youth,no,High
in-lead-salamonie-youth-tent-components,IN,Salamonie Lake Youth Tent Areas,TRUE_LEAD_RESEARCH_OR_EXTERNAL,Keep as lead until proof/geometry/status is resolved.,"Still has a proof, geometry, legality, duplicate, or current-status blocker.",Coordinate rescue,coordinate_rescue,Rustic / Primitive or group/youth,no,High
in-lead-mississinewa-youth-tent-components,IN,Mississinewa Lake Youth Tent Areas,TRUE_LEAD_RESEARCH_OR_EXTERNAL,Keep as lead until proof/geometry/status is resolved.,"Still has a proof, geometry, legality, duplicate, or current-status blocker.",Coordinate rescue,coordinate_rescue,Rustic / Primitive or group/youth,no,High
in-lead-in-je-roush-fwa-full-hookup-campground,IN,J.E. Roush Lake FWA Full-Hookup Campground,ORDINARY_CAMPGROUND_COORDINATE_RESCUE,Run practical address-to-map rescue; entrance/campground-area coordinate can be acceptable with honest popup.,Looks like ordinary campground/operator/city/county record held mainly for coordinate/source cleanup.,Verified camping; layer needs shower proof,coordinate_rescue,Modern Campgrounds? / Needs service QA,no,Medium
in-lead-in-je-roush-fwa-primitive-sites,IN,J.E. Roush Lake FWA Primitive Sites,ORDINARY_CAMPGROUND_COORDINATE_RESCUE,Run practical address-to-map rescue; entrance/campground-area coordinate can be acceptable with honest popup.,Looks like ordinary campground/operator/city/county record held mainly for coordinate/source cleanup.,Verified camping; coordinate medium,coordinate_rescue,Rustic / Primitive,no,High
in-lead-metea-county-park-camping-policy,IN,Metea County Park Group / Primitive Camping Check,REJECT_DUPLICATE_OR_CLOSURE_REVIEW,"Review for rejected ledger, duplicate merge, or closure/status note.","Status/action fields contain duplicate, wrong-state, closure, malformed, or do-not-import language.",Needs policy verification,research_needed,Rustic / Primitive or group/youth,no,High
in-lead-in-pike-lake-campground-warsaw,IN,Pike Lake Campground,ORDINARY_CAMPGROUND_COORDINATE_RESCUE,Run practical address-to-map rescue; entrance/campground-area coordinate can be acceptable with honest popup.,Looks like ordinary campground/operator/city/county record held mainly for coordinate/source cleanup.,Verified Legal,coordinate_rescue,Modern Campgrounds,no,Medium
in-lead-in-circle-b-campground-angola,IN,Circle B Campground,ORDINARY_CAMPGROUND_COORDINATE_RESCUE,Run practical address-to-map rescue; entrance/campground-area coordinate can be acceptable with honest popup.,Looks like ordinary campground/operator/city/county record held mainly for coordinate/source cleanup.,Verified operator camping,coordinate_rescue,Private Campgrounds,no,Medium
in-lead-in-gordons-campground-wolcottville,IN,Gordon's Campground,ORDINARY_CAMPGROUND_COORDINATE_RESCUE,Run practical address-to-map rescue; entrance/campground-area coordinate can be acceptable with honest popup.,Looks like ordinary campground/operator/city/county record held mainly for coordinate/source cleanup.,Verified operator camping,coordinate_rescue,Private Campgrounds,no,Medium
in-lead-in-hidden-lake-campground-marion-grant,IN,Hidden Lake Campground / Marion Area Private Campground,ORDINARY_CAMPGROUND_COORDINATE_RESCUE,Run practical address-to-map rescue; entrance/campground-area coordinate can be acceptable with honest popup.,Looks like ordinary campground/operator/city/county record held mainly for coordinate/source cleanup.,Needs operator/source QA,coordinate_rescue,Private Campgrounds,no,Medium
in-lead-in-needs-kosciusko-county-fairgrounds-camping,IN,Kosciusko County Fairgrounds Camping,REJECT_DUPLICATE_OR_CLOSURE_REVIEW,"Review for rejected ledger, duplicate merge, or closure/status note.","Status/action fields contain duplicate, wrong-state, closure, malformed, or do-not-import language.",Event/fairgrounds camping unclear,coordinate_rescue,Needs Verification,no,Medium
in-lead-in-needs-allen-county-fairgrounds-camping,IN,Allen County Fairgrounds Camping,REJECT_DUPLICATE_OR_CLOSURE_REVIEW,"Review for rejected ledger, duplicate merge, or closure/status note.","Status/action fields contain duplicate, wrong-state, closure, malformed, or do-not-import language.",Event/fairgrounds camping unclear,coordinate_rescue,Needs Verification,no,Medium
in-lead-turkey-run-state-park-main-campground,IN,Turkey Run State Park Electric Campground,ORDINARY_CAMPGROUND_COORDINATE_RESCUE,Run practical address-to-map rescue; entrance/campground-area coordinate can be acceptable with honest popup.,Looks like ordinary campground/operator/city/county record held mainly for coordinate/source cleanup.,coordinate_rescue,coordinate_rescue,Modern Campgrounds,no,Medium
in-lead-turkey-run-youth-tent-areas,IN,Turkey Run State Park Youth Tent Areas,ORDINARY_CAMPGROUND_COORDINATE_RESCUE,Run practical address-to-map rescue; entrance/campground-area coordinate can be acceptable with honest popup.,Looks like ordinary campground/operator/city/county record held mainly for coordinate/source cleanup.,coordinate_rescue / component_split,coordinate_rescue,Rustic / Primitive,no,High
in-lead-shades-state-park-nonelectric-campground,IN,Shades State Park Non-electric Campground,ORDINARY_CAMPGROUND_COORDINATE_RESCUE,Run practical address-to-map rescue; entrance/campground-area coordinate can be acceptable with honest popup.,Looks like ordinary campground/operator/city/county record held mainly for coordinate/source cleanup.,coordinate_rescue,coordinate_rescue,Rustic / Primitive,no,High
in-lead-shades-backpack-sites,IN,Shades State Park Backpack Camp,TRUE_LEAD_RESEARCH_OR_EXTERNAL,Keep as lead until proof/geometry/status is resolved.,"Still has a proof, geometry, legality, duplicate, or current-status blocker.",coordinate_rescue / backpack_component,coordinate_rescue,Boat / Backpack,no,High
in-lead-shades-canoe-camp,IN,Shades State Park Canoe Camp,TRUE_LEAD_RESEARCH_OR_EXTERNAL,Keep as lead until proof/geometry/status is resolved.,"Still has a proof, geometry, legality, duplicate, or current-status blocker.",coordinate_rescue / canoe_component,coordinate_rescue,Boat / Backpack,no,High
in-lead-brookville-mounds-sra-campground,IN,Brookville Lake — Mounds State Recreation Area Campground,ORDINARY_CAMPGROUND_COORDINATE_RESCUE,Run practical address-to-map rescue; entrance/campground-area coordinate can be acceptable with honest popup.,Looks like ordinary campground/operator/city/county record held mainly for coordinate/source cleanup.,coordinate_rescue / component_split,coordinate_rescue,Modern Campgrounds,no,Medium
in-lead-brookville-quakertown-sra-campground,IN,Brookville Lake — Quakertown State Recreation Area Campground,ORDINARY_CAMPGROUND_COORDINATE_RESCUE,Run practical address-to-map rescue; entrance/campground-area coordinate can be acceptable with honest popup.,Looks like ordinary campground/operator/city/county record held mainly for coordinate/source cleanup.,coordinate_rescue / component_split,coordinate_rescue,Modern Campgrounds,no,Medium
in-lead-whitewater-memorial-family-campground,IN,Whitewater Memorial State Park Family Campgrounds,ORDINARY_CAMPGROUND_COORDINATE_RESCUE,Run practical address-to-map rescue; entrance/campground-area coordinate can be acceptable with honest popup.,Looks like ordinary campground/operator/city/county record held mainly for coordinate/source cleanup.,coordinate_rescue,coordinate_rescue,Modern Campgrounds,no,High
in-lead-whitewater-memorial-horsemens-primitive,IN,Whitewater Memorial State Park Horsemen’s Primitive Campground,ORDINARY_CAMPGROUND_COORDINATE_RESCUE,Run practical address-to-map rescue; entrance/campground-area coordinate can be acceptable with honest popup.,Looks like ordinary campground/operator/city/county record held mainly for coordinate/source cleanup.,coordinate_rescue / equestrian_component,coordinate_rescue,Rustic / Primitive,no,High
in-lead-summit-lake-state-park-campground,IN,Summit Lake State Park Campground,ORDINARY_CAMPGROUND_COORDINATE_RESCUE,Run practical address-to-map rescue; entrance/campground-area coordinate can be acceptable with honest popup.,Looks like ordinary campground/operator/city/county record held mainly for coordinate/source cleanup.,coordinate_rescue,coordinate_rescue,Modern Campgrounds,no,Medium
in-lead-summit-lake-youth-tent,IN,Summit Lake State Park Youth Tent Camp,ORDINARY_CAMPGROUND_COORDINATE_RESCUE,Run practical address-to-map rescue; entrance/campground-area coordinate can be acceptable with honest popup.,Looks like ordinary campground/operator/city/county record held mainly for coordinate/source cleanup.,coordinate_rescue / component_split,coordinate_rescue,Rustic / Primitive,no,High
in-lead-mounds-state-park-campground,IN,Mounds State Park Campground,ORDINARY_CAMPGROUND_COORDINATE_RESCUE,Run practical address-to-map rescue; entrance/campground-area coordinate can be acceptable with honest popup.,Looks like ordinary campground/operator/city/county record held mainly for coordinate/source cleanup.,coordinate_rescue,coordinate_rescue,Modern Campgrounds,no,Medium
in-lead-mounds-state-park-youth-tent,IN,Mounds State Park Youth Tent Areas,ORDINARY_CAMPGROUND_COORDINATE_RESCUE,Run practical address-to-map rescue; entrance/campground-area coordinate can be acceptable with honest popup.,Looks like ordinary campground/operator/city/county record held mainly for coordinate/source cleanup.,coordinate_rescue / component_split,coordinate_rescue,Rustic / Primitive,no,High
in-lead-cagles-mill-poplar-grove-electric,IN,Cagles Mill Lake / Lieber SRA — Poplar Grove Electric Campground,ORDINARY_CAMPGROUND_COORDINATE_RESCUE,Run practical address-to-map rescue; entrance/campground-area coordinate can be acceptable with honest popup.,Looks like ordinary campground/operator/city/county record held mainly for coordinate/source cleanup.,coordinate_rescue / component_split,coordinate_rescue,Modern Campgrounds,no,Medium
in-lead-cagles-mill-sunny-acres-nonelectric,IN,Cagles Mill Lake / Lieber SRA — Sunny Acres Non-electric Campground,ORDINARY_CAMPGROUND_COORDINATE_RESCUE,Run practical address-to-map rescue; entrance/campground-area coordinate can be acceptable with honest popup.,Looks like ordinary campground/operator/city/county record held mainly for coordinate/source cleanup.,coordinate_rescue / component_split,coordinate_rescue,Rustic / Primitive,no,High
in-lead-raccoon-sra-electric-nonelectric,IN,Cecil M. Harden Lake / Raccoon SRA Family Campgrounds,ORDINARY_CAMPGROUND_COORDINATE_RESCUE,Run practical address-to-map rescue; entrance/campground-area coordinate can be acceptable with honest popup.,Looks like ordinary campground/operator/city/county record held mainly for coordinate/source cleanup.,coordinate_rescue / component_split,coordinate_rescue,Modern Campgrounds,no,Medium
in-lead-raccoon-sra-primitive-youth,IN,Cecil M. Harden Lake / Raccoon SRA Primitive and Youth Tent Camping,ORDINARY_CAMPGROUND_COORDINATE_RESCUE,Run practical address-to-map rescue; entrance/campground-area coordinate can be acceptable with honest popup.,Looks like ordinary campground/operator/city/county record held mainly for coordinate/source cleanup.,coordinate_rescue / primitive_component,coordinate_rescue,Rustic / Primitive,no,High
in-lead-in-boundary-salamonie-lake-west-corridor,IN,Salamonie Lake / Lost Bridge West and Salamonie River State Forest camp components,AREA_RULE_COMMUNITY_OR_OVERLAY_CANDIDATE,Evaluate as area/rule/community marker or overlay candidate; do not force exact campground coordinates.,"Looks like rule-area, boondocking, community, WMA/forest, permit, GIS, or overlay work.",boundary_lock_review_needed,coordinate_rescue,Modern Campgrounds + Rustic / Primitive,no,High
in-lead-in-boundary-mississinewa-lake-miami-sra,IN,Mississinewa Lake / Miami SRA campground system,AREA_RULE_COMMUNITY_OR_OVERLAY_CANDIDATE,Evaluate as area/rule/community marker or overlay candidate; do not force exact campground coordinates.,"Looks like rule-area, boondocking, community, WMA/forest, permit, GIS, or overlay work.",boundary_lock_review_needed,coordinate_rescue,Modern Campgrounds,no,Medium
in-lead-indianapolis-koa-holiday,IN,Indianapolis KOA Holiday,ORDINARY_CAMPGROUND_COORDINATE_RESCUE,Run practical address-to-map rescue; entrance/campground-area coordinate can be acceptable with honest popup.,Looks like ordinary campground/operator/city/county record held mainly for coordinate/source cleanup.,public_discovery_coordinate_rescue,coordinate_rescue,Private Campgrounds,no,Medium
in-lead-s-h-campground,IN,S&H Campground,ORDINARY_CAMPGROUND_COORDINATE_RESCUE,Run practical address-to-map rescue; entrance/campground-area coordinate can be acceptable with honest popup.,Looks like ordinary campground/operator/city/county record held mainly for coordinate/source cleanup.,public_discovery_coordinate_rescue,coordinate_rescue,Private Campgrounds,no,Medium
in-lead-lake-haven-retreat,IN,Lake Haven Retreat,ORDINARY_CAMPGROUND_COORDINATE_RESCUE,Run practical address-to-map rescue; entrance/campground-area coordinate can be acceptable with honest popup.,Looks like ordinary campground/operator/city/county record held mainly for coordinate/source cleanup.,public_discovery_coordinate_rescue,coordinate_rescue,Private Campgrounds,no,Medium
in-lead-hidden-paradise-campground,IN,Hidden Paradise Campground,ORDINARY_CAMPGROUND_COORDINATE_RESCUE,Run practical address-to-map rescue; entrance/campground-area coordinate can be acceptable with honest popup.,Looks like ordinary campground/operator/city/county record held mainly for coordinate/source cleanup.,public_discovery_coordinate_rescue,coordinate_rescue,Private Campgrounds,no,Medium
in-lead-whitewater-river-campground,IN,Whitewater River Campground,ORDINARY_CAMPGROUND_COORDINATE_RESCUE,Run practical address-to-map rescue; entrance/campground-area coordinate can be acceptable with honest popup.,Looks like ordinary campground/operator/city/county record held mainly for coordinate/source cleanup.,public_discovery_coordinate_rescue,coordinate_rescue,Private Campgrounds,no,High
in-lead-doc-o-lake,IN,Doc-O-Lake Campground,ORDINARY_CAMPGROUND_COORDINATE_RESCUE,Run practical address-to-map rescue; entrance/campground-area coordinate can be acceptable with honest popup.,Looks like ordinary campground/operator/city/county record held mainly for coordinate/source cleanup.,public_discovery_coordinate_rescue,coordinate_rescue,Private Campgrounds,no,Medium
in-lead-mary-gray-bird-sanctuary-camping,IN,Mary Gray Bird Sanctuary Camping,ORDINARY_CAMPGROUND_COORDINATE_RESCUE,Run practical address-to-map rescue; entrance/campground-area coordinate can be acceptable with honest popup.,Looks like ordinary campground/operator/city/county record held mainly for coordinate/source cleanup.,public_discovery_coordinate_rescue,coordinate_rescue,Rustic / Primitive,no,High
in-lead-crawfordsville-koa-or-campground-cluster,IN,Crawfordsville campground / KOA-style private campground cluster,ORDINARY_CAMPGROUND_COORDINATE_RESCUE,Run practical address-to-map rescue; entrance/campground-area coordinate can be acceptable with honest popup.,Looks like ordinary campground/operator/city/county record held mainly for coordinate/source cleanup.,public_discovery_coordinate_rescue,coordinate_rescue,Private Campgrounds,no,Medium
in-lead-sugar-creek-canoe-campground-private-cluster,IN,Sugar Creek canoe/campground private cluster,ORDINARY_CAMPGROUND_COORDINATE_RESCUE,Run practical address-to-map rescue; entrance/campground-area coordinate can be acceptable with honest popup.,Looks like ordinary campground/operator/city/county record held mainly for coordinate/source cleanup.,public_discovery_coordinate_rescue,coordinate_rescue,Private Campgrounds / Boat / Backpack leads,no,High
in-lead-in-needs-fairground-camping-central-indiana,IN,Central Indiana fairgrounds camping cluster,TRUE_LEAD_RESEARCH_OR_EXTERNAL,Keep as lead until proof/geometry/status is resolved.,"Still has a proof, geometry, legality, duplicate, or current-status blocker.",public_non_event_camping_unclear,coordinate_rescue,Needs Verification,no,Medium
in-lead-in-needs-county-primitive-group-camps,IN,Central Indiana county/park-district primitive and group camp systems,TRUE_LEAD_RESEARCH_OR_EXTERNAL,Keep as lead until proof/geometry/status is resolved.,"Still has a proof, geometry, legality, duplicate, or current-status blocker.",public_access_and_coordinate_unclear,coordinate_rescue,Needs Verification,no,High
in-lead-sugar-creek-watertrail-canoe-camping,IN,Sugar Creek canoe / overnight camping corridor review,TRUE_LEAD_RESEARCH_OR_EXTERNAL,Keep as lead until proof/geometry/status is resolved.,"Still has a proof, geometry, legality, duplicate, or current-status blocker.",water_trail_camping_review,research_needed,Boat / Backpack,no,High
in-lead-wabash-river-central-canoe-camping-review,IN,Central Wabash / Tippecanoe river primitive overnight review,AREA_RULE_COMMUNITY_OR_OVERLAY_CANDIDATE,Evaluate as area/rule/community marker or overlay candidate; do not force exact campground coordinates.,"Looks like rule-area, boondocking, community, WMA/forest, permit, GIS, or overlay work.",area_rule_followup,research_needed,Boat / Backpack / Boondocking / Dispersed,no,High
in-lead-in-monroe-charles-c-deam-wilderness-designated-campsites-coordinate-rescue,IN,Charles C. Deam Wilderness Designated / Backpack Campsites,TRUE_LEAD_RESEARCH_OR_EXTERNAL,Keep as lead until proof/geometry/status is resolved.,"Still has a proof, geometry, legality, duplicate, or current-status blocker.",Research Needed,research_needed,Boat / Backpack,no,High
in-lead-in-brown-yellowwood-state-forest-family-campground-coordinate-rescue,IN,Yellowwood State Forest Primitive Family Campground,AREA_RULE_COMMUNITY_OR_OVERLAY_CANDIDATE,Evaluate as area/rule/community marker or overlay candidate; do not force exact campground coordinates.,"Looks like rule-area, boondocking, community, WMA/forest, permit, GIS, or overlay work.",Research Needed,research_needed,Rustic / Primitive,no,High
in-lead-in-brown-yellowwood-state-forest-horse-camp-coordinate-rescue,IN,Yellowwood State Forest Primitive Horse Camp,AREA_RULE_COMMUNITY_OR_OVERLAY_CANDIDATE,Evaluate as area/rule/community marker or overlay candidate; do not force exact campground coordinates.,"Looks like rule-area, boondocking, community, WMA/forest, permit, GIS, or overlay work.",Research Needed,research_needed,Rustic / Primitive,no,High
in-lead-in-brown-monroe-yellowwood-morgan-monroe-tecumseh-trail-backcountry-camping-geometry,IN,Tecumseh Trail / Yellowwood-Morgan-Monroe Backcountry Camping,AREA_RULE_COMMUNITY_OR_OVERLAY_CANDIDATE,Evaluate as area/rule/community marker or overlay candidate; do not force exact campground coordinates.,"Looks like rule-area, boondocking, community, WMA/forest, permit, GIS, or overlay work.",Research Needed,research_needed,Boat / Backpack / Boondocking split pending,no,High
in-lead-in-morgan-morgan-monroe-low-gap-backcountry-area-coordinate-rescue,IN,Morgan-Monroe Low Gap Backcountry Area,TRUE_LEAD_RESEARCH_OR_EXTERNAL,Keep as lead until proof/geometry/status is resolved.,"Still has a proof, geometry, legality, duplicate, or current-status blocker.",Research Needed,research_needed,Boat / Backpack,no,High
in-lead-in-clark-clark-state-forest-family-campground-coordinate-rescue,IN,Clark State Forest Family Campground,AREA_RULE_COMMUNITY_OR_OVERLAY_CANDIDATE,Evaluate as area/rule/community marker or overlay candidate; do not force exact campground coordinates.,"Looks like rule-area, boondocking, community, WMA/forest, permit, GIS, or overlay work.",Research Needed,coordinate_rescue,Rustic / Primitive,no,High
in-lead-in-clark-clark-state-forest-equestrian-campground-coordinate-rescue,IN,Clark State Forest Equestrian Campground,AREA_RULE_COMMUNITY_OR_OVERLAY_CANDIDATE,Evaluate as area/rule/community marker or overlay candidate; do not force exact campground coordinates.,"Looks like rule-area, boondocking, community, WMA/forest, permit, GIS, or overlay work.",Research Needed,coordinate_rescue,Rustic / Primitive,no,High
in-lead-in-clark-jackson-washington-knobstone-trail-dispersed-camping-geometry,IN,Knobstone Trail Dispersed Camping System,AREA_RULE_COMMUNITY_OR_OVERLAY_CANDIDATE,Evaluate as area/rule/community marker or overlay candidate; do not force exact campground coordinates.,"Looks like rule-area, boondocking, community, WMA/forest, permit, GIS, or overlay work.",Research Needed,research_needed,Boondocking / Dispersed,no,High
in-lead-in-jackson-washington-state-forest-family-campground-coordinate-rescue,IN,Jackson-Washington State Forest Family Campground,AREA_RULE_COMMUNITY_OR_OVERLAY_CANDIDATE,Evaluate as area/rule/community marker or overlay candidate; do not force exact campground coordinates.,"Looks like rule-area, boondocking, community, WMA/forest, permit, GIS, or overlay work.",Research Needed,research_needed,Rustic / Primitive,no,High
in-lead-in-jackson-washington-state-forest-youth-camp-coordinate-rescue,IN,Jackson-Washington State Forest Youth Tent Campground,AREA_RULE_COMMUNITY_OR_OVERLAY_CANDIDATE,Evaluate as area/rule/community marker or overlay candidate; do not force exact campground coordinates.,"Looks like rule-area, boondocking, community, WMA/forest, permit, GIS, or overlay work.",Research Needed,coordinate_rescue,Rustic / Primitive,no,High
in-lead-in-harrison-crawford-adventure-trail-backpack-shelters-coordinate-rescue,IN,Harrison-Crawford Adventure Trail Backpack Shelters / Primitive Sites,TRUE_LEAD_RESEARCH_OR_EXTERNAL,Keep as lead until proof/geometry/status is resolved.,"Still has a proof, geometry, legality, duplicate, or current-status blocker.",Research Needed,research_needed,Boat / Backpack,no,High
in-lead-in-crawford-obannon-woods-stagestop-primitive-youth-canoe-camp-coordinate-rescue,IN,O’Bannon Woods / Stagestop Primitive & Youth Camping,TRUE_LEAD_RESEARCH_OR_EXTERNAL,Keep as lead until proof/geometry/status is resolved.,"Still has a proof, geometry, legality, duplicate, or current-status blocker.",Research Needed,coordinate_rescue,Rustic / Primitive / Boat access component,no,High
in-lead-in-crawford-obannon-woods-main-electric-and-equestrian-campgrounds-coordinate-rescue,IN,O’Bannon Woods Electric / Equestrian Campgrounds,TRUE_LEAD_RESEARCH_OR_EXTERNAL,Keep as lead until proof/geometry/status is resolved.,"Still has a proof, geometry, legality, duplicate, or current-status blocker.",Research Needed,coordinate_rescue,Modern Campgrounds / Rustic split pending,no,Medium
in-lead-in-pike-pike-state-forest-family-campground-coordinate-rescue,IN,Pike State Forest Family Campground,AREA_RULE_COMMUNITY_OR_OVERLAY_CANDIDATE,Evaluate as area/rule/community marker or overlay candidate; do not force exact campground coordinates.,"Looks like rule-area, boondocking, community, WMA/forest, permit, GIS, or overlay work.",Research Needed,research_needed,Rustic / Primitive,no,High
in-lead-in-pike-pike-state-forest-horsemans-campground-coordinate-rescue,IN,Pike State Forest Horseman’s Campground,AREA_RULE_COMMUNITY_OR_OVERLAY_CANDIDATE,Evaluate as area/rule/community marker or overlay candidate; do not force exact campground coordinates.,"Looks like rule-area, boondocking, community, WMA/forest, permit, GIS, or overlay work.",Research Needed,research_needed,Rustic / Primitive,no,High
in-lead-in-monroe-monroe-lake-paynetown-campground-coordinate-rescue,IN,Monroe Lake / Paynetown Campground,ORDINARY_CAMPGROUND_COORDINATE_RESCUE,Run practical address-to-map rescue; entrance/campground-area coordinate can be acceptable with honest popup.,Looks like ordinary campground/operator/city/county record held mainly for coordinate/source cleanup.,Research Needed,coordinate_rescue,Modern Campgrounds,no,Medium
in-lead-in-dubois-orange-patoka-lake-modern-campground-coordinate-rescue,IN,Patoka Lake Modern Campground,ORDINARY_CAMPGROUND_COORDINATE_RESCUE,Run practical address-to-map rescue; entrance/campground-area coordinate can be acceptable with honest popup.,Looks like ordinary campground/operator/city/county record held mainly for coordinate/source cleanup.,Research Needed,coordinate_rescue,Modern Campgrounds,no,Medium
in-lead-in-dubois-orange-patoka-lake-fisherman-primitive-campground-coordinate-rescue,IN,Patoka Lake Fisherman / Primitive Campground,ORDINARY_CAMPGROUND_COORDINATE_RESCUE,Run practical address-to-map rescue; entrance/campground-area coordinate can be acceptable with honest popup.,Looks like ordinary campground/operator/city/county record held mainly for coordinate/source cleanup.,Research Needed,coordinate_rescue,Rustic / Primitive,no,High
in-lead-in-dubois-orange-patoka-lake-youth-tent-area-coordinate-rescue,IN,Patoka Lake Youth Tent Area,ORDINARY_CAMPGROUND_COORDINATE_RESCUE,Run practical address-to-map rescue; entrance/campground-area coordinate can be acceptable with honest popup.,Looks like ordinary campground/operator/city/county record held mainly for coordinate/source cleanup.,Research Needed,coordinate_rescue,Rustic / Primitive,no,High
in-lead-in-scott-jefferson-hardy-lake-shale-bluff-campground-coordinate-rescue,IN,Hardy Lake Shale Bluff Campground,ORDINARY_CAMPGROUND_COORDINATE_RESCUE,Run practical address-to-map rescue; entrance/campground-area coordinate can be acceptable with honest popup.,Looks like ordinary campground/operator/city/county record held mainly for coordinate/source cleanup.,Research Needed,coordinate_rescue,Modern Campgrounds,no,Medium
in-lead-in-scott-jefferson-hardy-lake-wooster-primitive-campground-coordinate-rescue,IN,Hardy Lake Wooster Primitive Campground,ORDINARY_CAMPGROUND_COORDINATE_RESCUE,Run practical address-to-map rescue; entrance/campground-area coordinate can be acceptable with honest popup.,Looks like ordinary campground/operator/city/county record held mainly for coordinate/source cleanup.,Research Needed,coordinate_rescue,Rustic / Primitive,no,High
in-lead-in-spencer-lincoln-state-park-campground-coordinate-rescue,IN,Lincoln State Park Campground,ORDINARY_CAMPGROUND_COORDINATE_RESCUE,Run practical address-to-map rescue; entrance/campground-area coordinate can be acceptable with honest popup.,Looks like ordinary campground/operator/city/county record held mainly for coordinate/source cleanup.,Research Needed,research_needed,Modern Campgrounds,no,Medium
in-lead-in-jefferson-clifty-falls-state-park-campground-coordinate-rescue,IN,Clifty Falls State Park Campground,ORDINARY_CAMPGROUND_COORDINATE_RESCUE,Run practical address-to-map rescue; entrance/campground-area coordinate can be acceptable with honest popup.,Looks like ordinary campground/operator/city/county record held mainly for coordinate/source cleanup.,Research Needed,coordinate_rescue,Modern Campgrounds,no,Medium
in-lead-in-clark-charlestown-state-park-campground-coordinate-rescue,IN,Charlestown State Park Campground,ORDINARY_CAMPGROUND_COORDINATE_RESCUE,Run practical address-to-map rescue; entrance/campground-area coordinate can be acceptable with honest popup.,Looks like ordinary campground/operator/city/county record held mainly for coordinate/source cleanup.,Research Needed,coordinate_rescue,Modern Campgrounds,no,Medium
in-lead-in-clark-deam-lake-state-recreation-area-family-campground-coordinate-rescue,IN,Deam Lake SRA Family Campground,ORDINARY_CAMPGROUND_COORDINATE_RESCUE,Run practical address-to-map rescue; entrance/campground-area coordinate can be acceptable with honest popup.,Looks like ordinary campground/operator/city/county record held mainly for coordinate/source cleanup.,Research Needed,coordinate_rescue,Modern Campgrounds,no,Medium
in-lead-in-clark-deam-lake-state-recreation-area-equestrian-campground-coordinate-rescue,IN,Deam Lake SRA Equestrian Campground,ORDINARY_CAMPGROUND_COORDINATE_RESCUE,Run practical address-to-map rescue; entrance/campground-area coordinate can be acceptable with honest popup.,Looks like ordinary campground/operator/city/county record held mainly for coordinate/source cleanup.,Research Needed,coordinate_rescue,Rustic / Primitive / Modern split pending,no,High
in-lead-in-lawrence-spring-mill-state-park-campground-coordinate-rescue,IN,Spring Mill State Park Campground,ORDINARY_CAMPGROUND_COORDINATE_RESCUE,Run practical address-to-map rescue; entrance/campground-area coordinate can be acceptable with honest popup.,Looks like ordinary campground/operator/city/county record held mainly for coordinate/source cleanup.,Research Needed,coordinate_rescue,Modern Campgrounds,no,Medium
in-lead-in-ripley-versailles-state-park-campground-coordinate-rescue,IN,Versailles State Park Campground,ORDINARY_CAMPGROUND_COORDINATE_RESCUE,Run practical address-to-map rescue; entrance/campground-area coordinate can be acceptable with honest popup.,Looks like ordinary campground/operator/city/county record held mainly for coordinate/source cleanup.,Research Needed,coordinate_rescue,Modern Campgrounds,no,Medium
in-lead-in-orange-patoka-pines-rv-campground-coordinate-rescue,IN,Patoka Pines RV Campground & Boat Storage,ORDINARY_CAMPGROUND_COORDINATE_RESCUE,Run practical address-to-map rescue; entrance/campground-area coordinate can be acceptable with honest popup.,Looks like ordinary campground/operator/city/county record held mainly for coordinate/source cleanup.,Research Needed,coordinate_rescue,Private Campgrounds,no,Medium
in-lead-in-orange-painter-creek-camp-resort-coordinate-rescue,IN,Painter Creek Camp Resort,ORDINARY_CAMPGROUND_COORDINATE_RESCUE,Run practical address-to-map rescue; entrance/campground-area coordinate can be acceptable with honest popup.,Looks like ordinary campground/operator/city/county record held mainly for coordinate/source cleanup.,Research Needed,coordinate_rescue,Private Campgrounds,no,Medium
in-lead-in-switzerland-treasure-cove-campground-coordinate-rescue,IN,Treasure Cove Campground,ORDINARY_CAMPGROUND_COORDINATE_RESCUE,Run practical address-to-map rescue; entrance/campground-area coordinate can be acceptable with honest popup.,Looks like ordinary campground/operator/city/county record held mainly for coordinate/source cleanup.,Research Needed,coordinate_rescue,Private Campgrounds,no,Medium
in-lead-in-switzerland-paul-ogle-park-campground-coordinate-rescue,IN,Paul Ogle Park Campground,ORDINARY_CAMPGROUND_COORDINATE_RESCUE,Run practical address-to-map rescue; entrance/campground-area coordinate can be acceptable with honest popup.,Looks like ordinary campground/operator/city/county record held mainly for coordinate/source cleanup.,Research Needed,coordinate_rescue,Modern Campgrounds / Private?,no,Medium
in-lead-in-harrison-buffalo-trace-park-modern-campground-coordinate-rescue,IN,Buffalo Trace Park Modern Campground,ORDINARY_CAMPGROUND_COORDINATE_RESCUE,Run practical address-to-map rescue; entrance/campground-area coordinate can be acceptable with honest popup.,Looks like ordinary campground/operator/city/county record held mainly for coordinate/source cleanup.,Research Needed,coordinate_rescue,Modern Campgrounds,no,Medium
in-lead-in-crawford-come-again-horse-camp-coordinate-rescue,IN,Come Again Horse Camp,ORDINARY_CAMPGROUND_COORDINATE_RESCUE,Run practical address-to-map rescue; entrance/campground-area coordinate can be acceptable with honest popup.,Looks like ordinary campground/operator/city/county record held mainly for coordinate/source cleanup.,Research Needed,coordinate_rescue,Private Campgrounds,no,High
in-lead-in-bartholomew-blue-canoe-livery-water-trail-camping-coordinate-rescue,IN,Blue’s Canoe Livery Water-Trail Camping,TRUE_LEAD_RESEARCH_OR_EXTERNAL,Keep as lead until proof/geometry/status is resolved.,"Still has a proof, geometry, legality, duplicate, or current-status blocker.",Research Needed,coordinate_rescue,Boat / Backpack / Private,no,High
in-lead-in-ohio-river-way-hipcamp-community-campsites-check,IN,Ohio River Way / Hipcamp Private River Camps Cluster,TRUE_LEAD_RESEARCH_OR_EXTERNAL,Keep as lead until proof/geometry/status is resolved.,"Still has a proof, geometry, legality, duplicate, or current-status blocker.",Needs Verification,research_needed,Private / Community Reported,no,Medium
in-lead-in-harrison-crawford-blue-river-canoe-camping-check,IN,Blue River Canoe Camping / Primitive River Stops,TRUE_LEAD_RESEARCH_OR_EXTERNAL,Keep as lead until proof/geometry/status is resolved.,"Still has a proof, geometry, legality, duplicate, or current-status blocker.",Needs Verification,research_needed,Boat / Backpack,no,High
in-lead-in-private-hipcamp-rural-camp-cluster-southern-indiana,IN,Southern Indiana Small Private / Hipcamp Rural Camp Cluster,TRUE_LEAD_RESEARCH_OR_EXTERNAL,Keep as lead until proof/geometry/status is resolved.,"Still has a proof, geometry, legality, duplicate, or current-status blocker.",Needs Verification,research_needed,Private / Community Reported,no,Medium
ne-lead-nnf-bessey-natick-campground-geography-review,NE,Natick Campground,ORDINARY_CAMPGROUND_COORDINATE_RESCUE,Run practical address-to-map rescue; entrance/campground-area coordinate can be acceptable with honest popup.,Looks like ordinary campground/operator/city/county record held mainly for coordinate/source cleanup.,Official USFS campground; geography edge review,coordinate_rescue,Rustic / Primitive,no,High
ne-lead-nnf-oglala-pineridge-dispersed-camping-rule-area,NE,Nebraska NF / Pine Ridge / Oglala NG dispersed camping rule-area geometry,AREA_RULE_COMMUNITY_OR_OVERLAY_CANDIDATE,Evaluate as area/rule/community marker or overlay candidate; do not force exact campground coordinates.,"Looks like rule-area, boondocking, community, WMA/forest, permit, GIS, or overlay work.",Official rule/source family found; geometry not extracted,research_needed,Boondocking / Dispersed,no,High
ne-lead-wildcat-hills-sra-basic-campground-coordinate-extraction,NE,Wildcat Hills SRA Basic Campground,ORDINARY_CAMPGROUND_COORDINATE_RESCUE,Run practical address-to-map rescue; entrance/campground-area coordinate can be acceptable with honest popup.,Looks like ordinary campground/operator/city/county record held mainly for coordinate/source cleanup.,Official campground proof; exact campsite/map coordinate needed,coordinate_rescue,Rustic / Primitive,no,High
ne-lead-fort-robinson-component-campground-split,NE,"Fort Robinson State Park campground components — Red Cloud, Soldier Creek, Mare Barn",ORDINARY_CAMPGROUND_COORDINATE_RESCUE,Run practical address-to-map rescue; entrance/campground-area coordinate can be acceptable with honest popup.,Looks like ordinary campground/operator/city/county record held mainly for coordinate/source cleanup.,Official multi-campground proof; component coordinates needed,coordinate_rescue,Modern Campgrounds + Rustic / Primitive equestrian component,no,High
ne-lead-lake-minatare-component-campgrounds-primitive-areas,NE,Lake Minatare SRA campground components and primitive areas,ORDINARY_CAMPGROUND_COORDINATE_RESCUE,Run practical address-to-map rescue; entrance/campground-area coordinate can be acceptable with honest popup.,Looks like ordinary campground/operator/city/county record held mainly for coordinate/source cleanup.,Official proof; component extraction needed,research_needed,Modern Campgrounds + Rustic / Primitive,no,High
ne-lead-box-butte-reservoir-sra-campground,NE,Box Butte Reservoir SRA Campground,ORDINARY_CAMPGROUND_COORDINATE_RESCUE,Run practical address-to-map rescue; entrance/campground-area coordinate can be acceptable with honest popup.,Looks like ordinary campground/operator/city/county record held mainly for coordinate/source cleanup.,Official campground proof; coordinate extraction needed,coordinate_rescue,Modern Campgrounds,no,Medium
ne-lead-bridgeport-sra-basic-campground,NE,Bridgeport State Recreation Area Basic Campground,ORDINARY_CAMPGROUND_COORDINATE_RESCUE,Run practical address-to-map rescue; entrance/campground-area coordinate can be acceptable with honest popup.,Looks like ordinary campground/operator/city/county record held mainly for coordinate/source cleanup.,Official campground proof; coordinate extraction needed,coordinate_rescue,Rustic / Primitive,no,High
ne-lead-walgren-lake-sra-primitive-campground,NE,Walgren Lake SRA Primitive Campground,ORDINARY_CAMPGROUND_COORDINATE_RESCUE,Run practical address-to-map rescue; entrance/campground-area coordinate can be acceptable with honest popup.,Looks like ordinary campground/operator/city/county record held mainly for coordinate/source cleanup.,Official primitive campground proof; coordinate extraction needed,coordinate_rescue,Rustic / Primitive,no,High
ne-lead-oliver-reservoir-primitive-campground,NE,Oliver Reservoir Recreation Area Campground,ORDINARY_CAMPGROUND_COORDINATE_RESCUE,Run practical address-to-map rescue; entrance/campground-area coordinate can be acceptable with honest popup.,Looks like ordinary campground/operator/city/county record held mainly for coordinate/source cleanup.,Official NRD campground proof; coordinate extraction needed,coordinate_rescue,Rustic / Primitive,no,High
ne-lead-lake-ogallala-east-west-campground-split,NE,Lake Ogallala SRA East and West Campgrounds,TRUE_LEAD_RESEARCH_OR_EXTERNAL,Keep as lead until proof/geometry/status is resolved.,"Still has a proof, geometry, legality, duplicate, or current-status blocker.",Official component proof; coordinate extraction needed,coordinate_rescue,Modern Campgrounds + Rustic / Primitive,no,High
ne-lead-lake-mcconaughy-official-campground-and-beach-zone-splits,NE,Lake McConaughy official campgrounds and beach zones,AREA_RULE_COMMUNITY_OR_OVERLAY_CANDIDATE,Evaluate as area/rule/community marker or overlay candidate; do not force exact campground coordinates.,"Looks like rule-area, boondocking, community, WMA/forest, permit, GIS, or overlay work.",Official proof; component geometry needed,research_needed,Modern Campgrounds + Rustic / Primitive + area-rule,no,High
ne-lead-enders-sra-and-rock-creek-lake-campground-splits,NE,Enders Reservoir SRA and Rock Creek Lake SRA campgrounds,TRUE_LEAD_RESEARCH_OR_EXTERNAL,Keep as lead until proof/geometry/status is resolved.,"Still has a proof, geometry, legality, duplicate, or current-status blocker.",Official proof; coordinate extraction needed,coordinate_rescue,Modern Campgrounds + Rustic / Primitive,no,High
ne-lead-sutherland-reservoir-sra-primitive-camping,NE,Sutherland Reservoir SRA primitive and electric camping,TRUE_LEAD_RESEARCH_OR_EXTERNAL,Keep as lead until proof/geometry/status is resolved.,"Still has a proof, geometry, legality, duplicate, or current-status blocker.",Official proof; coordinate extraction needed,coordinate_rescue,Modern Campgrounds + Rustic / Primitive,no,High
ne-lead-buffalo-bill-sra-campground,NE,Buffalo Bill SRA Campground,ORDINARY_CAMPGROUND_COORDINATE_RESCUE,Run practical address-to-map rescue; entrance/campground-area coordinate can be acceptable with honest popup.,Looks like ordinary campground/operator/city/county record held mainly for coordinate/source cleanup.,Official proof; coordinate extraction needed,coordinate_rescue,Modern Campgrounds + Basic sites,no,Medium
ne-lead-private-ogallala-i80-koa-journey,NE,Ogallala / I-80 KOA Journey,ORDINARY_CAMPGROUND_COORDINATE_RESCUE,Run practical address-to-map rescue; entrance/campground-area coordinate can be acceptable with honest popup.,Looks like ordinary campground/operator/city/county record held mainly for coordinate/source cleanup.,Operator proof found; coordinate/address import can be rescued,coordinate_rescue,Private Campgrounds,no,Medium
ne-lead-private-prairie-view-homes-rv-campground,NE,Prairie View Homes RV Campground,ORDINARY_CAMPGROUND_COORDINATE_RESCUE,Run practical address-to-map rescue; entrance/campground-area coordinate can be acceptable with honest popup.,Looks like ordinary campground/operator/city/county record held mainly for coordinate/source cleanup.,Operator proof found; coordinate rescue needed,coordinate_rescue,Private Campgrounds,no,Medium
ne-lead-private-eagles-rest-rv-campground,NE,Eagle’s Rest RV & Campground,ORDINARY_CAMPGROUND_COORDINATE_RESCUE,Run practical address-to-map rescue; entrance/campground-area coordinate can be acceptable with honest popup.,Looks like ordinary campground/operator/city/county record held mainly for coordinate/source cleanup.,Public-discovery hit; final operator proof insufficient,research_needed,Private Campgrounds,no,Medium
ne-lead-crawford-city-park-campground,NE,Crawford City Park Campground,REJECT_DUPLICATE_OR_CLOSURE_REVIEW,"Review for rejected ledger, duplicate merge, or closure/status note.","Status/action fields contain duplicate, wrong-state, closure, malformed, or do-not-import language.",Public-discovery hit; official proof not reached,research_needed,Local / likely Rustic or Modern,no,Medium
ne-lead-lewis-and-clark-sra-basic-hike-in-component-extraction,NE,Lewis and Clark SRA Basic Hike-in Campsites,TRUE_LEAD_RESEARCH_OR_EXTERNAL,Keep as lead until proof/geometry/status is resolved.,"Still has a proof, geometry, legality, duplicate, or current-status blocker.",Component extraction lead,research_needed,Boat / Backpack,no,High
ne-lead-merritt-reservoir-component-campground-extraction,NE,Merritt Reservoir Component Campgrounds,TRUE_LEAD_RESEARCH_OR_EXTERNAL,Keep as lead until proof/geometry/status is resolved.,"Still has a proof, geometry, legality, duplicate, or current-status blocker.",Component extraction lead,research_needed,Mixed Rustic / Primitive + Modern if proven,no,High
ne-lead-samuel-r-mckelvie-nf-dispersed-mvum-area,NE,Samuel R. McKelvie NF Dispersed / MVUM Camping Rule Area,AREA_RULE_COMMUNITY_OR_OVERLAY_CANDIDATE,Evaluate as area/rule/community marker or overlay candidate; do not force exact campground coordinates.,"Looks like rule-area, boondocking, community, WMA/forest, permit, GIS, or overlay work.",Area/GIS extraction lead,research_needed,Boondocking / Dispersed,no,High
ne-lead-long-pine-sra-basic-campground-coordinate-rescue,NE,Long Pine SRA Basic Campground,ORDINARY_CAMPGROUND_COORDINATE_RESCUE,Run practical address-to-map rescue; entrance/campground-area coordinate can be acceptable with honest popup.,Looks like ordinary campground/operator/city/county record held mainly for coordinate/source cleanup.,Official coordinate rescue lead,coordinate_rescue,Rustic / Primitive,no,High
ne-lead-ne-cherry-cottonwood-lake-sra-primitive-campground,NE,Cottonwood Lake SRA Primitive Campground,ORDINARY_CAMPGROUND_COORDINATE_RESCUE,Run practical address-to-map rescue; entrance/campground-area coordinate can be acceptable with honest popup.,Looks like ordinary campground/operator/city/county record held mainly for coordinate/source cleanup.,New active candidate,coordinate_rescue,Rustic / Primitive,no,High
ne-lead-calamus-reservoir-component-campground-extraction,NE,Calamus Reservoir Component Campgrounds,ORDINARY_CAMPGROUND_COORDINATE_RESCUE,Run practical address-to-map rescue; entrance/campground-area coordinate can be acceptable with honest popup.,Looks like ordinary campground/operator/city/county record held mainly for coordinate/source cleanup.,Component extraction lead,research_needed,Modern Campgrounds,no,Medium
ne-lead-willow-creek-sra-campground-map-extraction,NE,Willow Creek SRA Campground / Walk-in / Equestrian Components,ORDINARY_CAMPGROUND_COORDINATE_RESCUE,Run practical address-to-map rescue; entrance/campground-area coordinate can be acceptable with honest popup.,Looks like ordinary campground/operator/city/county record held mainly for coordinate/source cleanup.,Official coordinate rescue lead,coordinate_rescue,Mixed Modern/Rustic/Boat-Backpack,no,High
ne-lead-pibel-lake-sra-primitive-campground-coordinate-rescue,NE,Pibel Lake SRA Primitive Campground,ORDINARY_CAMPGROUND_COORDINATE_RESCUE,Run practical address-to-map rescue; entrance/campground-area coordinate can be acceptable with honest popup.,Looks like ordinary campground/operator/city/county record held mainly for coordinate/source cleanup.,Official coordinate rescue lead,coordinate_rescue,Rustic / Primitive,no,High
ne-lead-ne-brown-ainsworth-east-city-park-campground,NE,Ainsworth East City Park Campground,ORDINARY_CAMPGROUND_COORDINATE_RESCUE,Run practical address-to-map rescue; entrance/campground-area coordinate can be acceptable with honest popup.,Looks like ordinary campground/operator/city/county record held mainly for coordinate/source cleanup.,New active candidate,coordinate_rescue,Rustic / Primitive,no,High
ne-lead-ne-holt-atkinson-mill-race-park-campground,NE,Atkinson Mill Race Park Campground,ORDINARY_CAMPGROUND_COORDINATE_RESCUE,Run practical address-to-map rescue; entrance/campground-area coordinate can be acceptable with honest popup.,Looks like ordinary campground/operator/city/county record held mainly for coordinate/source cleanup.,New active candidate,coordinate_rescue,Rustic / Primitive,no,High
ne-lead-ne-holt-oneill-carney-park-campground,NE,Carney Park Campground,ORDINARY_CAMPGROUND_COORDINATE_RESCUE,Run practical address-to-map rescue; entrance/campground-area coordinate can be acceptable with honest popup.,Looks like ordinary campground/operator/city/county record held mainly for coordinate/source cleanup.,New active candidate,coordinate_rescue,Modern Campgrounds,no,Medium
ne-lead-ne-rock-bassett-rv-camping-pads,NE,Bassett RV Camping Pads / Fishing Ponds Area,ORDINARY_CAMPGROUND_COORDINATE_RESCUE,Run practical address-to-map rescue; entrance/campground-area coordinate can be acceptable with honest popup.,Looks like ordinary campground/operator/city/county record held mainly for coordinate/source cleanup.,New active candidate,coordinate_rescue,Rustic / Primitive,no,High
ne-lead-ne-cherry-valentine-city-park-campground,NE,Valentine City Park Campground,ORDINARY_CAMPGROUND_COORDINATE_RESCUE,Run practical address-to-map rescue; entrance/campground-area coordinate can be acceptable with honest popup.,Looks like ordinary campground/operator/city/county record held mainly for coordinate/source cleanup.,New active candidate,coordinate_rescue,Rustic / Primitive,no,High
ne-lead-ne-wayne-wayne-victor-park-campground,NE,Victor Park Campground,ORDINARY_CAMPGROUND_COORDINATE_RESCUE,Run practical address-to-map rescue; entrance/campground-area coordinate can be acceptable with honest popup.,Looks like ordinary campground/operator/city/county record held mainly for coordinate/source cleanup.,New active candidate,coordinate_rescue,Rustic / Primitive,no,High
ne-lead-ne-wayne-wayne-lions-rv-park,NE,Wayne Lions RV Park,ORDINARY_CAMPGROUND_COORDINATE_RESCUE,Run practical address-to-map rescue; entrance/campground-area coordinate can be acceptable with honest popup.,Looks like ordinary campground/operator/city/county record held mainly for coordinate/source cleanup.,New active candidate,coordinate_rescue,Rustic / Primitive,no,High
ne-lead-ne-wayne-wayne-prairie-park-campground,NE,Wayne Prairie Park Campground,ORDINARY_CAMPGROUND_COORDINATE_RESCUE,Run practical address-to-map rescue; entrance/campground-area coordinate can be acceptable with honest popup.,Looks like ordinary campground/operator/city/county record held mainly for coordinate/source cleanup.,New active candidate,coordinate_rescue,Modern Campgrounds,no,Medium
ne-lead-ne-dakota-south-sioux-city-scenic-park-campground,NE,Scenic Park Campground,ORDINARY_CAMPGROUND_COORDINATE_RESCUE,Run practical address-to-map rescue; entrance/campground-area coordinate can be acceptable with honest popup.,Looks like ordinary campground/operator/city/county record held mainly for coordinate/source cleanup.,New active candidate,coordinate_rescue,Modern Campgrounds,no,Medium
ne-lead-ne-cherry-rocky-ford-camp-and-outfitters,NE,Rocky Ford Camp & Outfitters,ORDINARY_CAMPGROUND_COORDINATE_RESCUE,Run practical address-to-map rescue; entrance/campground-area coordinate can be acceptable with honest popup.,Looks like ordinary campground/operator/city/county record held mainly for coordinate/source cleanup.,New active candidate,coordinate_rescue,Private Campgrounds,no,Medium
ne-lead-niobrara-camping-berry-bridge-penbrook-coordinate-rescue,NE,Niobrara Camping — Berry Bridge and Penbrook Campgrounds,ORDINARY_CAMPGROUND_COORDINATE_RESCUE,Run practical address-to-map rescue; entrance/campground-area coordinate can be acceptable with honest popup.,Looks like ordinary campground/operator/city/county record held mainly for coordinate/source cleanup.,Operator coordinate rescue lead,coordinate_rescue,Private Campgrounds,no,Medium
ne-lead-niobrara-river-outfitter-campground-coordinate-rescue-batch,NE,Niobrara River Outfitter Campground Coordinate Rescue Batch,ORDINARY_CAMPGROUND_COORDINATE_RESCUE,Run practical address-to-map rescue; entrance/campground-area coordinate can be acceptable with honest popup.,Looks like ordinary campground/operator/city/county record held mainly for coordinate/source cleanup.,Coordinate rescue batch,coordinate_rescue,Private Campgrounds / Rustic,no,Medium
ne-lead-s641,NE,Niobrara River broad boondocking pin,AREA_RULE_COMMUNITY_OR_OVERLAY_CANDIDATE,Evaluate as area/rule/community marker or overlay candidate; do not force exact campground coordinates.,"Looks like rule-area, boondocking, community, WMA/forest, permit, GIS, or overlay work.",Existing active is too broad,coordinate_rescue,Needs Verification / replace with named records,no,High
ne-lead-ne-thomas-bessey-recreation-complex-campground,NE,Bessey Recreation Complex Campground,ORDINARY_CAMPGROUND_COORDINATE_RESCUE,Run practical address-to-map rescue; entrance/campground-area coordinate can be acceptable with honest popup.,Looks like ordinary campground/operator/city/county record held mainly for coordinate/source cleanup.,correction_candidate,coordinate_rescue,Modern Campgrounds,no,Medium
ne-lead-ne-thomas-whitetail-campground-bessey,NE,Whitetail Campground,ORDINARY_CAMPGROUND_COORDINATE_RESCUE,Run practical address-to-map rescue; entrance/campground-area coordinate can be acceptable with honest popup.,Looks like ordinary campground/operator/city/county record held mainly for coordinate/source cleanup.,active_candidate,coordinate_rescue,Rustic / Primitive,no,High
ne-lead-calamus-reservoir-campground-components,NE,Calamus Reservoir SRA campground components,ORDINARY_CAMPGROUND_COORDINATE_RESCUE,Run practical address-to-map rescue; entrance/campground-area coordinate can be acceptable with honest popup.,Looks like ordinary campground/operator/city/county record held mainly for coordinate/source cleanup.,component_coordinate_rescue,coordinate_rescue,Modern + Rustic / Primitive split,no,High
ne-lead-sherman-reservoir-campground-components,NE,Sherman Reservoir SRA campground components,ORDINARY_CAMPGROUND_COORDINATE_RESCUE,Run practical address-to-map rescue; entrance/campground-area coordinate can be acceptable with honest popup.,Looks like ordinary campground/operator/city/county record held mainly for coordinate/source cleanup.,component_coordinate_rescue,coordinate_rescue,Modern + Rustic / Primitive split,no,High
ne-lead-ne-harlan-hunter-cove-campground,NE,Hunter Cove Campground / Harlan County Lake,ORDINARY_CAMPGROUND_COORDINATE_RESCUE,Run practical address-to-map rescue; entrance/campground-area coordinate can be acceptable with honest popup.,Looks like ordinary campground/operator/city/county record held mainly for coordinate/source cleanup.,active_candidate,coordinate_rescue,Modern Campgrounds,no,Medium
ne-lead-harlan-gremlin-cove-shelter-camping-status,NE,Gremlin Cove Shelter / Harlan County Lake,TRUE_LEAD_RESEARCH_OR_EXTERNAL,Keep as lead until proof/geometry/status is resolved.,"Still has a proof, geometry, legality, duplicate, or current-status blocker.",lead_status_coordinate_rescue,coordinate_rescue,Rustic / Primitive or group shelter,no,High
ne-lead-harlan-north-south-outlet-camping-components,NE,North & South Outlet / Harlan County Lake,TRUE_LEAD_RESEARCH_OR_EXTERNAL,Keep as lead until proof/geometry/status is resolved.,"Still has a proof, geometry, legality, duplicate, or current-status blocker.",lead_coordinate_rescue,coordinate_rescue,Rustic / Primitive likely,no,High
ne-lead-johnson-lake-sra-campground-components,NE,Johnson Lake SRA campground components,ORDINARY_CAMPGROUND_COORDINATE_RESCUE,Run practical address-to-map rescue; entrance/campground-area coordinate can be acceptable with honest popup.,Looks like ordinary campground/operator/city/county record held mainly for coordinate/source cleanup.,component_coordinate_rescue,coordinate_rescue,Modern + Rustic / Primitive split,no,High
ne-lead-medicine-creek-sra-campground-components,NE,Medicine Creek SRA campground components,ORDINARY_CAMPGROUND_COORDINATE_RESCUE,Run practical address-to-map rescue; entrance/campground-area coordinate can be acceptable with honest popup.,Looks like ordinary campground/operator/city/county record held mainly for coordinate/source cleanup.,component_coordinate_rescue,coordinate_rescue,Modern + Rustic / Primitive split,no,High
ne-lead-red-willow-reservoir-sra-campground-components,NE,Red Willow Reservoir SRA campground components,ORDINARY_CAMPGROUND_COORDINATE_RESCUE,Run practical address-to-map rescue; entrance/campground-area coordinate can be acceptable with honest popup.,Looks like ordinary campground/operator/city/county record held mainly for coordinate/source cleanup.,component_coordinate_rescue,coordinate_rescue,Modern + Rustic / Primitive split,no,High
ne-lead-enders-reservoir-sra-campground-components,NE,Enders Reservoir SRA campground components,ORDINARY_CAMPGROUND_COORDINATE_RESCUE,Run practical address-to-map rescue; entrance/campground-area coordinate can be acceptable with honest popup.,Looks like ordinary campground/operator/city/county record held mainly for coordinate/source cleanup.,component_coordinate_rescue,coordinate_rescue,Modern + Rustic / Primitive split,no,High
ne-lead-swanson-reservoir-sra-campground-components,NE,Swanson Reservoir SRA campground components,ORDINARY_CAMPGROUND_COORDINATE_RESCUE,Run practical address-to-map rescue; entrance/campground-area coordinate can be acceptable with honest popup.,Looks like ordinary campground/operator/city/county record held mainly for coordinate/source cleanup.,component_coordinate_rescue,coordinate_rescue,Modern + Rustic / Primitive split likely,no,High
ne-lead-sutherland-reservoir-sra-primitive-components,NE,Sutherland Reservoir SRA primitive/electric camping,TRUE_LEAD_RESEARCH_OR_EXTERNAL,Keep as lead until proof/geometry/status is resolved.,"Still has a proof, geometry, legality, duplicate, or current-status blocker.",component_coordinate_rescue,coordinate_rescue,Rustic / Primitive + Modern split,no,High
ne-lead-ne-buffalo-sandy-channel-sra,NE,Sandy Channel SRA campground,ORDINARY_CAMPGROUND_COORDINATE_RESCUE,Run practical address-to-map rescue; entrance/campground-area coordinate can be acceptable with honest popup.,Looks like ordinary campground/operator/city/county record held mainly for coordinate/source cleanup.,active_candidate,coordinate_rescue,Rustic / Primitive,no,High
ne-lead-ne-hall-cheyenne-sra-campground,NE,Cheyenne SRA campground,ORDINARY_CAMPGROUND_COORDINATE_RESCUE,Run practical address-to-map rescue; entrance/campground-area coordinate can be acceptable with honest popup.,Looks like ordinary campground/operator/city/county record held mainly for coordinate/source cleanup.,active_candidate,coordinate_rescue,Modern Campgrounds,no,Medium
ne-lead-ne-buffalo-windmill-sra-campground,NE,Windmill SRA campground,ORDINARY_CAMPGROUND_COORDINATE_RESCUE,Run practical address-to-map rescue; entrance/campground-area coordinate can be acceptable with honest popup.,Looks like ordinary campground/operator/city/county record held mainly for coordinate/source cleanup.,active_candidate,coordinate_rescue,Modern Campgrounds,no,Medium
ne-lead-ne-kearney-fort-kearny-sra-campgrounds,NE,Fort Kearny SRA East / West Campgrounds,ORDINARY_CAMPGROUND_COORDINATE_RESCUE,Run practical address-to-map rescue; entrance/campground-area coordinate can be acceptable with honest popup.,Looks like ordinary campground/operator/city/county record held mainly for coordinate/source cleanup.,active_candidate,coordinate_rescue,Modern Campgrounds,no,Medium
ne-lead-ne-hall-mormon-island-sra-campgrounds,NE,Mormon Island SRA Cedar / Cottonwood Campgrounds,ORDINARY_CAMPGROUND_COORDINATE_RESCUE,Run practical address-to-map rescue; entrance/campground-area coordinate can be acceptable with honest popup.,Looks like ordinary campground/operator/city/county record held mainly for coordinate/source cleanup.,active_candidate,coordinate_rescue,Modern Campgrounds,no,Medium
ne-lead-victoria-springs-sra-campground-coordinate-rescue,NE,Victoria Springs SRA Campground,ORDINARY_CAMPGROUND_COORDINATE_RESCUE,Run practical address-to-map rescue; entrance/campground-area coordinate can be acceptable with honest popup.,Looks like ordinary campground/operator/city/county record held mainly for coordinate/source cleanup.,lead_coordinate_rescue,coordinate_rescue,Modern Campgrounds,no,Medium
ne-lead-broken-bow-tomahawk-rv-park-coordinate-rescue,NE,Tomahawk City Park / Broken Bow RV Park,ORDINARY_CAMPGROUND_COORDINATE_RESCUE,Run practical address-to-map rescue; entrance/campground-area coordinate can be acceptable with honest popup.,Looks like ordinary campground/operator/city/county record held mainly for coordinate/source cleanup.,lead_coordinate_rescue,coordinate_rescue,Modern Campgrounds or Private/Local,no,Medium
ne-lead-ravenna-annevar-park-rv-camping-coordinate-rescue,NE,Annevar Park RV Hookups,TRUE_LEAD_RESEARCH_OR_EXTERNAL,Keep as lead until proof/geometry/status is resolved.,"Still has a proof, geometry, legality, duplicate, or current-status blocker.",lead_coordinate_rescue,coordinate_rescue,Rustic / Primitive or Modern after shower proof,no,High
ne-lead-hall-county-park-campground-coordinate-rescue,NE,Hall County Park / George H. Clayton Campground,ORDINARY_CAMPGROUND_COORDINATE_RESCUE,Run practical address-to-map rescue; entrance/campground-area coordinate can be acceptable with honest popup.,Looks like ordinary campground/operator/city/county record held mainly for coordinate/source cleanup.,lead_coordinate_rescue,coordinate_rescue,Modern Campgrounds likely,no,Medium
ne-lead-merrick-bader-memorial-park-campground-coordinate-rescue,NE,Bader Memorial Park Campground,ORDINARY_CAMPGROUND_COORDINATE_RESCUE,Run practical address-to-map rescue; entrance/campground-area coordinate can be acceptable with honest popup.,Looks like ordinary campground/operator/city/county record held mainly for coordinate/source cleanup.,lead_coordinate_rescue,coordinate_rescue,Private/Local Campgrounds,no,Medium
ne-lead-ne-w8-fremont-lakes-sra,NE,Fremont Lakes SRA,TRUE_LEAD_RESEARCH_OR_EXTERNAL,Keep as lead until proof/geometry/status is resolved.,"Still has a proof, geometry, legality, duplicate, or current-status blocker.",Official proof strong; coordinate rescue needed,coordinate_rescue,Modern Campgrounds + Rustic component,no,Medium
ne-lead-ne-w8-lake-wanahoo-nrd,NE,Lake Wanahoo NRD Recreation Area,TRUE_LEAD_RESEARCH_OR_EXTERNAL,Keep as lead until proof/geometry/status is resolved.,"Still has a proof, geometry, legality, duplicate, or current-status blocker.",Official proof strong; coordinate rescue needed,coordinate_rescue,Modern Campgrounds + Rustic / Primitive,no,High
ne-lead-ne-w8-czechland-lake-nrd,NE,Czechland Lake Recreation Area,ORDINARY_CAMPGROUND_COORDINATE_RESCUE,Run practical address-to-map rescue; entrance/campground-area coordinate can be acceptable with honest popup.,Looks like ordinary campground/operator/city/county record held mainly for coordinate/source cleanup.,Official proof strong; coordinate rescue needed,coordinate_rescue,Rustic / Primitive,no,High
ne-lead-ne-w8-conestoga-sra,NE,Conestoga SRA,ORDINARY_CAMPGROUND_COORDINATE_RESCUE,Run practical address-to-map rescue; entrance/campground-area coordinate can be acceptable with honest popup.,Looks like ordinary campground/operator/city/county record held mainly for coordinate/source cleanup.,Official proof strong; coordinate rescue needed,coordinate_rescue,Rustic / Primitive,no,High
ne-lead-ne-w8-branched-oak-sra,NE,Branched Oak SRA,ORDINARY_CAMPGROUND_COORDINATE_RESCUE,Run practical address-to-map rescue; entrance/campground-area coordinate can be acceptable with honest popup.,Looks like ordinary campground/operator/city/county record held mainly for coordinate/source cleanup.,Official proof strong; coordinate rescue needed,coordinate_rescue,Modern Campgrounds,no,Medium
ne-lead-ne-w8-branched-oak-equestrian-basic,NE,Branched Oak Homestead / Equestrian Basic component,ORDINARY_CAMPGROUND_COORDINATE_RESCUE,Run practical address-to-map rescue; entrance/campground-area coordinate can be acceptable with honest popup.,Looks like ordinary campground/operator/city/county record held mainly for coordinate/source cleanup.,Strong lead; exact component coordinate needed,coordinate_rescue,Rustic / Primitive,no,High
ne-lead-ne-w8-pawnee-sra,NE,Pawnee SRA,ORDINARY_CAMPGROUND_COORDINATE_RESCUE,Run practical address-to-map rescue; entrance/campground-area coordinate can be acceptable with honest popup.,Looks like ordinary campground/operator/city/county record held mainly for coordinate/source cleanup.,Official proof strong; coordinate rescue needed,coordinate_rescue,Modern Campgrounds,no,Medium
ne-lead-ne-w8-pawnee-basic-equestrian,NE,Pawnee SRA Basic / Equestrian Basic components,ORDINARY_CAMPGROUND_COORDINATE_RESCUE,Run practical address-to-map rescue; entrance/campground-area coordinate can be acceptable with honest popup.,Looks like ordinary campground/operator/city/county record held mainly for coordinate/source cleanup.,Strong lead; exact split needed,coordinate_rescue,Rustic / Primitive,no,High
ne-lead-ne-w8-wagon-train-sra,NE,Wagon Train SRA,ORDINARY_CAMPGROUND_COORDINATE_RESCUE,Run practical address-to-map rescue; entrance/campground-area coordinate can be acceptable with honest popup.,Looks like ordinary campground/operator/city/county record held mainly for coordinate/source cleanup.,Official proof strong; coordinate rescue needed,coordinate_rescue,Rustic / Primitive,no,High
ne-lead-ne-w8-bluestem-sra,NE,Bluestem SRA,ORDINARY_CAMPGROUND_COORDINATE_RESCUE,Run practical address-to-map rescue; entrance/campground-area coordinate can be acceptable with honest popup.,Looks like ordinary campground/operator/city/county record held mainly for coordinate/source cleanup.,Official proof strong; coordinate rescue needed,coordinate_rescue,Rustic / Primitive,no,High
ne-lead-ne-w8-stagecoach-sra,NE,Stagecoach SRA,ORDINARY_CAMPGROUND_COORDINATE_RESCUE,Run practical address-to-map rescue; entrance/campground-area coordinate can be acceptable with honest popup.,Looks like ordinary campground/operator/city/county record held mainly for coordinate/source cleanup.,Official proof strong; coordinate rescue needed,coordinate_rescue,Rustic / Primitive,no,High
ne-lead-ne-w8-rockford-lake-sra,NE,Rockford Lake SRA,ORDINARY_CAMPGROUND_COORDINATE_RESCUE,Run practical address-to-map rescue; entrance/campground-area coordinate can be acceptable with honest popup.,Looks like ordinary campground/operator/city/county record held mainly for coordinate/source cleanup.,Official proof strong; coordinate rescue needed,coordinate_rescue,Rustic / Primitive,no,High
ne-lead-ne-w8-rock-creek-station-sra,NE,Rock Creek Station SRA campground,ORDINARY_CAMPGROUND_COORDINATE_RESCUE,Run practical address-to-map rescue; entrance/campground-area coordinate can be acceptable with honest popup.,Looks like ordinary campground/operator/city/county record held mainly for coordinate/source cleanup.,Official proof strong; coordinate rescue needed,coordinate_rescue,Modern Campgrounds,no,Medium
ne-lead-ne-w8-rock-creek-station-equestrian,NE,Rock Creek Station horse camp,ORDINARY_CAMPGROUND_COORDINATE_RESCUE,Run practical address-to-map rescue; entrance/campground-area coordinate can be acceptable with honest popup.,Looks like ordinary campground/operator/city/county record held mainly for coordinate/source cleanup.,Strong lead; exact split coordinate needed,coordinate_rescue,Rustic / Primitive,no,High
ne-lead-ne-w8-alexandria-sra,NE,Alexandria SRA,ORDINARY_CAMPGROUND_COORDINATE_RESCUE,Run practical address-to-map rescue; entrance/campground-area coordinate can be acceptable with honest popup.,Looks like ordinary campground/operator/city/county record held mainly for coordinate/source cleanup.,Official/tourism proof strong; coordinate rescue needed,coordinate_rescue,Rustic / Primitive,no,High
ne-lead-ne-w8-verdon-sra,NE,Verdon SRA,ORDINARY_CAMPGROUND_COORDINATE_RESCUE,Run practical address-to-map rescue; entrance/campground-area coordinate can be acceptable with honest popup.,Looks like ordinary campground/operator/city/county record held mainly for coordinate/source cleanup.,Official proof strong; coordinate rescue needed,coordinate_rescue,Rustic / Primitive,no,High
ne-lead-ne-w8-iron-horse-trail-lake,NE,Iron Horse Trail Lake,ORDINARY_CAMPGROUND_COORDINATE_RESCUE,Run practical address-to-map rescue; entrance/campground-area coordinate can be acceptable with honest popup.,Looks like ordinary campground/operator/city/county record held mainly for coordinate/source cleanup.,Official NRD proof; coordinate rescue needed,coordinate_rescue,Rustic / Primitive,no,High
ne-lead-ne-w8-dead-timber-sra,NE,Dead Timber SRA,ORDINARY_CAMPGROUND_COORDINATE_RESCUE,Run practical address-to-map rescue; entrance/campground-area coordinate can be acceptable with honest popup.,Looks like ordinary campground/operator/city/county record held mainly for coordinate/source cleanup.,Official proof strong; coordinate rescue needed,coordinate_rescue,Rustic / Primitive,no,High
ne-lead-ne-w8-summit-lake-sra,NE,Summit Lake SRA,ORDINARY_CAMPGROUND_COORDINATE_RESCUE,Run practical address-to-map rescue; entrance/campground-area coordinate can be acceptable with honest popup.,Looks like ordinary campground/operator/city/county record held mainly for coordinate/source cleanup.,Official proof strong; coordinate rescue needed,coordinate_rescue,Rustic / Primitive,no,High
ne-lead-ne-w8-pelican-point-sra,NE,Pelican Point SRA,ORDINARY_CAMPGROUND_COORDINATE_RESCUE,Run practical address-to-map rescue; entrance/campground-area coordinate can be acceptable with honest popup.,Looks like ordinary campground/operator/city/county record held mainly for coordinate/source cleanup.,Official proof strong; coordinate rescue needed,coordinate_rescue,Rustic / Primitive,no,High
ne-lead-ne-w8-riverview-marina-sra,NE,Riverview Marina SRA,TRUE_LEAD_RESEARCH_OR_EXTERNAL,Keep as lead until proof/geometry/status is resolved.,"Still has a proof, geometry, legality, duplicate, or current-status blocker.",Official proof strong; coordinate rescue needed,coordinate_rescue,Modern Campgrounds + Rustic component,no,Medium
ne-lead-ne-w8-indian-cave-sp,NE,Indian Cave State Park campground system,ORDINARY_CAMPGROUND_COORDINATE_RESCUE,Run practical address-to-map rescue; entrance/campground-area coordinate can be acceptable with honest popup.,Looks like ordinary campground/operator/city/county record held mainly for coordinate/source cleanup.,Official proof strong; coordinate rescue needed,coordinate_rescue,Modern Campgrounds + Rustic / Primitive,no,High
ne-lead-ne-w8-indian-cave-adirondack-shelters,NE,Indian Cave Adirondack shelters / trail overnight component,TRUE_LEAD_RESEARCH_OR_EXTERNAL,Keep as lead until proof/geometry/status is resolved.,"Still has a proof, geometry, legality, duplicate, or current-status blocker.",Strong official lead; exact shelters needed,coordinate_rescue,Boat / Backpack,no,High
ne-lead-ne-w8-eugene-t-mahoney-sp,NE,Eugene T. Mahoney State Park campground,ORDINARY_CAMPGROUND_COORDINATE_RESCUE,Run practical address-to-map rescue; entrance/campground-area coordinate can be acceptable with honest popup.,Looks like ordinary campground/operator/city/county record held mainly for coordinate/source cleanup.,Official proof strong; coordinate rescue needed,coordinate_rescue,Modern Campgrounds,no,Medium
ne-lead-ne-w8-platte-river-sp,NE,Platte River State Park campground,ORDINARY_CAMPGROUND_COORDINATE_RESCUE,Run practical address-to-map rescue; entrance/campground-area coordinate can be acceptable with honest popup.,Looks like ordinary campground/operator/city/county record held mainly for coordinate/source cleanup.,Official proof strong; coordinate rescue needed,coordinate_rescue,Modern Campgrounds,no,Medium
ne-lead-ne-w8-platte-river-basic-sites,NE,Platte River State Park basic sites,REJECT_DUPLICATE_OR_CLOSURE_REVIEW,"Review for rejected ledger, duplicate merge, or closure/status note.","Status/action fields contain duplicate, wrong-state, closure, malformed, or do-not-import language.",Strong lead; exact coordinate needed,coordinate_rescue,Rustic / Primitive,no,High
ne-lead-ne-w8-louisville-sra,NE,Louisville SRA campground,ORDINARY_CAMPGROUND_COORDINATE_RESCUE,Run practical address-to-map rescue; entrance/campground-area coordinate can be acceptable with honest popup.,Looks like ordinary campground/operator/city/county record held mainly for coordinate/source cleanup.,Official proof strong; coordinate rescue needed,coordinate_rescue,Modern Campgrounds,no,Medium
ne-lead-ne-w8-louisville-platte-river-special-site,NE,Louisville SRA special Platte River campsite,TRUE_LEAD_RESEARCH_OR_EXTERNAL,Keep as lead until proof/geometry/status is resolved.,"Still has a proof, geometry, legality, duplicate, or current-status blocker.",Strong lead; exact coordinate blocked,coordinate_rescue,Boat / Backpack or Rustic / Primitive,no,High
ne-lead-ne-w8-two-rivers-sra,NE,Two Rivers SRA campground,ORDINARY_CAMPGROUND_COORDINATE_RESCUE,Run practical address-to-map rescue; entrance/campground-area coordinate can be acceptable with honest popup.,Looks like ordinary campground/operator/city/county record held mainly for coordinate/source cleanup.,Official proof strong; coordinate rescue needed,coordinate_rescue,Modern Campgrounds + Rustic component,no,Medium
ne-lead-ne-w8-memphis-sra,NE,Memphis SRA,ORDINARY_CAMPGROUND_COORDINATE_RESCUE,Run practical address-to-map rescue; entrance/campground-area coordinate can be acceptable with honest popup.,Looks like ordinary campground/operator/city/county record held mainly for coordinate/source cleanup.,Official proof strong; coordinate rescue needed,coordinate_rescue,Rustic / Primitive,no,High
ne-lead-ne-w8-lake-cunningham-campground,NE,Lake Cunningham Campground,ORDINARY_CAMPGROUND_COORDINATE_RESCUE,Run practical address-to-map rescue; entrance/campground-area coordinate can be acceptable with honest popup.,Looks like ordinary campground/operator/city/county record held mainly for coordinate/source cleanup.,Official/operator proof strong; coordinate rescue needed,coordinate_rescue,Modern Campgrounds,no,Medium
ne-lead-ne-w8-camp-a-way,NE,Camp A Way,ORDINARY_CAMPGROUND_COORDINATE_RESCUE,Run practical address-to-map rescue; entrance/campground-area coordinate can be acceptable with honest popup.,Looks like ordinary campground/operator/city/county record held mainly for coordinate/source cleanup.,Operator proof strong,coordinate_rescue,Private Campgrounds,no,Medium
ne-lead-ne-w8-ashland-rv-campground,NE,Ashland RV Campground,ORDINARY_CAMPGROUND_COORDINATE_RESCUE,Run practical address-to-map rescue; entrance/campground-area coordinate can be acceptable with honest popup.,Looks like ordinary campground/operator/city/county record held mainly for coordinate/source cleanup.,Operator proof strong,coordinate_rescue,Private Campgrounds,no,Medium
ne-lead-ne-w8-pine-grove-rv,NE,Pine Grove RV Park & Campground,ORDINARY_CAMPGROUND_COORDINATE_RESCUE,Run practical address-to-map rescue; entrance/campground-area coordinate can be acceptable with honest popup.,Looks like ordinary campground/operator/city/county record held mainly for coordinate/source cleanup.,Operator proof adequate; coordinate rescue needed,coordinate_rescue,Private Campgrounds,no,Medium
ne-lead-ne-w8-hidden-falls-rv,NE,Hidden Falls Cabins & RV Park,ORDINARY_CAMPGROUND_COORDINATE_RESCUE,Run practical address-to-map rescue; entrance/campground-area coordinate can be acceptable with honest popup.,Looks like ordinary campground/operator/city/county record held mainly for coordinate/source cleanup.,Operator proof strong,coordinate_rescue,Private Campgrounds,no,Medium
ne-lead-ne-w8-winsor-cove-haworth,NE,Winsor Cove / Haworth Park Campground,ORDINARY_CAMPGROUND_COORDINATE_RESCUE,Run practical address-to-map rescue; entrance/campground-area coordinate can be acceptable with honest popup.,Looks like ordinary campground/operator/city/county record held mainly for coordinate/source cleanup.,Operator proof strong,coordinate_rescue,Private Campgrounds,no,Medium
ne-lead-ne-w8-weeping-water-city-campground,NE,Weeping Water City Lake / Campground,ORDINARY_CAMPGROUND_COORDINATE_RESCUE,Run practical address-to-map rescue; entrance/campground-area coordinate can be acceptable with honest popup.,Looks like ordinary campground/operator/city/county record held mainly for coordinate/source cleanup.,Official city proof; coordinate rescue needed,coordinate_rescue,Rustic / Primitive,no,High
ne-lead-ne-w8-auburn-rv-park,NE,Auburn RV Park & Campground,ORDINARY_CAMPGROUND_COORDINATE_RESCUE,Run practical address-to-map rescue; entrance/campground-area coordinate can be acceptable with honest popup.,Looks like ordinary campground/operator/city/county record held mainly for coordinate/source cleanup.,Official city proof strong,coordinate_rescue,Modern Campgrounds,no,Medium
ne-lead-ne-w8-southside-rv-auburn,NE,Southside RV Park,ORDINARY_CAMPGROUND_COORDINATE_RESCUE,Run practical address-to-map rescue; entrance/campground-area coordinate can be acceptable with honest popup.,Looks like ordinary campground/operator/city/county record held mainly for coordinate/source cleanup.,Tourism/operator proof adequate; coordinate rescue needed,coordinate_rescue,Private Campgrounds,no,Medium
ne-lead-ne-w8-pawnderosa-pawnee-city,NE,Pawnderosa / Pawnee City campground,ORDINARY_CAMPGROUND_COORDINATE_RESCUE,Run practical address-to-map rescue; entrance/campground-area coordinate can be acceptable with honest popup.,Looks like ordinary campground/operator/city/county record held mainly for coordinate/source cleanup.,Official city camping proof; coordinate conflict,coordinate_rescue,Rustic / Primitive,no,High
ne-lead-ne-w8-wilber-legion-park,NE,Wilber Legion Memorial Park campground,ORDINARY_CAMPGROUND_COORDINATE_RESCUE,Run practical address-to-map rescue; entrance/campground-area coordinate can be acceptable with honest popup.,Looks like ordinary campground/operator/city/county record held mainly for coordinate/source cleanup.,Public lead; official proof partial,research_needed,Rustic / Primitive,no,High
ne-lead-ne-w8-smith-creek-nrd,NE,Smith Creek Recreation Area,ORDINARY_CAMPGROUND_COORDINATE_RESCUE,Run practical address-to-map rescue; entrance/campground-area coordinate can be acceptable with honest popup.,Looks like ordinary campground/operator/city/county record held mainly for coordinate/source cleanup.,Official NRD proof strong,coordinate_rescue,Rustic / Primitive,no,High
ne-lead-ne-w8-oxbow-trail-nrd,NE,Oxbow Trail Recreation Area,ORDINARY_CAMPGROUND_COORDINATE_RESCUE,Run practical address-to-map rescue; entrance/campground-area coordinate can be acceptable with honest popup.,Looks like ordinary campground/operator/city/county record held mainly for coordinate/source cleanup.,Official NRD proof strong,coordinate_rescue,Rustic / Primitive,no,High
ne-lead-ne-w8-overland-trail-nrd,NE,Overland Trail Recreation Area,ORDINARY_CAMPGROUND_COORDINATE_RESCUE,Run practical address-to-map rescue; entrance/campground-area coordinate can be acceptable with honest popup.,Looks like ordinary campground/operator/city/county record held mainly for coordinate/source cleanup.,Official NRD proof strong,coordinate_rescue,Rustic / Primitive,no,High
ne-lead-ne-w8-buckley-creek-nrd,NE,Buckley Creek Recreation Area,ORDINARY_CAMPGROUND_COORDINATE_RESCUE,Run practical address-to-map rescue; entrance/campground-area coordinate can be acceptable with honest popup.,Looks like ordinary campground/operator/city/county record held mainly for coordinate/source cleanup.,Official NRD proof strong,coordinate_rescue,Rustic / Primitive,no,High
ne-lead-ne-w8-lone-star-nrd,NE,Lone Star Recreation Area,ORDINARY_CAMPGROUND_COORDINATE_RESCUE,Run practical address-to-map rescue; entrance/campground-area coordinate can be acceptable with honest popup.,Looks like ordinary campground/operator/city/county record held mainly for coordinate/source cleanup.,Official NRD proof strong,coordinate_rescue,Rustic / Primitive,no,High
ne-lead-ne-w8-twin-lakes-wma-correction,NE,Twin Lakes State Wildlife Management Area,AREA_RULE_COMMUNITY_OR_OVERLAY_CANDIDATE,Evaluate as area/rule/community marker or overlay candidate; do not force exact campground coordinates.,"Looks like rule-area, boondocking, community, WMA/forest, permit, GIS, or overlay work.",Existing active but stale layer/source,coordinate_rescue,Boondocking / Dispersed,no,High
ne-lead-ne-w8-yankee-hill-wma-correction,NE,Yankee Hill State Wildlife Management Area,AREA_RULE_COMMUNITY_OR_OVERLAY_CANDIDATE,Evaluate as area/rule/community marker or overlay candidate; do not force exact campground coordinates.,"Looks like rule-area, boondocking, community, WMA/forest, permit, GIS, or overlay work.",Existing active but stale layer/source,coordinate_rescue,Boondocking / Dispersed,no,High
ne-lead-ne-w8-jack-sinn-wma-correction,NE,Jack Sinn Memorial WMA,AREA_RULE_COMMUNITY_OR_OVERLAY_CANDIDATE,Evaluate as area/rule/community marker or overlay candidate; do not force exact campground coordinates.,"Looks like rule-area, boondocking, community, WMA/forest, permit, GIS, or overlay work.",Existing active; source/layer cleanup,coordinate_rescue,Boondocking / Dispersed or Rustic / Primitive,no,High
in-lead-willow-slough-fwa-primitive-campground-coordinate-rescue,IN,Willow Slough FWA Primitive Campground,ORDINARY_CAMPGROUND_COORDINATE_RESCUE,Run practical address-to-map rescue; entrance/campground-area coordinate can be acceptable with honest popup.,Looks like ordinary campground/operator/city/county record held mainly for coordinate/source cleanup.,coordinate_rescue,coordinate_rescue,Rustic / Primitive,no,High
in-lead-tippecanoe-river-sp-canoe-camp-coordinate-rescue,IN,Tippecanoe River State Park Canoe Camp,TRUE_LEAD_RESEARCH_OR_EXTERNAL,Keep as lead until proof/geometry/status is resolved.,"Still has a proof, geometry, legality, duplicate, or current-status blocker.",coordinate_rescue,coordinate_rescue,Boat / Backpack,no,High
in-lead-tippecanoe-river-sp-horsemen-youth-camps-coordinate-rescue,IN,Tippecanoe River SP Horsemen’s / Youth Tent Areas,ORDINARY_CAMPGROUND_COORDINATE_RESCUE,Run practical address-to-map rescue; entrance/campground-area coordinate can be acceptable with honest popup.,Looks like ordinary campground/operator/city/county record held mainly for coordinate/source cleanup.,coordinate_rescue,coordinate_rescue,Rustic / Primitive,no,High
in-lead-potato-creek-horse-youth-camps-coordinate-rescue,IN,Potato Creek Horsemen’s Electric / Youth Tent Areas,TRUE_LEAD_RESEARCH_OR_EXTERNAL,Keep as lead until proof/geometry/status is resolved.,"Still has a proof, geometry, legality, duplicate, or current-status blocker.",coordinate_rescue,coordinate_rescue,Rustic / Primitive / Modern component split,no,High
in-lead-ross-camp-tippecanoe-county-campground-coordinate-rescue,IN,Ross Camp Campground,ORDINARY_CAMPGROUND_COORDINATE_RESCUE,Run practical address-to-map rescue; entrance/campground-area coordinate can be acceptable with honest popup.,Looks like ordinary campground/operator/city/county record held mainly for coordinate/source cleanup.,coordinate_rescue,coordinate_rescue,Modern + Rustic / Primitive split likely,no,High
in-lead-kankakee-river-water-trail-camp-coordinate-rescue,IN,Kankakee River Water Trail listed campground / Lake County Parks listing,ORDINARY_CAMPGROUND_COORDINATE_RESCUE,Run practical address-to-map rescue; entrance/campground-area coordinate can be acceptable with honest popup.,Looks like ordinary campground/operator/city/county record held mainly for coordinate/source cleanup.,identity_rescue,coordinate_rescue,Boat / Backpack,no,High
in-lead-rising-sun-campground-tippecanoe-river,IN,Rising Sun Campground,ORDINARY_CAMPGROUND_COORDINATE_RESCUE,Run practical address-to-map rescue; entrance/campground-area coordinate can be acceptable with honest popup.,Looks like ordinary campground/operator/city/county record held mainly for coordinate/source cleanup.,coordinate_rescue,coordinate_rescue,Private Campgrounds,no,Medium
in-lead-tippecanoe-river-run-coordinate-rescue,IN,Tippecanoe River Run,ORDINARY_CAMPGROUND_COORDINATE_RESCUE,Run practical address-to-map rescue; entrance/campground-area coordinate can be acceptable with honest popup.,Looks like ordinary campground/operator/city/county record held mainly for coordinate/source cleanup.,coordinate_rescue,coordinate_rescue,Private Campgrounds,no,Medium
in-lead-wolfes-leisure-time-campground-wabash-tippecanoe-edge,IN,Wolfe’s Leisure Time Campground,ORDINARY_CAMPGROUND_COORDINATE_RESCUE,Run practical address-to-map rescue; entrance/campground-area coordinate can be acceptable with honest popup.,Looks like ordinary campground/operator/city/county record held mainly for coordinate/source cleanup.,coordinate_rescue,coordinate_rescue,Private Campgrounds,no,Medium
in-lead-michigan-city-campground-coordinate-rescue,IN,Michigan City Campground,ORDINARY_CAMPGROUND_COORDINATE_RESCUE,Run practical address-to-map rescue; entrance/campground-area coordinate can be acceptable with honest popup.,Looks like ordinary campground/operator/city/county record held mainly for coordinate/source cleanup.,coordinate_rescue,coordinate_rescue,Private Campgrounds,no,Medium
in-lead-lakeshore-camp-resort-portage,IN,Lakeshore Camp Resort,ORDINARY_CAMPGROUND_COORDINATE_RESCUE,Run practical address-to-map rescue; entrance/campground-area coordinate can be acceptable with honest popup.,Looks like ordinary campground/operator/city/county record held mainly for coordinate/source cleanup.,coordinate_rescue,coordinate_rescue,Private Campgrounds,no,Medium
in-lead-woodland-village-rv-park-portage,IN,Woodland Village RV Park,ORDINARY_CAMPGROUND_COORDINATE_RESCUE,Run practical address-to-map rescue; entrance/campground-area coordinate can be acceptable with honest popup.,Looks like ordinary campground/operator/city/county record held mainly for coordinate/source cleanup.,coordinate_rescue,coordinate_rescue,Private Campgrounds,no,Medium
in-lead-plymouth-jellystone-park-coordinate-rescue,IN,Plymouth Jellystone Park,ORDINARY_CAMPGROUND_COORDINATE_RESCUE,Run practical address-to-map rescue; entrance/campground-area coordinate can be acceptable with honest popup.,Looks like ordinary campground/operator/city/county record held mainly for coordinate/source cleanup.,coordinate_rescue,coordinate_rescue,Private Campgrounds,no,Medium
in-lead-indiana-beach-monticello-koa,IN,Indiana Beach / Monticello KOA Holiday,ORDINARY_CAMPGROUND_COORDINATE_RESCUE,Run practical address-to-map rescue; entrance/campground-area coordinate can be acceptable with honest popup.,Looks like ordinary campground/operator/city/county record held mainly for coordinate/source cleanup.,coordinate_rescue,coordinate_rescue,Private Campgrounds,no,Medium
in-lead-white-oaks-rv-camping-monticello,IN,White Oaks RV and Camping,ORDINARY_CAMPGROUND_COORDINATE_RESCUE,Run practical address-to-map rescue; entrance/campground-area coordinate can be acceptable with honest popup.,Looks like ordinary campground/operator/city/county record held mainly for coordinate/source cleanup.,coordinate_rescue,coordinate_rescue,Private Campgrounds,no,Medium
in-lead-ebys-pines-rv-park-campground,IN,Eby’s Pines RV Park & Campground,ORDINARY_CAMPGROUND_COORDINATE_RESCUE,Run practical address-to-map rescue; entrance/campground-area coordinate can be acceptable with honest popup.,Looks like ordinary campground/operator/city/county record held mainly for coordinate/source cleanup.,coordinate_rescue,coordinate_rescue,Private Campgrounds,no,Medium
in-lead-elkhart-campground-coordinate-rescue,IN,Elkhart Campground,ORDINARY_CAMPGROUND_COORDINATE_RESCUE,Run practical address-to-map rescue; entrance/campground-area coordinate can be acceptable with honest popup.,Looks like ordinary campground/operator/city/county record held mainly for coordinate/source cleanup.,coordinate_rescue,coordinate_rescue,Private Campgrounds,no,Medium
in-lead-caboose-lake-campground-remington,IN,Caboose Lake Campground,ORDINARY_CAMPGROUND_COORDINATE_RESCUE,Run practical address-to-map rescue; entrance/campground-area coordinate can be acceptable with honest popup.,Looks like ordinary campground/operator/city/county record held mainly for coordinate/source cleanup.,coordinate_rescue,coordinate_rescue,Private Campgrounds,no,Medium
in-lead-turkey-run-youth-tent-areas-coordinate-rescue,IN,Turkey Run State Park Youth Tent Areas,ORDINARY_CAMPGROUND_COORDINATE_RESCUE,Run practical address-to-map rescue; entrance/campground-area coordinate can be acceptable with honest popup.,Looks like ordinary campground/operator/city/county record held mainly for coordinate/source cleanup.,coordinate_rescue,coordinate_rescue,Rustic / Primitive,no,High
in-lead-shades-backpack-camp-coordinate-rescue,IN,Shades State Park Backpack Camp,TRUE_LEAD_RESEARCH_OR_EXTERNAL,Keep as lead until proof/geometry/status is resolved.,"Still has a proof, geometry, legality, duplicate, or current-status blocker.",coordinate_rescue,coordinate_rescue,Boat / Backpack,no,High
in-lead-shades-canoe-camp-coordinate-rescue,IN,Shades State Park Canoe Camp,TRUE_LEAD_RESEARCH_OR_EXTERNAL,Keep as lead until proof/geometry/status is resolved.,"Still has a proof, geometry, legality, duplicate, or current-status blocker.",coordinate_rescue,coordinate_rescue,Boat / Backpack,no,High
in-lead-brookville-mounds-sra-campground-coordinate-rescue,IN,Brookville Lake — Mounds SRA Campground,ORDINARY_CAMPGROUND_COORDINATE_RESCUE,Run practical address-to-map rescue; entrance/campground-area coordinate can be acceptable with honest popup.,Looks like ordinary campground/operator/city/county record held mainly for coordinate/source cleanup.,coordinate_rescue,coordinate_rescue,Modern Campgrounds,no,Medium
in-lead-brookville-quakertown-sra-campground-coordinate-rescue,IN,Brookville Lake — Quakertown SRA Campground,ORDINARY_CAMPGROUND_COORDINATE_RESCUE,Run practical address-to-map rescue; entrance/campground-area coordinate can be acceptable with honest popup.,Looks like ordinary campground/operator/city/county record held mainly for coordinate/source cleanup.,coordinate_rescue,coordinate_rescue,Modern Campgrounds,no,Medium
in-lead-whitewater-horsemen-campground-coordinate-rescue,IN,Whitewater Memorial Horsemen’s Campground,ORDINARY_CAMPGROUND_COORDINATE_RESCUE,Run practical address-to-map rescue; entrance/campground-area coordinate can be acceptable with honest popup.,Looks like ordinary campground/operator/city/county record held mainly for coordinate/source cleanup.,coordinate_rescue,coordinate_rescue,Rustic / Primitive,no,High
in-lead-summit-lake-youth-tent-coordinate-rescue,IN,Summit Lake Youth Tent Areas,ORDINARY_CAMPGROUND_COORDINATE_RESCUE,Run practical address-to-map rescue; entrance/campground-area coordinate can be acceptable with honest popup.,Looks like ordinary campground/operator/city/county record held mainly for coordinate/source cleanup.,coordinate_rescue,coordinate_rescue,Rustic / Primitive,no,High
in-lead-mounds-sp-youth-tent-coordinate-rescue,IN,Mounds State Park Youth Tent Areas,ORDINARY_CAMPGROUND_COORDINATE_RESCUE,Run practical address-to-map rescue; entrance/campground-area coordinate can be acceptable with honest popup.,Looks like ordinary campground/operator/city/county record held mainly for coordinate/source cleanup.,coordinate_rescue,coordinate_rescue,Rustic / Primitive,no,High
in-lead-lieber-poplar-grove-electric-coordinate-rescue,IN,Lieber SRA / Cagles Mill — Poplar Grove Electric Campground,ORDINARY_CAMPGROUND_COORDINATE_RESCUE,Run practical address-to-map rescue; entrance/campground-area coordinate can be acceptable with honest popup.,Looks like ordinary campground/operator/city/county record held mainly for coordinate/source cleanup.,coordinate_rescue,coordinate_rescue,Modern Campgrounds,no,Medium
in-lead-lieber-sunny-acres-non-electric-coordinate-rescue,IN,Lieber SRA / Cagles Mill — Sunny Acres Non-Electric Campground,ORDINARY_CAMPGROUND_COORDINATE_RESCUE,Run practical address-to-map rescue; entrance/campground-area coordinate can be acceptable with honest popup.,Looks like ordinary campground/operator/city/county record held mainly for coordinate/source cleanup.,coordinate_rescue,coordinate_rescue,Rustic / Primitive,no,High
in-lead-raccoon-sra-primitive-camp-coordinate-rescue,IN,Raccoon SRA Primitive Camp,ORDINARY_CAMPGROUND_COORDINATE_RESCUE,Run practical address-to-map rescue; entrance/campground-area coordinate can be acceptable with honest popup.,Looks like ordinary campground/operator/city/county record held mainly for coordinate/source cleanup.,coordinate_rescue,coordinate_rescue,Rustic / Primitive,no,High
in-lead-raccoon-sra-youth-tent-coordinate-rescue,IN,Raccoon SRA Youth Tent Areas,ORDINARY_CAMPGROUND_COORDINATE_RESCUE,Run practical address-to-map rescue; entrance/campground-area coordinate can be acceptable with honest popup.,Looks like ordinary campground/operator/city/county record held mainly for coordinate/source cleanup.,coordinate_rescue,coordinate_rescue,Rustic / Primitive,no,High
ne-lead-pawnderosa-campground-coordinate-conflict,NE,Pawnderosa Campground / Pawnee City Pond,ORDINARY_CAMPGROUND_COORDINATE_RESCUE,Run practical address-to-map rescue; entrance/campground-area coordinate can be acceptable with honest popup.,Looks like ordinary campground/operator/city/county record held mainly for coordinate/source cleanup.,coordinate_rescue,coordinate_conflict,Rustic / Primitive,no,High
in-woodland-village-rv-park-coordinate-public-status,IN,Woodland Village RV Park,REJECT_DUPLICATE_OR_CLOSURE_REVIEW,"Review for rejected ledger, duplicate merge, or closure/status note.","Status/action fields contain duplicate, wrong-state, closure, malformed, or do-not-import language.",needs_verification,needs_verification,Private Campgrounds,no,Medium
in-laporte-county-fairgrounds-camping-public-status,IN,LaPorte County Fairgrounds camping,REJECT_DUPLICATE_OR_CLOSURE_REVIEW,"Review for rejected ledger, duplicate merge, or closure/status note.","Status/action fields contain duplicate, wrong-state, closure, malformed, or do-not-import language.",needs_verification,needs_verification,Modern Campgrounds or Needs Verification,no,Medium
in-lead-tippecanoe-river-state-park-canoe-horse-youth-component-coordinates,IN,Tippecanoe River SP canoe / horsemen's / youth component coordinates,TRUE_LEAD_RESEARCH_OR_EXTERNAL,Keep as lead until proof/geometry/status is resolved.,"Still has a proof, geometry, legality, duplicate, or current-status blocker.",coordinate_rescue,coordinate_rescue,Boat / Backpack; Rustic / Primitive,no,High
in-lead-potato-creek-horse-youth-component-coordinate-rescue,IN,Potato Creek SP horsemen's / youth camping components,ORDINARY_CAMPGROUND_COORDINATE_RESCUE,Run practical address-to-map rescue; entrance/campground-area coordinate can be acceptable with honest popup.,Looks like ordinary campground/operator/city/county record held mainly for coordinate/source cleanup.,coordinate_rescue,coordinate_rescue,Rustic / Primitive,no,High
in-lead-raccoon-sra-and-cecil-m-harden-lake-private-corridor-obvious-misses,IN,Raccoon/Cecil M. Harden Lake private/county campground corridor scan,ORDINARY_CAMPGROUND_COORDINATE_RESCUE,Run practical address-to-map rescue; entrance/campground-area coordinate can be acceptable with honest popup.,Looks like ordinary campground/operator/city/county record held mainly for coordinate/source cleanup.,coordinate_rescue,coordinate_rescue,Private Campgrounds; Rustic / Primitive,no,High
in-lead-hickory-ridge-roadside-dispersed-sites,IN,Hoosier NF Hickory Ridge Roadside Dispersed Camping Map Area,AREA_RULE_COMMUNITY_OR_OVERLAY_CANDIDATE,Evaluate as area/rule/community marker or overlay candidate; do not force exact campground coordinates.,"Looks like rule-area, boondocking, community, WMA/forest, permit, GIS, or overlay work.",coordinate_rescue,coordinate_rescue,Boondocking / Dispersed,no,High
in-lead-berry-ridge-sundance-roadside-dispersed-sites,IN,Hoosier NF Berry Ridge / Sundance Lake Roadside Dispersed Camping Map Area,AREA_RULE_COMMUNITY_OR_OVERLAY_CANDIDATE,Evaluate as area/rule/community marker or overlay candidate; do not force exact campground coordinates.,"Looks like rule-area, boondocking, community, WMA/forest, permit, GIS, or overlay work.",coordinate_rescue,coordinate_rescue,Boondocking / Dispersed,no,High
in-lead-birdseye-roadside-dispersed-sites,IN,Hoosier NF Birdseye Roadside Dispersed Camping Map Area,AREA_RULE_COMMUNITY_OR_OVERLAY_CANDIDATE,Evaluate as area/rule/community marker or overlay candidate; do not force exact campground coordinates.,"Looks like rule-area, boondocking, community, WMA/forest, permit, GIS, or overlay work.",coordinate_rescue,coordinate_rescue,Boondocking / Dispersed,no,High
in-lead-hemlock-cliffs-roadside-dispersed-sites,IN,Hoosier NF Hemlock Cliffs Roadside Dispersed Camping Map Area,AREA_RULE_COMMUNITY_OR_OVERLAY_CANDIDATE,Evaluate as area/rule/community marker or overlay candidate; do not force exact campground coordinates.,"Looks like rule-area, boondocking, community, WMA/forest, permit, GIS, or overlay work.",coordinate_rescue,coordinate_rescue,Boondocking / Dispersed,no,High
in-lead-indian-lake-roadside-dispersed-sites,IN,Hoosier NF Indian Lake Roadside Dispersed Camping Map Area,AREA_RULE_COMMUNITY_OR_OVERLAY_CANDIDATE,Evaluate as area/rule/community marker or overlay candidate; do not force exact campground coordinates.,"Looks like rule-area, boondocking, community, WMA/forest, permit, GIS, or overlay work.",coordinate_rescue,coordinate_rescue,Boondocking / Dispersed,no,High
in-lead-mogan-ridge-roadside-dispersed-sites,IN,Hoosier NF Mogan Ridge Roadside Dispersed Camping Map Area,AREA_RULE_COMMUNITY_OR_OVERLAY_CANDIDATE,Evaluate as area/rule/community marker or overlay candidate; do not force exact campground coordinates.,"Looks like rule-area, boondocking, community, WMA/forest, permit, GIS, or overlay work.",coordinate_rescue,coordinate_rescue,Boondocking / Dispersed,no,High
in-lead-oriole-roadside-dispersed-sites,IN,Hoosier NF Oriole Roadside Dispersed Camping Map Area,AREA_RULE_COMMUNITY_OR_OVERLAY_CANDIDATE,Evaluate as area/rule/community marker or overlay candidate; do not force exact campground coordinates.,"Looks like rule-area, boondocking, community, WMA/forest, permit, GIS, or overlay work.",coordinate_rescue,coordinate_rescue,Boondocking / Dispersed,no,High
in-lead-german-ridge-highwater-roadside-dispersed-sites,IN,Hoosier NF German Ridge / Highwater Roadside Dispersed Camping Map Areas,AREA_RULE_COMMUNITY_OR_OVERLAY_CANDIDATE,Evaluate as area/rule/community marker or overlay candidate; do not force exact campground coordinates.,"Looks like rule-area, boondocking, community, WMA/forest, permit, GIS, or overlay work.",coordinate_rescue,coordinate_rescue,Boondocking / Dispersed,no,High
in-lead-deam-wilderness-backpack-sites,IN,Charles C. Deam Wilderness Designated / Backpack Camping Extraction,AREA_RULE_COMMUNITY_OR_OVERLAY_CANDIDATE,Evaluate as area/rule/community marker or overlay candidate; do not force exact campground coordinates.,"Looks like rule-area, boondocking, community, WMA/forest, permit, GIS, or overlay work.",coordinate_rescue,coordinate_rescue,Boat / Backpack,no,High
in-lead-knobstone-trail-dispersed-backcountry-camping,IN,Knobstone Trail Dispersed / Backcountry Camping Rule and Geometry,AREA_RULE_COMMUNITY_OR_OVERLAY_CANDIDATE,Evaluate as area/rule/community marker or overlay candidate; do not force exact campground coordinates.,"Looks like rule-area, boondocking, community, WMA/forest, permit, GIS, or overlay work.",coordinate_rescue,coordinate_rescue,Boat / Backpack / Boondocking,no,High
in-lead-tecumseh-trail-dispersed-shelters,IN,Tecumseh Trail Dispersed Camping and Shelters,AREA_RULE_COMMUNITY_OR_OVERLAY_CANDIDATE,Evaluate as area/rule/community marker or overlay candidate; do not force exact campground coordinates.,"Looks like rule-area, boondocking, community, WMA/forest, permit, GIS, or overlay work.",coordinate_rescue,coordinate_rescue,Boat / Backpack / Boondocking,no,High
in-lead-yellowwood-state-forest-family-horse-carryin,IN,Yellowwood State Forest Family / Horse / Carry-in Camping Components,AREA_RULE_COMMUNITY_OR_OVERLAY_CANDIDATE,Evaluate as area/rule/community marker or overlay candidate; do not force exact campground coordinates.,"Looks like rule-area, boondocking, community, WMA/forest, permit, GIS, or overlay work.",coordinate_rescue,coordinate_rescue,Rustic / Primitive / Boat-Backpack,no,High
in-lead-morgan-monroe-low-gap-backcountry,IN,Morgan-Monroe State Forest Low Gap Backcountry / Mason-Oak-Scout Ridge Components,AREA_RULE_COMMUNITY_OR_OVERLAY_CANDIDATE,Evaluate as area/rule/community marker or overlay candidate; do not force exact campground coordinates.,"Looks like rule-area, boondocking, community, WMA/forest, permit, GIS, or overlay work.",coordinate_rescue,coordinate_rescue,Rustic / Primitive / Boat-Backpack,no,High
in-lead-clark-state-forest-family-equestrian,IN,Clark State Forest Family and Equestrian Campgrounds,AREA_RULE_COMMUNITY_OR_OVERLAY_CANDIDATE,Evaluate as area/rule/community marker or overlay candidate; do not force exact campground coordinates.,"Looks like rule-area, boondocking, community, WMA/forest, permit, GIS, or overlay work.",coordinate_rescue,coordinate_rescue,Rustic / Primitive,no,High
in-lead-jackson-washington-state-forest-backcountry-youth-family,IN,Jackson-Washington State Forest Family / Youth / Backcountry Camping,AREA_RULE_COMMUNITY_OR_OVERLAY_CANDIDATE,Evaluate as area/rule/community marker or overlay candidate; do not force exact campground coordinates.,"Looks like rule-area, boondocking, community, WMA/forest, permit, GIS, or overlay work.",coordinate_rescue,coordinate_rescue,Rustic / Primitive / Boat-Backpack,no,High
in-lead-pike-state-forest-family-horse,IN,Pike State Forest Family and Horse Campgrounds,AREA_RULE_COMMUNITY_OR_OVERLAY_CANDIDATE,Evaluate as area/rule/community marker or overlay candidate; do not force exact campground coordinates.,"Looks like rule-area, boondocking, community, WMA/forest, permit, GIS, or overlay work.",coordinate_rescue,coordinate_rescue,Rustic / Primitive,no,High
in-lead-harrison-crawford-adventure-trail-shelters,IN,Harrison-Crawford Adventure Trail Shelters / Primitive Sites,TRUE_LEAD_RESEARCH_OR_EXTERNAL,Keep as lead until proof/geometry/status is resolved.,"Still has a proof, geometry, legality, duplicate, or current-status blocker.",coordinate_rescue,coordinate_rescue,Boat / Backpack,no,High
in-lead-obannon-woods-horse-group-canoe-components,IN,O’Bannon Woods Horseman / Group / Canoe Components,REJECT_DUPLICATE_OR_CLOSURE_REVIEW,"Review for rejected ledger, duplicate merge, or closure/status note.","Status/action fields contain duplicate, wrong-state, closure, malformed, or do-not-import language.",coordinate_rescue,coordinate_rescue,Rustic / Primitive / Boat-Backpack / Modern split,no,High
in-lead-tippecanoe-river-sp-canoe-horse-youth-components,IN,Tippecanoe River State Park Canoe / Horsemen’s / Youth Components,TRUE_LEAD_RESEARCH_OR_EXTERNAL,Keep as lead until proof/geometry/status is resolved.,"Still has a proof, geometry, legality, duplicate, or current-status blocker.",coordinate_rescue,coordinate_rescue,Boat / Backpack / Rustic / Primitive,no,High
in-lead-kankakee-river-watertrail-camping-identity-rescue,IN,Kankakee River Official Water-Trail Camping Identity Rescue,TRUE_LEAD_RESEARCH_OR_EXTERNAL,Keep as lead until proof/geometry/status is resolved.,"Still has a proof, geometry, legality, duplicate, or current-status blocker.",coordinate_rescue,coordinate_rescue,Boat / Backpack,no,High
in-lead-wabash-river-watertrail-primitive-camping-identity-rescue,IN,Wabash River Water-Trail / Primitive Camping Identity Rescue,AREA_RULE_COMMUNITY_OR_OVERLAY_CANDIDATE,Evaluate as area/rule/community marker or overlay candidate; do not force exact campground coordinates.,"Looks like rule-area, boondocking, community, WMA/forest, permit, GIS, or overlay work.",coordinate_rescue,coordinate_rescue,Boat / Backpack / Boondocking,no,High
in-needs-salamonie-river-state-forest-edge,IN,Salamonie River State Forest / Wabash-region Camping Relevance,AREA_RULE_COMMUNITY_OR_OVERLAY_CANDIDATE,Evaluate as area/rule/community marker or overlay candidate; do not force exact campground coordinates.,"Looks like rule-area, boondocking, community, WMA/forest, permit, GIS, or overlay work.",needs_verification,needs_verification,Rustic / Primitive or Boondocking unknown,no,High
in-needs-small-private-hoosier-edge-control-search,IN,Small Private / Operator Campgrounds in Hoosier Edge Control Searches,REJECT_DUPLICATE_OR_CLOSURE_REVIEW,"Review for rejected ledger, duplicate merge, or closure/status note.","Status/action fields contain duplicate, wrong-state, closure, malformed, or do-not-import language.",needs_verification,needs_verification,Private Campgrounds,no,Medium
ne-lake-minatare-lake-view-campground-coordinate-rescue,NE,Lake Minatare Lake View Campground,ORDINARY_CAMPGROUND_COORDINATE_RESCUE,Run practical address-to-map rescue; entrance/campground-area coordinate can be acceptable with honest popup.,Looks like ordinary campground/operator/city/county record held mainly for coordinate/source cleanup.,coordinate_rescue,coordinate_rescue,Modern Campgrounds,no,Medium
ne-lake-minatare-butte-view-campground-coordinate-rescue,NE,Lake Minatare Butte View Campground,ORDINARY_CAMPGROUND_COORDINATE_RESCUE,Run practical address-to-map rescue; entrance/campground-area coordinate can be acceptable with honest popup.,Looks like ordinary campground/operator/city/county record held mainly for coordinate/source cleanup.,coordinate_rescue,coordinate_rescue,Modern Campgrounds,no,Medium
ne-lake-minatare-west-wind-basic-campground-coordinate-rescue,NE,Lake Minatare West Wind Basic Campground,ORDINARY_CAMPGROUND_COORDINATE_RESCUE,Run practical address-to-map rescue; entrance/campground-area coordinate can be acceptable with honest popup.,Looks like ordinary campground/operator/city/county record held mainly for coordinate/source cleanup.,coordinate_rescue,coordinate_rescue,Rustic / Primitive,no,High
ne-box-butte-reservoir-campground-coordinate-rescue,NE,Box Butte Reservoir Campground,ORDINARY_CAMPGROUND_COORDINATE_RESCUE,Run practical address-to-map rescue; entrance/campground-area coordinate can be acceptable with honest popup.,Looks like ordinary campground/operator/city/county record held mainly for coordinate/source cleanup.,coordinate_rescue,coordinate_rescue,Modern Campgrounds,no,Medium
ne-bridgeport-sra-basic-campground-coordinate-rescue,NE,Bridgeport SRA Basic Campground,ORDINARY_CAMPGROUND_COORDINATE_RESCUE,Run practical address-to-map rescue; entrance/campground-area coordinate can be acceptable with honest popup.,Looks like ordinary campground/operator/city/county record held mainly for coordinate/source cleanup.,coordinate_rescue,coordinate_rescue,Rustic / Primitive,no,High
ne-walgren-lake-sra-primitive-campground-coordinate-rescue,NE,Walgren Lake SRA Primitive Campground,ORDINARY_CAMPGROUND_COORDINATE_RESCUE,Run practical address-to-map rescue; entrance/campground-area coordinate can be acceptable with honest popup.,Looks like ordinary campground/operator/city/county record held mainly for coordinate/source cleanup.,coordinate_rescue,coordinate_rescue,Rustic / Primitive,no,High
ne-lake-mcconaughy-spring-park-campground-coordinate-rescue,NE,Lake McConaughy Spring Park Campground,ORDINARY_CAMPGROUND_COORDINATE_RESCUE,Run practical address-to-map rescue; entrance/campground-area coordinate can be acceptable with honest popup.,Looks like ordinary campground/operator/city/county record held mainly for coordinate/source cleanup.,coordinate_rescue,coordinate_rescue,Rustic / Primitive,no,High
ne-lake-mcconaughy-otter-creek-campground-coordinate-rescue,NE,Lake McConaughy Otter Creek Campground,ORDINARY_CAMPGROUND_COORDINATE_RESCUE,Run practical address-to-map rescue; entrance/campground-area coordinate can be acceptable with honest popup.,Looks like ordinary campground/operator/city/county record held mainly for coordinate/source cleanup.,coordinate_rescue,coordinate_rescue,Rustic / Primitive,no,High
ne-lake-ogallala-east-campground-coordinate-rescue,NE,Lake Ogallala East Campground,ORDINARY_CAMPGROUND_COORDINATE_RESCUE,Run practical address-to-map rescue; entrance/campground-area coordinate can be acceptable with honest popup.,Looks like ordinary campground/operator/city/county record held mainly for coordinate/source cleanup.,coordinate_rescue,coordinate_rescue,Modern Campgrounds,no,Medium
ne-enders-reservoir-area-a-b-center-dam-coordinate-rescue,NE,Enders Reservoir Campground Components,ORDINARY_CAMPGROUND_COORDINATE_RESCUE,Run practical address-to-map rescue; entrance/campground-area coordinate can be acceptable with honest popup.,Looks like ordinary campground/operator/city/county record held mainly for coordinate/source cleanup.,coordinate_rescue,coordinate_rescue,Modern Campgrounds,no,Medium
ne-rock-creek-lake-sra-basic-campground-coordinate-rescue,NE,Rock Creek Lake SRA Basic Campground,ORDINARY_CAMPGROUND_COORDINATE_RESCUE,Run practical address-to-map rescue; entrance/campground-area coordinate can be acceptable with honest popup.,Looks like ordinary campground/operator/city/county record held mainly for coordinate/source cleanup.,coordinate_rescue,coordinate_rescue,Rustic / Primitive,no,High
ne-sutherland-reservoir-electric-primitive-components-coordinate-rescue,NE,Sutherland Reservoir SRA Camping Components,ORDINARY_CAMPGROUND_COORDINATE_RESCUE,Run practical address-to-map rescue; entrance/campground-area coordinate can be acceptable with honest popup.,Looks like ordinary campground/operator/city/county record held mainly for coordinate/source cleanup.,coordinate_rescue,coordinate_rescue,Rustic / Primitive,no,High
ne-buffalo-bill-sra-campground-coordinate-rescue,NE,Buffalo Bill SRA Campground,ORDINARY_CAMPGROUND_COORDINATE_RESCUE,Run practical address-to-map rescue; entrance/campground-area coordinate can be acceptable with honest popup.,Looks like ordinary campground/operator/city/county record held mainly for coordinate/source cleanup.,coordinate_rescue,coordinate_rescue,Rustic / Primitive,no,High
ne-cottonwood-lake-sra-campground-coordinate-rescue,NE,Cottonwood Lake SRA Campground,ORDINARY_CAMPGROUND_COORDINATE_RESCUE,Run practical address-to-map rescue; entrance/campground-area coordinate can be acceptable with honest popup.,Looks like ordinary campground/operator/city/county record held mainly for coordinate/source cleanup.,coordinate_rescue,coordinate_rescue,Rustic / Primitive,no,High
ne-long-pine-sra-basic-campground-coordinate-rescue,NE,Long Pine SRA Basic Campground,ORDINARY_CAMPGROUND_COORDINATE_RESCUE,Run practical address-to-map rescue; entrance/campground-area coordinate can be acceptable with honest popup.,Looks like ordinary campground/operator/city/county record held mainly for coordinate/source cleanup.,coordinate_rescue,coordinate_rescue,Rustic / Primitive,no,High
ne-willow-creek-willow-way-equestrian-components-coordinate-rescue,NE,Willow Creek SRA Willow Way + Lakeside Equestrian Campgrounds,ORDINARY_CAMPGROUND_COORDINATE_RESCUE,Run practical address-to-map rescue; entrance/campground-area coordinate can be acceptable with honest popup.,Looks like ordinary campground/operator/city/county record held mainly for coordinate/source cleanup.,coordinate_rescue,coordinate_rescue,Modern Campgrounds,no,Medium
ne-merritt-reservoir-component-campgrounds-coordinate-rescue,NE,Merritt Reservoir Component Campgrounds,ORDINARY_CAMPGROUND_COORDINATE_RESCUE,Run practical address-to-map rescue; entrance/campground-area coordinate can be acceptable with honest popup.,Looks like ordinary campground/operator/city/county record held mainly for coordinate/source cleanup.,coordinate_rescue,coordinate_rescue,Modern Campgrounds,no,Medium
ne-calamus-homestead-nunda-valley-hannaman-coordinate-rescue,NE,Calamus Reservoir Component Campgrounds,ORDINARY_CAMPGROUND_COORDINATE_RESCUE,Run practical address-to-map rescue; entrance/campground-area coordinate can be acceptable with honest popup.,Looks like ordinary campground/operator/city/county record held mainly for coordinate/source cleanup.,coordinate_rescue,coordinate_rescue,Modern Campgrounds,no,Medium
ne-lead-harlan-hunter-cove-campground-coordinate-extraction,NE,Hunter Cove Campground,ORDINARY_CAMPGROUND_COORDINATE_RESCUE,Run practical address-to-map rescue; entrance/campground-area coordinate can be acceptable with honest popup.,Looks like ordinary campground/operator/city/county record held mainly for coordinate/source cleanup.,coordinate_rescue,coordinate_rescue,Modern Campgrounds,no,Medium
ne-lead-harlan-gremlin-cove-basic-camping,NE,Gremlin Cove Park Basic Camping,ORDINARY_CAMPGROUND_COORDINATE_RESCUE,Run practical address-to-map rescue; entrance/campground-area coordinate can be acceptable with honest popup.,Looks like ordinary campground/operator/city/county record held mainly for coordinate/source cleanup.,coordinate_rescue,coordinate_rescue,Rustic / Primitive,no,High
ne-lead-harlan-north-outlet-basic-camping,NE,North Outlet Park Basic Camping,ORDINARY_CAMPGROUND_COORDINATE_RESCUE,Run practical address-to-map rescue; entrance/campground-area coordinate can be acceptable with honest popup.,Looks like ordinary campground/operator/city/county record held mainly for coordinate/source cleanup.,coordinate_rescue,coordinate_rescue,Rustic / Primitive,no,High
ne-lead-harlan-south-outlet-basic-camping,NE,South Outlet Park Basic Camping,ORDINARY_CAMPGROUND_COORDINATE_RESCUE,Run practical address-to-map rescue; entrance/campground-area coordinate can be acceptable with honest popup.,Looks like ordinary campground/operator/city/county record held mainly for coordinate/source cleanup.,coordinate_rescue,coordinate_rescue,Rustic / Primitive,no,High
ne-lead-johnson-lake-sra-component-split,NE,Johnson Lake SRA Main / Basic Component Split,TRUE_LEAD_RESEARCH_OR_EXTERNAL,Keep as lead until proof/geometry/status is resolved.,"Still has a proof, geometry, legality, duplicate, or current-status blocker.",coordinate_rescue,coordinate_rescue,Modern + Rustic / Primitive,no,High
ne-lead-medicine-creek-basic-campsite-components,NE,Medicine Creek SRA Basic Campsite Components,ORDINARY_CAMPGROUND_COORDINATE_RESCUE,Run practical address-to-map rescue; entrance/campground-area coordinate can be acceptable with honest popup.,Looks like ordinary campground/operator/city/county record held mainly for coordinate/source cleanup.,coordinate_rescue,coordinate_rescue,Rustic / Primitive,no,High
ne-lead-red-willow-basic-primitive-component-split,NE,Red Willow SRA Basic / Primitive Components,ORDINARY_CAMPGROUND_COORDINATE_RESCUE,Run practical address-to-map rescue; entrance/campground-area coordinate can be acceptable with honest popup.,Looks like ordinary campground/operator/city/county record held mainly for coordinate/source cleanup.,coordinate_rescue,coordinate_rescue,Rustic / Primitive,no,High
ne-lead-enders-reservoir-primitive-nonpad-areas,NE,Enders Reservoir Primitive / Non-Pad Camping Areas,ORDINARY_CAMPGROUND_COORDINATE_RESCUE,Run practical address-to-map rescue; entrance/campground-area coordinate can be acceptable with honest popup.,Looks like ordinary campground/operator/city/county record held mainly for coordinate/source cleanup.,coordinate_rescue,coordinate_rescue,Rustic / Primitive,no,High
ne-lead-swanson-macklin-bay-spring-canyon-split,NE,Swanson SRA Macklin Bay / Spring Canyon Campground Split,ORDINARY_CAMPGROUND_COORDINATE_RESCUE,Run practical address-to-map rescue; entrance/campground-area coordinate can be acceptable with honest popup.,Looks like ordinary campground/operator/city/county record held mainly for coordinate/source cleanup.,coordinate_rescue,coordinate_rescue,Modern Campgrounds,no,Medium
ne-lead-sutherland-reservoir-east-west-primitive-camping,NE,Sutherland Reservoir SRA East / West Primitive Camping,ORDINARY_CAMPGROUND_COORDINATE_RESCUE,Run practical address-to-map rescue; entrance/campground-area coordinate can be acceptable with honest popup.,Looks like ordinary campground/operator/city/county record held mainly for coordinate/source cleanup.,coordinate_rescue,coordinate_rescue,Rustic / Primitive,no,High
ne-lead-sandy-channel-sra-primitive-campground,NE,Sandy Channel SRA Primitive Camping,ORDINARY_CAMPGROUND_COORDINATE_RESCUE,Run practical address-to-map rescue; entrance/campground-area coordinate can be acceptable with honest popup.,Looks like ordinary campground/operator/city/county record held mainly for coordinate/source cleanup.,coordinate_rescue,coordinate_rescue,Rustic / Primitive,no,High
ne-lead-cheyenne-sra-campground,NE,Cheyenne SRA Campground,ORDINARY_CAMPGROUND_COORDINATE_RESCUE,Run practical address-to-map rescue; entrance/campground-area coordinate can be acceptable with honest popup.,Looks like ordinary campground/operator/city/county record held mainly for coordinate/source cleanup.,coordinate_rescue,coordinate_rescue,Modern Campgrounds,no,Medium
ne-lead-sherman-reservoir-component-extraction,NE,Sherman Reservoir SRA Campground Components,ORDINARY_CAMPGROUND_COORDINATE_RESCUE,Run practical address-to-map rescue; entrance/campground-area coordinate can be acceptable with honest popup.,Looks like ordinary campground/operator/city/county record held mainly for coordinate/source cleanup.,coordinate_rescue,coordinate_rescue,Modern + Rustic / Primitive,no,High
ne-lead-calamus-sra-remaining-components,NE,Calamus Reservoir SRA Remaining Campground Components,ORDINARY_CAMPGROUND_COORDINATE_RESCUE,Run practical address-to-map rescue; entrance/campground-area coordinate can be acceptable with honest popup.,Looks like ordinary campground/operator/city/county record held mainly for coordinate/source cleanup.,coordinate_rescue,coordinate_rescue,Modern + Rustic / Primitive,no,High
ne-lead-union-pacific-sra-basic-camping,NE,Union Pacific SRA Basic Camping,ORDINARY_CAMPGROUND_COORDINATE_RESCUE,Run practical address-to-map rescue; entrance/campground-area coordinate can be acceptable with honest popup.,Looks like ordinary campground/operator/city/county record held mainly for coordinate/source cleanup.,coordinate_rescue,coordinate_rescue,Rustic / Primitive,no,High
ne-lead-broken-bow-tomahawk-rv-park,NE,Tomahawk Municipal RV Park,ORDINARY_CAMPGROUND_COORDINATE_RESCUE,Run practical address-to-map rescue; entrance/campground-area coordinate can be acceptable with honest popup.,Looks like ordinary campground/operator/city/county record held mainly for coordinate/source cleanup.,coordinate_rescue,coordinate_rescue,Modern Campgrounds,no,Medium
ne-lead-ravenna-annevar-park-rv-hookups,NE,Annevar Park RV Hookups,ORDINARY_CAMPGROUND_COORDINATE_RESCUE,Run practical address-to-map rescue; entrance/campground-area coordinate can be acceptable with honest popup.,Looks like ordinary campground/operator/city/county record held mainly for coordinate/source cleanup.,coordinate_rescue,coordinate_rescue,Modern Campgrounds,no,Medium
ne-lead-ravenna-buffalo-county-recreation-area-camping,NE,Buffalo County Recreation Area / Ravenna Lake Campground,ORDINARY_CAMPGROUND_COORDINATE_RESCUE,Run practical address-to-map rescue; entrance/campground-area coordinate can be acceptable with honest popup.,Looks like ordinary campground/operator/city/county record held mainly for coordinate/source cleanup.,coordinate_rescue,coordinate_rescue,Modern + Rustic / Primitive,no,High
ne-lead-minden-pioneer-village-campground,NE,Pioneer Village Campground,ORDINARY_CAMPGROUND_COORDINATE_RESCUE,Run practical address-to-map rescue; entrance/campground-area coordinate can be acceptable with honest popup.,Looks like ordinary campground/operator/city/county record held mainly for coordinate/source cleanup.,coordinate_rescue,coordinate_rescue,Private Campgrounds,no,Medium
ne-lead-hastings-campground-rv-park,NE,Hastings Campground & RV Park,ORDINARY_CAMPGROUND_COORDINATE_RESCUE,Run practical address-to-map rescue; entrance/campground-area coordinate can be acceptable with honest popup.,Looks like ordinary campground/operator/city/county record held mainly for coordinate/source cleanup.,coordinate_rescue,coordinate_rescue,Private Campgrounds,no,Medium
ne-lead-grand-island-koa-journey,NE,Grand Island KOA Journey,ORDINARY_CAMPGROUND_COORDINATE_RESCUE,Run practical address-to-map rescue; entrance/campground-area coordinate can be acceptable with honest popup.,Looks like ordinary campground/operator/city/county record held mainly for coordinate/source cleanup.,coordinate_rescue,coordinate_rescue,Private Campgrounds,no,Medium
ne-lead-york-kampground,NE,York KAMPground,ORDINARY_CAMPGROUND_COORDINATE_RESCUE,Run practical address-to-map rescue; entrance/campground-area coordinate can be acceptable with honest popup.,Looks like ordinary campground/operator/city/county record held mainly for coordinate/source cleanup.,coordinate_rescue,coordinate_rescue,Private Campgrounds,no,Medium
ne-lead-central-south-wma-primitive-camping-geometry,NE,Central/South Nebraska WMA Primitive Camping Geometry,AREA_RULE_COMMUNITY_OR_OVERLAY_CANDIDATE,Evaluate as area/rule/community marker or overlay candidate; do not force exact campground coordinates.,"Looks like rule-area, boondocking, community, WMA/forest, permit, GIS, or overlay work.",geometry_cleanup,geometry_cleanup,Boondocking / Dispersed,no,High
ne-dodge-fremont-lakes-sra-campground-system,NE,Fremont Lakes SRA Campground System,REJECT_DUPLICATE_OR_CLOSURE_REVIEW,"Review for rejected ledger, duplicate merge, or closure/status note.","Status/action fields contain duplicate, wrong-state, closure, malformed, or do-not-import language.",coordinate_rescue,coordinate_rescue,Modern Campgrounds,no,Medium
ne-lead-fremont-lakes-primitive-basic-component-extraction,NE,Fremont Lakes Primitive / Basic Campground Components,ORDINARY_CAMPGROUND_COORDINATE_RESCUE,Run practical address-to-map rescue; entrance/campground-area coordinate can be acceptable with honest popup.,Looks like ordinary campground/operator/city/county record held mainly for coordinate/source cleanup.,coordinate_rescue,coordinate_rescue,Rustic / Primitive,no,High
ne-saunders-lake-wanahoo-nrd-campground,NE,Lake Wanahoo NRD Campground,REJECT_DUPLICATE_OR_CLOSURE_REVIEW,"Review for rejected ledger, duplicate merge, or closure/status note.","Status/action fields contain duplicate, wrong-state, closure, malformed, or do-not-import language.",coordinate_rescue,coordinate_rescue,Modern Campgrounds,no,Medium
ne-saunders-lake-wanahoo-pork-chop-island-primitive-camping,NE,Lake Wanahoo Pork Chop Island Primitive Camping,TRUE_LEAD_RESEARCH_OR_EXTERNAL,Keep as lead until proof/geometry/status is resolved.,"Still has a proof, geometry, legality, duplicate, or current-status blocker.",coordinate_rescue,coordinate_rescue,Boat / Backpack,no,High
ne-saunders-czechland-lake-nrd-campground,NE,Czechland Lake NRD Recreation Area Campground,ORDINARY_CAMPGROUND_COORDINATE_RESCUE,Run practical address-to-map rescue; entrance/campground-area coordinate can be acceptable with honest popup.,Looks like ordinary campground/operator/city/county record held mainly for coordinate/source cleanup.,coordinate_rescue,coordinate_rescue,Rustic / Primitive,no,High
ne-lancaster-conestoga-sra-campground,NE,Conestoga SRA Campground,ORDINARY_CAMPGROUND_COORDINATE_RESCUE,Run practical address-to-map rescue; entrance/campground-area coordinate can be acceptable with honest popup.,Looks like ordinary campground/operator/city/county record held mainly for coordinate/source cleanup.,coordinate_rescue,coordinate_rescue,Rustic / Primitive,no,High
ne-lancaster-branched-oak-sra-campground-system,NE,Branched Oak SRA Campground System,REJECT_DUPLICATE_OR_CLOSURE_REVIEW,"Review for rejected ledger, duplicate merge, or closure/status note.","Status/action fields contain duplicate, wrong-state, closure, malformed, or do-not-import language.",coordinate_rescue,coordinate_rescue,Modern Campgrounds,no,Medium
ne-lead-branched-oak-homestead-equestrian-campground-extraction,NE,Branched Oak Homestead Equestrian Campground,ORDINARY_CAMPGROUND_COORDINATE_RESCUE,Run practical address-to-map rescue; entrance/campground-area coordinate can be acceptable with honest popup.,Looks like ordinary campground/operator/city/county record held mainly for coordinate/source cleanup.,coordinate_rescue,coordinate_rescue,Rustic / Primitive,no,High
ne-lancaster-pawnee-sra-campground-system,NE,Pawnee SRA Campground System,ORDINARY_CAMPGROUND_COORDINATE_RESCUE,Run practical address-to-map rescue; entrance/campground-area coordinate can be acceptable with honest popup.,Looks like ordinary campground/operator/city/county record held mainly for coordinate/source cleanup.,coordinate_rescue,coordinate_rescue,Modern Campgrounds,no,Medium
ne-lead-pawnee-equestrian-basic-component-extraction,NE,Pawnee Equestrian Basic Campsites,ORDINARY_CAMPGROUND_COORDINATE_RESCUE,Run practical address-to-map rescue; entrance/campground-area coordinate can be acceptable with honest popup.,Looks like ordinary campground/operator/city/county record held mainly for coordinate/source cleanup.,coordinate_rescue,coordinate_rescue,Rustic / Primitive,no,High
ne-lancaster-wagon-train-sra-campground,NE,Wagon Train SRA Campground,ORDINARY_CAMPGROUND_COORDINATE_RESCUE,Run practical address-to-map rescue; entrance/campground-area coordinate can be acceptable with honest popup.,Looks like ordinary campground/operator/city/county record held mainly for coordinate/source cleanup.,coordinate_rescue,coordinate_rescue,Rustic / Primitive,no,High
ne-lancaster-bluestem-sra-campground,NE,Bluestem SRA Campground,ORDINARY_CAMPGROUND_COORDINATE_RESCUE,Run practical address-to-map rescue; entrance/campground-area coordinate can be acceptable with honest popup.,Looks like ordinary campground/operator/city/county record held mainly for coordinate/source cleanup.,coordinate_rescue,coordinate_rescue,Modern Campgrounds,no,Medium
ne-lancaster-stagecoach-sra-campground,NE,Stagecoach SRA Campground,ORDINARY_CAMPGROUND_COORDINATE_RESCUE,Run practical address-to-map rescue; entrance/campground-area coordinate can be acceptable with honest popup.,Looks like ordinary campground/operator/city/county record held mainly for coordinate/source cleanup.,coordinate_rescue,coordinate_rescue,Rustic / Primitive,no,High
ne-lancaster-olive-creek-sra-campground,NE,Olive Creek SRA Campground,ORDINARY_CAMPGROUND_COORDINATE_RESCUE,Run practical address-to-map rescue; entrance/campground-area coordinate can be acceptable with honest popup.,Looks like ordinary campground/operator/city/county record held mainly for coordinate/source cleanup.,coordinate_rescue,coordinate_rescue,Rustic / Primitive,no,High
ne-gage-rockford-lake-sra-campground,NE,Rockford Lake SRA Campground,ORDINARY_CAMPGROUND_COORDINATE_RESCUE,Run practical address-to-map rescue; entrance/campground-area coordinate can be acceptable with honest popup.,Looks like ordinary campground/operator/city/county record held mainly for coordinate/source cleanup.,coordinate_rescue,coordinate_rescue,Rustic / Primitive,no,High
ne-lead-rock-creek-station-equestrian-campground-extraction,NE,Rock Creek Station Equestrian Campground,ORDINARY_CAMPGROUND_COORDINATE_RESCUE,Run practical address-to-map rescue; entrance/campground-area coordinate can be acceptable with honest popup.,Looks like ordinary campground/operator/city/county record held mainly for coordinate/source cleanup.,coordinate_rescue,coordinate_rescue,Rustic / Primitive,no,High
ne-thayer-alexandria-sra-campground,NE,Alexandria SRA Campground,ORDINARY_CAMPGROUND_COORDINATE_RESCUE,Run practical address-to-map rescue; entrance/campground-area coordinate can be acceptable with honest popup.,Looks like ordinary campground/operator/city/county record held mainly for coordinate/source cleanup.,coordinate_rescue,coordinate_rescue,Rustic / Primitive,no,High
ne-richardson-verdon-sra-basic-campground,NE,Verdon SRA Basic Campground,ORDINARY_CAMPGROUND_COORDINATE_RESCUE,Run practical address-to-map rescue; entrance/campground-area coordinate can be acceptable with honest popup.,Looks like ordinary campground/operator/city/county record held mainly for coordinate/source cleanup.,coordinate_rescue,coordinate_rescue,Rustic / Primitive,no,High
ne-pawnee-iron-horse-trail-lake-campground,NE,Iron Horse Trail Lake Campground,ORDINARY_CAMPGROUND_COORDINATE_RESCUE,Run practical address-to-map rescue; entrance/campground-area coordinate can be acceptable with honest popup.,Looks like ordinary campground/operator/city/county record held mainly for coordinate/source cleanup.,coordinate_rescue,coordinate_rescue,Rustic / Primitive,no,High
ne-burt-dead-timber-sra-campground,NE,Dead Timber SRA Campground,REJECT_DUPLICATE_OR_CLOSURE_REVIEW,"Review for rejected ledger, duplicate merge, or closure/status note.","Status/action fields contain duplicate, wrong-state, closure, malformed, or do-not-import language.",coordinate_rescue,coordinate_rescue,Rustic / Primitive,no,High
ne-burt-summit-lake-sra-campground,NE,Summit Lake SRA Campground,ORDINARY_CAMPGROUND_COORDINATE_RESCUE,Run practical address-to-map rescue; entrance/campground-area coordinate can be acceptable with honest popup.,Looks like ordinary campground/operator/city/county record held mainly for coordinate/source cleanup.,coordinate_rescue,coordinate_rescue,Modern Campgrounds,no,Medium
ne-lead-summit-lake-primitive-equestrian-camping,NE,Summit Lake Primitive Equestrian Camping,ORDINARY_CAMPGROUND_COORDINATE_RESCUE,Run practical address-to-map rescue; entrance/campground-area coordinate can be acceptable with honest popup.,Looks like ordinary campground/operator/city/county record held mainly for coordinate/source cleanup.,coordinate_rescue,coordinate_rescue,Rustic / Primitive,no,High
ne-burt-pelican-point-sra-primitive-campground,NE,Pelican Point SRA Primitive Campground,ORDINARY_CAMPGROUND_COORDINATE_RESCUE,Run practical address-to-map rescue; entrance/campground-area coordinate can be acceptable with honest popup.,Looks like ordinary campground/operator/city/county record held mainly for coordinate/source cleanup.,coordinate_rescue,coordinate_rescue,Rustic / Primitive,no,High
ne-otoe-riverview-marina-sra-campground,NE,Riverview Marina SRA Campground,ORDINARY_CAMPGROUND_COORDINATE_RESCUE,Run practical address-to-map rescue; entrance/campground-area coordinate can be acceptable with honest popup.,Looks like ordinary campground/operator/city/county record held mainly for coordinate/source cleanup.,coordinate_rescue,coordinate_rescue,Modern Campgrounds,no,Medium
ne-nemaha-indian-cave-state-park-campground-system,NE,Indian Cave State Park Campground System,REJECT_DUPLICATE_OR_CLOSURE_REVIEW,"Review for rejected ledger, duplicate merge, or closure/status note.","Status/action fields contain duplicate, wrong-state, closure, malformed, or do-not-import language.",coordinate_rescue,coordinate_rescue,Modern Campgrounds,no,Medium
ne-lead-indian-cave-adirondack-shelters-and-horse-camp,NE,Indian Cave Adirondack Shelters / Equestrian Camp,TRUE_LEAD_RESEARCH_OR_EXTERNAL,Keep as lead until proof/geometry/status is resolved.,"Still has a proof, geometry, legality, duplicate, or current-status blocker.",coordinate_rescue,coordinate_rescue,Boat / Backpack / Rustic,no,High
ne-cass-mahoney-state-park-campgrounds,NE,Eugene T. Mahoney State Park Campgrounds,ORDINARY_CAMPGROUND_COORDINATE_RESCUE,Run practical address-to-map rescue; entrance/campground-area coordinate can be acceptable with honest popup.,Looks like ordinary campground/operator/city/county record held mainly for coordinate/source cleanup.,coordinate_rescue,coordinate_rescue,Modern Campgrounds,no,Medium
ne-cass-platte-river-state-park-bison-lane-rv-campground,NE,Platte River SP Bison Lane RV Campground,ORDINARY_CAMPGROUND_COORDINATE_RESCUE,Run practical address-to-map rescue; entrance/campground-area coordinate can be acceptable with honest popup.,Looks like ordinary campground/operator/city/county record held mainly for coordinate/source cleanup.,coordinate_rescue,coordinate_rescue,Modern Campgrounds,no,Medium
ne-lead-platte-river-state-park-basic-campsites-water-trail-context,NE,Platte River SP Basic Campsites / Water Trail Context,TRUE_LEAD_RESEARCH_OR_EXTERNAL,Keep as lead until proof/geometry/status is resolved.,"Still has a proof, geometry, legality, duplicate, or current-status blocker.",coordinate_rescue,coordinate_rescue,Rustic / Primitive / Boat-Backpack context,no,High
ne-cass-louisville-sra-campground-system,NE,Louisville SRA Campground System,REJECT_DUPLICATE_OR_CLOSURE_REVIEW,"Review for rejected ledger, duplicate merge, or closure/status note.","Status/action fields contain duplicate, wrong-state, closure, malformed, or do-not-import language.",coordinate_rescue,coordinate_rescue,Modern Campgrounds,no,Medium
ne-lead-louisville-sra-special-platte-river-campsite,NE,Louisville SRA Special Platte River Campsite,TRUE_LEAD_RESEARCH_OR_EXTERNAL,Keep as lead until proof/geometry/status is resolved.,"Still has a proof, geometry, legality, duplicate, or current-status blocker.",coordinate_rescue,coordinate_rescue,Boat / Backpack,no,High
ne-douglas-two-rivers-sra-campground-system,NE,Two Rivers SRA Campground System,REJECT_DUPLICATE_OR_CLOSURE_REVIEW,"Review for rejected ledger, duplicate merge, or closure/status note.","Status/action fields contain duplicate, wrong-state, closure, malformed, or do-not-import language.",coordinate_rescue,coordinate_rescue,Modern Campgrounds,no,Medium
ne-lead-two-rivers-whitetail-equestrian-campground,NE,Two Rivers Whitetail Equestrian Campground,ORDINARY_CAMPGROUND_COORDINATE_RESCUE,Run practical address-to-map rescue; entrance/campground-area coordinate can be acceptable with honest popup.,Looks like ordinary campground/operator/city/county record held mainly for coordinate/source cleanup.,coordinate_rescue,coordinate_rescue,Rustic / Primitive,no,High
ne-saunders-memphis-sra-campground,NE,Memphis SRA Campground,ORDINARY_CAMPGROUND_COORDINATE_RESCUE,Run practical address-to-map rescue; entrance/campground-area coordinate can be acceptable with honest popup.,Looks like ordinary campground/operator/city/county record held mainly for coordinate/source cleanup.,coordinate_rescue,coordinate_rescue,Rustic / Primitive,no,High
ne-lead-rock-bassett-city-park-fairgrounds-coordinate-conflict,NE,Bassett City Park / Fairgrounds RV Camping,ORDINARY_CAMPGROUND_COORDINATE_RESCUE,Run practical address-to-map rescue; entrance/campground-area coordinate can be acceptable with honest popup.,Looks like ordinary campground/operator/city/county record held mainly for coordinate/source cleanup.,coordinate_rescue,coordinate_rescue,Modern Campgrounds likely,no,Medium
ne-lead-wayne-lions-rv-park-coordinate-rescue,NE,Wayne Lions RV Park,ORDINARY_CAMPGROUND_COORDINATE_RESCUE,Run practical address-to-map rescue; entrance/campground-area coordinate can be acceptable with honest popup.,Looks like ordinary campground/operator/city/county record held mainly for coordinate/source cleanup.,coordinate_rescue,coordinate_rescue,Rustic / Primitive or Modern after amenity proof,no,High
ne-lead-wayne-prairie-park-campground-coordinate-rescue,NE,Prairie Park Campground,ORDINARY_CAMPGROUND_COORDINATE_RESCUE,Run practical address-to-map rescue; entrance/campground-area coordinate can be acceptable with honest popup.,Looks like ordinary campground/operator/city/county record held mainly for coordinate/source cleanup.,coordinate_rescue,coordinate_rescue,Modern Campgrounds,no,Medium
ne-lead-cherry-niobrara-river-ranch-coordinate-rescue,NE,Niobrara River Ranch,ORDINARY_CAMPGROUND_COORDINATE_RESCUE,Run practical address-to-map rescue; entrance/campground-area coordinate can be acceptable with honest popup.,Looks like ordinary campground/operator/city/county record held mainly for coordinate/source cleanup.,coordinate_rescue,coordinate_rescue,Private Campgrounds,no,Medium
ne-lead-cherry-dryland-aquatics-coordinate-rescue,NE,Dryland Aquatics Campground,ORDINARY_CAMPGROUND_COORDINATE_RESCUE,Run practical address-to-map rescue; entrance/campground-area coordinate can be acceptable with honest popup.,Looks like ordinary campground/operator/city/county record held mainly for coordinate/source cleanup.,coordinate_rescue,coordinate_rescue,Private Campgrounds,no,Medium
ne-lead-sarpy-winsor-cove-haworth-park-coordinate-rescue,NE,Winsor Cove / Haworth Park Campground,ORDINARY_CAMPGROUND_COORDINATE_RESCUE,Run practical address-to-map rescue; entrance/campground-area coordinate can be acceptable with honest popup.,Looks like ordinary campground/operator/city/county record held mainly for coordinate/source cleanup.,coordinate_rescue,coordinate_rescue,Private Campgrounds,no,Medium
ne-lead-cass-weeping-water-city-campground-coordinate-rescue,NE,Weeping Water City Campground,ORDINARY_CAMPGROUND_COORDINATE_RESCUE,Run practical address-to-map rescue; entrance/campground-area coordinate can be acceptable with honest popup.,Looks like ordinary campground/operator/city/county record held mainly for coordinate/source cleanup.,coordinate_rescue,coordinate_rescue,Rustic / Primitive,no,High
ne-lead-nemaha-auburn-rv-park-coordinate-rescue,NE,Auburn RV Park,ORDINARY_CAMPGROUND_COORDINATE_RESCUE,Run practical address-to-map rescue; entrance/campground-area coordinate can be acceptable with honest popup.,Looks like ordinary campground/operator/city/county record held mainly for coordinate/source cleanup.,coordinate_rescue,coordinate_rescue,Rustic / Primitive or Modern after shower proof,no,High
ne-lead-nemaha-southside-rv-park-auburn-coordinate-rescue,NE,Southside RV Park,ORDINARY_CAMPGROUND_COORDINATE_RESCUE,Run practical address-to-map rescue; entrance/campground-area coordinate can be acceptable with honest popup.,Looks like ordinary campground/operator/city/county record held mainly for coordinate/source cleanup.,coordinate_rescue,coordinate_rescue,Private Campgrounds,no,Medium
ne-lead-douglas-valley-city-park-camping-pads-coordinate-rescue,NE,Valley City Park Camping Pads,ORDINARY_CAMPGROUND_COORDINATE_RESCUE,Run practical address-to-map rescue; entrance/campground-area coordinate can be acceptable with honest popup.,Looks like ordinary campground/operator/city/county record held mainly for coordinate/source cleanup.,coordinate_rescue,coordinate_rescue,Rustic / Primitive or Modern after amenity proof,no,High
ne-w8-bessey-rd-mvum-dispersed-corridors,NE,Bessey Ranger District MVUM dispersed camping corridors,AREA_RULE_COMMUNITY_OR_OVERLAY_CANDIDATE,Evaluate as area/rule/community marker or overlay candidate; do not force exact campground coordinates.,"Looks like rule-area, boondocking, community, WMA/forest, permit, GIS, or overlay work.",coordinate_rescue,coordinate_rescue,Boondocking / Dispersed,no,High
ne-w8-natick-campground,NE,Natick Campground,AREA_RULE_COMMUNITY_OR_OVERLAY_CANDIDATE,Evaluate as area/rule/community marker or overlay candidate; do not force exact campground coordinates.,"Looks like rule-area, boondocking, community, WMA/forest, permit, GIS, or overlay work.",coordinate_rescue,coordinate_rescue,Rustic / Primitive,no,High
ne-w8-whitetail-campground,NE,Whitetail Campground,ORDINARY_CAMPGROUND_COORDINATE_RESCUE,Run practical address-to-map rescue; entrance/campground-area coordinate can be acceptable with honest popup.,Looks like ordinary campground/operator/city/county record held mainly for coordinate/source cleanup.,coordinate_rescue,coordinate_rescue,Rustic / Primitive,no,High
ne-w8-pine-ridge-rd-mvum-dispersed-corridors,NE,Pine Ridge Ranger District MVUM dispersed camping corridors,AREA_RULE_COMMUNITY_OR_OVERLAY_CANDIDATE,Evaluate as area/rule/community marker or overlay candidate; do not force exact campground coordinates.,"Looks like rule-area, boondocking, community, WMA/forest, permit, GIS, or overlay work.",coordinate_rescue,coordinate_rescue,Boondocking / Dispersed,no,High
ne-w8-east-ash-dispersed-camping,NE,East Ash dispersed camping area,AREA_RULE_COMMUNITY_OR_OVERLAY_CANDIDATE,Evaluate as area/rule/community marker or overlay candidate; do not force exact campground coordinates.,"Looks like rule-area, boondocking, community, WMA/forest, permit, GIS, or overlay work.",coordinate_rescue,coordinate_rescue,Boondocking / Dispersed,no,High
ne-w8-coffee-mill-road-702-dispersed,NE,Coffee Mill Road 702 dispersed camping,AREA_RULE_COMMUNITY_OR_OVERLAY_CANDIDATE,Evaluate as area/rule/community marker or overlay candidate; do not force exact campground coordinates.,"Looks like rule-area, boondocking, community, WMA/forest, permit, GIS, or overlay work.",coordinate_rescue,coordinate_rescue,Boondocking / Dispersed,no,High
ne-w8-roberts-tract-camping-area,NE,Roberts Tract Camping Area / Trailhead,AREA_RULE_COMMUNITY_OR_OVERLAY_CANDIDATE,Evaluate as area/rule/community marker or overlay candidate; do not force exact campground coordinates.,"Looks like rule-area, boondocking, community, WMA/forest, permit, GIS, or overlay work.",coordinate_rescue,coordinate_rescue,Rustic / Primitive,no,High
ne-w8-soldier-creek-campground-closure-watch,NE,Soldier Creek Campground,REJECT_DUPLICATE_OR_CLOSURE_REVIEW,"Review for rejected ledger, duplicate merge, or closure/status note.","Status/action fields contain duplicate, wrong-state, closure, malformed, or do-not-import language.",coordinate_rescue,coordinate_rescue,Rustic / Primitive,no,High
ne-w8-soldier-creek-wilderness-backcountry,NE,Soldier Creek Wilderness backcountry camping geometry,AREA_RULE_COMMUNITY_OR_OVERLAY_CANDIDATE,Evaluate as area/rule/community marker or overlay candidate; do not force exact campground coordinates.,"Looks like rule-area, boondocking, community, WMA/forest, permit, GIS, or overlay work.",coordinate_rescue,coordinate_rescue,Boat / Backpack / Boondocking,no,High
ne-w8-oglala-ng-mvum-dispersed-corridors,NE,Oglala National Grassland MVUM dispersed camping corridors,AREA_RULE_COMMUNITY_OR_OVERLAY_CANDIDATE,Evaluate as area/rule/community marker or overlay candidate; do not force exact campground coordinates.,"Looks like rule-area, boondocking, community, WMA/forest, permit, GIS, or overlay work.",coordinate_rescue,coordinate_rescue,Boondocking / Dispersed,no,High
ne-w8-mckelvie-nf-mvum-dispersed-corridors,NE,Samuel R. McKelvie NF MVUM dispersed camping corridors,AREA_RULE_COMMUNITY_OR_OVERLAY_CANDIDATE,Evaluate as area/rule/community marker or overlay candidate; do not force exact campground coordinates.,"Looks like rule-area, boondocking, community, WMA/forest, permit, GIS, or overlay work.",coordinate_rescue,coordinate_rescue,Boondocking / Dispersed,no,High
ne-w8-lake-mcconaughy-shoreline-road-beach-camping,NE,Lake McConaughy Shoreline Road designated beach camping zones,AREA_RULE_COMMUNITY_OR_OVERLAY_CANDIDATE,Evaluate as area/rule/community marker or overlay candidate; do not force exact campground coordinates.,"Looks like rule-area, boondocking, community, WMA/forest, permit, GIS, or overlay work.",coordinate_rescue,coordinate_rescue,Boondocking / Dispersed,no,High
ne-w8-lake-mcconaughy-cedar-view-beach-camping,NE,Lake McConaughy Cedar View designated beach camping area,AREA_RULE_COMMUNITY_OR_OVERLAY_CANDIDATE,Evaluate as area/rule/community marker or overlay candidate; do not force exact campground coordinates.,"Looks like rule-area, boondocking, community, WMA/forest, permit, GIS, or overlay work.",coordinate_rescue,coordinate_rescue,Boondocking / Dispersed,no,High
sd-lead-buffalo-gap-ng-dispersed-mvum-geometry,SD,Buffalo Gap National Grassland dispersed camping / MVUM geometry,AREA_RULE_COMMUNITY_OR_OVERLAY_CANDIDATE,Evaluate as area/rule/community marker or overlay candidate; do not force exact campground coordinates.,"Looks like rule-area, boondocking, community, WMA/forest, permit, GIS, or overlay work.",coordinate_rescue,coordinate_rescue,Boondocking / Dispersed,no,High
wy-black-hills-nf-campgrounds-encountered,WY,Wyoming-side Black Hills NF campgrounds encountered,ORDINARY_CAMPGROUND_COORDINATE_RESCUE,Run practical address-to-map rescue; entrance/campground-area coordinate can be acceptable with honest popup.,Looks like ordinary campground/operator/city/county record held mainly for coordinate/source cleanup.,future_lead,out_of_scope_future_lead,Rustic / Primitive,no,High
sd-lead-american-creek-campground-chamberlain-official-proof-coordinate-rescue,SD,American Creek Campground / City of Chamberlain Park,ORDINARY_CAMPGROUND_COORDINATE_RESCUE,Run practical address-to-map rescue; entrance/campground-area coordinate can be acceptable with honest popup.,Looks like ordinary campground/operator/city/county record held mainly for coordinate/source cleanup.,coordinate_rescue,coordinate_rescue,Modern Campgrounds or Rustic / Primitive after proof,no,High
sd-lead-lake-oahe-private-resorts-operator-proof-sweep,SD,Lake Oahe private/operator resort campgrounds — operator proof sweep,ORDINARY_CAMPGROUND_COORDINATE_RESCUE,Run practical address-to-map rescue; entrance/campground-area coordinate can be acceptable with honest popup.,Looks like ordinary campground/operator/city/county record held mainly for coordinate/source cleanup.,coordinate_rescue,coordinate_rescue,Private Campgrounds or Needs Verification by site,no,Medium
sd-lead-usace-oahe-sharpe-francis-case-fort-randall-geometry-component-extraction,SD,USACE/GFP Missouri River reservoir component geometry extraction,AREA_RULE_COMMUNITY_OR_OVERLAY_CANDIDATE,Evaluate as area/rule/community marker or overlay candidate; do not force exact campground coordinates.,"Looks like rule-area, boondocking, community, WMA/forest, permit, GIS, or overlay work.",coordinate_rescue,coordinate_rescue,Area/rule / component extraction lead,no,Medium
sd-future-lead-lewis-and-clark-yankton-reservoir-cluster,SD,Lewis and Clark / Yankton reservoir campground cluster,REJECT_DUPLICATE_OR_CLOSURE_REVIEW,"Review for rejected ledger, duplicate merge, or closure/status note.","Status/action fields contain duplicate, wrong-state, closure, malformed, or do-not-import language.",future_lead,out_of_scope_future_lead,Future lead / duplicate-check note,no,Medium
sd-lead-aberdeen-wylie-park-campground-coordinate-proof,SD,Wylie Park Campground / Wylie Park camping area,ORDINARY_CAMPGROUND_COORDINATE_RESCUE,Run practical address-to-map rescue; entrance/campground-area coordinate can be acceptable with honest popup.,Looks like ordinary campground/operator/city/county record held mainly for coordinate/source cleanup.,coordinate_rescue,coordinate_rescue,"Modern Campgrounds likely, but hold as lead",no,Medium
sd-lead-watertown-memorial-park-campground-lake-kampeska,SD,Memorial Park Campground / Lake Kampeska camping,ORDINARY_CAMPGROUND_COORDINATE_RESCUE,Run practical address-to-map rescue; entrance/campground-area coordinate can be acceptable with honest popup.,Looks like ordinary campground/operator/city/county record held mainly for coordinate/source cleanup.,coordinate_rescue,coordinate_rescue,Modern Campgrounds or Rustic / Primitive TBD,no,High
sd-lead-watertown-stokes-thomas-lake-city-park-campground,SD,Stokes-Thomas Lake City Park Campground,ORDINARY_CAMPGROUND_COORDINATE_RESCUE,Run practical address-to-map rescue; entrance/campground-area coordinate can be acceptable with honest popup.,Looks like ordinary campground/operator/city/county record held mainly for coordinate/source cleanup.,coordinate_rescue,coordinate_rescue,Modern Campgrounds or Rustic / Primitive TBD,no,High
sd-lead-lake-carthage-lakeside-use-area-camping-proof,SD,Lake Carthage Lakeside Use Area,REJECT_DUPLICATE_OR_CLOSURE_REVIEW,"Review for rejected ledger, duplicate merge, or closure/status note.","Status/action fields contain duplicate, wrong-state, closure, malformed, or do-not-import language.",coordinate_rescue,coordinate_rescue,Needs Verification,no,Medium
sd-lead-east-river-gpa-wma-camping-rule-review,SD,East River Game Production Area / WMA-style camping rule review,AREA_RULE_COMMUNITY_OR_OVERLAY_CANDIDATE,Evaluate as area/rule/community marker or overlay candidate; do not force exact campground coordinates.,"Looks like rule-area, boondocking, community, WMA/forest, permit, GIS, or overlay work.",coordinate_rescue,coordinate_rescue,Boondocking / Dispersed possible; hold as rule lead,no,High
sd-lead-big-sioux-jay-heath-water-trail-overnight-review,SD,Big Sioux / Jay Heath Canoe & Kayak Trail overnight camping review,TRUE_LEAD_RESEARCH_OR_EXTERNAL,Keep as lead until proof/geometry/status is resolved.,"Still has a proof, geometry, legality, duplicate, or current-status blocker.",coordinate_rescue,coordinate_rescue,Boat / Backpack possible; hold as water-trail lead,no,High
sd-lead-brown-county-fairgrounds-non-event-camping-check,SD,Brown County Fairgrounds public non-event camping check,TRUE_LEAD_RESEARCH_OR_EXTERNAL,Keep as lead until proof/geometry/status is resolved.,"Still has a proof, geometry, legality, duplicate, or current-status blocker.",coordinate_rescue,coordinate_rescue,Needs Verification,no,Medium
sd-lead-south-dakota-state-fairgrounds-huron-camping-check,SD,South Dakota State Fairgrounds / Huron camping check,TRUE_LEAD_RESEARCH_OR_EXTERNAL,Keep as lead until proof/geometry/status is resolved.,"Still has a proof, geometry, legality, duplicate, or current-status blocker.",coordinate_rescue,coordinate_rescue,Needs Verification,no,Medium
sd-lead-milbank-lake-farley-park-camping-check,SD,Lake Farley Park camping check,TRUE_LEAD_RESEARCH_OR_EXTERNAL,Keep as lead until proof/geometry/status is resolved.,"Still has a proof, geometry, legality, duplicate, or current-status blocker.",coordinate_rescue,coordinate_rescue,Needs Verification,no,Medium
sd-verify-yankton-edge-private-operator-campgrounds,SD,Yankton edge private/operator campgrounds not covered by Missouri River Worker 2,TRUE_LEAD_RESEARCH_OR_EXTERNAL,Keep as lead until proof/geometry/status is resolved.,"Still has a proof, geometry, legality, duplicate, or current-status blocker.",needs_verification,needs_verification,Private Campgrounds possible,no,Medium
sd-future-lead-missouri-river-main-reservoir-campgrounds-worker2,SD,Missouri River main-reservoir campground residuals,ORDINARY_CAMPGROUND_COORDINATE_RESCUE,Run practical address-to-map rescue; entrance/campground-area coordinate can be acceptable with honest popup.,Looks like ordinary campground/operator/city/county record held mainly for coordinate/source cleanup.,future_lead,out_of_scope_future_lead,Mixed,no,Medium
nd-patterson-lake-recreation-area-coordinate-rescue,ND,Patterson Lake Recreation Area Campground,ORDINARY_CAMPGROUND_COORDINATE_RESCUE,Run practical address-to-map rescue; entrance/campground-area coordinate can be acceptable with honest popup.,Looks like ordinary campground/operator/city/county record held mainly for coordinate/source cleanup.,coordinate_rescue,coordinate_rescue,Rustic / Primitive,no,High
nd-williams-county-blacktail-dam-campground-coordinate-rescue,ND,Blacktail Dam Campground,ORDINARY_CAMPGROUND_COORDINATE_RESCUE,Run practical address-to-map rescue; entrance/campground-area coordinate can be acceptable with honest popup.,Looks like ordinary campground/operator/city/county record held mainly for coordinate/source cleanup.,coordinate_rescue,coordinate_rescue,Rustic / Primitive,no,High
nd-williams-county-kota-ray-dam-campground-coordinate-rescue,ND,Kota Ray Dam Campground,ORDINARY_CAMPGROUND_COORDINATE_RESCUE,Run practical address-to-map rescue; entrance/campground-area coordinate can be acceptable with honest popup.,Looks like ordinary campground/operator/city/county record held mainly for coordinate/source cleanup.,coordinate_rescue,coordinate_rescue,Modern Campgrounds,no,Medium
nd-williams-county-little-egypt-recreation-area-campground-coordinate-rescue,ND,Little Egypt Recreation Area Campground,AREA_RULE_COMMUNITY_OR_OVERLAY_CANDIDATE,Evaluate as area/rule/community marker or overlay candidate; do not force exact campground coordinates.,"Looks like rule-area, boondocking, community, WMA/forest, permit, GIS, or overlay work.",coordinate_rescue,coordinate_rescue,Boondocking / Dispersed,no,High
nd-williams-county-little-beaver-bay-campground-components,ND,Little Beaver Bay North/South Campgrounds,ORDINARY_CAMPGROUND_COORDINATE_RESCUE,Run practical address-to-map rescue; entrance/campground-area coordinate can be acceptable with honest popup.,Looks like ordinary campground/operator/city/county record held mainly for coordinate/source cleanup.,coordinate_rescue,coordinate_rescue,Rustic / Primitive,no,High
nd-williams-county-mcgregor-dam-campground-wma-coordinate-rescue,ND,McGregor Dam Campground / WMA Camping Context,AREA_RULE_COMMUNITY_OR_OVERLAY_CANDIDATE,Evaluate as area/rule/community marker or overlay candidate; do not force exact campground coordinates.,"Looks like rule-area, boondocking, community, WMA/forest, permit, GIS, or overlay work.",coordinate_rescue,coordinate_rescue,Boondocking / Dispersed,no,High
nd-williams-county-epping-springbrook-dam-closed-2026-watch,ND,Epping/Springbrook Dam Campground,REJECT_DUPLICATE_OR_CLOSURE_REVIEW,"Review for rejected ledger, duplicate merge, or closure/status note.","Status/action fields contain duplicate, wrong-state, closure, malformed, or do-not-import language.",coordinate_rescue,coordinate_rescue,Rustic / Primitive,no,High
nd-lunds-landing-whitetail-bay-campground-coordinate-rescue,ND,Lund’s Landing / Whitetail Bay Campground,ORDINARY_CAMPGROUND_COORDINATE_RESCUE,Run practical address-to-map rescue; entrance/campground-area coordinate can be acceptable with honest popup.,Looks like ordinary campground/operator/city/county record held mainly for coordinate/source cleanup.,coordinate_rescue,coordinate_rescue,Private Campgrounds,no,Medium
nd-tobacco-gardens-resort-marina-campground-coordinate-rescue,ND,Tobacco Gardens Resort & Marina Campground,ORDINARY_CAMPGROUND_COORDINATE_RESCUE,Run practical address-to-map rescue; entrance/campground-area coordinate can be acceptable with honest popup.,Looks like ordinary campground/operator/city/county record held mainly for coordinate/source cleanup.,coordinate_rescue,coordinate_rescue,Private Campgrounds,no,Medium
nd-williams-county-confluence-campground-coordinate-rescue,ND,Confluence Campground,ORDINARY_CAMPGROUND_COORDINATE_RESCUE,Run practical address-to-map rescue; entrance/campground-area coordinate can be acceptable with honest popup.,Looks like ordinary campground/operator/city/county record held mainly for coordinate/source cleanup.,coordinate_rescue,coordinate_rescue,Rustic / Primitive,no,High
nd-links-of-north-dakota-campground-coordinate-rescue,ND,Links of North Dakota Campground,ORDINARY_CAMPGROUND_COORDINATE_RESCUE,Run practical address-to-map rescue; entrance/campground-area coordinate can be acceptable with honest popup.,Looks like ordinary campground/operator/city/county record held mainly for coordinate/source cleanup.,coordinate_rescue,coordinate_rescue,Private Campgrounds,no,Medium
nd-white-earth-bay-campground-coordinate-rescue,ND,White Earth Bay Campground,ORDINARY_CAMPGROUND_COORDINATE_RESCUE,Run practical address-to-map rescue; entrance/campground-area coordinate can be acceptable with honest popup.,Looks like ordinary campground/operator/city/county record held mainly for coordinate/source cleanup.,coordinate_rescue,coordinate_rescue,Rustic / Primitive,no,High
nd-medora-belfield-crossings-whispering-pines-coordinate-rescue,ND,Crossings Campground / Whispering Pines Campground,ORDINARY_CAMPGROUND_COORDINATE_RESCUE,Run practical address-to-map rescue; entrance/campground-area coordinate can be acceptable with honest popup.,Looks like ordinary campground/operator/city/county record held mainly for coordinate/source cleanup.,coordinate_rescue,coordinate_rescue,Private Campgrounds,no,Medium
nd-wahpeton-kidder-recreation-area-campground,ND,Kidder Recreation Area Campground,ORDINARY_CAMPGROUND_COORDINATE_RESCUE,Run practical address-to-map rescue; entrance/campground-area coordinate can be acceptable with honest popup.,Looks like ordinary campground/operator/city/county record held mainly for coordinate/source cleanup.,coordinate_rescue,coordinate_rescue,Modern Campgrounds + Rustic / Primitive tent area,no,High
nd-grand-forks-campground-coordinate-rescue,ND,Grand Forks Campground,ORDINARY_CAMPGROUND_COORDINATE_RESCUE,Run practical address-to-map rescue; entrance/campground-area coordinate can be acceptable with honest popup.,Looks like ordinary campground/operator/city/county record held mainly for coordinate/source cleanup.,coordinate_rescue,coordinate_rescue,Private Campgrounds,no,Medium
nd-larimore-dam-recreation-area-campground,ND,Larimore Dam Recreation Area & Campground,ORDINARY_CAMPGROUND_COORDINATE_RESCUE,Run practical address-to-map rescue; entrance/campground-area coordinate can be acceptable with honest popup.,Looks like ordinary campground/operator/city/county record held mainly for coordinate/source cleanup.,coordinate_rescue,coordinate_rescue,Modern Campgrounds,no,Medium
nd-lake-ashtabula-east-ashtabula-crossing,ND,East Ashtabula Crossing Campground,ORDINARY_CAMPGROUND_COORDINATE_RESCUE,Run practical address-to-map rescue; entrance/campground-area coordinate can be acceptable with honest popup.,Looks like ordinary campground/operator/city/county record held mainly for coordinate/source cleanup.,coordinate_rescue,coordinate_rescue,Modern Campgrounds,no,Medium
nd-lake-ashtabula-eggerts-landing,ND,Eggerts Landing Campground,ORDINARY_CAMPGROUND_COORDINATE_RESCUE,Run practical address-to-map rescue; entrance/campground-area coordinate can be acceptable with honest popup.,Looks like ordinary campground/operator/city/county record held mainly for coordinate/source cleanup.,coordinate_rescue,coordinate_rescue,Modern Campgrounds,no,Medium
nd-lake-ashtabula-west-ashtabula-crossing,ND,West Ashtabula Crossing Campground,ORDINARY_CAMPGROUND_COORDINATE_RESCUE,Run practical address-to-map rescue; entrance/campground-area coordinate can be acceptable with honest popup.,Looks like ordinary campground/operator/city/county record held mainly for coordinate/source cleanup.,coordinate_rescue,coordinate_rescue,Rustic / Primitive or Modern pending shower proof,no,High
nd-lake-ashtabula-mel-rieman-rec-campground,ND,Mel Rieman Recreation Area Campground,ORDINARY_CAMPGROUND_COORDINATE_RESCUE,Run practical address-to-map rescue; entrance/campground-area coordinate can be acceptable with honest popup.,Looks like ordinary campground/operator/city/county record held mainly for coordinate/source cleanup.,coordinate_rescue,coordinate_rescue,Modern Campgrounds,no,Medium
nd-beaver-lake-state-park-component-coordinate-rescue,ND,Beaver Lake State Park campground components,ORDINARY_CAMPGROUND_COORDINATE_RESCUE,Run practical address-to-map rescue; entrance/campground-area coordinate can be acceptable with honest popup.,Looks like ordinary campground/operator/city/county record held mainly for coordinate/source cleanup.,coordinate_rescue,coordinate_rescue,Modern + Rustic / Primitive,no,High
nd-stutsman-parkhurst-pipestem-primitive-horse-camp,ND,Parkhurst Recreation Area / Pipestem primitive horse-trailer campground,ORDINARY_CAMPGROUND_COORDINATE_RESCUE,Run practical address-to-map rescue; entrance/campground-area coordinate can be acceptable with honest popup.,Looks like ordinary campground/operator/city/county record held mainly for coordinate/source cleanup.,coordinate_rescue,coordinate_rescue,Rustic / Primitive,no,High
nd-stutsman-sandy-beach-spiritwood-primitive-camping,ND,Sandy Beach / Spiritwood Lake primitive camping,ORDINARY_CAMPGROUND_COORDINATE_RESCUE,Run practical address-to-map rescue; entrance/campground-area coordinate can be acceptable with honest popup.,Looks like ordinary campground/operator/city/county record held mainly for coordinate/source cleanup.,coordinate_rescue,coordinate_rescue,Rustic / Primitive,no,High
nd-stutsman-jamestown-reservoir-lakeside-pelican-james-river-bay-split,ND,"Jamestown Reservoir campground components — Pelican Point, Lakeside, James River Bay",ORDINARY_CAMPGROUND_COORDINATE_RESCUE,Run practical address-to-map rescue; entrance/campground-area coordinate can be acceptable with honest popup.,Looks like ordinary campground/operator/city/county record held mainly for coordinate/source cleanup.,coordinate_rescue,coordinate_rescue,Modern + Rustic / Primitive,no,High
nd-jamestown-campground-private-operator,ND,Jamestown Campground,ORDINARY_CAMPGROUND_COORDINATE_RESCUE,Run practical address-to-map rescue; entrance/campground-area coordinate can be acceptable with honest popup.,Looks like ordinary campground/operator/city/county record held mainly for coordinate/source cleanup.,coordinate_rescue,coordinate_rescue,Private Campgrounds,no,Medium
nd-frontier-fort-campground-private-coordinate-rescue,ND,Frontier Fort Campground,ORDINARY_CAMPGROUND_COORDINATE_RESCUE,Run practical address-to-map rescue; entrance/campground-area coordinate can be acceptable with honest popup.,Looks like ordinary campground/operator/city/county record held mainly for coordinate/source cleanup.,coordinate_rescue,coordinate_rescue,Private Campgrounds,no,Medium
nd-valley-city-clausen-springs-park-campground-coordinate-rescue,ND,Clausen Springs Park Campground,ORDINARY_CAMPGROUND_COORDINATE_RESCUE,Run practical address-to-map rescue; entrance/campground-area coordinate can be acceptable with honest popup.,Looks like ordinary campground/operator/city/county record held mainly for coordinate/source cleanup.,coordinate_rescue,coordinate_rescue,Rustic / Primitive / Modern TBD,no,High
nd-valley-city-faust-park-sheyenne-primitive-camping-coordinate-rescue,ND,Faust Park / Sheyenne River primitive camping lead,REJECT_DUPLICATE_OR_CLOSURE_REVIEW,"Review for rejected ledger, duplicate merge, or closure/status note.","Status/action fields contain duplicate, wrong-state, closure, malformed, or do-not-import language.",coordinate_rescue,coordinate_rescue,Rustic / Primitive or Boat / Backpack,no,High
nd-grand-forks-afb-famcamp-restricted-access,ND,Grand Forks AFB FamCamp,TRUE_LEAD_RESEARCH_OR_EXTERNAL,Keep as lead until proof/geometry/status is resolved.,"Still has a proof, geometry, legality, duplicate, or current-status blocker.",coordinate_rescue,coordinate_rescue,Private Campgrounds / Restricted military,no,Medium
mn-red-river-state-recreation-area-east-grand-forks,MN,Red River State Recreation Area Campground,REJECT_DUPLICATE_OR_CLOSURE_REVIEW,"Review for rejected ledger, duplicate merge, or closure/status note.","Status/action fields contain duplicate, wrong-state, closure, malformed, or do-not-import language.",future_lead,out_of_scope_future_lead,Modern Campgrounds,no,Medium
mo-lead-nps-ozar-developed-campgrounds-coordinate-rescue,MO,"OZAR developed campgrounds: Alley Spring, Big Spring, Pulltite, Two Rivers, Akers",TRUE_LEAD_RESEARCH_OR_EXTERNAL,Keep as lead until proof/geometry/status is resolved.,"Still has a proof, geometry, legality, duplicate, or current-status blocker.",coordinate_rescue,coordinate_rescue,Modern or Rustic / Primitive pending amenities,no,High
mo-lead-nps-ozar-primitive-campgrounds-coordinate-extraction,MO,OZAR primitive campground system,ORDINARY_CAMPGROUND_COORDINATE_RESCUE,Run practical address-to-map rescue; entrance/campground-area coordinate can be acceptable with honest popup.,Looks like ordinary campground/operator/city/county record held mainly for coordinate/source cleanup.,coordinate_rescue,coordinate_rescue,Rustic / Primitive or Boat / Backpack by access,no,High
mo-lead-nps-ozar-backcountry-campgrounds-coordinate-extraction,MO,OZAR backcountry campground system,ORDINARY_CAMPGROUND_COORDINATE_RESCUE,Run practical address-to-map rescue; entrance/campground-area coordinate can be acceptable with honest popup.,Looks like ordinary campground/operator/city/county record held mainly for coordinate/source cleanup.,coordinate_rescue,coordinate_rescue,Boat / Backpack or Rustic / Primitive,no,High
mo-lead-usfs-eleven-point-float-camps-coordinate-rescue,MO,Greenbriar / Horseshoe Bend / Barn Hollow Float Camps,TRUE_LEAD_RESEARCH_OR_EXTERNAL,Keep as lead until proof/geometry/status is resolved.,"Still has a proof, geometry, legality, duplicate, or current-status blocker.",coordinate_rescue,coordinate_rescue,Boat / Backpack,no,High
mo-lead-mdc-current-river-ca-primitive-camping,MO,Current River Conservation Area primitive camping,AREA_RULE_COMMUNITY_OR_OVERLAY_CANDIDATE,Evaluate as area/rule/community marker or overlay candidate; do not force exact campground coordinates.,"Looks like rule-area, boondocking, community, WMA/forest, permit, GIS, or overlay work.",coordinate_rescue,coordinate_rescue,Boondocking / Dispersed,no,High
mo-lead-mdc-peck-ranch-ca-designated-primitive-camps,MO,Peck Ranch Conservation Area designated primitive camps,ORDINARY_CAMPGROUND_COORDINATE_RESCUE,Run practical address-to-map rescue; entrance/campground-area coordinate can be acceptable with honest popup.,Looks like ordinary campground/operator/city/county record held mainly for coordinate/source cleanup.,coordinate_rescue,coordinate_rescue,Rustic / Primitive,no,High
mo-lead-mark-twain-nf-mvum-dispersed-camping-geometry,MO,Mark Twain NF dispersed camping / MVUM geometry,AREA_RULE_COMMUNITY_OR_OVERLAY_CANDIDATE,Evaluate as area/rule/community marker or overlay candidate; do not force exact campground coordinates.,"Looks like rule-area, boondocking, community, WMA/forest, permit, GIS, or overlay work.",coordinate_rescue,coordinate_rescue,Boondocking / Dispersed,no,High
mo-lead-taum-sauk-mountain-sp-basic-walk-in,MO,Taum Sauk Mountain State Park basic walk-in campground,ORDINARY_CAMPGROUND_COORDINATE_RESCUE,Run practical address-to-map rescue; entrance/campground-area coordinate can be acceptable with honest popup.,Looks like ordinary campground/operator/city/county record held mainly for coordinate/source cleanup.,coordinate_rescue,coordinate_rescue,Rustic / Primitive,no,High
mo-lead-hawn-state-park-campground,MO,Hawn State Park Campground,ORDINARY_CAMPGROUND_COORDINATE_RESCUE,Run practical address-to-map rescue; entrance/campground-area coordinate can be acceptable with honest popup.,Looks like ordinary campground/operator/city/county record held mainly for coordinate/source cleanup.,coordinate_rescue,coordinate_rescue,Modern Campgrounds likely; verify,no,Medium
mo-lead-johnsons-shut-ins-sp-campground,MO,Johnson’s Shut-Ins State Park Campground,ORDINARY_CAMPGROUND_COORDINATE_RESCUE,Run practical address-to-map rescue; entrance/campground-area coordinate can be acceptable with honest popup.,Looks like ordinary campground/operator/city/county record held mainly for coordinate/source cleanup.,coordinate_rescue,coordinate_rescue,Modern Campgrounds,no,Medium
mo-lead-lake-wappapello-sp-campground-backcountry,MO,Lake Wappapello State Park campground/backcountry camping,ORDINARY_CAMPGROUND_COORDINATE_RESCUE,Run practical address-to-map rescue; entrance/campground-area coordinate can be acceptable with honest popup.,Looks like ordinary campground/operator/city/county record held mainly for coordinate/source cleanup.,coordinate_rescue,coordinate_rescue,Modern Campgrounds + possible Boat/Backpack/backcountry,no,High
mo-future-cobb-ridge-recreation-area,MO,Cobb Ridge Recreation Area,ORDINARY_CAMPGROUND_COORDINATE_RESCUE,Run practical address-to-map rescue; entrance/campground-area coordinate can be acceptable with honest popup.,Looks like ordinary campground/operator/city/county record held mainly for coordinate/source cleanup.,future_lead,out_of_scope_future_lead,Rustic / Primitive,no,High
mo-lead-truman-berry-bend-usace-coordinate-rescue,MO,Berry Bend Campground,ORDINARY_CAMPGROUND_COORDINATE_RESCUE,Run practical address-to-map rescue; entrance/campground-area coordinate can be acceptable with honest popup.,Looks like ordinary campground/operator/city/county record held mainly for coordinate/source cleanup.,coordinate_rescue,coordinate_rescue,Modern Campgrounds,no,Medium
mo-lead-truman-bucksaw-usace-coordinate-rescue,MO,Bucksaw Campground,ORDINARY_CAMPGROUND_COORDINATE_RESCUE,Run practical address-to-map rescue; entrance/campground-area coordinate can be acceptable with honest popup.,Looks like ordinary campground/operator/city/county record held mainly for coordinate/source cleanup.,coordinate_rescue,coordinate_rescue,Modern Campgrounds,no,Medium
mo-lead-truman-long-shoal-usace-coordinate-rescue,MO,Long Shoal Campground,ORDINARY_CAMPGROUND_COORDINATE_RESCUE,Run practical address-to-map rescue; entrance/campground-area coordinate can be acceptable with honest popup.,Looks like ordinary campground/operator/city/county record held mainly for coordinate/source cleanup.,coordinate_rescue,coordinate_rescue,Modern Campgrounds,no,Medium
mo-lead-truman-osage-bluff-usace-coordinate-rescue,MO,Osage Bluff Campground,ORDINARY_CAMPGROUND_COORDINATE_RESCUE,Run practical address-to-map rescue; entrance/campground-area coordinate can be acceptable with honest popup.,Looks like ordinary campground/operator/city/county record held mainly for coordinate/source cleanup.,coordinate_rescue,coordinate_rescue,Modern Campgrounds,no,Medium
mo-lead-truman-sparrowfoot-usace-coordinate-rescue,MO,Sparrowfoot Campground,ORDINARY_CAMPGROUND_COORDINATE_RESCUE,Run practical address-to-map rescue; entrance/campground-area coordinate can be acceptable with honest popup.,Looks like ordinary campground/operator/city/county record held mainly for coordinate/source cleanup.,coordinate_rescue,coordinate_rescue,Modern Campgrounds,no,Medium
mo-lead-truman-thibaut-point-usace-coordinate-rescue,MO,Thibaut Point Campground,ORDINARY_CAMPGROUND_COORDINATE_RESCUE,Run practical address-to-map rescue; entrance/campground-area coordinate can be acceptable with honest popup.,Looks like ordinary campground/operator/city/county record held mainly for coordinate/source cleanup.,coordinate_rescue,coordinate_rescue,Modern Campgrounds,no,Medium
mo-lead-truman-shawnee-bend-usace-coordinate-rescue,MO,Shawnee Bend Campground,ORDINARY_CAMPGROUND_COORDINATE_RESCUE,Run practical address-to-map rescue; entrance/campground-area coordinate can be acceptable with honest popup.,Looks like ordinary campground/operator/city/county record held mainly for coordinate/source cleanup.,coordinate_rescue,coordinate_rescue,Modern Campgrounds,no,Medium
mo-correct-pomme-nemo-landing-usace-modern,MO,Nemo Landing Campground,ORDINARY_CAMPGROUND_COORDINATE_RESCUE,Run practical address-to-map rescue; entrance/campground-area coordinate can be acceptable with honest popup.,Looks like ordinary campground/operator/city/county record held mainly for coordinate/source cleanup.,correction_candidate,correction_candidate,Modern Campgrounds,no,Medium
mo-lead-pomme-damsite-usace-coordinate-rescue,MO,Damsite Campground,ORDINARY_CAMPGROUND_COORDINATE_RESCUE,Run practical address-to-map rescue; entrance/campground-area coordinate can be acceptable with honest popup.,Looks like ordinary campground/operator/city/county record held mainly for coordinate/source cleanup.,coordinate_rescue,coordinate_rescue,Modern Campgrounds,no,Medium
mo-lead-pomme-lightfoot-landing-usace-coordinate-rescue,MO,Lightfoot Landing Campground,ORDINARY_CAMPGROUND_COORDINATE_RESCUE,Run practical address-to-map rescue; entrance/campground-area coordinate can be acceptable with honest popup.,Looks like ordinary campground/operator/city/county record held mainly for coordinate/source cleanup.,coordinate_rescue,coordinate_rescue,Modern Campgrounds,no,Medium
mo-lead-pomme-outlet-park-usace-coordinate-rescue,MO,Outlet Park Campground,ORDINARY_CAMPGROUND_COORDINATE_RESCUE,Run practical address-to-map rescue; entrance/campground-area coordinate can be acceptable with honest popup.,Looks like ordinary campground/operator/city/county record held mainly for coordinate/source cleanup.,coordinate_rescue,coordinate_rescue,Modern Campgrounds,no,Medium
mo-lead-pomme-wheatland-park-usace-coordinate-rescue,MO,Wheatland Park Campground,ORDINARY_CAMPGROUND_COORDINATE_RESCUE,Run practical address-to-map rescue; entrance/campground-area coordinate can be acceptable with honest popup.,Looks like ordinary campground/operator/city/county record held mainly for coordinate/source cleanup.,coordinate_rescue,coordinate_rescue,Modern Campgrounds,no,Medium
mo-lead-stockton-cedar-ridge-usace-coordinate-rescue,MO,Cedar Ridge Campground,ORDINARY_CAMPGROUND_COORDINATE_RESCUE,Run practical address-to-map rescue; entrance/campground-area coordinate can be acceptable with honest popup.,Looks like ordinary campground/operator/city/county record held mainly for coordinate/source cleanup.,coordinate_rescue,coordinate_rescue,Modern Campgrounds,no,Medium
mo-lead-stockton-crabtree-cove-usace-coordinate-rescue,MO,Crabtree Cove Campground,ORDINARY_CAMPGROUND_COORDINATE_RESCUE,Run practical address-to-map rescue; entrance/campground-area coordinate can be acceptable with honest popup.,Looks like ordinary campground/operator/city/county record held mainly for coordinate/source cleanup.,coordinate_rescue,coordinate_rescue,Modern Campgrounds,no,Medium
mo-lead-stockton-hawker-point-usace-coordinate-rescue,MO,Hawker Point Campground,ORDINARY_CAMPGROUND_COORDINATE_RESCUE,Run practical address-to-map rescue; entrance/campground-area coordinate can be acceptable with honest popup.,Looks like ordinary campground/operator/city/county record held mainly for coordinate/source cleanup.,coordinate_rescue,coordinate_rescue,Modern Campgrounds,no,Medium
mo-lead-stockton-orleans-trail-usace-coordinate-rescue,MO,Orleans Trail Campground,ORDINARY_CAMPGROUND_COORDINATE_RESCUE,Run practical address-to-map rescue; entrance/campground-area coordinate can be acceptable with honest popup.,Looks like ordinary campground/operator/city/county record held mainly for coordinate/source cleanup.,coordinate_rescue,coordinate_rescue,Modern Campgrounds,no,Medium
mo-lead-stockton-ruark-bluff-east-usace-coordinate-rescue,MO,Ruark Bluff East Campground,ORDINARY_CAMPGROUND_COORDINATE_RESCUE,Run practical address-to-map rescue; entrance/campground-area coordinate can be acceptable with honest popup.,Looks like ordinary campground/operator/city/county record held mainly for coordinate/source cleanup.,coordinate_rescue,coordinate_rescue,Modern Campgrounds,no,Medium
mo-lead-stockton-ruark-bluff-west-usace-coordinate-rescue,MO,Ruark Bluff West Campground,ORDINARY_CAMPGROUND_COORDINATE_RESCUE,Run practical address-to-map rescue; entrance/campground-area coordinate can be acceptable with honest popup.,Looks like ordinary campground/operator/city/county record held mainly for coordinate/source cleanup.,coordinate_rescue,coordinate_rescue,Modern Campgrounds,no,Medium
mo-needs-stockton-park-usace-component-type,MO,Stockton Park / Stockton Park component,TRUE_LEAD_RESEARCH_OR_EXTERNAL,Keep as lead until proof/geometry/status is resolved.,"Still has a proof, geometry, legality, duplicate, or current-status blocker.",needs_verification,needs_verification,Needs Verification,no,Medium
mo-lead-table-rock-aunts-creek-usace-coordinate-rescue,MO,Aunts Creek Campground,ORDINARY_CAMPGROUND_COORDINATE_RESCUE,Run practical address-to-map rescue; entrance/campground-area coordinate can be acceptable with honest popup.,Looks like ordinary campground/operator/city/county record held mainly for coordinate/source cleanup.,coordinate_rescue,coordinate_rescue,Modern Campgrounds,no,Medium
mo-lead-table-rock-baxter-usace-coordinate-rescue,MO,Baxter Campground,ORDINARY_CAMPGROUND_COORDINATE_RESCUE,Run practical address-to-map rescue; entrance/campground-area coordinate can be acceptable with honest popup.,Looks like ordinary campground/operator/city/county record held mainly for coordinate/source cleanup.,coordinate_rescue,coordinate_rescue,Modern Campgrounds,no,Medium
mo-lead-table-rock-big-m-usace-coordinate-rescue,MO,Big M Campground,ORDINARY_CAMPGROUND_COORDINATE_RESCUE,Run practical address-to-map rescue; entrance/campground-area coordinate can be acceptable with honest popup.,Looks like ordinary campground/operator/city/county record held mainly for coordinate/source cleanup.,coordinate_rescue,coordinate_rescue,Modern Campgrounds,no,Medium
mo-lead-table-rock-campbell-point-usace-coordinate-rescue,MO,Campbell Point Campground,ORDINARY_CAMPGROUND_COORDINATE_RESCUE,Run practical address-to-map rescue; entrance/campground-area coordinate can be acceptable with honest popup.,Looks like ordinary campground/operator/city/county record held mainly for coordinate/source cleanup.,coordinate_rescue,coordinate_rescue,Modern Campgrounds,no,Medium
mo-lead-table-rock-cape-fair-usace-coordinate-rescue,MO,Cape Fair Campground,ORDINARY_CAMPGROUND_COORDINATE_RESCUE,Run practical address-to-map rescue; entrance/campground-area coordinate can be acceptable with honest popup.,Looks like ordinary campground/operator/city/county record held mainly for coordinate/source cleanup.,coordinate_rescue,coordinate_rescue,Modern Campgrounds,no,Medium
mo-lead-table-rock-mill-creek-usace-coordinate-rescue,MO,Mill Creek Campground,ORDINARY_CAMPGROUND_COORDINATE_RESCUE,Run practical address-to-map rescue; entrance/campground-area coordinate can be acceptable with honest popup.,Looks like ordinary campground/operator/city/county record held mainly for coordinate/source cleanup.,coordinate_rescue,coordinate_rescue,Modern Campgrounds,no,Medium
mo-lead-table-rock-indian-point-usace-coordinate-rescue,MO,Indian Point Campground,ORDINARY_CAMPGROUND_COORDINATE_RESCUE,Run practical address-to-map rescue; entrance/campground-area coordinate can be acceptable with honest popup.,Looks like ordinary campground/operator/city/county record held mainly for coordinate/source cleanup.,coordinate_rescue,coordinate_rescue,Modern Campgrounds,no,Medium
mo-lead-jackson-blue-springs-lake-campground-coordinate-rescue,MO,Blue Springs Lake Campground,ORDINARY_CAMPGROUND_COORDINATE_RESCUE,Run practical address-to-map rescue; entrance/campground-area coordinate can be acceptable with honest popup.,Looks like ordinary campground/operator/city/county record held mainly for coordinate/source cleanup.,coordinate_rescue,coordinate_rescue,Modern Campgrounds,no,Medium
mo-lead-jackson-lake-jacomo-campground-coordinate-rescue,MO,Lake Jacomo Campground,ORDINARY_CAMPGROUND_COORDINATE_RESCUE,Run practical address-to-map rescue; entrance/campground-area coordinate can be acceptable with honest popup.,Looks like ordinary campground/operator/city/county record held mainly for coordinate/source cleanup.,coordinate_rescue,coordinate_rescue,Modern Campgrounds,no,Medium
mo-lead-jackson-longview-lake-campground-coordinate-rescue,MO,Longview Lake Campground,ORDINARY_CAMPGROUND_COORDINATE_RESCUE,Run practical address-to-map rescue; entrance/campground-area coordinate can be acceptable with honest popup.,Looks like ordinary campground/operator/city/county record held mainly for coordinate/source cleanup.,coordinate_rescue,coordinate_rescue,Modern Campgrounds,no,Medium
mo-lead-smithville-camp-branch-coordinate-rescue,MO,Camp Branch Campground,ORDINARY_CAMPGROUND_COORDINATE_RESCUE,Run practical address-to-map rescue; entrance/campground-area coordinate can be acceptable with honest popup.,Looks like ordinary campground/operator/city/county record held mainly for coordinate/source cleanup.,coordinate_rescue,coordinate_rescue,Modern Campgrounds,no,Medium
mo-lead-smithville-crows-creek-coordinate-rescue,MO,Crow’s Creek Campground,ORDINARY_CAMPGROUND_COORDINATE_RESCUE,Run practical address-to-map rescue; entrance/campground-area coordinate can be acceptable with honest popup.,Looks like ordinary campground/operator/city/county record held mainly for coordinate/source cleanup.,coordinate_rescue,coordinate_rescue,Modern Campgrounds,no,Medium
mo-lead-smithville-smiths-fork-city-coordinate-rescue,MO,Smith’s Fork Campground,ORDINARY_CAMPGROUND_COORDINATE_RESCUE,Run practical address-to-map rescue; entrance/campground-area coordinate can be acceptable with honest popup.,Looks like ordinary campground/operator/city/county record held mainly for coordinate/source cleanup.,coordinate_rescue,coordinate_rescue,Modern Campgrounds,no,Medium
mo-lead-knob-noster-main-campground-coordinate-rescue,MO,Knob Noster State Park Campground,ORDINARY_CAMPGROUND_COORDINATE_RESCUE,Run practical address-to-map rescue; entrance/campground-area coordinate can be acceptable with honest popup.,Looks like ordinary campground/operator/city/county record held mainly for coordinate/source cleanup.,coordinate_rescue,coordinate_rescue,Modern Campgrounds,no,Medium
mo-lead-knob-noster-mcadoo-backpack-camps-coordinate-rescue,MO,Knob Noster McAdoo Trail Backpack Camps,TRUE_LEAD_RESEARCH_OR_EXTERNAL,Keep as lead until proof/geometry/status is resolved.,"Still has a proof, geometry, legality, duplicate, or current-status blocker.",coordinate_rescue,coordinate_rescue,Boat / Backpack,no,High
mo-lead-lake-ozarks-woodland-trail-backcountry-site-coordinate-rescue,MO,Lake of the Ozarks Woodland Trail Backcountry Site,TRUE_LEAD_RESEARCH_OR_EXTERNAL,Keep as lead until proof/geometry/status is resolved.,"Still has a proof, geometry, legality, duplicate, or current-status blocker.",coordinate_rescue,coordinate_rescue,Boat / Backpack,no,High
mo-lead-ha-ha-tonka-backpacking-geometry-coordinate-rescue,MO,Ha Ha Tonka State Park Backpacking / Backcountry Camping,AREA_RULE_COMMUNITY_OR_OVERLAY_CANDIDATE,Evaluate as area/rule/community marker or overlay candidate; do not force exact campground coordinates.,"Looks like rule-area, boondocking, community, WMA/forest, permit, GIS, or overlay work.",coordinate_rescue,coordinate_rescue,Boat / Backpack,no,High
mo-lead-mdc-cross-timbers-access-parking-camping-coordinate-rescue,MO,Cross Timbers Access Camping Area,ORDINARY_CAMPGROUND_COORDINATE_RESCUE,Run practical address-to-map rescue; entrance/campground-area coordinate can be acceptable with honest popup.,Looks like ordinary campground/operator/city/county record held mainly for coordinate/source cleanup.,coordinate_rescue,coordinate_rescue,Rustic / Primitive,no,High
mo-w8-mark-twain-lake-primitive-backcountry,MO,Mark Twain Lake primitive / backcountry camping opportunities,AREA_RULE_COMMUNITY_OR_OVERLAY_CANDIDATE,Evaluate as area/rule/community marker or overlay candidate; do not force exact campground coordinates.,"Looks like rule-area, boondocking, community, WMA/forest, permit, GIS, or overlay work.",area_geometry_extraction,area_geometry_extraction,Boat / Backpack,no,High
mo-w8-ray-behrens,MO,"Ray Behrens Campground, Mark Twain Lake",ORDINARY_CAMPGROUND_COORDINATE_RESCUE,Run practical address-to-map rescue; entrance/campground-area coordinate can be acceptable with honest popup.,Looks like ordinary campground/operator/city/county record held mainly for coordinate/source cleanup.,coordinate_rescue,coordinate_rescue,Modern Campgrounds,no,Medium
mo-w8-indian-creek-main,MO,"Indian Creek Campground, Mark Twain Lake",ORDINARY_CAMPGROUND_COORDINATE_RESCUE,Run practical address-to-map rescue; entrance/campground-area coordinate can be acceptable with honest popup.,Looks like ordinary campground/operator/city/county record held mainly for coordinate/source cleanup.,coordinate_rescue,coordinate_rescue,Modern Campgrounds,no,Medium
mo-w8-indian-creek-hike-in-sites,MO,Indian Creek hike-in primitive sites,TRUE_LEAD_RESEARCH_OR_EXTERNAL,Keep as lead until proof/geometry/status is resolved.,"Still has a proof, geometry, legality, duplicate, or current-status blocker.",coordinate_rescue,coordinate_rescue,Boat / Backpack,no,High
mo-w8-frank-russell,MO,"Frank Russell Campground, Mark Twain Lake",ORDINARY_CAMPGROUND_COORDINATE_RESCUE,Run practical address-to-map rescue; entrance/campground-area coordinate can be acceptable with honest popup.,Looks like ordinary campground/operator/city/county record held mainly for coordinate/source cleanup.,coordinate_rescue,coordinate_rescue,Rustic / Primitive,no,High
mo-w8-john-c-briscoe-group-use,MO,John C. Briscoe Group Use Campground,ORDINARY_CAMPGROUND_COORDINATE_RESCUE,Run practical address-to-map rescue; entrance/campground-area coordinate can be acceptable with honest popup.,Looks like ordinary campground/operator/city/county record held mainly for coordinate/source cleanup.,coordinate_rescue,coordinate_rescue,Rustic / Primitive,no,High
mo-w8-cuivre-river-primitive-equestrian-splits,MO,Cuivre River primitive / equestrian / walk-in components,REJECT_DUPLICATE_OR_CLOSURE_REVIEW,"Review for rejected ledger, duplicate merge, or closure/status note.","Status/action fields contain duplicate, wrong-state, closure, malformed, or do-not-import language.",coordinate_rescue,coordinate_rescue,Rustic / Primitive,no,High
mo-w8-long-branch-2026-closure,MO,Long Branch State Park campground,REJECT_DUPLICATE_OR_CLOSURE_REVIEW,"Review for rejected ledger, duplicate merge, or closure/status note.","Status/action fields contain duplicate, wrong-state, closure, malformed, or do-not-import language.",correction_candidate,correction_candidate,Modern Campgrounds,no,Medium
mo-w8-danville-ca-designated-camping,MO,Danville Conservation Area designated camping,AREA_RULE_COMMUNITY_OR_OVERLAY_CANDIDATE,Evaluate as area/rule/community marker or overlay candidate; do not force exact campground coordinates.,"Looks like rule-area, boondocking, community, WMA/forest, permit, GIS, or overlay work.",area_geometry_extraction,area_geometry_extraction,Boondocking / Dispersed,no,High
mo-w8-atlanta-ca-open-camping,MO,Atlanta Conservation Area open camping,AREA_RULE_COMMUNITY_OR_OVERLAY_CANDIDATE,Evaluate as area/rule/community marker or overlay candidate; do not force exact campground coordinates.,"Looks like rule-area, boondocking, community, WMA/forest, permit, GIS, or overlay work.",area_geometry_extraction,area_geometry_extraction,Boondocking / Dispersed,no,High
mo-w8-hidden-hollow-ca-camping,MO,Hidden Hollow Conservation Area camping,REJECT_DUPLICATE_OR_CLOSURE_REVIEW,"Review for rejected ledger, duplicate merge, or closure/status note.","Status/action fields contain duplicate, wrong-state, closure, malformed, or do-not-import language.",area_geometry_extraction,area_geometry_extraction,Boondocking / Dispersed,no,High
mo-w8-rebels-cove-ca-camping,MO,Rebel’s Cove Conservation Area camping,AREA_RULE_COMMUNITY_OR_OVERLAY_CANDIDATE,Evaluate as area/rule/community marker or overlay candidate; do not force exact campground coordinates.,"Looks like rule-area, boondocking, community, WMA/forest, permit, GIS, or overlay work.",area_geometry_extraction,area_geometry_extraction,Boondocking / Dispersed,no,High
mo-w8-thomas-hill-reservoir-ca-primitive,MO,Thomas Hill Reservoir CA primitive campsites,AREA_RULE_COMMUNITY_OR_OVERLAY_CANDIDATE,Evaluate as area/rule/community marker or overlay candidate; do not force exact campground coordinates.,"Looks like rule-area, boondocking, community, WMA/forest, permit, GIS, or overlay work.",area_geometry_extraction,area_geometry_extraction,Boondocking / Dispersed,no,High
mo-w8-deer-ridge-ca-horse-camp,MO,Deer Ridge Conservation Area horse camp,ORDINARY_CAMPGROUND_COORDINATE_RESCUE,Run practical address-to-map rescue; entrance/campground-area coordinate can be acceptable with honest popup.,Looks like ordinary campground/operator/city/county record held mainly for coordinate/source cleanup.,coordinate_rescue,coordinate_rescue,Rustic / Primitive,no,High
mo-w8-hart-creek-ca-katy-trail-primitive,MO,Hart Creek Conservation Area primitive camping area,TRUE_LEAD_RESEARCH_OR_EXTERNAL,Keep as lead until proof/geometry/status is resolved.,"Still has a proof, geometry, legality, duplicate, or current-status blocker.",coordinate_rescue,coordinate_rescue,Boat / Backpack,no,High
mo-w8-mark-twain-cave-campground,MO,Mark Twain Cave Campground,ORDINARY_CAMPGROUND_COORDINATE_RESCUE,Run practical address-to-map rescue; entrance/campground-area coordinate can be acceptable with honest popup.,Looks like ordinary campground/operator/city/county record held mainly for coordinate/source cleanup.,coordinate_rescue,coordinate_rescue,Private Campgrounds,no,Medium
mo-w8-bayview-campers-park,MO,Bayview Campers Park,ORDINARY_CAMPGROUND_COORDINATE_RESCUE,Run practical address-to-map rescue; entrance/campground-area coordinate can be acceptable with honest popup.,Looks like ordinary campground/operator/city/county record held mainly for coordinate/source cleanup.,coordinate_rescue,coordinate_rescue,Private Campgrounds,no,Medium
mo-w8-mark-twain-lake-jellystone,MO,Mark Twain Lake Jellystone Park / Mark Twain Landing,ORDINARY_CAMPGROUND_COORDINATE_RESCUE,Run practical address-to-map rescue; entrance/campground-area coordinate can be acceptable with honest popup.,Looks like ordinary campground/operator/city/county record held mainly for coordinate/source cleanup.,coordinate_rescue,coordinate_rescue,Private Campgrounds,no,Medium
mo-w8-the-meadow-campground,MO,The Meadow Campground & Coffee House,ORDINARY_CAMPGROUND_COORDINATE_RESCUE,Run practical address-to-map rescue; entrance/campground-area coordinate can be acceptable with honest popup.,Looks like ordinary campground/operator/city/county record held mainly for coordinate/source cleanup.,coordinate_rescue,coordinate_rescue,Private Campgrounds,no,Medium
mo-w8-cozy-c-rv,MO,Cozy C Campground & RV Park,ORDINARY_CAMPGROUND_COORDINATE_RESCUE,Run practical address-to-map rescue; entrance/campground-area coordinate can be acceptable with honest popup.,Looks like ordinary campground/operator/city/county record held mainly for coordinate/source cleanup.,coordinate_rescue,coordinate_rescue,Private Campgrounds,no,Medium
mo-w8-macon-county-park-campground,MO,Macon County Park campground,ORDINARY_CAMPGROUND_COORDINATE_RESCUE,Run practical address-to-map rescue; entrance/campground-area coordinate can be acceptable with honest popup.,Looks like ordinary campground/operator/city/county record held mainly for coordinate/source cleanup.,coordinate_rescue,coordinate_rescue,Rustic / Primitive,no,High
mo-w8-thompson-campground-moberly,MO,Thompson Campground at Rothwell Park,ORDINARY_CAMPGROUND_COORDINATE_RESCUE,Run practical address-to-map rescue; entrance/campground-area coordinate can be acceptable with honest popup.,Looks like ordinary campground/operator/city/county record held mainly for coordinate/source cleanup.,coordinate_rescue,coordinate_rescue,Modern Campgrounds,no,Medium
mo-w8-eagle-lodge-rv-park,MO,Eagle Lodge RV Park,ORDINARY_CAMPGROUND_COORDINATE_RESCUE,Run practical address-to-map rescue; entrance/campground-area coordinate can be acceptable with honest popup.,Looks like ordinary campground/operator/city/county record held mainly for coordinate/source cleanup.,coordinate_rescue,coordinate_rescue,Private Campgrounds,no,Medium
mo-w8-bevier-rv-center-campground,MO,Bevier RV Center Campground,ORDINARY_CAMPGROUND_COORDINATE_RESCUE,Run practical address-to-map rescue; entrance/campground-area coordinate can be acceptable with honest popup.,Looks like ordinary campground/operator/city/county record held mainly for coordinate/source cleanup.,coordinate_rescue,coordinate_rescue,Private Campgrounds,no,Medium
mo-w8-lakeview-campground-mexico,MO,Lakeview Campground / Lakeview Park,ORDINARY_CAMPGROUND_COORDINATE_RESCUE,Run practical address-to-map rescue; entrance/campground-area coordinate can be acceptable with honest popup.,Looks like ordinary campground/operator/city/county record held mainly for coordinate/source cleanup.,coordinate_rescue,coordinate_rescue,Rustic / Primitive,no,High
mo-w8-binder-park-rv-campground,MO,Binder Park RV Campground,ORDINARY_CAMPGROUND_COORDINATE_RESCUE,Run practical address-to-map rescue; entrance/campground-area coordinate can be acceptable with honest popup.,Looks like ordinary campground/operator/city/county record held mainly for coordinate/source cleanup.,coordinate_rescue,coordinate_rescue,Rustic / Primitive,no,High
mo-w8-370-lakeside-park-rv,MO,370 Lakeside Park RV Campground,ORDINARY_CAMPGROUND_COORDINATE_RESCUE,Run practical address-to-map rescue; entrance/campground-area coordinate can be acceptable with honest popup.,Looks like ordinary campground/operator/city/county record held mainly for coordinate/source cleanup.,coordinate_rescue,coordinate_rescue,Modern Campgrounds,no,Medium
mo-w8-sundermeier-rv-park,MO,Sundermeier RV Park,ORDINARY_CAMPGROUND_COORDINATE_RESCUE,Run practical address-to-map rescue; entrance/campground-area coordinate can be acceptable with honest popup.,Looks like ordinary campground/operator/city/county record held mainly for coordinate/source cleanup.,coordinate_rescue,coordinate_rescue,Private Campgrounds,no,Medium
mo-w8-st-louis-west-route-66-koa,MO,St. Louis West / Historic Route 66 KOA Holiday,ORDINARY_CAMPGROUND_COORDINATE_RESCUE,Run practical address-to-map rescue; entrance/campground-area coordinate can be acceptable with honest popup.,Looks like ordinary campground/operator/city/county record held mainly for coordinate/source cleanup.,coordinate_rescue,coordinate_rescue,Private Campgrounds,no,Medium
mo-w8-pin-oak-rv-resort,MO,Pin Oak RV Resort / Pin Oak Creek RV Park,ORDINARY_CAMPGROUND_COORDINATE_RESCUE,Run practical address-to-map rescue; entrance/campground-area coordinate can be acceptable with honest popup.,Looks like ordinary campground/operator/city/county record held mainly for coordinate/source cleanup.,coordinate_rescue,coordinate_rescue,Private Campgrounds,no,Medium
mo-w8-hermann-city-park-campground,MO,Hermann City Park Campground,ORDINARY_CAMPGROUND_COORDINATE_RESCUE,Run practical address-to-map rescue; entrance/campground-area coordinate can be acceptable with honest popup.,Looks like ordinary campground/operator/city/county record held mainly for coordinate/source cleanup.,coordinate_rescue,coordinate_rescue,Modern Campgrounds,no,Medium
mo-w8-hickory-ridge-campground,MO,Hickory Ridge Campground,ORDINARY_CAMPGROUND_COORDINATE_RESCUE,Run practical address-to-map rescue; entrance/campground-area coordinate can be acceptable with honest popup.,Looks like ordinary campground/operator/city/county record held mainly for coordinate/source cleanup.,coordinate_rescue,coordinate_rescue,Private Campgrounds,no,Medium
mo-w8-cedar-creek-resort-rv,MO,Cedar Creek Resort & RV Park,ORDINARY_CAMPGROUND_COORDINATE_RESCUE,Run practical address-to-map rescue; entrance/campground-area coordinate can be acceptable with honest popup.,Looks like ordinary campground/operator/city/county record held mainly for coordinate/source cleanup.,coordinate_rescue,coordinate_rescue,Private Campgrounds,no,Medium
mo-w8-cottonwoods-rv-park,MO,Cottonwoods RV Park,ORDINARY_CAMPGROUND_COORDINATE_RESCUE,Run practical address-to-map rescue; entrance/campground-area coordinate can be acceptable with honest popup.,Looks like ordinary campground/operator/city/county record held mainly for coordinate/source cleanup.,coordinate_rescue,coordinate_rescue,Private Campgrounds,no,Medium
mo-w8-red-maples-rv-community,MO,Red Maples Homes & RV Community,REJECT_DUPLICATE_OR_CLOSURE_REVIEW,"Review for rejected ledger, duplicate merge, or closure/status note.","Status/action fields contain duplicate, wrong-state, closure, malformed, or do-not-import language.",needs_verification,needs_verification,Needs Verification,no,Medium
mo-w8-missouri-state-fairgrounds-public-campground,MO,Missouri State Fairgrounds Public/Main Campground,ORDINARY_CAMPGROUND_COORDINATE_RESCUE,Run practical address-to-map rescue; entrance/campground-area coordinate can be acceptable with honest popup.,Looks like ordinary campground/operator/city/county record held mainly for coordinate/source cleanup.,future_lead,out_of_scope_future_lead,Modern Campgrounds,no,Medium
mt-lead-flathead-nf-dispersed-mvum-rule-area,MT,Flathead National Forest dispersed camping / MVUM rule area,AREA_RULE_COMMUNITY_OR_OVERLAY_CANDIDATE,Evaluate as area/rule/community marker or overlay candidate; do not force exact campground coordinates.,"Looks like rule-area, boondocking, community, WMA/forest, permit, GIS, or overlay work.",coordinate_rescue,coordinate_rescue,Boondocking / Dispersed,no,High
mt-glacier-np-interior-campgrounds,MT,Glacier National Park interior campgrounds,TRUE_LEAD_RESEARCH_OR_EXTERNAL,Keep as lead until proof/geometry/status is resolved.,"Still has a proof, geometry, legality, duplicate, or current-status blocker.",future_lead,out_of_scope_future_lead,"Rustic / Primitive / Modern, varies",no,High
25,,,AREA_RULE_COMMUNITY_OR_OVERLAY_CANDIDATE,Evaluate as area/rule/community marker or overlay candidate; do not force exact campground coordinates.,"Looks like rule-area, boondocking, community, WMA/forest, permit, GIS, or overlay work.",coordinate_rescue,coordinate_rescue,,no,Medium
1,,,AREA_RULE_COMMUNITY_OR_OVERLAY_CANDIDATE,Evaluate as area/rule/community marker or overlay candidate; do not force exact campground coordinates.,"Looks like rule-area, boondocking, community, WMA/forest, permit, GIS, or overlay work.",future_lead,out_of_scope_future_lead,,no,Medium
mt-lead-fort-peck-project-primitive-campground-component-extraction,MT,Fort Peck Project primitive campground component extraction,ORDINARY_CAMPGROUND_COORDINATE_RESCUE,Run practical address-to-map rescue; entrance/campground-area coordinate can be acceptable with honest popup.,Looks like ordinary campground/operator/city/county record held mainly for coordinate/source cleanup.,coordinate_rescue,coordinate_rescue,Rustic / Primitive / Boat / Backpack,no,High
mt-lead-the-pines-recreation-area-campground-coordinate-rescue,MT,The Pines Recreation Area Campground,ORDINARY_CAMPGROUND_COORDINATE_RESCUE,Run practical address-to-map rescue; entrance/campground-area coordinate can be acceptable with honest popup.,Looks like ordinary campground/operator/city/county record held mainly for coordinate/source cleanup.,coordinate_rescue,coordinate_rescue,Rustic / Primitive,no,High
mt-lead-crooked-creek-fort-peck-campground-coordinate-rescue,MT,Crooked Creek Recreation Area / Campground,ORDINARY_CAMPGROUND_COORDINATE_RESCUE,Run practical address-to-map rescue; entrance/campground-area coordinate can be acceptable with honest popup.,Looks like ordinary campground/operator/city/county record held mainly for coordinate/source cleanup.,coordinate_rescue,coordinate_rescue,Rustic / Primitive,no,High
mt-lead-devils-creek-fort-peck-campground-coordinate-rescue,MT,Devils Creek Recreation Area / Campground,ORDINARY_CAMPGROUND_COORDINATE_RESCUE,Run practical address-to-map rescue; entrance/campground-area coordinate can be acceptable with honest popup.,Looks like ordinary campground/operator/city/county record held mainly for coordinate/source cleanup.,coordinate_rescue,coordinate_rescue,Rustic / Primitive,no,High
mt-lead-fourchette-bay-fort-peck-campground-coordinate-rescue,MT,Fourchette Bay / Forchette Bay Recreation Area Campground,ORDINARY_CAMPGROUND_COORDINATE_RESCUE,Run practical address-to-map rescue; entrance/campground-area coordinate can be acceptable with honest popup.,Looks like ordinary campground/operator/city/county record held mainly for coordinate/source cleanup.,coordinate_rescue,coordinate_rescue,Rustic / Primitive,no,High
mt-lead-nelson-creek-fort-peck-campground-coordinate-rescue,MT,Nelson Creek Recreation Area / Campground,ORDINARY_CAMPGROUND_COORDINATE_RESCUE,Run practical address-to-map rescue; entrance/campground-area coordinate can be acceptable with honest popup.,Looks like ordinary campground/operator/city/county record held mainly for coordinate/source cleanup.,coordinate_rescue,coordinate_rescue,Rustic / Primitive,no,High
mt-lead-mcguire-creek-fort-peck-campground-coordinate-rescue,MT,McGuire Creek Recreation Area / Campground,ORDINARY_CAMPGROUND_COORDINATE_RESCUE,Run practical address-to-map rescue; entrance/campground-area coordinate can be acceptable with honest popup.,Looks like ordinary campground/operator/city/county record held mainly for coordinate/source cleanup.,coordinate_rescue,coordinate_rescue,Rustic / Primitive,no,High
mt-lead-rock-creek-fort-peck-campground-coordinate-rescue,MT,Rock Creek Recreation Area / Campground,ORDINARY_CAMPGROUND_COORDINATE_RESCUE,Run practical address-to-map rescue; entrance/campground-area coordinate can be acceptable with honest popup.,Looks like ordinary campground/operator/city/county record held mainly for coordinate/source cleanup.,coordinate_rescue,coordinate_rescue,Rustic / Primitive / Private Campgrounds after proof,no,High
mt-lead-upper-missouri-river-breaks-river-campsite-point-extraction,MT,Upper Missouri River Breaks river campsites and shelter components,REJECT_DUPLICATE_OR_CLOSURE_REVIEW,"Review for rejected ledger, duplicate merge, or closure/status note.","Status/action fields contain duplicate, wrong-state, closure, malformed, or do-not-import language.",coordinate_rescue,coordinate_rescue,Boat / Backpack / Boondocking / Dispersed,no,High
mt-lead-cmr-nwr-access-campground-component-extraction,MT,CMR NWR named campground/access-site component extraction,AREA_RULE_COMMUNITY_OR_OVERLAY_CANDIDATE,Evaluate as area/rule/community marker or overlay candidate; do not force exact campground coordinates.,"Looks like rule-area, boondocking, community, WMA/forest, permit, GIS, or overlay work.",coordinate_rescue,coordinate_rescue,Boondocking / Dispersed / Rustic / Primitive,no,High
mt-verify-judith-landing-state-park-camping-status,MT,Judith Landing State Park / BLM Judith Landing camping status,TRUE_LEAD_RESEARCH_OR_EXTERNAL,Keep as lead until proof/geometry/status is resolved.,"Still has a proof, geometry, legality, duplicate, or current-status blocker.",needs_verification,needs_verification,Rustic / Primitive or Boat / Backpack after proof,no,High
mt-future-brush-lake-state-park-campground,MT,Brush Lake State Park campground,ORDINARY_CAMPGROUND_COORDINATE_RESCUE,Run practical address-to-map rescue; entrance/campground-area coordinate can be acceptable with honest popup.,Looks like ordinary campground/operator/city/county record held mainly for coordinate/source cleanup.,future_lead,out_of_scope_future_lead,Rustic / Primitive or Modern after proof,no,High
mt-lead-bannack-hike-bike-campsite-coordinate-rescue,MT,Bannack State Park hike-bike campsite / tent-pad component,REJECT_DUPLICATE_OR_CLOSURE_REVIEW,"Review for rejected ledger, duplicate merge, or closure/status note.","Status/action fields contain duplicate, wrong-state, closure, malformed, or do-not-import language.",coordinate_rescue,coordinate_rescue,Boat / Backpack,no,High
mt-lead-red-rock-lakes-river-marsh-campground-coordinate-rescue,MT,Red Rock Lakes NWR — River Marsh Campground,ORDINARY_CAMPGROUND_COORDINATE_RESCUE,Run practical address-to-map rescue; entrance/campground-area coordinate can be acceptable with honest popup.,Looks like ordinary campground/operator/city/county record held mainly for coordinate/source cleanup.,coordinate_rescue,coordinate_rescue,Rustic / Primitive,no,High
mt-lead-red-rock-lakes-upper-lake-campground-coordinate-rescue,MT,Red Rock Lakes NWR — Upper Lake Campground,ORDINARY_CAMPGROUND_COORDINATE_RESCUE,Run practical address-to-map rescue; entrance/campground-area coordinate can be acceptable with honest popup.,Looks like ordinary campground/operator/city/county record held mainly for coordinate/source cleanup.,coordinate_rescue,coordinate_rescue,Rustic / Primitive,no,High
mt-future-beavertail-hill-state-park-campground,MT,Beavertail Hill State Park Campground,ORDINARY_CAMPGROUND_COORDINATE_RESCUE,Run practical address-to-map rescue; entrance/campground-area coordinate can be acceptable with honest popup.,Looks like ordinary campground/operator/city/county record held mainly for coordinate/source cleanup.,future_lead,out_of_scope_future_lead,Modern Campgrounds or Rustic / Primitive after service review,no,High
mt-lead-madison-river-fas-camping-rule-gis-review,MT,Madison River FWP Fishing Access Sites camping eligibility review,AREA_RULE_COMMUNITY_OR_OVERLAY_CANDIDATE,Evaluate as area/rule/community marker or overlay candidate; do not force exact campground coordinates.,"Looks like rule-area, boondocking, community, WMA/forest, permit, GIS, or overlay work.",coordinate_rescue,coordinate_rescue,Rustic / Primitive or Boondocking / Dispersed depending site-specific FWP rules,no,High
mt-lead-blm-dillon-field-office-campground-gis-source-index,MT,BLM Dillon / Beaverhead / Ruby / Clark Canyon campground and camping-source index,AREA_RULE_COMMUNITY_OR_OVERLAY_CANDIDATE,Evaluate as area/rule/community marker or overlay candidate; do not force exact campground coordinates.,"Looks like rule-area, boondocking, community, WMA/forest, permit, GIS, or overlay work.",coordinate_rescue,coordinate_rescue,Rustic / Primitive or Boondocking / Dispersed depending source,no,High
mt-lead-custer-gallatin-dispersed-mvum-yellowstone-gallatin-corridor,MT,Custer-Gallatin NF dispersed camping / MVUM area-rule review — Yellowstone-Gallatin corridor,AREA_RULE_COMMUNITY_OR_OVERLAY_CANDIDATE,Evaluate as area/rule/community marker or overlay candidate; do not force exact campground coordinates.,"Looks like rule-area, boondocking, community, WMA/forest, permit, GIS, or overlay work.",coordinate_rescue,coordinate_rescue,Boondocking / Dispersed,no,High
mt-lead-beaverhead-deerlodge-dispersed-mvum-pioneer-big-hole-gravelly,MT,Beaverhead-Deerlodge NF dispersed camping / MVUM area-rule review — Pioneer / Big Hole / Gravelly corridor,AREA_RULE_COMMUNITY_OR_OVERLAY_CANDIDATE,Evaluate as area/rule/community marker or overlay candidate; do not force exact campground coordinates.,"Looks like rule-area, boondocking, community, WMA/forest, permit, GIS, or overlay work.",coordinate_rescue,coordinate_rescue,Boondocking / Dispersed,no,High
mt-lead-southwest-mt-fairgrounds-public-camping-status-review,MT,Southwest Montana county/city fairgrounds public camping status review,TRUE_LEAD_RESEARCH_OR_EXTERNAL,Keep as lead until proof/geometry/status is resolved.,"Still has a proof, geometry, legality, duplicate, or current-status blocker.",coordinate_rescue,coordinate_rescue,"Modern Campgrounds or Private/Local, if ordinary public camping is proven",no,Medium
oh-cedarlane-rv-resort-coordinate-rescue,OH,Cedarlane RV Resort,ORDINARY_CAMPGROUND_COORDINATE_RESCUE,Run practical address-to-map rescue; entrance/campground-area coordinate can be acceptable with honest popup.,Looks like ordinary campground/operator/city/county record held mainly for coordinate/source cleanup.,coordinate_rescue,coordinate_rescue,Private Campgrounds,no,Medium
oh-gilboa-quarry-rv-park-campground-coordinate-rescue,OH,Gilboa Quarry RV Park / Tent Camping,ORDINARY_CAMPGROUND_COORDINATE_RESCUE,Run practical address-to-map rescue; entrance/campground-area coordinate can be acceptable with honest popup.,Looks like ordinary campground/operator/city/county record held mainly for coordinate/source cleanup.,coordinate_rescue,coordinate_rescue,Private Campgrounds,no,Medium
oh-arrowhead-lake-rv-park-coordinate-rescue,OH,Arrowhead Lake RV Park,ORDINARY_CAMPGROUND_COORDINATE_RESCUE,Run practical address-to-map rescue; entrance/campground-area coordinate can be acceptable with honest popup.,Looks like ordinary campground/operator/city/county record held mainly for coordinate/source cleanup.,coordinate_rescue,coordinate_rescue,Private Campgrounds,no,Medium
oh-ottawa-county-fairgrounds-camping-public-access-check,OH,Ottawa County Fairgrounds Camping,ORDINARY_CAMPGROUND_COORDINATE_RESCUE,Run practical address-to-map rescue; entrance/campground-area coordinate can be acceptable with honest popup.,Looks like ordinary campground/operator/city/county record held mainly for coordinate/source cleanup.,coordinate_rescue,coordinate_rescue,Rustic / Primitive,no,High
oh-hardin-county-fairgrounds-camping-public-access-check,OH,Hardin County Fairgrounds Camping,REJECT_DUPLICATE_OR_CLOSURE_REVIEW,"Review for rejected ledger, duplicate merge, or closure/status note.","Status/action fields contain duplicate, wrong-state, closure, malformed, or do-not-import language.",coordinate_rescue,coordinate_rescue,Rustic / Primitive,no,High
oh-paulding-county-fairgrounds-camping-public-access-check,OH,Paulding County Fairgrounds Camping,ORDINARY_CAMPGROUND_COORDINATE_RESCUE,Run practical address-to-map rescue; entrance/campground-area coordinate can be acceptable with honest popup.,Looks like ordinary campground/operator/city/county record held mainly for coordinate/source cleanup.,coordinate_rescue,coordinate_rescue,Rustic / Primitive,no,High
oh-riverbend-recreation-area-campground-coordinate-qa,OH,Riverbend Recreation Area Campground,ORDINARY_CAMPGROUND_COORDINATE_RESCUE,Run practical address-to-map rescue; entrance/campground-area coordinate can be acceptable with honest popup.,Looks like ordinary campground/operator/city/county record held mainly for coordinate/source cleanup.,correction_candidate,correction_candidate,Boat / Backpack,no,High
9,,,AREA_RULE_COMMUNITY_OR_OVERLAY_CANDIDATE,Evaluate as area/rule/community marker or overlay candidate; do not force exact campground coordinates.,"Looks like rule-area, boondocking, community, WMA/forest, permit, GIS, or overlay work.",coordinate_rescue,coordinate_rescue,,no,Medium
6,,,AREA_RULE_COMMUNITY_OR_OVERLAY_CANDIDATE,Evaluate as area/rule/community marker or overlay candidate; do not force exact campground coordinates.,"Looks like rule-area, boondocking, community, WMA/forest, permit, GIS, or overlay work.",coordinate_rescue,coordinate_rescue,,no,Medium
oh-madison-london-trailside-camping,OH,London Trailside Camping / Prairie Grass Trailhead,TRUE_LEAD_RESEARCH_OR_EXTERNAL,Keep as lead until proof/geometry/status is resolved.,"Still has a proof, geometry, legality, duplicate, or current-status blocker.",coordinate_rescue,coordinate_rescue,Boat / Backpack,no,High
oh-plain-city-pastime-park-campground,OH,Pastime Park Campground,ORDINARY_CAMPGROUND_COORDINATE_RESCUE,Run practical address-to-map rescue; entrance/campground-area coordinate can be acceptable with honest popup.,Looks like ordinary campground/operator/city/county record held mainly for coordinate/source cleanup.,coordinate_rescue,coordinate_rescue,Modern Campgrounds + primitive tent component,no,High
oh-greene-old-town-reserve-primitive-camping,OH,Old Town Reserve Primitive Camping,ORDINARY_CAMPGROUND_COORDINATE_RESCUE,Run practical address-to-map rescue; entrance/campground-area coordinate can be acceptable with honest popup.,Looks like ordinary campground/operator/city/county record held mainly for coordinate/source cleanup.,coordinate_rescue,coordinate_rescue,Rustic / Primitive,no,High
oh-greene-jacoby-road-launch-primitive-camping,OH,Jacoby Road Launch Primitive Camping,TRUE_LEAD_RESEARCH_OR_EXTERNAL,Keep as lead until proof/geometry/status is resolved.,"Still has a proof, geometry, legality, duplicate, or current-status blocker.",coordinate_rescue,coordinate_rescue,Boat / Backpack,no,High
oh-greene-narrows-reserve-primitive-camping,OH,Narrows Reserve Primitive Camping,TRUE_LEAD_RESEARCH_OR_EXTERNAL,Keep as lead until proof/geometry/status is resolved.,"Still has a proof, geometry, legality, duplicate, or current-status blocker.",coordinate_rescue,coordinate_rescue,Boat / Backpack,no,High
oh-greene-angels-pass-park-camping,OH,Angels Pass Park Campsites,ORDINARY_CAMPGROUND_COORDINATE_RESCUE,Run practical address-to-map rescue; entrance/campground-area coordinate can be acceptable with honest popup.,Looks like ordinary campground/operator/city/county record held mainly for coordinate/source cleanup.,coordinate_rescue,coordinate_rescue,Rustic / Primitive,no,High
oh-franklin-alton-rv-park,OH,Alton RV Park,ORDINARY_CAMPGROUND_COORDINATE_RESCUE,Run practical address-to-map rescue; entrance/campground-area coordinate can be acceptable with honest popup.,Looks like ordinary campground/operator/city/county record held mainly for coordinate/source cleanup.,coordinate_rescue,coordinate_rescue,Private Campgrounds,no,Medium
oh-expo-center-korbel-rv-park-event-camping,OH,Ohio Expo Center / Korbel Campgrounds RV Park,ORDINARY_CAMPGROUND_COORDINATE_RESCUE,Run practical address-to-map rescue; entrance/campground-area coordinate can be acceptable with honest popup.,Looks like ordinary campground/operator/city/county record held mainly for coordinate/source cleanup.,needs_verification,needs_verification,Private Campgrounds / Event-venue camping,no,Medium
oh-mercer-county-fairgrounds-campground,OH,Mercer County Fairgrounds Campground,ORDINARY_CAMPGROUND_COORDINATE_RESCUE,Run practical address-to-map rescue; entrance/campground-area coordinate can be acceptable with honest popup.,Looks like ordinary campground/operator/city/county record held mainly for coordinate/source cleanup.,coordinate_rescue,coordinate_rescue,Rustic / Primitive or Modern pending public status,no,High
22,,,AREA_RULE_COMMUNITY_OR_OVERLAY_CANDIDATE,Evaluate as area/rule/community marker or overlay candidate; do not force exact campground coordinates.,"Looks like rule-area, boondocking, community, WMA/forest, permit, GIS, or overlay work.",existing_lead_update,ledger_update,,no,Medium
8,,,AREA_RULE_COMMUNITY_OR_OVERLAY_CANDIDATE,Evaluate as area/rule/community marker or overlay candidate; do not force exact campground coordinates.,"Looks like rule-area, boondocking, community, WMA/forest, permit, GIS, or overlay work.",coordinate_rescue,coordinate_rescue,,no,Medium
oh-lawrence-wayne-nf-oak-hill-campground,OH,Oak Hill Campground / Pine Knob Loop component,ORDINARY_CAMPGROUND_COORDINATE_RESCUE,Run practical address-to-map rescue; entrance/campground-area coordinate can be acceptable with honest popup.,Looks like ordinary campground/operator/city/county record held mainly for coordinate/source cleanup.,correction_candidate,correction_candidate,Modern Campgrounds or Rustic / Primitive — preserve existing unless corrected,no,High
oh-wayne-national-forest-dispersed-camping-rule-area,OH,Wayne NF Dispersed / OHV Camping Rule Area,AREA_RULE_COMMUNITY_OR_OVERLAY_CANDIDATE,Evaluate as area/rule/community marker or overlay candidate; do not force exact campground coordinates.,"Looks like rule-area, boondocking, community, WMA/forest, permit, GIS, or overlay work.",correction_candidate,correction_candidate,Boondocking / Dispersed,no,High
oh-ross-great-seal-state-park-primitive-equestrian-campground-coordinate-rescue,OH,Great Seal State Park Campground,ORDINARY_CAMPGROUND_COORDINATE_RESCUE,Run practical address-to-map rescue; entrance/campground-area coordinate can be acceptable with honest popup.,Looks like ordinary campground/operator/city/county record held mainly for coordinate/source cleanup.,coordinate_rescue,coordinate_rescue,Rustic / Primitive,no,High
oh-harrison-harrison-state-forest-ronsheim-trailriders-campgrounds-coordinate-rescue,OH,Harrison State Forest — Ronsheim Campground and Trailriders Campground,AREA_RULE_COMMUNITY_OR_OVERLAY_CANDIDATE,Evaluate as area/rule/community marker or overlay candidate; do not force exact campground coordinates.,"Looks like rule-area, boondocking, community, WMA/forest, permit, GIS, or overlay work.",coordinate_rescue,coordinate_rescue,Rustic / Primitive,no,High
oh-jefferson-fernwood-state-forest-hidden-hollow-campground-coordinate-rescue,OH,Fernwood State Forest — Hidden Hollow Campground,AREA_RULE_COMMUNITY_OR_OVERLAY_CANDIDATE,Evaluate as area/rule/community marker or overlay candidate; do not force exact campground coordinates.,"Looks like rule-area, boondocking, community, WMA/forest, permit, GIS, or overlay work.",coordinate_rescue,coordinate_rescue,Rustic / Primitive,no,High
oh-muskingum-perry-morgan-jesse-owens-big-muskie-campground-coordinate-rescue,OH,Jesse Owens State Park / Big Muskie Campground update,ORDINARY_CAMPGROUND_COORDINATE_RESCUE,Run practical address-to-map rescue; entrance/campground-area coordinate can be acceptable with honest popup.,Looks like ordinary campground/operator/city/county record held mainly for coordinate/source cleanup.,coordinate_rescue,coordinate_rescue,Modern Campgrounds + Rustic / Primitive components,no,High
oh-washington-county-licensed-rv-campground-cluster-public-proof-coordinate-rescue,OH,Washington County licensed campground/RV park cluster,ORDINARY_CAMPGROUND_COORDINATE_RESCUE,Run practical address-to-map rescue; entrance/campground-area coordinate can be acceptable with honest popup.,Looks like ordinary campground/operator/city/county record held mainly for coordinate/source cleanup.,coordinate_rescue,coordinate_rescue,Private Campgrounds,no,Medium
oh-future-buck-creek-sp-campground-renovation-status-check,OH,Buck Creek State Park Campground renovation status,ORDINARY_CAMPGROUND_COORDINATE_RESCUE,Run practical address-to-map rescue; entrance/campground-area coordinate can be acceptable with honest popup.,Looks like ordinary campground/operator/city/county record held mainly for coordinate/source cleanup.,future_lead,out_of_scope_future_lead,Modern Campgrounds,no,Medium
2,,,AREA_RULE_COMMUNITY_OR_OVERLAY_CANDIDATE,Evaluate as area/rule/community marker or overlay candidate; do not force exact campground coordinates.,"Looks like rule-area, boondocking, community, WMA/forest, permit, GIS, or overlay work.",needs_verification,needs_verification,,no,Medium
5,,,AREA_RULE_COMMUNITY_OR_OVERLAY_CANDIDATE,Evaluate as area/rule/community marker or overlay candidate; do not force exact campground coordinates.,"Looks like rule-area, boondocking, community, WMA/forest, permit, GIS, or overlay work.",coordinate_rescue,coordinate_rescue,,no,Medium
ky-lead-lbl-hillman-ferry-campground-coordinate-rescue,KY,Hillman Ferry Campground,ORDINARY_CAMPGROUND_COORDINATE_RESCUE,Run practical address-to-map rescue; entrance/campground-area coordinate can be acceptable with honest popup.,Looks like ordinary campground/operator/city/county record held mainly for coordinate/source cleanup.,coordinate_rescue,coordinate_rescue,Modern Campgrounds,no,Medium
ky-lead-lbl-energy-lake-campground-coordinate-rescue,KY,Energy Lake Campground,ORDINARY_CAMPGROUND_COORDINATE_RESCUE,Run practical address-to-map rescue; entrance/campground-area coordinate can be acceptable with honest popup.,Looks like ordinary campground/operator/city/county record held mainly for coordinate/source cleanup.,coordinate_rescue,coordinate_rescue,Modern Campgrounds,no,Medium
ky-lead-lbl-wranglers-campground-coordinate-rescue,KY,Wranglers Campground,ORDINARY_CAMPGROUND_COORDINATE_RESCUE,Run practical address-to-map rescue; entrance/campground-area coordinate can be acceptable with honest popup.,Looks like ordinary campground/operator/city/county record held mainly for coordinate/source cleanup.,coordinate_rescue,coordinate_rescue,Modern Campgrounds,no,Medium
ky-lead-lbl-turkey-bay-ohv-camping-coordinate-rescue,KY,Turkey Bay OHV Camping Area,AREA_RULE_COMMUNITY_OR_OVERLAY_CANDIDATE,Evaluate as area/rule/community marker or overlay candidate; do not force exact campground coordinates.,"Looks like rule-area, boondocking, community, WMA/forest, permit, GIS, or overlay work.",coordinate_rescue,coordinate_rescue,Rustic / Primitive,no,High
ky-lead-lbl-self-service-campgrounds-11-gis-extraction,KY,"LBL Self-Service Campgrounds — Cravens Bay, Fenton, Nickell Branch, Birmingham Ferry, Smith Bay, Sugar Bay, Taylor Bay, Redd Hollow, Boswell Landing, Gatlin Point, Turkey Bay",ORDINARY_CAMPGROUND_COORDINATE_RESCUE,Run practical address-to-map rescue; entrance/campground-area coordinate can be acceptable with honest popup.,Looks like ordinary campground/operator/city/county record held mainly for coordinate/source cleanup.,coordinate_rescue,coordinate_rescue,Rustic / Primitive,no,High
ky-lead-lbl-backcountry-basic-dispersed-mvum-geometry,KY,LBL Backcountry / Basic Camping Areas / Dispersed Permit Areas,AREA_RULE_COMMUNITY_OR_OVERLAY_CANDIDATE,Evaluate as area/rule/community marker or overlay candidate; do not force exact campground coordinates.,"Looks like rule-area, boondocking, community, WMA/forest, permit, GIS, or overlay work.",coordinate_rescue,coordinate_rescue,Boondocking / Dispersed,no,High
tn-future-lbl-piney-campground,TN,Piney Campground,REJECT_DUPLICATE_OR_CLOSURE_REVIEW,"Review for rejected ledger, duplicate merge, or closure/status note.","Status/action fields contain duplicate, wrong-state, closure, malformed, or do-not-import language.",future_lead,out_of_scope_future_lead,Modern Campgrounds,no,Medium
ky-lead-lake-barkley-canal-usace-coordinate-rescue,KY,Canal Campground,ORDINARY_CAMPGROUND_COORDINATE_RESCUE,Run practical address-to-map rescue; entrance/campground-area coordinate can be acceptable with honest popup.,Looks like ordinary campground/operator/city/county record held mainly for coordinate/source cleanup.,coordinate_rescue,coordinate_rescue,Modern Campgrounds,no,Medium
ky-lead-lake-barkley-eureka-usace-coordinate-rescue,KY,Eureka Campground,ORDINARY_CAMPGROUND_COORDINATE_RESCUE,Run practical address-to-map rescue; entrance/campground-area coordinate can be acceptable with honest popup.,Looks like ordinary campground/operator/city/county record held mainly for coordinate/source cleanup.,coordinate_rescue,coordinate_rescue,Modern Campgrounds,no,Medium
ky-lead-lake-barkley-hurricane-creek-usace-coordinate-rescue,KY,Hurricane Creek Campground,ORDINARY_CAMPGROUND_COORDINATE_RESCUE,Run practical address-to-map rescue; entrance/campground-area coordinate can be acceptable with honest popup.,Looks like ordinary campground/operator/city/county record held mainly for coordinate/source cleanup.,coordinate_rescue,coordinate_rescue,Modern Campgrounds,no,Medium
ky-needs-lake-barkley-cadiz-recgov-component-type,KY,Cadiz Recreation Area / Cadiz Lake Barkley Component,TRUE_LEAD_RESEARCH_OR_EXTERNAL,Keep as lead until proof/geometry/status is resolved.,"Still has a proof, geometry, legality, duplicate, or current-status blocker.",needs_verification,needs_verification,Needs Verification,no,Medium
tn-future-lake-barkley-tn-usace-campgrounds,TN,Bumpus Mills / Dover / Dyers Creek Lake Barkley Campgrounds,REJECT_DUPLICATE_OR_CLOSURE_REVIEW,"Review for rejected ledger, duplicate merge, or closure/status note.","Status/action fields contain duplicate, wrong-state, closure, malformed, or do-not-import language.",future_lead,out_of_scope_future_lead,Modern Campgrounds,no,Medium
ky-lead-west-kentucky-wma-designated-primitive-camp-coordinate-rescue,KY,West Kentucky WMA Designated Camping Site,AREA_RULE_COMMUNITY_OR_OVERLAY_CANDIDATE,Evaluate as area/rule/community marker or overlay candidate; do not force exact campground coordinates.,"Looks like rule-area, boondocking, community, WMA/forest, permit, GIS, or overlay work.",coordinate_rescue,coordinate_rescue,Rustic / Primitive,no,High
ky-lead-peabody-wma-designated-fishing-access-camping-geometry,KY,Peabody WMA Designated Lake/Access Camping Sites,AREA_RULE_COMMUNITY_OR_OVERLAY_CANDIDATE,Evaluate as area/rule/community marker or overlay candidate; do not force exact campground coordinates.,"Looks like rule-area, boondocking, community, WMA/forest, permit, GIS, or overlay work.",coordinate_rescue,coordinate_rescue,Boondocking / Dispersed,no,High
ky-lead-higginson-henry-wma-designated-camping-coordinate-rescue,KY,Higginson-Henry WMA Designated Camping,AREA_RULE_COMMUNITY_OR_OVERLAY_CANDIDATE,Evaluate as area/rule/community marker or overlay candidate; do not force exact campground coordinates.,"Looks like rule-area, boondocking, community, WMA/forest, permit, GIS, or overlay work.",coordinate_rescue,coordinate_rescue,Rustic / Primitive,no,High
ky-lead-ballard-wma-seasonal-access-camping-coordinate-rescue,KY,Ballard WMA Seasonal Access Camping Sites,AREA_RULE_COMMUNITY_OR_OVERLAY_CANDIDATE,Evaluate as area/rule/community marker or overlay candidate; do not force exact campground coordinates.,"Looks like rule-area, boondocking, community, WMA/forest, permit, GIS, or overlay work.",coordinate_rescue,coordinate_rescue,Rustic / Primitive,no,High
ky-lead-ohio-county-park-campground-coordinate-policy-rescue,KY,Ohio County Park & Campground,ORDINARY_CAMPGROUND_COORDINATE_RESCUE,Run practical address-to-map rescue; entrance/campground-area coordinate can be acceptable with honest popup.,Looks like ordinary campground/operator/city/county record held mainly for coordinate/source cleanup.,coordinate_rescue,coordinate_rescue,Modern Campgrounds,no,Medium
ky-lead-diamond-lake-resort-campground-coordinate-rescue,KY,Diamond Lake Resort Campground,ORDINARY_CAMPGROUND_COORDINATE_RESCUE,Run practical address-to-map rescue; entrance/campground-area coordinate can be acceptable with honest popup.,Looks like ordinary campground/operator/city/county record held mainly for coordinate/source cleanup.,coordinate_rescue,coordinate_rescue,Private Campgrounds,no,Medium
ky-lead-camp-safe-haven-coordinate-rescue,KY,Camp Safe Haven,ORDINARY_CAMPGROUND_COORDINATE_RESCUE,Run practical address-to-map rescue; entrance/campground-area coordinate can be acceptable with honest popup.,Looks like ordinary campground/operator/city/county record held mainly for coordinate/source cleanup.,coordinate_rescue,coordinate_rescue,Private Campgrounds,no,Medium
ky-needs-windy-hollow-campground-operator-proof,KY,Windy Hollow Campground,ORDINARY_CAMPGROUND_COORDINATE_RESCUE,Run practical address-to-map rescue; entrance/campground-area coordinate can be acceptable with honest popup.,Looks like ordinary campground/operator/city/county record held mainly for coordinate/source cleanup.,needs_verification,needs_verification,Private Campgrounds,no,Medium
ky-lead-big-bear-resort-campground-coordinate-rescue,KY,Big Bear Resort Campground,ORDINARY_CAMPGROUND_COORDINATE_RESCUE,Run practical address-to-map rescue; entrance/campground-area coordinate can be acceptable with honest popup.,Looks like ordinary campground/operator/city/county record held mainly for coordinate/source cleanup.,coordinate_rescue,coordinate_rescue,Private Campgrounds,no,Medium
ky-lead-prizer-point-koa-coordinate-rescue,KY,Kentucky Lakes / Prizer Point KOA,ORDINARY_CAMPGROUND_COORDINATE_RESCUE,Run practical address-to-map rescue; entrance/campground-area coordinate can be acceptable with honest popup.,Looks like ordinary campground/operator/city/county record held mainly for coordinate/source cleanup.,coordinate_rescue,coordinate_rescue,Private Campgrounds,no,Medium
ky-lead-paducah-i24-kentucky-lake-koa-coordinate-rescue,KY,Paducah / I-24 / Kentucky Lake KOA Journey,ORDINARY_CAMPGROUND_COORDINATE_RESCUE,Run practical address-to-map rescue; entrance/campground-area coordinate can be acceptable with honest popup.,Looks like ordinary campground/operator/city/county record held mainly for coordinate/source cleanup.,coordinate_rescue,coordinate_rescue,Private Campgrounds,no,Medium
ky-future-yellowbank-wma-designated-camping,KY,Yellowbank WMA Designated Camping,AREA_RULE_COMMUNITY_OR_OVERLAY_CANDIDATE,Evaluate as area/rule/community marker or overlay candidate; do not force exact campground coordinates.,"Looks like rule-area, boondocking, community, WMA/forest, permit, GIS, or overlay work.",future_lead,out_of_scope_future_lead,Rustic / Primitive,no,High
19,,,AREA_RULE_COMMUNITY_OR_OVERLAY_CANDIDATE,Evaluate as area/rule/community marker or overlay candidate; do not force exact campground coordinates.,"Looks like rule-area, boondocking, community, WMA/forest, permit, GIS, or overlay work.",coordinate_rescue,coordinate_rescue,,no,Medium
3,,,AREA_RULE_COMMUNITY_OR_OVERLAY_CANDIDATE,Evaluate as area/rule/community marker or overlay candidate; do not force exact campground coordinates.,"Looks like rule-area, boondocking, community, WMA/forest, permit, GIS, or overlay work.",area_geometry_extraction,area_geometry_extraction,,no,Medium
0,,,AREA_RULE_COMMUNITY_OR_OVERLAY_CANDIDATE,Evaluate as area/rule/community marker or overlay candidate; do not force exact campground coordinates.,"Looks like rule-area, boondocking, community, WMA/forest, permit, GIS, or overlay work.",area_geometry_extraction,area_geometry_extraction,,no,Medium
ky-w8-daniel-boone-nf-dispersed-area-rule,KY,Daniel Boone NF dispersed camping rule area,AREA_RULE_COMMUNITY_OR_OVERLAY_CANDIDATE,Evaluate as area/rule/community marker or overlay candidate; do not force exact campground coordinates.,"Looks like rule-area, boondocking, community, WMA/forest, permit, GIS, or overlay work.",area_geometry_extraction,area_geometry_extraction,Boondocking / Dispersed,no,High
ky-w8-red-river-gorge-backcountry-restriction-cleanup,KY,Red River Gorge backcountry/dispersed camping restriction language,AREA_RULE_COMMUNITY_OR_OVERLAY_CANDIDATE,Evaluate as area/rule/community marker or overlay candidate; do not force exact campground coordinates.,"Looks like rule-area, boondocking, community, WMA/forest, permit, GIS, or overlay work.",correction_candidate,correction_candidate,Boondocking / Dispersed,no,High
ky-w8-holly-bay-walk-in-primitive-split,KY,Holly Bay walk-in primitive tent sites,ORDINARY_CAMPGROUND_COORDINATE_RESCUE,Run practical address-to-map rescue; entrance/campground-area coordinate can be acceptable with honest popup.,Looks like ordinary campground/operator/city/county record held mainly for coordinate/source cleanup.,coordinate_rescue,coordinate_rescue,Rustic / Primitive,no,High
ky-w8-kendall-campground,KY,Kendall Campground,ORDINARY_CAMPGROUND_COORDINATE_RESCUE,Run practical address-to-map rescue; entrance/campground-area coordinate can be acceptable with honest popup.,Looks like ordinary campground/operator/city/county record held mainly for coordinate/source cleanup.,coordinate_rescue,coordinate_rescue,Modern Campgrounds,no,Medium
ky-w8-waitsboro-campground,KY,Waitsboro Campground,ORDINARY_CAMPGROUND_COORDINATE_RESCUE,Run practical address-to-map rescue; entrance/campground-area coordinate can be acceptable with honest popup.,Looks like ordinary campground/operator/city/county record held mainly for coordinate/source cleanup.,coordinate_rescue,coordinate_rescue,Modern Campgrounds,no,Medium
ky-w8-fishing-creek-campground,KY,Fishing Creek Campground,ORDINARY_CAMPGROUND_COORDINATE_RESCUE,Run practical address-to-map rescue; entrance/campground-area coordinate can be acceptable with honest popup.,Looks like ordinary campground/operator/city/county record held mainly for coordinate/source cleanup.,coordinate_rescue,coordinate_rescue,Modern Campgrounds,no,Medium
ky-w8-fall-creek-campground,KY,Fall Creek Campground,ORDINARY_CAMPGROUND_COORDINATE_RESCUE,Run practical address-to-map rescue; entrance/campground-area coordinate can be acceptable with honest popup.,Looks like ordinary campground/operator/city/county record held mainly for coordinate/source cleanup.,coordinate_rescue,coordinate_rescue,Modern Campgrounds,no,Medium
ky-w8-cumberland-point-campground,KY,Cumberland Point Campground,ORDINARY_CAMPGROUND_COORDINATE_RESCUE,Run practical address-to-map rescue; entrance/campground-area coordinate can be acceptable with honest popup.,Looks like ordinary campground/operator/city/county record held mainly for coordinate/source cleanup.,coordinate_rescue,coordinate_rescue,Modern Campgrounds,no,Medium
ky-w8-dog-creek-campground,KY,Dog Creek Campground,ORDINARY_CAMPGROUND_COORDINATE_RESCUE,Run practical address-to-map rescue; entrance/campground-area coordinate can be acceptable with honest popup.,Looks like ordinary campground/operator/city/county record held mainly for coordinate/source cleanup.,coordinate_rescue,coordinate_rescue,Modern Campgrounds,no,Medium
ky-w8-moutardier-campground,KY,Moutardier Campground,ORDINARY_CAMPGROUND_COORDINATE_RESCUE,Run practical address-to-map rescue; entrance/campground-area coordinate can be acceptable with honest popup.,Looks like ordinary campground/operator/city/county record held mainly for coordinate/source cleanup.,coordinate_rescue,coordinate_rescue,Modern Campgrounds,no,Medium
ky-w8-wax-campground,KY,Wax Campground,ORDINARY_CAMPGROUND_COORDINATE_RESCUE,Run practical address-to-map rescue; entrance/campground-area coordinate can be acceptable with honest popup.,Looks like ordinary campground/operator/city/county record held mainly for coordinate/source cleanup.,coordinate_rescue,coordinate_rescue,Modern Campgrounds,no,Medium
ky-w8-holmes-bend-campground,KY,Holmes Bend Campground,ORDINARY_CAMPGROUND_COORDINATE_RESCUE,Run practical address-to-map rescue; entrance/campground-area coordinate can be acceptable with honest popup.,Looks like ordinary campground/operator/city/county record held mainly for coordinate/source cleanup.,coordinate_rescue,coordinate_rescue,Modern Campgrounds,no,Medium
ky-w8-pikes-ridge-campground,KY,Pikes Ridge Campground,ORDINARY_CAMPGROUND_COORDINATE_RESCUE,Run practical address-to-map rescue; entrance/campground-area coordinate can be acceptable with honest popup.,Looks like ordinary campground/operator/city/county record held mainly for coordinate/source cleanup.,coordinate_rescue,coordinate_rescue,Modern Campgrounds,no,Medium
ky-w8-smith-ridge-campground,KY,Smith Ridge Campground,ORDINARY_CAMPGROUND_COORDINATE_RESCUE,Run practical address-to-map rescue; entrance/campground-area coordinate can be acceptable with honest popup.,Looks like ordinary campground/operator/city/county record held mainly for coordinate/source cleanup.,coordinate_rescue,coordinate_rescue,Modern Campgrounds,no,Medium
ky-w8-buckhorn-campground,KY,Buckhorn Campground,ORDINARY_CAMPGROUND_COORDINATE_RESCUE,Run practical address-to-map rescue; entrance/campground-area coordinate can be acceptable with honest popup.,Looks like ordinary campground/operator/city/county record held mainly for coordinate/source cleanup.,coordinate_rescue,coordinate_rescue,Modern Campgrounds,no,Medium
ky-w8-trace-branch-campground,KY,Trace Branch Campground,ORDINARY_CAMPGROUND_COORDINATE_RESCUE,Run practical address-to-map rescue; entrance/campground-area coordinate can be acceptable with honest popup.,Looks like ordinary campground/operator/city/county record held mainly for coordinate/source cleanup.,coordinate_rescue,coordinate_rescue,Modern Campgrounds,no,Medium
ky-w8-littcarr-campground,KY,Littcarr Campground,ORDINARY_CAMPGROUND_COORDINATE_RESCUE,Run practical address-to-map rescue; entrance/campground-area coordinate can be acceptable with honest popup.,Looks like ordinary campground/operator/city/county record held mainly for coordinate/source cleanup.,coordinate_rescue,coordinate_rescue,Modern Campgrounds,no,Medium
ky-w8-dewey-lake-shoreline-sites,KY,Dewey Lake Campground Shoreline Sites,ORDINARY_CAMPGROUND_COORDINATE_RESCUE,Run practical address-to-map rescue; entrance/campground-area coordinate can be acceptable with honest popup.,Looks like ordinary campground/operator/city/county record held mainly for coordinate/source cleanup.,coordinate_rescue,coordinate_rescue,Boat / Backpack,no,High
ky-w8-fishtrap-grapevine-camping,KY,Grapevine Recreation Area camping / Fishtrap Lake,ORDINARY_CAMPGROUND_COORDINATE_RESCUE,Run practical address-to-map rescue; entrance/campground-area coordinate can be acceptable with honest popup.,Looks like ordinary campground/operator/city/county record held mainly for coordinate/source cleanup.,coordinate_rescue,coordinate_rescue,Rustic / Primitive,no,High
ky-w8-alum-ford-campground,KY,Alum Ford Campground,ORDINARY_CAMPGROUND_COORDINATE_RESCUE,Run practical address-to-map rescue; entrance/campground-area coordinate can be acceptable with honest popup.,Looks like ordinary campground/operator/city/county record held mainly for coordinate/source cleanup.,coordinate_rescue,coordinate_rescue,Rustic / Primitive,no,High
ky-w8-blue-heron-campground,KY,Blue Heron Campground,ORDINARY_CAMPGROUND_COORDINATE_RESCUE,Run practical address-to-map rescue; entrance/campground-area coordinate can be acceptable with honest popup.,Looks like ordinary campground/operator/city/county record held mainly for coordinate/source cleanup.,coordinate_rescue,coordinate_rescue,Modern Campgrounds,no,Medium
ky-w8-bear-creek-horse-camp,KY,Bear Creek Horse Camp / Campground KY,ORDINARY_CAMPGROUND_COORDINATE_RESCUE,Run practical address-to-map rescue; entrance/campground-area coordinate can be acceptable with honest popup.,Looks like ordinary campground/operator/city/county record held mainly for coordinate/source cleanup.,coordinate_rescue,coordinate_rescue,Modern Campgrounds,no,Medium
ky-w8-kentenia-state-forest-primitive,KY,Kentenia State Forest primitive camping area,AREA_RULE_COMMUNITY_OR_OVERLAY_CANDIDATE,Evaluate as area/rule/community marker or overlay candidate; do not force exact campground coordinates.,"Looks like rule-area, boondocking, community, WMA/forest, permit, GIS, or overlay work.",area_geometry_extraction,area_geometry_extraction,Boondocking / Dispersed,no,High
ky-w8-kentucky-ridge-state-forest-primitive,KY,Kentucky Ridge State Forest primitive camping area,AREA_RULE_COMMUNITY_OR_OVERLAY_CANDIDATE,Evaluate as area/rule/community marker or overlay candidate; do not force exact campground coordinates.,"Looks like rule-area, boondocking, community, WMA/forest, permit, GIS, or overlay work.",area_geometry_extraction,area_geometry_extraction,Boondocking / Dispersed,no,High
ky-w8-kingdom-come-primitive-camping,KY,Kingdom Come State Park primitive camping,ORDINARY_CAMPGROUND_COORDINATE_RESCUE,Run practical address-to-map rescue; entrance/campground-area coordinate can be acceptable with honest popup.,Looks like ordinary campground/operator/city/county record held mainly for coordinate/source cleanup.,coordinate_rescue,coordinate_rescue,Rustic / Primitive,no,High
ky-w8-levi-jackson-campground,KY,Levi Jackson Wilderness Road Park Campground,ORDINARY_CAMPGROUND_COORDINATE_RESCUE,Run practical address-to-map rescue; entrance/campground-area coordinate can be acceptable with honest popup.,Looks like ordinary campground/operator/city/county record held mainly for coordinate/source cleanup.,coordinate_rescue,coordinate_rescue,Modern Campgrounds,no,Medium
ky-w8-kentucky-horse-park-campground,KY,Kentucky Horse Park Campground,ORDINARY_CAMPGROUND_COORDINATE_RESCUE,Run practical address-to-map rescue; entrance/campground-area coordinate can be acceptable with honest popup.,Looks like ordinary campground/operator/city/county record held mainly for coordinate/source cleanup.,coordinate_rescue,coordinate_rescue,Modern Campgrounds,no,Medium
ky-w8-oh-kentucky-rv-park,KY,Oh! Kentucky RV Park & Campground,ORDINARY_CAMPGROUND_COORDINATE_RESCUE,Run practical address-to-map rescue; entrance/campground-area coordinate can be acceptable with honest popup.,Looks like ordinary campground/operator/city/county record held mainly for coordinate/source cleanup.,coordinate_rescue,coordinate_rescue,Private Campgrounds,no,Medium
ky-w8-walnut-meadow-rv-park,KY,Walnut Meadow RV Park,ORDINARY_CAMPGROUND_COORDINATE_RESCUE,Run practical address-to-map rescue; entrance/campground-area coordinate can be acceptable with honest popup.,Looks like ordinary campground/operator/city/county record held mainly for coordinate/source cleanup.,coordinate_rescue,coordinate_rescue,Private Campgrounds,no,Medium
ky-w8-4-guys-rv-park,KY,4 Guys RV Park,ORDINARY_CAMPGROUND_COORDINATE_RESCUE,Run practical address-to-map rescue; entrance/campground-area coordinate can be acceptable with honest popup.,Looks like ordinary campground/operator/city/county record held mainly for coordinate/source cleanup.,coordinate_rescue,coordinate_rescue,Private Campgrounds,no,Medium
ky-w8-natural-bridge-campground-private,KY,Natural Bridge Campground / Red River Gorge Vacations,REJECT_DUPLICATE_OR_CLOSURE_REVIEW,"Review for rejected ledger, duplicate merge, or closure/status note.","Status/action fields contain duplicate, wrong-state, closure, malformed, or do-not-import language.",coordinate_rescue,coordinate_rescue,Private Campgrounds,no,Medium
ky-w8-callies-lake-campground,KY,Callie’s Lake and Campground,ORDINARY_CAMPGROUND_COORDINATE_RESCUE,Run practical address-to-map rescue; entrance/campground-area coordinate can be acceptable with honest popup.,Looks like ordinary campground/operator/city/county record held mainly for coordinate/source cleanup.,coordinate_rescue,coordinate_rescue,Private Campgrounds,no,Medium
ky-w8-daniel-boone-campground-private,KY,Daniel Boone Campground,ORDINARY_CAMPGROUND_COORDINATE_RESCUE,Run practical address-to-map rescue; entrance/campground-area coordinate can be acceptable with honest popup.,Looks like ordinary campground/operator/city/county record held mainly for coordinate/source cleanup.,coordinate_rescue,coordinate_rescue,Private Campgrounds,no,Medium
ky-w8-re-lode-campground,KY,Re-Lode Campground,ORDINARY_CAMPGROUND_COORDINATE_RESCUE,Run practical address-to-map rescue; entrance/campground-area coordinate can be acceptable with honest popup.,Looks like ordinary campground/operator/city/county record held mainly for coordinate/source cleanup.,coordinate_rescue,coordinate_rescue,Private Campgrounds,no,Medium
ky-w8-firefly-hills-rv-park,KY,Firefly Hills RV Park,ORDINARY_CAMPGROUND_COORDINATE_RESCUE,Run practical address-to-map rescue; entrance/campground-area coordinate can be acceptable with honest popup.,Looks like ordinary campground/operator/city/county record held mainly for coordinate/source cleanup.,coordinate_rescue,coordinate_rescue,Private Campgrounds,no,Medium
ky-w8-camp-on-the-kentucky,KY,Camp on the Kentucky RV Park and Campground,ORDINARY_CAMPGROUND_COORDINATE_RESCUE,Run practical address-to-map rescue; entrance/campground-area coordinate can be acceptable with honest popup.,Looks like ordinary campground/operator/city/county record held mainly for coordinate/source cleanup.,coordinate_rescue,coordinate_rescue,Private Campgrounds,no,Medium
ky-w8-elkhorn-creek-rv-park,KY,Elkhorn Creek RV Park,ORDINARY_CAMPGROUND_COORDINATE_RESCUE,Run practical address-to-map rescue; entrance/campground-area coordinate can be acceptable with honest popup.,Looks like ordinary campground/operator/city/county record held mainly for coordinate/source cleanup.,coordinate_rescue,coordinate_rescue,Private Campgrounds,no,Medium
ky-w8-oasis-point-rv-resort,KY,Oasis Point RV Resort,ORDINARY_CAMPGROUND_COORDINATE_RESCUE,Run practical address-to-map rescue; entrance/campground-area coordinate can be acceptable with honest popup.,Looks like ordinary campground/operator/city/county record held mainly for coordinate/source cleanup.,coordinate_rescue,coordinate_rescue,Private Campgrounds,no,Medium
ky-w8-kentucky-river-campground-frankfort,KY,Kentucky River Campground / RV Park,ORDINARY_CAMPGROUND_COORDINATE_RESCUE,Run practical address-to-map rescue; entrance/campground-area coordinate can be acceptable with honest popup.,Looks like ordinary campground/operator/city/county record held mainly for coordinate/source cleanup.,coordinate_rescue,coordinate_rescue,Private Campgrounds,no,Medium
ky-w8-natural-bridge-state-park-component-split,KY,Natural Bridge State Resort Park component split,REJECT_DUPLICATE_OR_CLOSURE_REVIEW,"Review for rejected ledger, duplicate merge, or closure/status note.","Status/action fields contain duplicate, wrong-state, closure, malformed, or do-not-import language.",coordinate_rescue,coordinate_rescue,Rustic / Primitive,no,High
ky-w8-bandy-creek-tn-big-south-fork,TN,Bandy Creek Campground,ORDINARY_CAMPGROUND_COORDINATE_RESCUE,Run practical address-to-map rescue; entrance/campground-area coordinate can be acceptable with honest popup.,Looks like ordinary campground/operator/city/county record held mainly for coordinate/source cleanup.,future_lead,out_of_scope_future_lead,Modern Campgrounds,no,Medium
32,,,AREA_RULE_COMMUNITY_OR_OVERLAY_CANDIDATE,Evaluate as area/rule/community marker or overlay candidate; do not force exact campground coordinates.,"Looks like rule-area, boondocking, community, WMA/forest, permit, GIS, or overlay work.",coordinate_rescue,coordinate_rescue,,no,Medium
mo-v73-berry-bend-usace-coordinate-rescue,MO,Berry Bend Campground,AREA_RULE_COMMUNITY_OR_OVERLAY_CANDIDATE,Evaluate as area/rule/community marker or overlay candidate; do not force exact campground coordinates.,"Looks like rule-area, boondocking, community, WMA/forest, permit, GIS, or overlay work.",coordinate_rescue,coordinate_rescue,Modern Campgrounds,no,High
mo-v73-long-shoal-usace-coordinate-rescue,MO,Long Shoal Campground,AREA_RULE_COMMUNITY_OR_OVERLAY_CANDIDATE,Evaluate as area/rule/community marker or overlay candidate; do not force exact campground coordinates.,"Looks like rule-area, boondocking, community, WMA/forest, permit, GIS, or overlay work.",coordinate_rescue,coordinate_rescue,Modern Campgrounds,no,High
mo-v73-sparrowfoot-usace-coordinate-rescue,MO,Sparrowfoot Campground,AREA_RULE_COMMUNITY_OR_OVERLAY_CANDIDATE,Evaluate as area/rule/community marker or overlay candidate; do not force exact campground coordinates.,"Looks like rule-area, boondocking, community, WMA/forest, permit, GIS, or overlay work.",coordinate_rescue,coordinate_rescue,Modern Campgrounds,no,High
mo-v73-pomme-damsite-coordinate-rescue,MO,Damsite Park Campground,AREA_RULE_COMMUNITY_OR_OVERLAY_CANDIDATE,Evaluate as area/rule/community marker or overlay candidate; do not force exact campground coordinates.,"Looks like rule-area, boondocking, community, WMA/forest, permit, GIS, or overlay work.",coordinate_rescue,coordinate_rescue,Modern Campgrounds,no,High
mo-v73-pomme-lightfoot-landing-coordinate-rescue,MO,Lightfoot Landing,AREA_RULE_COMMUNITY_OR_OVERLAY_CANDIDATE,Evaluate as area/rule/community marker or overlay candidate; do not force exact campground coordinates.,"Looks like rule-area, boondocking, community, WMA/forest, permit, GIS, or overlay work.",coordinate_rescue,coordinate_rescue,Modern Campgrounds,no,High
mo-v73-pomme-outlet-park-coordinate-rescue,MO,Outlet Park,AREA_RULE_COMMUNITY_OR_OVERLAY_CANDIDATE,Evaluate as area/rule/community marker or overlay candidate; do not force exact campground coordinates.,"Looks like rule-area, boondocking, community, WMA/forest, permit, GIS, or overlay work.",coordinate_rescue,coordinate_rescue,Modern Campgrounds,no,High
mo-v73-stockton-cedar-ridge-coordinate-rescue,MO,Cedar Ridge Campground,AREA_RULE_COMMUNITY_OR_OVERLAY_CANDIDATE,Evaluate as area/rule/community marker or overlay candidate; do not force exact campground coordinates.,"Looks like rule-area, boondocking, community, WMA/forest, permit, GIS, or overlay work.",coordinate_rescue,coordinate_rescue,Modern Campgrounds,no,High
mo-v73-stockton-crabtree-cove-coordinate-rescue,MO,Crabtree Cove Campground,AREA_RULE_COMMUNITY_OR_OVERLAY_CANDIDATE,Evaluate as area/rule/community marker or overlay candidate; do not force exact campground coordinates.,"Looks like rule-area, boondocking, community, WMA/forest, permit, GIS, or overlay work.",coordinate_rescue,coordinate_rescue,Modern Campgrounds,no,High
mo-v73-stockton-hawker-point-coordinate-rescue,MO,Hawker Point Campground,AREA_RULE_COMMUNITY_OR_OVERLAY_CANDIDATE,Evaluate as area/rule/community marker or overlay candidate; do not force exact campground coordinates.,"Looks like rule-area, boondocking, community, WMA/forest, permit, GIS, or overlay work.",coordinate_rescue,coordinate_rescue,Modern Campgrounds,no,High
mo-v73-stockton-orleans-trail-coordinate-rescue,MO,Orleans Trail Campground,AREA_RULE_COMMUNITY_OR_OVERLAY_CANDIDATE,Evaluate as area/rule/community marker or overlay candidate; do not force exact campground coordinates.,"Looks like rule-area, boondocking, community, WMA/forest, permit, GIS, or overlay work.",coordinate_rescue,coordinate_rescue,Modern Campgrounds,no,High
mo-v73-stockton-ruark-bluff-east-coordinate-rescue,MO,Ruark Bluff East Campground,AREA_RULE_COMMUNITY_OR_OVERLAY_CANDIDATE,Evaluate as area/rule/community marker or overlay candidate; do not force exact campground coordinates.,"Looks like rule-area, boondocking, community, WMA/forest, permit, GIS, or overlay work.",coordinate_rescue,coordinate_rescue,Modern Campgrounds,no,High
mo-v73-stockton-ruark-bluff-west-coordinate-rescue,MO,Ruark Bluff West Campground,AREA_RULE_COMMUNITY_OR_OVERLAY_CANDIDATE,Evaluate as area/rule/community marker or overlay candidate; do not force exact campground coordinates.,"Looks like rule-area, boondocking, community, WMA/forest, permit, GIS, or overlay work.",coordinate_rescue,coordinate_rescue,Modern Campgrounds,no,High
mo-v73-table-rock-usace-ridb-bulk-extraction,MO,Table Rock USACE campground components,AREA_RULE_COMMUNITY_OR_OVERLAY_CANDIDATE,Evaluate as area/rule/community marker or overlay candidate; do not force exact campground coordinates.,"Looks like rule-area, boondocking, community, WMA/forest, permit, GIS, or overlay work.",coordinate_rescue,coordinate_rescue,Modern Campgrounds,no,High
mo-v73-mark-twain-usace-ridb-bulk-extraction,MO,Mark Twain Lake USACE campground and primitive components,AREA_RULE_COMMUNITY_OR_OVERLAY_CANDIDATE,Evaluate as area/rule/community marker or overlay candidate; do not force exact campground coordinates.,"Looks like rule-area, boondocking, community, WMA/forest, permit, GIS, or overlay work.",coordinate_rescue,coordinate_rescue,Modern / Rustic / Boat-Backpack,no,High
mo-v73-mdc-primitive-designated-camping-geometry-batch,MO,MDC primitive/designated/open camping geometry batch,AREA_RULE_COMMUNITY_OR_OVERLAY_CANDIDATE,Evaluate as area/rule/community marker or overlay candidate; do not force exact campground coordinates.,"Looks like rule-area, boondocking, community, WMA/forest, permit, GIS, or overlay work.",coordinate_rescue,coordinate_rescue,Rustic / Primitive / Boondocking / Boat-Backpack,no,High
ky-v73-lbl-recreation-sites-zip-external-access,KY,LBL Recreation Sites ZIP extraction,AREA_RULE_COMMUNITY_OR_OVERLAY_CANDIDATE,Evaluate as area/rule/community marker or overlay candidate; do not force exact campground coordinates.,"Looks like rule-area, boondocking, community, WMA/forest, permit, GIS, or overlay work.",external_access_required,gis_extraction,Mixed LBL campground/backcountry layers,no,High
ky-v73-lbl-developed-campgrounds-coordinate-rescue,KY,LBL Hillman Ferry / Energy Lake / Wranglers / Turkey Bay coordinate rescue,AREA_RULE_COMMUNITY_OR_OVERLAY_CANDIDATE,Evaluate as area/rule/community marker or overlay candidate; do not force exact campground coordinates.,"Looks like rule-area, boondocking, community, WMA/forest, permit, GIS, or overlay work.",coordinate_rescue,gis_extraction,Modern / Rustic,no,High
ky-v73-lbl-self-service-campground-gis-extraction,KY,LBL self-service campgrounds GIS extraction,AREA_RULE_COMMUNITY_OR_OVERLAY_CANDIDATE,Evaluate as area/rule/community marker or overlay candidate; do not force exact campground coordinates.,"Looks like rule-area, boondocking, community, WMA/forest, permit, GIS, or overlay work.",coordinate_rescue,gis_extraction,Rustic / Primitive,no,High
ky-v73-lbl-backcountry-basic-camping-geometry,KY,LBL backcountry/basic camping areas geometry,AREA_RULE_COMMUNITY_OR_OVERLAY_CANDIDATE,Evaluate as area/rule/community marker or overlay candidate; do not force exact campground coordinates.,"Looks like rule-area, boondocking, community, WMA/forest, permit, GIS, or overlay work.",coordinate_rescue,gis_extraction,Boat / Backpack / Boondocking,no,High
ky-v73-west-kentucky-wma-ramp-camping-status-conflict,KY,West Kentucky WMA Ramp camping-status conflict,AREA_RULE_COMMUNITY_OR_OVERLAY_CANDIDATE,Evaluate as area/rule/community marker or overlay candidate; do not force exact campground coordinates.,"Looks like rule-area, boondocking, community, WMA/forest, permit, GIS, or overlay work.",coordinate_rescue,geometry_extraction,Rustic / Primitive,no,High
ky-v73-peabody-wma-other-camping-access-sites-batch,KY,Peabody WMA other camping-allowed access sites batch,AREA_RULE_COMMUNITY_OR_OVERLAY_CANDIDATE,Evaluate as area/rule/community marker or overlay candidate; do not force exact campground coordinates.,"Looks like rule-area, boondocking, community, WMA/forest, permit, GIS, or overlay work.",coordinate_rescue,geometry_extraction,Rustic / Primitive,no,High
ky-v73-higginson-henry-wma-lake-mauzy-designated-sites,KY,Higginson-Henry WMA / Lake Mauzy designated campsites geometry,AREA_RULE_COMMUNITY_OR_OVERLAY_CANDIDATE,Evaluate as area/rule/community marker or overlay candidate; do not force exact campground coordinates.,"Looks like rule-area, boondocking, community, WMA/forest, permit, GIS, or overlay work.",coordinate_rescue,geometry_extraction,Rustic / Primitive,no,High
oh-v73-delaware-state-park-coordinate-rescue,OH,Delaware State Park Campground,ORDINARY_CAMPGROUND_COORDINATE_RESCUE,Run practical address-to-map rescue; entrance/campground-area coordinate can be acceptable with honest popup.,Looks like ordinary campground/operator/city/county record held mainly for coordinate/source cleanup.,coordinate_rescue,coordinate_rescue,Modern Campgrounds,no,High
oh-v73-caesar-creek-horse-camp-coordinate-rescue,OH,Caesar Creek Horseman’s Camp,ORDINARY_CAMPGROUND_COORDINATE_RESCUE,Run practical address-to-map rescue; entrance/campground-area coordinate can be acceptable with honest popup.,Looks like ordinary campground/operator/city/county record held mainly for coordinate/source cleanup.,coordinate_rescue,coordinate_rescue,Rustic / Primitive,no,High
oh-v73-east-fork-main-backcountry-coordinate-rescue,OH,East Fork State Park Campground / Backcountry Components,ORDINARY_CAMPGROUND_COORDINATE_RESCUE,Run practical address-to-map rescue; entrance/campground-area coordinate can be acceptable with honest popup.,Looks like ordinary campground/operator/city/county record held mainly for coordinate/source cleanup.,coordinate_rescue,coordinate_rescue,Modern + Boat/Backpack components,no,High
oh-v73-hueston-woods-component-coordinate-rescue,OH,Hueston Woods campground/equestrian/group components,ORDINARY_CAMPGROUND_COORDINATE_RESCUE,Run practical address-to-map rescue; entrance/campground-area coordinate can be acceptable with honest popup.,Looks like ordinary campground/operator/city/county record held mainly for coordinate/source cleanup.,coordinate_rescue,coordinate_rescue,Modern + Rustic components,no,High
oh-v73-stonelick-coordinate-rescue,OH,Stonelick State Park Campground,ORDINARY_CAMPGROUND_COORDINATE_RESCUE,Run practical address-to-map rescue; entrance/campground-area coordinate can be acceptable with honest popup.,Looks like ordinary campground/operator/city/county record held mainly for coordinate/source cleanup.,coordinate_rescue,coordinate_rescue,Modern Campgrounds,no,High
oh-v73-deer-creek-coordinate-rescue,OH,Deer Creek State Park Campground,ORDINARY_CAMPGROUND_COORDINATE_RESCUE,Run practical address-to-map rescue; entrance/campground-area coordinate can be acceptable with honest popup.,Looks like ordinary campground/operator/city/county record held mainly for coordinate/source cleanup.,coordinate_rescue,coordinate_rescue,Modern Campgrounds,no,High
oh-v73-paint-creek-component-coordinate-rescue,OH,Paint Creek State Park Campground / Horse Camp Component,ORDINARY_CAMPGROUND_COORDINATE_RESCUE,Run practical address-to-map rescue; entrance/campground-area coordinate can be acceptable with honest popup.,Looks like ordinary campground/operator/city/county record held mainly for coordinate/source cleanup.,coordinate_rescue,coordinate_rescue,Modern + Rustic components,no,High
oh-v73-rocky-fork-coordinate-rescue,OH,Rocky Fork State Park Campground,ORDINARY_CAMPGROUND_COORDINATE_RESCUE,Run practical address-to-map rescue; entrance/campground-area coordinate can be acceptable with honest popup.,Looks like ordinary campground/operator/city/county record held mainly for coordinate/source cleanup.,coordinate_rescue,coordinate_rescue,Modern Campgrounds,no,High
oh-v73-kiser-lake-coordinate-rescue,OH,Kiser Lake State Park Campground,ORDINARY_CAMPGROUND_COORDINATE_RESCUE,Run practical address-to-map rescue; entrance/campground-area coordinate can be acceptable with honest popup.,Looks like ordinary campground/operator/city/county record held mainly for coordinate/source cleanup.,coordinate_rescue,coordinate_rescue,Rustic / Primitive,no,High
oh-v73-john-bryan-coordinate-rescue,OH,John Bryan State Park Campground,ORDINARY_CAMPGROUND_COORDINATE_RESCUE,Run practical address-to-map rescue; entrance/campground-area coordinate can be acceptable with honest popup.,Looks like ordinary campground/operator/city/county record held mainly for coordinate/source cleanup.,coordinate_rescue,coordinate_rescue,Modern or Rustic pending split,no,High
oh-v73-harrison-state-forest-campgrounds,OH,Harrison State Forest Ronsheim and Trailriders campgrounds,AREA_RULE_COMMUNITY_OR_OVERLAY_CANDIDATE,Evaluate as area/rule/community marker or overlay candidate; do not force exact campground coordinates.,"Looks like rule-area, boondocking, community, WMA/forest, permit, GIS, or overlay work.",coordinate_rescue,coordinate_rescue,Rustic / Primitive,no,High
oh-v73-fernwood-hidden-hollow-coordinate-rescue,OH,Fernwood State Forest Hidden Hollow Campground,AREA_RULE_COMMUNITY_OR_OVERLAY_CANDIDATE,Evaluate as area/rule/community marker or overlay candidate; do not force exact campground coordinates.,"Looks like rule-area, boondocking, community, WMA/forest, permit, GIS, or overlay work.",coordinate_rescue,coordinate_rescue,Rustic / Primitive,no,High
oh-v73-jesse-owens-big-muskie-and-primitive-system,OH,Jesse Owens State Park Big Muskie / Primitive No-Fee Campground System,ORDINARY_CAMPGROUND_COORDINATE_RESCUE,Run practical address-to-map rescue; entrance/campground-area coordinate can be acceptable with honest popup.,Looks like ordinary campground/operator/city/county record held mainly for coordinate/source cleanup.,coordinate_rescue,coordinate_rescue,Modern + Rustic components,no,High
oh-v73-lake-snowden-coordinate-rescue,OH,Lake Snowden Campground,ORDINARY_CAMPGROUND_COORDINATE_RESCUE,Run practical address-to-map rescue; entrance/campground-area coordinate can be acceptable with honest popup.,Looks like ordinary campground/operator/city/county record held mainly for coordinate/source cleanup.,coordinate_rescue,coordinate_rescue,Private Campgrounds,no,High
oh-v73-great-parks-and-five-rivers-trail-camping,OH,"Great Parks / Five Rivers group, trailside, and backcountry campsite coordinate rescue",TRUE_LEAD_RESEARCH_OR_EXTERNAL,Keep as lead until proof/geometry/status is resolved.,"Still has a proof, geometry, legality, duplicate, or current-status blocker.",coordinate_rescue,coordinate_rescue,Rustic / Boat-Backpack,no,High
oh-v73-metroparks-toledo-platforms-and-walkin-camps,OH,Metroparks Toledo platforms and walk-in campground coordinates,ORDINARY_CAMPGROUND_COORDINATE_RESCUE,Run practical address-to-map rescue; entrance/campground-area coordinate can be acceptable with honest popup.,Looks like ordinary campground/operator/city/county record held mainly for coordinate/source cleanup.,coordinate_rescue,coordinate_rescue,Rustic / Boat-Backpack,no,High
oh-v73-greene-county-primitive-camping-coordinate-rescue,OH,Greene County primitive camping components,ORDINARY_CAMPGROUND_COORDINATE_RESCUE,Run practical address-to-map rescue; entrance/campground-area coordinate can be acceptable with honest popup.,Looks like ordinary campground/operator/city/county record held mainly for coordinate/source cleanup.,coordinate_rescue,coordinate_rescue,Rustic / Primitive,no,High
mt-v73-fort-peck-usace-component-coordinate-rescue,MT,Fort Peck USACE primitive campground components,REJECT_DUPLICATE_OR_CLOSURE_REVIEW,"Review for rejected ledger, duplicate merge, or closure/status note.","Status/action fields contain duplicate, wrong-state, closure, malformed, or do-not-import language.",coordinate_rescue,geometry_extraction,Rustic / Primitive / Boondocking / Boat-Backpack,no,High
mt-v73-cmr-component-camping-area-extraction,MT,CMR Slippery Ann / Jones Island / Rock Creek Boat Launch camping areas,REJECT_DUPLICATE_OR_CLOSURE_REVIEW,"Review for rejected ledger, duplicate merge, or closure/status note.","Status/action fields contain duplicate, wrong-state, closure, malformed, or do-not-import language.",coordinate_rescue,geometry_extraction,Rustic / Primitive / Boondocking / Boat-Backpack,no,High
mt-v73-umbr-boat-camps-hole-slaughter,MT,Upper Missouri River Breaks Hole-in-the-Wall and Slaughter River shelter/camp components,REJECT_DUPLICATE_OR_CLOSURE_REVIEW,"Review for rejected ledger, duplicate merge, or closure/status note.","Status/action fields contain duplicate, wrong-state, closure, malformed, or do-not-import language.",coordinate_rescue,geometry_extraction,Rustic / Primitive / Boondocking / Boat-Backpack,no,High
mt-v73-ul-bend-wilderness-geometry,MT,UL Bend Wilderness camping geometry,REJECT_DUPLICATE_OR_CLOSURE_REVIEW,"Review for rejected ledger, duplicate merge, or closure/status note.","Status/action fields contain duplicate, wrong-state, closure, malformed, or do-not-import language.",coordinate_rescue,geometry_extraction,Rustic / Primitive / Boondocking / Boat-Backpack,no,High
mt-v73-hell-creek-duplicate-current-runtime-check,MT,Hell Creek State Park / Recreation Area campground duplicate/runtime check,REJECT_DUPLICATE_OR_CLOSURE_REVIEW,"Review for rejected ledger, duplicate merge, or closure/status note.","Status/action fields contain duplicate, wrong-state, closure, malformed, or do-not-import language.",coordinate_rescue,geometry_extraction,Rustic / Primitive / Boondocking / Boat-Backpack,no,High
ar-v74-erbie-horse-camp-coordinate-rescue,AR,Erbie Horse Camp,ORDINARY_CAMPGROUND_COORDINATE_RESCUE,Run practical address-to-map rescue; entrance/campground-area coordinate can be acceptable with honest popup.,Looks like ordinary campground/operator/city/county record held mainly for coordinate/source cleanup.,coordinate_rescue,coordinate_rescue,Rustic / Primitive,no,High
ar-v74-bayou-bluff-camping-status-check,AR,Bayou Bluff Recreation Area camping status,REJECT_DUPLICATE_OR_CLOSURE_REVIEW,"Review for rejected ledger, duplicate merge, or closure/status note.","Status/action fields contain duplicate, wrong-state, closure, malformed, or do-not-import language.",coordinate_rescue,coordinate_rescue,Needs Verification,no,High
ar-v74-ozark-st-francis-nf-dispersed-mvum-geometry,AR,Ozark-St. Francis NF dispersed camping / MVUM rule area,AREA_RULE_COMMUNITY_OR_OVERLAY_CANDIDATE,Evaluate as area/rule/community marker or overlay candidate; do not force exact campground coordinates.,"Looks like rule-area, boondocking, community, WMA/forest, permit, GIS, or overlay work.",coordinate_rescue,geometry_extraction,Boondocking / Dispersed,no,High
ar-v74-beaver-lake-usace-campgrounds-coordinate-rescue,AR,Beaver Lake USACE campground component bundle,ORDINARY_CAMPGROUND_COORDINATE_RESCUE,Run practical address-to-map rescue; entrance/campground-area coordinate can be acceptable with honest popup.,Looks like ordinary campground/operator/city/county record held mainly for coordinate/source cleanup.,coordinate_rescue,coordinate_rescue,Modern Campgrounds,no,High
ar-v74-bull-shoals-usace-arkansas-components,AR,Bull Shoals Lake USACE Arkansas-side campground components,ORDINARY_CAMPGROUND_COORDINATE_RESCUE,Run practical address-to-map rescue; entrance/campground-area coordinate can be acceptable with honest popup.,Looks like ordinary campground/operator/city/county record held mainly for coordinate/source cleanup.,coordinate_rescue,coordinate_rescue,Modern / Rustic components,no,High
ar-v74-norfork-lake-usace-primitive-components,AR,Norfork Lake USACE campground + primitive camping component bundle,AREA_RULE_COMMUNITY_OR_OVERLAY_CANDIDATE,Evaluate as area/rule/community marker or overlay candidate; do not force exact campground coordinates.,"Looks like rule-area, boondocking, community, WMA/forest, permit, GIS, or overlay work.",coordinate_rescue,coordinate_rescue,Modern / Boat / Backpack / Rustic,no,High
ar-v74-agfc-nw-ozarks-wma-designated-camping-geometry,AR,AGFC northwest Ozarks WMA designated/primitive camping geometry,AREA_RULE_COMMUNITY_OR_OVERLAY_CANDIDATE,Evaluate as area/rule/community marker or overlay candidate; do not force exact campground coordinates.,"Looks like rule-area, boondocking, community, WMA/forest, permit, GIS, or overlay work.",coordinate_rescue,geometry_extraction,Boondocking / Dispersed,no,High
ar-v74-hobbs-state-park-hike-bike-camps-correction,AR,Hobbs State Park-Conservation Area primitive hike/bike-in campsites,TRUE_LEAD_RESEARCH_OR_EXTERNAL,Keep as lead until proof/geometry/status is resolved.,"Still has a proof, geometry, legality, duplicate, or current-status blocker.",coordinate_rescue,coordinate_rescue,Boat / Backpack,no,High
ar-v74-cossatot-river-state-park-component-correction,AR,Cossatot River State Park camping component split/source correction,TRUE_LEAD_RESEARCH_OR_EXTERNAL,Keep as lead until proof/geometry/status is resolved.,"Still has a proof, geometry, legality, duplicate, or current-status blocker.",coordinate_rescue,coordinate_rescue,Rustic / Boat / Backpack components,no,High
ar-v74-lake-sylvia-source-layer-correction,AR,Lake Sylvia Recreational Area / Camp Ouachita source-layer correction,REJECT_DUPLICATE_OR_CLOSURE_REVIEW,"Review for rejected ledger, duplicate merge, or closure/status note.","Status/action fields contain duplicate, wrong-state, closure, malformed, or do-not-import language.",coordinate_rescue,coordinate_rescue,Modern or Rustic pending proof,no,High
ar-v74-gulpha-gorge-nps-coordinate-rescue,AR,Gulpha Gorge Campground — Hot Springs National Park,ORDINARY_CAMPGROUND_COORDINATE_RESCUE,Run practical address-to-map rescue; entrance/campground-area coordinate can be acceptable with honest popup.,Looks like ordinary campground/operator/city/county record held mainly for coordinate/source cleanup.,coordinate_rescue,coordinate_rescue,Modern Campgrounds,no,High
ar-v74-camp-clearfork-group-camp,AR,Camp Clearfork Group Camp,TRUE_LEAD_RESEARCH_OR_EXTERNAL,Keep as lead until proof/geometry/status is resolved.,"Still has a proof, geometry, legality, duplicate, or current-status blocker.",coordinate_rescue,coordinate_rescue,Rustic / Primitive or Modern group camp,no,High
ar-v74-lake-ouachita-usace-components,AR,Lake Ouachita USACE campground components,ORDINARY_CAMPGROUND_COORDINATE_RESCUE,Run practical address-to-map rescue; entrance/campground-area coordinate can be acceptable with honest popup.,Looks like ordinary campground/operator/city/county record held mainly for coordinate/source cleanup.,coordinate_rescue,coordinate_rescue,Modern / Rustic components,no,High
ar-v74-lake-greeson-usace-components,AR,Lake Greeson USACE campground components,ORDINARY_CAMPGROUND_COORDINATE_RESCUE,Run practical address-to-map rescue; entrance/campground-area coordinate can be acceptable with honest popup.,Looks like ordinary campground/operator/city/county record held mainly for coordinate/source cleanup.,coordinate_rescue,coordinate_rescue,Modern / Rustic components,no,High
ar-v74-mississippi-river-sp-component-coordinate-rescue,AR,Mississippi River State Park campground components,ORDINARY_CAMPGROUND_COORDINATE_RESCUE,Run practical address-to-map rescue; entrance/campground-area coordinate can be acceptable with honest popup.,Looks like ordinary campground/operator/city/county record held mainly for coordinate/source cleanup.,coordinate_rescue,coordinate_rescue,Modern / Rustic components,no,High
ar-v74-st-francis-nf-camping-system-geometry,AR,St. Francis NF / Mississippi River State Park camping system geometry,AREA_RULE_COMMUNITY_OR_OVERLAY_CANDIDATE,Evaluate as area/rule/community marker or overlay candidate; do not force exact campground coordinates.,"Looks like rule-area, boondocking, community, WMA/forest, permit, GIS, or overlay work.",coordinate_rescue,coordinate_rescue,Boondocking / Dispersed or Info pending proof,no,High
ar-v74-arkansas-river-usace-cluster,AR,Arkansas River USACE campground cluster,ORDINARY_CAMPGROUND_COORDINATE_RESCUE,Run practical address-to-map rescue; entrance/campground-area coordinate can be acceptable with honest popup.,Looks like ordinary campground/operator/city/county record held mainly for coordinate/source cleanup.,coordinate_rescue,coordinate_rescue,Modern / Rustic components,no,High
ar-v74-white-river-nwr-camping-regulations,AR,Dale Bumpers White River NWR camping regulations extraction,AREA_RULE_COMMUNITY_OR_OVERLAY_CANDIDATE,Evaluate as area/rule/community marker or overlay candidate; do not force exact campground coordinates.,"Looks like rule-area, boondocking, community, WMA/forest, permit, GIS, or overlay work.",coordinate_rescue,coordinate_rescue,Boondocking / Dispersed or Reject pending rules,no,High
ar-v74-millwood-usace-remaining-components,AR,Millwood Lake remaining USACE campground components,REJECT_DUPLICATE_OR_CLOSURE_REVIEW,"Review for rejected ledger, duplicate merge, or closure/status note.","Status/action fields contain duplicate, wrong-state, closure, malformed, or do-not-import language.",coordinate_rescue,coordinate_rescue,Modern / Rustic components,no,High
ar-v74-degray-remaining-usace-components,AR,DeGray Lake remaining USACE campground components,ORDINARY_CAMPGROUND_COORDINATE_RESCUE,Run practical address-to-map rescue; entrance/campground-area coordinate can be acceptable with honest popup.,Looks like ordinary campground/operator/city/county record held mainly for coordinate/source cleanup.,coordinate_rescue,coordinate_rescue,Modern / Rustic components,no,High
ar-v74-felsenthal-nwr-designated-camping-geometry,AR,Felsenthal NWR designated primitive camping areas,AREA_RULE_COMMUNITY_OR_OVERLAY_CANDIDATE,Evaluate as area/rule/community marker or overlay candidate; do not force exact campground coordinates.,"Looks like rule-area, boondocking, community, WMA/forest, permit, GIS, or overlay work.",coordinate_rescue,geometry_extraction,Boat / Backpack / Rustic,no,High
ar-v74-southwest-agfc-wma-designated-camping-geometry,AR,South/Southwest Arkansas AGFC WMA designated camping geometry bundle,AREA_RULE_COMMUNITY_OR_OVERLAY_CANDIDATE,Evaluate as area/rule/community marker or overlay candidate; do not force exact campground coordinates.,"Looks like rule-area, boondocking, community, WMA/forest, permit, GIS, or overlay work.",coordinate_rescue,geometry_extraction,Boondocking / Dispersed,no,High
tn-v74-cherokee-nf-tellico-small-components,TN,Tellico River / Citico small campground components,ORDINARY_CAMPGROUND_COORDINATE_RESCUE,Run practical address-to-map rescue; entrance/campground-area coordinate can be acceptable with honest popup.,Looks like ordinary campground/operator/city/county record held mainly for coordinate/source cleanup.,coordinate_rescue,coordinate_rescue,Rustic / Primitive,no,High
tn-v74-young-branch-horse-camp-status-check,TN,Young Branch Horse Camp,REJECT_DUPLICATE_OR_CLOSURE_REVIEW,"Review for rejected ledger, duplicate merge, or closure/status note.","Status/action fields contain duplicate, wrong-state, closure, malformed, or do-not-import language.",coordinate_rescue,coordinate_rescue,Rustic / Primitive,no,High
tn-v74-mcnabb-group-camp-closure-watch,TN,McNabb Group Camp,REJECT_DUPLICATE_OR_CLOSURE_REVIEW,"Review for rejected ledger, duplicate merge, or closure/status note.","Status/action fields contain duplicate, wrong-state, closure, malformed, or do-not-import language.",coordinate_rescue,coordinate_rescue,Rustic / Primitive,no,High
tn-v74-cherokee-nf-dispersed-mvum-geometry,TN,Cherokee NF dispersed camping / MVUM route-area rule,AREA_RULE_COMMUNITY_OR_OVERLAY_CANDIDATE,Evaluate as area/rule/community marker or overlay candidate; do not force exact campground coordinates.,"Looks like rule-area, boondocking, community, WMA/forest, permit, GIS, or overlay work.",coordinate_rescue,geometry_extraction,Boondocking / Dispersed,no,High
tn-v74-tva-undeveloped-public-lands-east-geometry,TN,TVA undeveloped public lands camping — East TN reservoirs,AREA_RULE_COMMUNITY_OR_OVERLAY_CANDIDATE,Evaluate as area/rule/community marker or overlay candidate; do not force exact campground coordinates.,"Looks like rule-area, boondocking, community, WMA/forest, permit, GIS, or overlay work.",coordinate_rescue,geometry_extraction,Boondocking / Dispersed,no,High
tn-v74-tva-east-developed-campgrounds-coordinate-rescue,TN,TVA / Go Camp Tennessee East TN campground components,ORDINARY_CAMPGROUND_COORDINATE_RESCUE,Run practical address-to-map rescue; entrance/campground-area coordinate can be acceptable with honest popup.,Looks like ordinary campground/operator/city/county record held mainly for coordinate/source cleanup.,coordinate_rescue,coordinate_rescue,Modern / Rustic components,no,High
tn-v74-north-cumberland-wma-geometry-upgrade,TN,North Cumberland WMA boundary/OHV/camping geometry upgrade,REJECT_DUPLICATE_OR_CLOSURE_REVIEW,"Review for rejected ledger, duplicate merge, or closure/status note.","Status/action fields contain duplicate, wrong-state, closure, malformed, or do-not-import language.",coordinate_rescue,geometry_extraction,Boondocking / Dispersed,no,High
tn-v74-frozen-head-components,TN,Frozen Head State Park campgrounds — Big Cove / Flat Fork / Backcountry,TRUE_LEAD_RESEARCH_OR_EXTERNAL,Keep as lead until proof/geometry/status is resolved.,"Still has a proof, geometry, legality, duplicate, or current-status blocker.",coordinate_rescue,coordinate_rescue,Rustic / Boat / Backpack components,no,High
tn-v74-norris-dam-renovation-check,TN,Norris Dam State Park East/West + Andrews Ridge backcountry,REJECT_DUPLICATE_OR_CLOSURE_REVIEW,"Review for rejected ledger, duplicate merge, or closure/status note.","Status/action fields contain duplicate, wrong-state, closure, malformed, or do-not-import language.",coordinate_rescue,coordinate_rescue,Modern / Boat / Backpack,no,High
tn-v74-east-tn-state-parks-coordinate-rescue,TN,East Tennessee state park campground coordinate bundle,ORDINARY_CAMPGROUND_COORDINATE_RESCUE,Run practical address-to-map rescue; entrance/campground-area coordinate can be acceptable with honest popup.,Looks like ordinary campground/operator/city/county record held mainly for coordinate/source cleanup.,coordinate_rescue,coordinate_rescue,Modern Campgrounds,no,High
tn-v74-catoosa-designated-camping-areas,TN,Catoosa WMA designated / hunter camping areas,AREA_RULE_COMMUNITY_OR_OVERLAY_CANDIDATE,Evaluate as area/rule/community marker or overlay candidate; do not force exact campground coordinates.,"Looks like rule-area, boondocking, community, WMA/forest, permit, GIS, or overlay work.",coordinate_rescue,coordinate_rescue,Boondocking / Dispersed,no,High
tn-v74-prentice-cooper-designated-camping,TN,Prentice Cooper State Forest / WMA designated camping areas,AREA_RULE_COMMUNITY_OR_OVERLAY_CANDIDATE,Evaluate as area/rule/community marker or overlay candidate; do not force exact campground coordinates.,"Looks like rule-area, boondocking, community, WMA/forest, permit, GIS, or overlay work.",coordinate_rescue,coordinate_rescue,Rustic / Primitive,no,High
tn-v74-fall-creek-falls-component-rescue,TN,Fall Creek Falls State Park campground + backcountry sites,ORDINARY_CAMPGROUND_COORDINATE_RESCUE,Run practical address-to-map rescue; entrance/campground-area coordinate can be acceptable with honest popup.,Looks like ordinary campground/operator/city/county record held mainly for coordinate/source cleanup.,coordinate_rescue,coordinate_rescue,Modern / Boat / Backpack components,no,High
tn-v74-savage-gulf-fiery-gizzard-scotts-gulf-backcountry,TN,Cumberland Plateau backcountry state park systems,TRUE_LEAD_RESEARCH_OR_EXTERNAL,Keep as lead until proof/geometry/status is resolved.,"Still has a proof, geometry, legality, duplicate, or current-status blocker.",coordinate_rescue,coordinate_rescue,Boat / Backpack,no,High
tn-v74-cumberland-trail-backcountry-sections,TN,Cumberland Trail State Park backcountry camping — Plateau sections,TRUE_LEAD_RESEARCH_OR_EXTERNAL,Keep as lead until proof/geometry/status is resolved.,"Still has a proof, geometry, legality, duplicate, or current-status blocker.",coordinate_rescue,coordinate_rescue,Boat / Backpack,no,High
tn-v74-middle-tn-usace-lake-components,TN,Middle Tennessee USACE campground coordinate bundle,ORDINARY_CAMPGROUND_COORDINATE_RESCUE,Run practical address-to-map rescue; entrance/campground-area coordinate can be acceptable with honest popup.,Looks like ordinary campground/operator/city/county record held mainly for coordinate/source cleanup.,coordinate_rescue,coordinate_rescue,Modern / Boat / Backpack components,no,High
tn-v74-j-percy-priest-primitive-sites,TN,J. Percy Priest Lake primitive camping sites,AREA_RULE_COMMUNITY_OR_OVERLAY_CANDIDATE,Evaluate as area/rule/community marker or overlay candidate; do not force exact campground coordinates.,"Looks like rule-area, boondocking, community, WMA/forest, permit, GIS, or overlay work.",coordinate_rescue,coordinate_rescue,Boat / Backpack,no,High
tn-v74-middle-tn-state-parks-coordinate-rescue,TN,Middle Tennessee state park campground bundle,ORDINARY_CAMPGROUND_COORDINATE_RESCUE,Run practical address-to-map rescue; entrance/campground-area coordinate can be acceptable with honest popup.,Looks like ordinary campground/operator/city/county record held mainly for coordinate/source cleanup.,coordinate_rescue,coordinate_rescue,Modern / Boat / Backpack components,no,High
tn-v74-standing-stone-closure-watch,TN,Standing Stone State Park Campground closure watch,REJECT_DUPLICATE_OR_CLOSURE_REVIEW,"Review for rejected ledger, duplicate merge, or closure/status note.","Status/action fields contain duplicate, wrong-state, closure, malformed, or do-not-import language.",coordinate_rescue,coordinate_rescue,Modern Campgrounds,no,High
tn-v74-long-hunter-backcountry-correction,TN,Long Hunter State Park Backcountry Campsites correction,TRUE_LEAD_RESEARCH_OR_EXTERNAL,Keep as lead until proof/geometry/status is resolved.,"Still has a proof, geometry, legality, duplicate, or current-status blocker.",coordinate_rescue,coordinate_rescue,Boat / Backpack,no,High
tn-v74-poole-seven-points-layer-corrections,TN,Poole Knobs / Seven Points layer corrections,ORDINARY_CAMPGROUND_COORDINATE_RESCUE,Run practical address-to-map rescue; entrance/campground-area coordinate can be acceptable with honest popup.,Looks like ordinary campground/operator/city/county record held mainly for coordinate/source cleanup.,coordinate_rescue,coordinate_rescue,Modern Campgrounds,no,High
tn-v74-lbl-tn-piney-and-basic-camping-geometry,TN,LBL Tennessee-side Piney / basic / backcountry camping geometry,AREA_RULE_COMMUNITY_OR_OVERLAY_CANDIDATE,Evaluate as area/rule/community marker or overlay candidate; do not force exact campground coordinates.,"Looks like rule-area, boondocking, community, WMA/forest, permit, GIS, or overlay work.",coordinate_rescue,geometry_extraction,Modern / Rustic / Boondocking / Boat-Backpack,no,High
tn-v74-west-tn-state-park-coordinate-rescue,TN,West Tennessee state park campground bundle,ORDINARY_CAMPGROUND_COORDINATE_RESCUE,Run practical address-to-map rescue; entrance/campground-area coordinate can be acceptable with honest popup.,Looks like ordinary campground/operator/city/county record held mainly for coordinate/source cleanup.,coordinate_rescue,coordinate_rescue,Modern / Rustic / Boat / Backpack components,no,High
tn-v74-pickwick-tva-campground-coordinate-rescue,TN,Pickwick Dam TVA Campground,ORDINARY_CAMPGROUND_COORDINATE_RESCUE,Run practical address-to-map rescue; entrance/campground-area coordinate can be acceptable with honest popup.,Looks like ordinary campground/operator/city/county record held mainly for coordinate/source cleanup.,coordinate_rescue,coordinate_rescue,Modern / Rustic component,no,High
tn-v74-west-tn-private-local-campgrounds-coordinate-rescue,TN,West Tennessee private/local campground bundle,ORDINARY_CAMPGROUND_COORDINATE_RESCUE,Run practical address-to-map rescue; entrance/campground-area coordinate can be acceptable with honest popup.,Looks like ordinary campground/operator/city/county record held mainly for coordinate/source cleanup.,coordinate_rescue,coordinate_rescue,Private / Rustic components,no,High
tn-v74-west-tn-wma-rule-review,TN,West Tennessee TWRA WMA camping rule review,AREA_RULE_COMMUNITY_OR_OVERLAY_CANDIDATE,Evaluate as area/rule/community marker or overlay candidate; do not force exact campground coordinates.,"Looks like rule-area, boondocking, community, WMA/forest, permit, GIS, or overlay work.",coordinate_rescue,rule_review,Boondocking / Dispersed or Reject,no,High
ar-lead-ozark-st-francis-nf-dispersed-camping-mvum-geometry,AR,Ozark-St. Francis NF dispersed camping / MVUM rule-area geometry,AREA_RULE_COMMUNITY_OR_OVERLAY_CANDIDATE,Evaluate as area/rule/community marker or overlay candidate; do not force exact campground coordinates.,"Looks like rule-area, boondocking, community, WMA/forest, permit, GIS, or overlay work.",update_existing_lead,update_existing_lead,Boondocking / Dispersed,no,High
ar-lead-lead-hill-park-coordinate-conflict,AR,Lead Hill Park,REJECT_DUPLICATE_OR_CLOSURE_REVIEW,"Review for rejected ledger, duplicate merge, or closure/status note.","Status/action fields contain duplicate, wrong-state, closure, malformed, or do-not-import language.",coordinate_rescue,coordinate_rescue,Modern Campgrounds,no,High
mo-beaver-creek-bull-shoals,,Beaver Creek Park,ORDINARY_CAMPGROUND_COORDINATE_RESCUE,Run practical address-to-map rescue; entrance/campground-area coordinate can be acceptable with honest popup.,Looks like ordinary campground/operator/city/county record held mainly for coordinate/source cleanup.,future_lead,future_lead,Modern Campgrounds,no,Medium
mo-buck-creek-bull-shoals,,Buck Creek Park,ORDINARY_CAMPGROUND_COORDINATE_RESCUE,Run practical address-to-map rescue; entrance/campground-area coordinate can be acceptable with honest popup.,Looks like ordinary campground/operator/city/county record held mainly for coordinate/source cleanup.,future_lead,future_lead,Modern Campgrounds,no,Medium
ar-lead-norfork-primitive-permit-areas-geometry,AR,"Norfork Lake primitive permit camping areas: Jordan Island, Jordan Cove, Calamity Beach, Kerley Point",AREA_RULE_COMMUNITY_OR_OVERLAY_CANDIDATE,Evaluate as area/rule/community marker or overlay candidate; do not force exact campground coordinates.,"Looks like rule-area, boondocking, community, WMA/forest, permit, GIS, or overlay work.",update_existing_lead,update_existing_lead,Boat / Backpack,no,High
mo-tecumseh-park-norfork,,Tecumseh Park,ORDINARY_CAMPGROUND_COORDINATE_RESCUE,Run practical address-to-map rescue; entrance/campground-area coordinate can be acceptable with honest popup.,Looks like ordinary campground/operator/city/county record held mainly for coordinate/source cleanup.,future_lead,future_lead,Rustic / Primitive,no,Medium
mo-udall-park-norfork,,Udall Park,ORDINARY_CAMPGROUND_COORDINATE_RESCUE,Run practical address-to-map rescue; entrance/campground-area coordinate can be acceptable with honest popup.,Looks like ordinary campground/operator/city/county record held mainly for coordinate/source cleanup.,future_lead,future_lead,Rustic / Primitive,no,Medium
ar-lead-agfc-northwest-ozarks-wma-designated-camping-geometry,AR,AGFC northwest/north-central WMA designated camping geometry,AREA_RULE_COMMUNITY_OR_OVERLAY_CANDIDATE,Evaluate as area/rule/community marker or overlay candidate; do not force exact campground coordinates.,"Looks like rule-area, boondocking, community, WMA/forest, permit, GIS, or overlay work.",update_existing_lead,update_existing_lead,Boondocking / Dispersed,no,High
ar-gulpha-gorge-campground-coordinate-rescue,AR,Gulpha Gorge Campground,ORDINARY_CAMPGROUND_COORDINATE_RESCUE,Run practical address-to-map rescue; entrance/campground-area coordinate can be acceptable with honest popup.,Looks like ordinary campground/operator/city/county record held mainly for coordinate/source cleanup.,coordinate_rescue,coordinate_rescue,Modern Campgrounds,no,High
ar-lake-ouachita-brady-mountain-campground-coordinate-rescue,AR,Brady Mountain Campground — Lake Ouachita USACE,ORDINARY_CAMPGROUND_COORDINATE_RESCUE,Run practical address-to-map rescue; entrance/campground-area coordinate can be acceptable with honest popup.,Looks like ordinary campground/operator/city/county record held mainly for coordinate/source cleanup.,coordinate_rescue,coordinate_rescue,Modern Campgrounds,no,High
ar-lake-ouachita-stephens-park-coordinate-rescue,AR,Stephens Park Campground — Lake Ouachita USACE,ORDINARY_CAMPGROUND_COORDINATE_RESCUE,Run practical address-to-map rescue; entrance/campground-area coordinate can be acceptable with honest popup.,Looks like ordinary campground/operator/city/county record held mainly for coordinate/source cleanup.,coordinate_rescue,coordinate_rescue,Modern Campgrounds,no,High
ar-lake-ouachita-little-fir-campground-coordinate-rescue,AR,Little Fir Campground — Lake Ouachita USACE,ORDINARY_CAMPGROUND_COORDINATE_RESCUE,Run practical address-to-map rescue; entrance/campground-area coordinate can be acceptable with honest popup.,Looks like ordinary campground/operator/city/county record held mainly for coordinate/source cleanup.,coordinate_rescue,coordinate_rescue,Modern Campgrounds,no,High
ar-lake-ouachita-twin-creek-campground-coordinate-rescue,AR,Twin Creek Campground — Lake Ouachita USACE,ORDINARY_CAMPGROUND_COORDINATE_RESCUE,Run practical address-to-map rescue; entrance/campground-area coordinate can be acceptable with honest popup.,Looks like ordinary campground/operator/city/county record held mainly for coordinate/source cleanup.,coordinate_rescue,coordinate_rescue,Rustic / Primitive,no,High
ar-lake-ouachita-buckville-primitive-coordinate-rescue,AR,Buckville primitive camping area — Lake Ouachita USACE,ORDINARY_CAMPGROUND_COORDINATE_RESCUE,Run practical address-to-map rescue; entrance/campground-area coordinate can be acceptable with honest popup.,Looks like ordinary campground/operator/city/county record held mainly for coordinate/source cleanup.,coordinate_rescue,coordinate_rescue,Rustic / Primitive,no,High
ar-lake-ouachita-primitive-north-end-areas-geometry,AR,Lake Ouachita primitive north-end / island camping areas,AREA_RULE_COMMUNITY_OR_OVERLAY_CANDIDATE,Evaluate as area/rule/community marker or overlay candidate; do not force exact campground coordinates.,"Looks like rule-area, boondocking, community, WMA/forest, permit, GIS, or overlay work.",coordinate_rescue,coordinate_rescue,Boat / Backpack / Boondocking / Dispersed,no,High
ar-lake-greeson-cowhide-cove-coordinate-rescue,AR,Cowhide Cove Campground — Lake Greeson USACE,ORDINARY_CAMPGROUND_COORDINATE_RESCUE,Run practical address-to-map rescue; entrance/campground-area coordinate can be acceptable with honest popup.,Looks like ordinary campground/operator/city/county record held mainly for coordinate/source cleanup.,coordinate_rescue,coordinate_rescue,Modern Campgrounds,no,High
ar-lake-greeson-kirby-landing-coordinate-rescue,AR,Kirby Landing Campground — Lake Greeson USACE,ORDINARY_CAMPGROUND_COORDINATE_RESCUE,Run practical address-to-map rescue; entrance/campground-area coordinate can be acceptable with honest popup.,Looks like ordinary campground/operator/city/county record held mainly for coordinate/source cleanup.,coordinate_rescue,coordinate_rescue,Modern Campgrounds,no,High
ar-lake-greeson-self-creek-jim-wylie-coordinate-rescue,AR,Self Creek / Jim Wylie Campground — Lake Greeson USACE,ORDINARY_CAMPGROUND_COORDINATE_RESCUE,Run practical address-to-map rescue; entrance/campground-area coordinate can be acceptable with honest popup.,Looks like ordinary campground/operator/city/county record held mainly for coordinate/source cleanup.,coordinate_rescue,coordinate_rescue,Modern Campgrounds,no,High
ar-lake-greeson-parker-creek-coordinate-rescue,AR,Parker Creek Campground — Lake Greeson USACE,ORDINARY_CAMPGROUND_COORDINATE_RESCUE,Run practical address-to-map rescue; entrance/campground-area coordinate can be acceptable with honest popup.,Looks like ordinary campground/operator/city/county record held mainly for coordinate/source cleanup.,coordinate_rescue,coordinate_rescue,Modern Campgrounds,no,High
ar-lake-greeson-bear-creek-coordinate-rescue,AR,Bear Creek Campground — Lake Greeson USACE,ORDINARY_CAMPGROUND_COORDINATE_RESCUE,Run practical address-to-map rescue; entrance/campground-area coordinate can be acceptable with honest popup.,Looks like ordinary campground/operator/city/county record held mainly for coordinate/source cleanup.,coordinate_rescue,coordinate_rescue,Rustic / Primitive,no,High
ar-lake-greeson-dam-area-campground-coordinate-rescue,AR,Dam Area Campground — Lake Greeson USACE,ORDINARY_CAMPGROUND_COORDINATE_RESCUE,Run practical address-to-map rescue; entrance/campground-area coordinate can be acceptable with honest popup.,Looks like ordinary campground/operator/city/county record held mainly for coordinate/source cleanup.,coordinate_rescue,coordinate_rescue,Modern Campgrounds,no,High
ar-lake-greeson-arrowhead-point-coordinate-rescue,AR,Arrowhead Point Campground — Lake Greeson USACE,ORDINARY_CAMPGROUND_COORDINATE_RESCUE,Run practical address-to-map rescue; entrance/campground-area coordinate can be acceptable with honest popup.,Looks like ordinary campground/operator/city/county record held mainly for coordinate/source cleanup.,coordinate_rescue,coordinate_rescue,Rustic / Primitive,no,High
ar-lake-greeson-pikeville-coordinate-rescue,AR,Pikeville Campground — Lake Greeson USACE,ORDINARY_CAMPGROUND_COORDINATE_RESCUE,Run practical address-to-map rescue; entrance/campground-area coordinate can be acceptable with honest popup.,Looks like ordinary campground/operator/city/county record held mainly for coordinate/source cleanup.,coordinate_rescue,coordinate_rescue,Rustic / Primitive,no,High
ar-lake-greeson-star-of-the-west-coordinate-rescue,AR,Star of the West Campground — Lake Greeson USACE,ORDINARY_CAMPGROUND_COORDINATE_RESCUE,Run practical address-to-map rescue; entrance/campground-area coordinate can be acceptable with honest popup.,Looks like ordinary campground/operator/city/county record held mainly for coordinate/source cleanup.,coordinate_rescue,coordinate_rescue,Rustic / Primitive,no,High
ar-lake-greeson-buckhorn-coordinate-rescue,AR,Buckhorn Campground — Lake Greeson USACE,ORDINARY_CAMPGROUND_COORDINATE_RESCUE,Run practical address-to-map rescue; entrance/campground-area coordinate can be acceptable with honest popup.,Looks like ordinary campground/operator/city/county record held mainly for coordinate/source cleanup.,coordinate_rescue,coordinate_rescue,Rustic / Primitive,no,High
ar-lake-greeson-laurel-creek-coordinate-rescue,AR,Laurel Creek Campground — Lake Greeson USACE,ORDINARY_CAMPGROUND_COORDINATE_RESCUE,Run practical address-to-map rescue; entrance/campground-area coordinate can be acceptable with honest popup.,Looks like ordinary campground/operator/city/county record held mainly for coordinate/source cleanup.,coordinate_rescue,coordinate_rescue,Rustic / Primitive,no,High
ar-lake-greeson-rock-creek-primitive-coordinate-rescue,AR,Rock Creek Primitive Campground — Lake Greeson USACE,ORDINARY_CAMPGROUND_COORDINATE_RESCUE,Run practical address-to-map rescue; entrance/campground-area coordinate can be acceptable with honest popup.,Looks like ordinary campground/operator/city/county record held mainly for coordinate/source cleanup.,coordinate_rescue,coordinate_rescue,Rustic / Primitive,no,High
ar-degray-edgewood-campground-coordinate-rescue,AR,Edgewood Campground — DeGray Lake USACE,ORDINARY_CAMPGROUND_COORDINATE_RESCUE,Run practical address-to-map rescue; entrance/campground-area coordinate can be acceptable with honest popup.,Looks like ordinary campground/operator/city/county record held mainly for coordinate/source cleanup.,coordinate_rescue,coordinate_rescue,Modern Campgrounds,no,High
ar-degray-point-cedar-campground-coordinate-rescue,AR,Point Cedar Campground — DeGray Lake USACE,ORDINARY_CAMPGROUND_COORDINATE_RESCUE,Run practical address-to-map rescue; entrance/campground-area coordinate can be acceptable with honest popup.,Looks like ordinary campground/operator/city/county record held mainly for coordinate/source cleanup.,coordinate_rescue,coordinate_rescue,Modern Campgrounds,no,High
ar-degray-ozan-point-open-camping-coordinate-rescue,AR,Ozan Point Open Camping — DeGray Lake USACE,ORDINARY_CAMPGROUND_COORDINATE_RESCUE,Run practical address-to-map rescue; entrance/campground-area coordinate can be acceptable with honest popup.,Looks like ordinary campground/operator/city/county record held mainly for coordinate/source cleanup.,coordinate_rescue,coordinate_rescue,Rustic / Primitive,no,High
ar-degray-lenox-marcus-open-camping-area-geometry,AR,Lenox Marcus Area Open Camping — DeGray Lake USACE,AREA_RULE_COMMUNITY_OR_OVERLAY_CANDIDATE,Evaluate as area/rule/community marker or overlay candidate; do not force exact campground coordinates.,"Looks like rule-area, boondocking, community, WMA/forest, permit, GIS, or overlay work.",coordinate_rescue,coordinate_rescue,Rustic / Primitive / Area-rule lead,no,High
ar-degray-oak-bower-group-use-coordinate-rescue,AR,Oak Bower Group Use Area — DeGray Lake USACE,TRUE_LEAD_RESEARCH_OR_EXTERNAL,Keep as lead until proof/geometry/status is resolved.,"Still has a proof, geometry, legality, duplicate, or current-status blocker.",coordinate_rescue,coordinate_rescue,Rustic / Primitive / group camp,no,High
ar-millwood-cottonshed-park-coordinate-rescue,AR,Cottonshed Park Campground — Millwood Lake USACE,ORDINARY_CAMPGROUND_COORDINATE_RESCUE,Run practical address-to-map rescue; entrance/campground-area coordinate can be acceptable with honest popup.,Looks like ordinary campground/operator/city/county record held mainly for coordinate/source cleanup.,coordinate_rescue,coordinate_rescue,Modern Campgrounds,no,High
ar-millwood-beards-lake-coordinate-rescue,AR,Beard's Lake Campground — Millwood Lake USACE,ORDINARY_CAMPGROUND_COORDINATE_RESCUE,Run practical address-to-map rescue; entrance/campground-area coordinate can be acceptable with honest popup.,Looks like ordinary campground/operator/city/county record held mainly for coordinate/source cleanup.,coordinate_rescue,coordinate_rescue,Rustic / Primitive,no,High
ar-millwood-river-run-east-coordinate-rescue,AR,River Run East Campground — Millwood Lake USACE,ORDINARY_CAMPGROUND_COORDINATE_RESCUE,Run practical address-to-map rescue; entrance/campground-area coordinate can be acceptable with honest popup.,Looks like ordinary campground/operator/city/county record held mainly for coordinate/source cleanup.,coordinate_rescue,coordinate_rescue,Rustic / Primitive,no,High
ar-millwood-river-run-west-coordinate-rescue,AR,River Run West Campground — Millwood Lake USACE,ORDINARY_CAMPGROUND_COORDINATE_RESCUE,Run practical address-to-map rescue; entrance/campground-area coordinate can be acceptable with honest popup.,Looks like ordinary campground/operator/city/county record held mainly for coordinate/source cleanup.,coordinate_rescue,coordinate_rescue,Rustic / Primitive,no,High
ar-millwood-white-cliffs-park-coordinate-rescue,AR,White Cliffs Park Campground — Millwood Lake USACE,ORDINARY_CAMPGROUND_COORDINATE_RESCUE,Run practical address-to-map rescue; entrance/campground-area coordinate can be acceptable with honest popup.,Looks like ordinary campground/operator/city/county record held mainly for coordinate/source cleanup.,coordinate_rescue,coordinate_rescue,Modern Campgrounds,no,High
ar-felsenthal-nwr-designated-primitive-camping-geometry,AR,Felsenthal NWR Designated Primitive Camping Areas,AREA_RULE_COMMUNITY_OR_OVERLAY_CANDIDATE,Evaluate as area/rule/community marker or overlay candidate; do not force exact campground coordinates.,"Looks like rule-area, boondocking, community, WMA/forest, permit, GIS, or overlay work.",update_existing_lead,update_existing_lead,Boat / Backpack,no,High
ar-felsenthal-crossett-harbor-grand-marais-improved-camping,AR,Crossett Harbor / Grand Marais Improved Camping,ORDINARY_CAMPGROUND_COORDINATE_RESCUE,Run practical address-to-map rescue; entrance/campground-area coordinate can be acceptable with honest popup.,Looks like ordinary campground/operator/city/county record held mainly for coordinate/source cleanup.,update_existing_lead,update_existing_lead,Rustic / Primitive,no,High
ar-poison-springs-state-forest-wma-designated-camping,AR,Poison Springs WMA / State Forest Designated Primitive Campsites,AREA_RULE_COMMUNITY_OR_OVERLAY_CANDIDATE,Evaluate as area/rule/community marker or overlay candidate; do not force exact campground coordinates.,"Looks like rule-area, boondocking, community, WMA/forest, permit, GIS, or overlay work.",update_existing_lead,update_existing_lead,Boondocking / Dispersed,no,High
ar-lafayette-county-wma-north-ccc-road-designated-camping,AR,Lafayette County WMA North CCC Road Designated Sites,AREA_RULE_COMMUNITY_OR_OVERLAY_CANDIDATE,Evaluate as area/rule/community marker or overlay candidate; do not force exact campground coordinates.,"Looks like rule-area, boondocking, community, WMA/forest, permit, GIS, or overlay work.",update_existing_lead,update_existing_lead,Boondocking / Dispersed,no,High
ar-beryl-anthony-lower-ouachita-wma-two-primitive-campsites,AR,Beryl Anthony Lower Ouachita WMA Two Primitive Campsites,AREA_RULE_COMMUNITY_OR_OVERLAY_CANDIDATE,Evaluate as area/rule/community marker or overlay candidate; do not force exact campground coordinates.,"Looks like rule-area, boondocking, community, WMA/forest, permit, GIS, or overlay work.",update_existing_lead,update_existing_lead,Boondocking / Dispersed,no,High
ar-sulphur-river-wma-designated-camping-geometry,AR,Sulphur River WMA Designated Camping Sites,AREA_RULE_COMMUNITY_OR_OVERLAY_CANDIDATE,Evaluate as area/rule/community marker or overlay candidate; do not force exact campground coordinates.,"Looks like rule-area, boondocking, community, WMA/forest, permit, GIS, or overlay work.",update_existing_lead,update_existing_lead,Boondocking / Dispersed,no,High
ar-nimrod-lloyd-millwood-wma-designated-campsite-check,AR,Nimrod Lloyd Millwood WMA Designated Campsite Geometry Check,AREA_RULE_COMMUNITY_OR_OVERLAY_CANDIDATE,Evaluate as area/rule/community marker or overlay candidate; do not force exact campground coordinates.,"Looks like rule-area, boondocking, community, WMA/forest, permit, GIS, or overlay work.",update_existing_lead,update_existing_lead,Boondocking / Dispersed,no,High
ar-big-timber-wma-designated-campsites,AR,Big Timber WMA Designated Campsites,AREA_RULE_COMMUNITY_OR_OVERLAY_CANDIDATE,Evaluate as area/rule/community marker or overlay candidate; do not force exact campground coordinates.,"Looks like rule-area, boondocking, community, WMA/forest, permit, GIS, or overlay work.",update_existing_lead,update_existing_lead,Boondocking / Dispersed,no,High
ar-lake-greeson-wma-designated-camping-distinction,AR,Lake Greeson WMA Designated Campsites / Corps Campground Distinction,REJECT_DUPLICATE_OR_CLOSURE_REVIEW,"Review for rejected ledger, duplicate merge, or closure/status note.","Status/action fields contain duplicate, wrong-state, closure, malformed, or do-not-import language.",update_existing_lead,update_existing_lead,Boondocking / Dispersed,no,High
ar-howard-county-wma-designated-campsites,AR,Howard County WMA Designated Campsites,AREA_RULE_COMMUNITY_OR_OVERLAY_CANDIDATE,Evaluate as area/rule/community marker or overlay candidate; do not force exact campground coordinates.,"Looks like rule-area, boondocking, community, WMA/forest, permit, GIS, or overlay work.",update_existing_lead,update_existing_lead,Boondocking / Dispersed,no,High
ar-agfc-nw-nc-wma-designated-camping-batch-future,AR,AGFC Northwest / North-Central WMA Designated-Camping Batch,AREA_RULE_COMMUNITY_OR_OVERLAY_CANDIDATE,Evaluate as area/rule/community marker or overlay candidate; do not force exact campground coordinates.,"Looks like rule-area, boondocking, community, WMA/forest, permit, GIS, or overlay work.",future_lead,future_lead,Boondocking / Dispersed,no,High
tn-cherokee-nf-young-branch-horse-camp-status-check,TN,Young Branch Horse Camp,ORDINARY_CAMPGROUND_COORDINATE_RESCUE,Run practical address-to-map rescue; entrance/campground-area coordinate can be acceptable with honest popup.,Looks like ordinary campground/operator/city/county record held mainly for coordinate/source cleanup.,needs_verification,needs_verification,Rustic / Primitive,no,High
tn-cherokee-nf-dispersed-camping-mvum-area-rule,TN,Cherokee NF dispersed camping / MVUM route-area rule,AREA_RULE_COMMUNITY_OR_OVERLAY_CANDIDATE,Evaluate as area/rule/community marker or overlay candidate; do not force exact campground coordinates.,"Looks like rule-area, boondocking, community, WMA/forest, permit, GIS, or overlay work.",geometry_rescue,geometry_extraction,Boondocking / Dispersed,no,High
tn-cherokee-nf-starr-mountain-spring-creek-dispersed-camping-geometry,TN,Starr Mountain / Spring Creek dispersed camping geometry lead,AREA_RULE_COMMUNITY_OR_OVERLAY_CANDIDATE,Evaluate as area/rule/community marker or overlay candidate; do not force exact campground coordinates.,"Looks like rule-area, boondocking, community, WMA/forest, permit, GIS, or overlay work.",geometry_rescue,area_rule_geometry_rescue,Boondocking / Dispersed,no,High
tn-cherokee-nf-lost-corral-horse-camp-coordinate-rescue,TN,Lost Corral Horse Camp,REJECT_DUPLICATE_OR_CLOSURE_REVIEW,"Review for rejected ledger, duplicate merge, or closure/status note.","Status/action fields contain duplicate, wrong-state, closure, malformed, or do-not-import language.",coordinate_rescue,coordinate_rescue,Rustic / Primitive,yes,High
tn-cherokee-nf-lost-creek-campground-coordinate-rescue,TN,Lost Creek Campground,PROMOTION_STATUS_CHECK_CANDIDATE,Quick source/status check; promote if public overnight use and coordinate are defensible as campground/entrance/area marker.,Ordinary campground/operator lead with a coordinate; likely held for semantics or status wording.,coordinate_rescue,coordinate_rescue,Rustic / Primitive,yes,High
tn-catoosa-wma-restricted-hunter-camping-geometry,TN,Catoosa WMA restricted hunter-only camping geometry,AREA_RULE_COMMUNITY_OR_OVERLAY_CANDIDATE,Evaluate as area/rule/community marker or overlay candidate; do not force exact campground coordinates.,"Looks like rule-area, boondocking, community, WMA/forest, permit, GIS, or overlay work.",restricted_hunter_camping_geometry_blocked,restricted_geometry_rescue,Needs Verification / Boondocking / Dispersed if exact restricted area is later proven,no,High
tn-prentice-cooper-designated-camping-components,TN,Prentice Cooper State Forest / WMA Designated Camping Components,AREA_RULE_COMMUNITY_OR_OVERLAY_CANDIDATE,Evaluate as area/rule/community marker or overlay candidate; do not force exact campground coordinates.,"Looks like rule-area, boondocking, community, WMA/forest, permit, GIS, or overlay work.",update_existing_lead,update_existing_lead,Rustic / Primitive,no,High
tn-fall-creek-falls-campground-backcountry-coordinate-extraction,TN,Fall Creek Falls Campground + Backcountry Sites,ORDINARY_CAMPGROUND_COORDINATE_RESCUE,Run practical address-to-map rescue; entrance/campground-area coordinate can be acceptable with honest popup.,Looks like ordinary campground/operator/city/county record held mainly for coordinate/source cleanup.,coordinate_rescue,coordinate_rescue,Modern Campgrounds + Boat / Backpack components,no,High
tn-frozen-head-campground-backcountry-status-coordinate-extraction,TN,Frozen Head — Big Cove / Flat Fork Primitive / Backcountry,TRUE_LEAD_RESEARCH_OR_EXTERNAL,Keep as lead until proof/geometry/status is resolved.,"Still has a proof, geometry, legality, duplicate, or current-status blocker.",needs_verification,needs_verification,Rustic / Primitive + Boat / Backpack,no,High
tn-savage-gulf-backcountry-campsite-geometry,TN,Savage Gulf Backcountry Campsite System,AREA_RULE_COMMUNITY_OR_OVERLAY_CANDIDATE,Evaluate as area/rule/community marker or overlay candidate; do not force exact campground coordinates.,"Looks like rule-area, boondocking, community, WMA/forest, permit, GIS, or overlay work.",coordinate_rescue,coordinate_rescue,Boat / Backpack,no,High
tn-fiery-gizzard-backcountry-campsite-geometry,TN,Fiery Gizzard Backcountry Camping,AREA_RULE_COMMUNITY_OR_OVERLAY_CANDIDATE,Evaluate as area/rule/community marker or overlay candidate; do not force exact campground coordinates.,"Looks like rule-area, boondocking, community, WMA/forest, permit, GIS, or overlay work.",coordinate_rescue,coordinate_rescue,Boat / Backpack,no,High
tn-scotts-gulf-backcountry-campsite-geometry,TN,Scott’s Gulf Wilderness Backcountry Camping,AREA_RULE_COMMUNITY_OR_OVERLAY_CANDIDATE,Evaluate as area/rule/community marker or overlay candidate; do not force exact campground coordinates.,"Looks like rule-area, boondocking, community, WMA/forest, permit, GIS, or overlay work.",coordinate_rescue,coordinate_rescue,Boat / Backpack,no,High
tn-cumberland-trail-plateau-backcountry-section-geometry,TN,Cumberland Trail Plateau Section Backcountry Camping,AREA_RULE_COMMUNITY_OR_OVERLAY_CANDIDATE,Evaluate as area/rule/community marker or overlay candidate; do not force exact campground coordinates.,"Looks like rule-area, boondocking, community, WMA/forest, permit, GIS, or overlay work.",coordinate_rescue,coordinate_rescue,Boat / Backpack,no,High
tn-plateau-developed-state-park-campgrounds-w7-defer,TN,Cumberland Mountain / Rock Island / Standing Stone / Edgar Evins Developed Campgrounds,AREA_RULE_COMMUNITY_OR_OVERLAY_CANDIDATE,Evaluate as area/rule/community marker or overlay candidate; do not force exact campground coordinates.,"Looks like rule-area, boondocking, community, WMA/forest, permit, GIS, or overlay work.",future_lead,future_lead,Modern Campgrounds,no,High
ar-lead-mississippi-river-sp-beech-point-aaa-campground-coordinate-rescue,AR,Beech Point Campground — AAA Sites 1–14,ORDINARY_CAMPGROUND_COORDINATE_RESCUE,Run practical address-to-map rescue; entrance/campground-area coordinate can be acceptable with honest popup.,Looks like ordinary campground/operator/city/county record held mainly for coordinate/source cleanup.,coordinate_rescue,coordinate_rescue,Modern Campgrounds,no,High
ar-lead-mississippi-river-sp-beech-point-walkin-tent-sites,AR,Beech Point Campground — Tent-only Sites 15T–17T,ORDINARY_CAMPGROUND_COORDINATE_RESCUE,Run practical address-to-map rescue; entrance/campground-area coordinate can be acceptable with honest popup.,Looks like ordinary campground/operator/city/county record held mainly for coordinate/source cleanup.,coordinate_rescue,coordinate_rescue,Boat / Backpack,no,High
ar-lead-mississippi-river-sp-lone-pine-campground-coordinate-rescue,AR,Lone Pine Campground / Bear Creek Lake,ORDINARY_CAMPGROUND_COORDINATE_RESCUE,Run practical address-to-map rescue; entrance/campground-area coordinate can be acceptable with honest popup.,Looks like ordinary campground/operator/city/county record held mainly for coordinate/source cleanup.,coordinate_rescue,coordinate_rescue,Rustic / Primitive,no,High
ar-lead-mississippi-river-sp-maple-flats-group-campground-coordinate-rescue,AR,Maple Flats Group Campground,REJECT_DUPLICATE_OR_CLOSURE_REVIEW,"Review for rejected ledger, duplicate merge, or closure/status note.","Status/action fields contain duplicate, wrong-state, closure, malformed, or do-not-import language.",coordinate_rescue,coordinate_rescue,Rustic / Primitive,no,High
ar-lead-mississippi-river-sp-storm-creek-lake-campground-coordinate-rescue,AR,Storm Creek Lake Campground — Sites 32–45,ORDINARY_CAMPGROUND_COORDINATE_RESCUE,Run practical address-to-map rescue; entrance/campground-area coordinate can be acceptable with honest popup.,Looks like ordinary campground/operator/city/county record held mainly for coordinate/source cleanup.,coordinate_rescue,coordinate_rescue,Modern Campgrounds,no,High
ar-lead-mississippi-river-sp-storm-creek-bikein-tent-sites,AR,Storm Creek Lake Campground — Bike-in / Small Tent Sites 38–40,ORDINARY_CAMPGROUND_COORDINATE_RESCUE,Run practical address-to-map rescue; entrance/campground-area coordinate can be acceptable with honest popup.,Looks like ordinary campground/operator/city/county record held mainly for coordinate/source cleanup.,coordinate_rescue,coordinate_rescue,Boat / Backpack,no,High
ar-lead-st-francis-nf-mississippi-river-sp-camping-system-geometry,AR,St. Francis NF / Mississippi River SP Camping-System Geometry,AREA_RULE_COMMUNITY_OR_OVERLAY_CANDIDATE,Evaluate as area/rule/community marker or overlay candidate; do not force exact campground coordinates.,"Looks like rule-area, boondocking, community, WMA/forest, permit, GIS, or overlay work.",coordinate_rescue,coordinate_rescue,Needs Verification,no,High
ar-lead-dale-bumpers-white-river-nwr-designated-campgrounds-extraction,AR,Dale Bumpers White River NWR Designated Campgrounds,REJECT_DUPLICATE_OR_CLOSURE_REVIEW,"Review for rejected ledger, duplicate merge, or closure/status note.","Status/action fields contain duplicate, wrong-state, closure, malformed, or do-not-import language.",coordinate_rescue,coordinate_rescue,Boondocking / Dispersed,no,High
ar-lead-merrisach-lake-park-campground-ridb-coordinate-rescue,AR,Merrisach Lake Park / Campground,ORDINARY_CAMPGROUND_COORDINATE_RESCUE,Run practical address-to-map rescue; entrance/campground-area coordinate can be acceptable with honest popup.,Looks like ordinary campground/operator/city/county record held mainly for coordinate/source cleanup.,coordinate_rescue,coordinate_rescue,Modern Campgrounds,no,High
ar-lead-notrebe-bend-park-campground-ridb-coordinate-rescue,AR,Notrebe / Notrebes Bend Park / Campground,ORDINARY_CAMPGROUND_COORDINATE_RESCUE,Run practical address-to-map rescue; entrance/campground-area coordinate can be acceptable with honest popup.,Looks like ordinary campground/operator/city/county record held mainly for coordinate/source cleanup.,coordinate_rescue,coordinate_rescue,Modern Campgrounds,no,High
ar-lead-pendleton-bend-campground-ridb-coordinate-rescue,AR,Pendleton Bend Campground / Park,ORDINARY_CAMPGROUND_COORDINATE_RESCUE,Run practical address-to-map rescue; entrance/campground-area coordinate can be acceptable with honest popup.,Looks like ordinary campground/operator/city/county record held mainly for coordinate/source cleanup.,coordinate_rescue,coordinate_rescue,Modern Campgrounds,no,High
ar-lead-wilbur-d-mills-campground-ridb-coordinate-rescue,AR,Wilbur D. Mills Campground,ORDINARY_CAMPGROUND_COORDINATE_RESCUE,Run practical address-to-map rescue; entrance/campground-area coordinate can be acceptable with honest popup.,Looks like ordinary campground/operator/city/county record held mainly for coordinate/source cleanup.,coordinate_rescue,coordinate_rescue,Modern Campgrounds,no,High
ar-lead-tar-camp-park-campground-ridb-coordinate-rescue,AR,Tar Camp Park / Campground,ORDINARY_CAMPGROUND_COORDINATE_RESCUE,Run practical address-to-map rescue; entrance/campground-area coordinate can be acceptable with honest popup.,Looks like ordinary campground/operator/city/county record held mainly for coordinate/source cleanup.,coordinate_rescue,coordinate_rescue,Modern Campgrounds,no,High
ar-external-usace-arkansas-river-ridb-recreationgov-extraction,AR,Arkansas River USACE Campground Metadata Extraction,ORDINARY_CAMPGROUND_COORDINATE_RESCUE,Run practical address-to-map rescue; entrance/campground-area coordinate can be acceptable with honest popup.,Looks like ordinary campground/operator/city/county record held mainly for coordinate/source cleanup.,external_access_required,external_access_required,Info / Reference,no,High
tn-w8-piney-campground-coordinate-rescue,TN,Piney Campground,ORDINARY_CAMPGROUND_COORDINATE_RESCUE,Run practical address-to-map rescue; entrance/campground-area coordinate can be acceptable with honest popup.,Looks like ordinary campground/operator/city/county record held mainly for coordinate/source cleanup.,coordinate_rescue,coordinate_rescue,Modern Campgrounds + Rustic / Primitive component,no,High
tn-w8-lbl-tn-backcountry-basic-rule-geometry,TN,LBL Tennessee-side backcountry/basic camping rule area,AREA_RULE_COMMUNITY_OR_OVERLAY_CANDIDATE,Evaluate as area/rule/community marker or overlay candidate; do not force exact campground coordinates.,"Looks like rule-area, boondocking, community, WMA/forest, permit, GIS, or overlay work.",coordinate_rescue,coordinate_rescue,Boondocking / Dispersed,no,High
tn-w8-lbl-south-self-service-components,TN,LBL TN-side self-service/basic campground components,REJECT_DUPLICATE_OR_CLOSURE_REVIEW,"Review for rejected ledger, duplicate merge, or closure/status note.","Status/action fields contain duplicate, wrong-state, closure, malformed, or do-not-import language.",coordinate_rescue,coordinate_rescue,Rustic / Primitive,no,High
tn-w8-reelfoot-lake-state-park-campgrounds,TN,Reelfoot Lake State Park campgrounds,ORDINARY_CAMPGROUND_COORDINATE_RESCUE,Run practical address-to-map rescue; entrance/campground-area coordinate can be acceptable with honest popup.,Looks like ordinary campground/operator/city/county record held mainly for coordinate/source cleanup.,coordinate_rescue,coordinate_rescue,Modern Campgrounds,no,High
tn-w8-big-hill-pond-backcountry-sites,TN,Big Hill Pond State Park backcountry shelters/sites,REJECT_DUPLICATE_OR_CLOSURE_REVIEW,"Review for rejected ledger, duplicate merge, or closure/status note.","Status/action fields contain duplicate, wrong-state, closure, malformed, or do-not-import language.",coordinate_rescue,coordinate_rescue,Boat / Backpack,no,High
tn-w8-chickasaw-state-park-components,TN,Chickasaw State Park RV/tent/wrangler components,TRUE_LEAD_RESEARCH_OR_EXTERNAL,Keep as lead until proof/geometry/status is resolved.,"Still has a proof, geometry, legality, duplicate, or current-status blocker.",coordinate_rescue,coordinate_rescue,Modern + Rustic / Primitive component,no,High
tn-w8-fort-pillow-campground-components,TN,Fort Pillow family / primitive / group campground components,ORDINARY_CAMPGROUND_COORDINATE_RESCUE,Run practical address-to-map rescue; entrance/campground-area coordinate can be acceptable with honest popup.,Looks like ordinary campground/operator/city/county record held mainly for coordinate/source cleanup.,coordinate_rescue,coordinate_rescue,Modern + Rustic / Primitive + group component,no,High
tn-w8-meeman-shelby-forest-campground,TN,Meeman-Shelby Forest State Park campground,AREA_RULE_COMMUNITY_OR_OVERLAY_CANDIDATE,Evaluate as area/rule/community marker or overlay candidate; do not force exact campground coordinates.,"Looks like rule-area, boondocking, community, WMA/forest, permit, GIS, or overlay work.",coordinate_rescue,coordinate_rescue,Modern Campgrounds,no,High
tn-w8-to-fuller-state-park-campground,TN,T.O. Fuller State Park campground,ORDINARY_CAMPGROUND_COORDINATE_RESCUE,Run practical address-to-map rescue; entrance/campground-area coordinate can be acceptable with honest popup.,Looks like ordinary campground/operator/city/county record held mainly for coordinate/source cleanup.,coordinate_rescue,coordinate_rescue,Modern Campgrounds,no,High
tn-w8-pickwick-landing-state-park-components,TN,Pickwick Landing State Park main + primitive campground components,ORDINARY_CAMPGROUND_COORDINATE_RESCUE,Run practical address-to-map rescue; entrance/campground-area coordinate can be acceptable with honest popup.,Looks like ordinary campground/operator/city/county record held mainly for coordinate/source cleanup.,coordinate_rescue,coordinate_rescue,Modern + Rustic / Primitive,no,High
tn-w8-pickwick-dam-tva-campground,TN,Pickwick Dam TVA Campground,ORDINARY_CAMPGROUND_COORDINATE_RESCUE,Run practical address-to-map rescue; entrance/campground-area coordinate can be acceptable with honest popup.,Looks like ordinary campground/operator/city/county record held mainly for coordinate/source cleanup.,coordinate_rescue,coordinate_rescue,Modern Campgrounds + primitive tent component,no,High
tn-w8-tva-undeveloped-public-land-geometry,TN,TVA undeveloped public lands camping geometry — West TN / Tennessee River,AREA_RULE_COMMUNITY_OR_OVERLAY_CANDIDATE,Evaluate as area/rule/community marker or overlay candidate; do not force exact campground coordinates.,"Looks like rule-area, boondocking, community, WMA/forest, permit, GIS, or overlay work.",coordinate_rescue,coordinate_rescue,Boondocking / Dispersed,no,High
tn-w8-natchez-trace-state-park-components,TN,Natchez Trace State Park campground components,REJECT_DUPLICATE_OR_CLOSURE_REVIEW,"Review for rejected ledger, duplicate merge, or closure/status note.","Status/action fields contain duplicate, wrong-state, closure, malformed, or do-not-import language.",coordinate_rescue,coordinate_rescue,Modern + Rustic / Primitive + Boat / Backpack,no,High
tn-w8-nathan-bedford-forrest-backcountry-closure-watch,TN,Nathan Bedford Forrest State Park backcountry + closed campground watch,REJECT_DUPLICATE_OR_CLOSURE_REVIEW,"Review for rejected ledger, duplicate merge, or closure/status note.","Status/action fields contain duplicate, wrong-state, closure, malformed, or do-not-import language.",coordinate_rescue,coordinate_rescue,Boat / Backpack + closure watch,no,High
tn-w8-john-tully-wma-designated-camping,TN,John Tully WMA designated campsites,AREA_RULE_COMMUNITY_OR_OVERLAY_CANDIDATE,Evaluate as area/rule/community marker or overlay candidate; do not force exact campground coordinates.,"Looks like rule-area, boondocking, community, WMA/forest, permit, GIS, or overlay work.",coordinate_rescue,coordinate_rescue,Boondocking / Dispersed,no,High
tn-w8-blue-bank-resort-rv-sites,TN,Blue Bank Resort RV sites,ORDINARY_CAMPGROUND_COORDINATE_RESCUE,Run practical address-to-map rescue; entrance/campground-area coordinate can be acceptable with honest popup.,Looks like ordinary campground/operator/city/county record held mainly for coordinate/source cleanup.,coordinate_rescue,coordinate_rescue,Private Campgrounds,no,High
tn-w8-sunset-cove-reelfoot-transient-status,TN,Sunset Cove / Reelfoot Lake RV Park,ORDINARY_CAMPGROUND_COORDINATE_RESCUE,Run practical address-to-map rescue; entrance/campground-area coordinate can be acceptable with honest popup.,Looks like ordinary campground/operator/city/county record held mainly for coordinate/source cleanup.,needs_verification,needs_verification,Needs Verification,no,High
tn-w8-paris-landing-koa,TN,Paris Landing / Kentucky Lake KOA Holiday,REJECT_DUPLICATE_OR_CLOSURE_REVIEW,"Review for rejected ledger, duplicate merge, or closure/status note.","Status/action fields contain duplicate, wrong-state, closure, malformed, or do-not-import language.",coordinate_rescue,coordinate_rescue,Private Campgrounds,no,High
tn-w8-swan-bay-cabins-rv-park,TN,Swan Bay Cabins and RV Park,ORDINARY_CAMPGROUND_COORDINATE_RESCUE,Run practical address-to-map rescue; entrance/campground-area coordinate can be acceptable with honest popup.,Looks like ordinary campground/operator/city/county record held mainly for coordinate/source cleanup.,coordinate_rescue,coordinate_rescue,Private Campgrounds,no,High
tn-w8-cane-creek-marina-campground,TN,Cane Creek Marina and Campground / RV Park,ORDINARY_CAMPGROUND_COORDINATE_RESCUE,Run practical address-to-map rescue; entrance/campground-area coordinate can be acceptable with honest popup.,Looks like ordinary campground/operator/city/county record held mainly for coordinate/source cleanup.,coordinate_rescue,coordinate_rescue,Private Campgrounds,no,High
tn-w8-birdsong-resort-campground,TN,Birdsong Resort Marina and Campground,ORDINARY_CAMPGROUND_COORDINATE_RESCUE,Run practical address-to-map rescue; entrance/campground-area coordinate can be acceptable with honest popup.,Looks like ordinary campground/operator/city/county record held mainly for coordinate/source cleanup.,coordinate_rescue,coordinate_rescue,Private Campgrounds,no,High
tn-w8-carroll-county-1000-acre-lake-camping,TN,Carroll County 1000 Acre Recreational Lake camping,REJECT_DUPLICATE_OR_CLOSURE_REVIEW,"Review for rejected ledger, duplicate merge, or closure/status note.","Status/action fields contain duplicate, wrong-state, closure, malformed, or do-not-import language.",needs_verification,needs_verification,Needs Verification,no,High
tn-w8-beech-bend-campground-decatur,TN,Beech Bend Campground,ORDINARY_CAMPGROUND_COORDINATE_RESCUE,Run practical address-to-map rescue; entrance/campground-area coordinate can be acceptable with honest popup.,Looks like ordinary campground/operator/city/county record held mainly for coordinate/source cleanup.,coordinate_rescue,coordinate_rescue,Rustic / Primitive,no,High
tn-w8-botel-campground,TN,Botel Campground,ORDINARY_CAMPGROUND_COORDINATE_RESCUE,Run practical address-to-map rescue; entrance/campground-area coordinate can be acceptable with honest popup.,Looks like ordinary campground/operator/city/county record held mainly for coordinate/source cleanup.,coordinate_rescue,coordinate_rescue,Private Campgrounds,no,High
tn-w8-parkers-crossroads-rv,TN,Parkers Crossroads RV Park and Campground,ORDINARY_CAMPGROUND_COORDINATE_RESCUE,Run practical address-to-map rescue; entrance/campground-area coordinate can be acceptable with honest popup.,Looks like ordinary campground/operator/city/county record held mainly for coordinate/source cleanup.,coordinate_rescue,coordinate_rescue,Private Campgrounds,no,High
tn-w8-big-buck-resort,TN,Big Buck Resort,ORDINARY_CAMPGROUND_COORDINATE_RESCUE,Run practical address-to-map rescue; entrance/campground-area coordinate can be acceptable with honest popup.,Looks like ordinary campground/operator/city/county record held mainly for coordinate/source cleanup.,coordinate_rescue,coordinate_rescue,Private Campgrounds,no,High
tn-w8-serendipity-resort-brownsville,TN,Serendipity RV Resort & Campground,ORDINARY_CAMPGROUND_COORDINATE_RESCUE,Run practical address-to-map rescue; entrance/campground-area coordinate can be acceptable with honest popup.,Looks like ordinary campground/operator/city/county record held mainly for coordinate/source cleanup.,coordinate_rescue,coordinate_rescue,Private Campgrounds,no,High
tn-w8-joy-o-rv-park,TN,Joy-O RV Park,ORDINARY_CAMPGROUND_COORDINATE_RESCUE,Run practical address-to-map rescue; entrance/campground-area coordinate can be acceptable with honest popup.,Looks like ordinary campground/operator/city/county record held mainly for coordinate/source cleanup.,coordinate_rescue,coordinate_rescue,Private Campgrounds,no,High
tn-w8-cherokee-landing-thousand-trails,TN,Thousand Trails Cherokee Landing,REJECT_DUPLICATE_OR_CLOSURE_REVIEW,"Review for rejected ledger, duplicate merge, or closure/status note.","Status/action fields contain duplicate, wrong-state, closure, malformed, or do-not-import language.",coordinate_rescue,coordinate_rescue,Private Campgrounds,no,High
tn-lead-dale-hollow-primitive-camping-sites-geometry-extraction,TN,Dale Hollow Lake Primitive Camping — full site extraction,AREA_RULE_COMMUNITY_OR_OVERLAY_CANDIDATE,Evaluate as area/rule/community marker or overlay candidate; do not force exact campground coordinates.,"Looks like rule-area, boondocking, community, WMA/forest, permit, GIS, or overlay work.",update_existing_lead,update_existing_lead,Boat / Backpack + Rustic / Primitive,no,High
tn-lead-centerhill-primitive-sites-site-coordinate-extraction,TN,Center Hill Lake Primitive Camping Areas,TRUE_LEAD_RESEARCH_OR_EXTERNAL,Keep as lead until proof/geometry/status is resolved.,"Still has a proof, geometry, legality, duplicate, or current-status blocker.",coordinate_rescue,coordinate_rescue,Boat / Backpack,no,High
tn-lead-centerhill-cane-hollow-drivein-primitive-site-coordinate-rescue,TN,Center Hill Primitive Camping — Cane Hollow Sites 3A/3B/3C,ORDINARY_CAMPGROUND_COORDINATE_RESCUE,Run practical address-to-map rescue; entrance/campground-area coordinate can be acceptable with honest popup.,Looks like ordinary campground/operator/city/county record held mainly for coordinate/source cleanup.,coordinate_rescue,coordinate_rescue,Rustic / Primitive,no,High
tn-lead-centerhill-white-county-access-primitive-coordinate-rescue,TN,Center Hill Primitive Camping — White County Access Site 20,ORDINARY_CAMPGROUND_COORDINATE_RESCUE,Run practical address-to-map rescue; entrance/campground-area coordinate can be acceptable with honest popup.,Looks like ordinary campground/operator/city/county record held mainly for coordinate/source cleanup.,coordinate_rescue,coordinate_rescue,Rustic / Primitive,no,High
tn-long-hunter-backcountry-campsite-coordinate-rescue-v23175,TN,Long Hunter State Park backcountry campsite coordinate rescue,TRUE_LEAD_RESEARCH_OR_EXTERNAL,Keep as lead until proof/geometry/status is resolved.,"Still has a proof, geometry, legality, duplicate, or current-status blocker.",coordinate_rescue,coordinate_rescue,Boat / Backpack,no,High
tn-prentice-cooper-hunter-check-station-camp-coordinate-rescue,TN,Prentice Cooper Hunter Check Station Campground,REJECT_DUPLICATE_OR_CLOSURE_REVIEW,"Review for rejected ledger, duplicate merge, or closure/status note.","Status/action fields contain duplicate, wrong-state, closure, malformed, or do-not-import language.",coordinate_rescue,coordinate_rescue,Rustic / Primitive,yes,High
tn-prentice-cooper-davis-pond-camp-coordinate-rescue,TN,Prentice Cooper Davis Pond Campground,PROMOTION_STATUS_CHECK_CANDIDATE,Quick source/status check; promote if public overnight use and coordinate are defensible as campground/entrance/area marker.,Ordinary campground/operator lead with a coordinate; likely held for semantics or status wording.,coordinate_rescue,coordinate_rescue,Rustic / Primitive,yes,High
tn-prentice-cooper-tennessee-wall-campground-coordinate-rescue,TN,Tennessee Wall Campground,PROMOTION_STATUS_CHECK_CANDIDATE,Quick source/status check; promote if public overnight use and coordinate are defensible as campground/entrance/area marker.,Ordinary campground/operator lead with a coordinate; likely held for semantics or status wording.,coordinate_rescue,coordinate_rescue,Rustic / Primitive,yes,High
tn-big-south-fork-boundary-area-rule-upgrade,TN,Big South Fork TN-side backcountry area-rule / boundary upgrade,AREA_RULE_COMMUNITY_OR_OVERLAY_CANDIDATE,Evaluate as area/rule/community marker or overlay candidate; do not force exact campground coordinates.,"Looks like rule-area, boondocking, community, WMA/forest, permit, GIS, or overlay work.",geometry_upgrade_lead,area_outline_followup,Boat / Backpack / area-rule,no,Medium
tn-obed-backcountry-boundary-area-rule-upgrade,TN,Obed backcountry area-rule / boundary upgrade,AREA_RULE_COMMUNITY_OR_OVERLAY_CANDIDATE,Evaluate as area/rule/community marker or overlay candidate; do not force exact campground coordinates.,"Looks like rule-area, boondocking, community, WMA/forest, permit, GIS, or overlay work.",geometry_upgrade_lead,area_outline_followup,Boat / Backpack / area-rule,no,Medium
tn-cumberland-trail-prentice-backcountry-camps-geometry-lead,TN,Cumberland Trail / Prentice Cooper backcountry camps geometry lead,AREA_RULE_COMMUNITY_OR_OVERLAY_CANDIDATE,Evaluate as area/rule/community marker or overlay candidate; do not force exact campground coordinates.,"Looks like rule-area, boondocking, community, WMA/forest, permit, GIS, or overlay work.",coordinate_rescue,geometry_extraction,Boat / Backpack,no,High
tn-savage-fiery-scotts-backcountry-geometry-lead,TN,Savage Gulf / Fiery Gizzard / Scott’s Gulf official backcountry camping geometry,AREA_RULE_COMMUNITY_OR_OVERLAY_CANDIDATE,Evaluate as area/rule/community marker or overlay candidate; do not force exact campground coordinates.,"Looks like rule-area, boondocking, community, WMA/forest, permit, GIS, or overlay work.",needs_verification,needs_verification_geometry,Boat / Backpack,no,High
ks-worker5-west-blocked-campgrounds-coordinate-rescue,KS,Kansas Worker 5 west/High Plains blocked campground coordinate-rescue bundle,ORDINARY_CAMPGROUND_COORDINATE_RESCUE,Run practical address-to-map rescue; entrance/campground-area coordinate can be acceptable with honest popup.,Looks like ordinary campground/operator/city/county record held mainly for coordinate/source cleanup.,coordinate_rescue,coordinate_rescue,Mixed Modern + Rustic / Primitive,no,High
ks-worker6-north-blocked-campgrounds-coordinate-rescue,KS,Kansas Worker 6 north/Smoky Hills blocked campground coordinate-rescue bundle,AREA_RULE_COMMUNITY_OR_OVERLAY_CANDIDATE,Evaluate as area/rule/community marker or overlay candidate; do not force exact campground coordinates.,"Looks like rule-area, boondocking, community, WMA/forest, permit, GIS, or overlay work.",coordinate_rescue,coordinate_rescue,Mixed Modern + Rustic / Primitive,no,High
ks-worker7-east-blocked-campgrounds-coordinate-rescue,KS,Kansas Worker 7 east/Flint Hills/Kansas River blocked campground coordinate-rescue bundle,AREA_RULE_COMMUNITY_OR_OVERLAY_CANDIDATE,Evaluate as area/rule/community marker or overlay candidate; do not force exact campground coordinates.,"Looks like rule-area, boondocking, community, WMA/forest, permit, GIS, or overlay work.",coordinate_rescue,coordinate_rescue,Mixed Modern + Rustic / Primitive,no,High
ks-worker8-south-southeast-blocked-campgrounds-coordinate-rescue,KS,Kansas Worker 8 south/southeast blocked campground coordinate-rescue bundle,ORDINARY_CAMPGROUND_COORDINATE_RESCUE,Run practical address-to-map rescue; entrance/campground-area coordinate can be acceptable with honest popup.,Looks like ordinary campground/operator/city/county record held mainly for coordinate/source cleanup.,coordinate_rescue,coordinate_rescue,Mixed Modern + Rustic / Primitive,no,High
ks-miami-sfl-earthen-pier-14-coordinate-lead,KS,Miami State Fishing Lake — Missing Earthen Pier 14 coordinate,ORDINARY_CAMPGROUND_COORDINATE_RESCUE,Run practical address-to-map rescue; entrance/campground-area coordinate can be acceptable with honest popup.,Looks like ordinary campground/operator/city/county record held mainly for coordinate/source cleanup.,coordinate_rescue,coordinate_rescue,Rustic / Primitive,no,High
ks-neosho-sfl-primitive-sites-coord-rescue,KS,Neosho State Fishing Lake — three primitive campsites coordinate rescue,ORDINARY_CAMPGROUND_COORDINATE_RESCUE,Run practical address-to-map rescue; entrance/campground-area coordinate can be acceptable with honest popup.,Looks like ordinary campground/operator/city/county record held mainly for coordinate/source cleanup.,coordinate_rescue,coordinate_rescue,Rustic / Primitive,no,High
ks-lead-cheney-individual-loop-split,KS,"Cheney State Park individual campground loops — North Loop, Smarsh Creek, South Loop, Heimerman Point, Marina, Lakeview, Wichita Point, M&M Point",ORDINARY_CAMPGROUND_COORDINATE_RESCUE,Run practical address-to-map rescue; entrance/campground-area coordinate can be acceptable with honest popup.,Looks like ordinary campground/operator/city/county record held mainly for coordinate/source cleanup.,coordinate_rescue,coordinate_rescue,Modern + Rustic / Primitive split pending,no,High
ks-lead-eldorado-bluestem-subloop-split,KS,"El Dorado Bluestem Point subloops — Bemis Creek, Big Pine, Sunflower Meadow, Quail Run, Fisherman’s Point, Goose Cove, Box Turtle Point, Satchel Creek Cove",TRUE_LEAD_RESEARCH_OR_EXTERNAL,Keep as lead until proof/geometry/status is resolved.,"Still has a proof, geometry, legality, duplicate, or current-status blocker.",coordinate_rescue,coordinate_rescue,Modern + Rustic / Primitive split pending,no,High
ks-lead-eldorado-walnut-river-component,KS,El Dorado State Park — Walnut River campground area/components,ORDINARY_CAMPGROUND_COORDINATE_RESCUE,Run practical address-to-map rescue; entrance/campground-area coordinate can be acceptable with honest popup.,Looks like ordinary campground/operator/city/county record held mainly for coordinate/source cleanup.,coordinate_rescue,coordinate_rescue,Modern + Rustic / Primitive split pending,no,High
ks-lead-cross-timbers-subloop-split,KS,"Cross Timbers State Park component split — Timber Ridge, Osage Plains, Clovis Point, Sandstone, Holiday Hill/Blackjack",TRUE_LEAD_RESEARCH_OR_EXTERNAL,Keep as lead until proof/geometry/status is resolved.,"Still has a proof, geometry, legality, duplicate, or current-status blocker.",coordinate_rescue,coordinate_rescue,Modern + Rustic / Primitive split pending,no,High
ks-lead-fall-river-subloop-split,KS,"Fall River State Park component split — South Rock Ridge, Gobbler’s Knob, Wind Hill, Casner Creek, Fredonia Bay Campground",ORDINARY_CAMPGROUND_COORDINATE_RESCUE,Run practical address-to-map rescue; entrance/campground-area coordinate can be acceptable with honest popup.,Looks like ordinary campground/operator/city/county record held mainly for coordinate/source cleanup.,coordinate_rescue,coordinate_rescue,Modern + Rustic / Primitive split pending,no,High
ks-lead-crawford-state-park-components,KS,"Crawford State Park campground component split — Rocky Cove, Oak Point, Lonesome Point, Osage Bluff, Cherokee Landing, Lake View Group Use",ORDINARY_CAMPGROUND_COORDINATE_RESCUE,Run practical address-to-map rescue; entrance/campground-area coordinate can be acceptable with honest popup.,Looks like ordinary campground/operator/city/county record held mainly for coordinate/source cleanup.,coordinate_rescue,coordinate_rescue,Modern + Rustic / Primitive split pending,no,High
ks-lead-elk-city-state-park-components,KS,"Elk City State Park components — Timber Road, Day Use camping area, Comfort Cove",TRUE_LEAD_RESEARCH_OR_EXTERNAL,Keep as lead until proof/geometry/status is resolved.,"Still has a proof, geometry, legality, duplicate, or current-status blocker.",coordinate_rescue,coordinate_rescue,Modern + Rustic / Primitive split pending,no,High
ks-lead-campitks-western-kdwp-targets,KS,"Western/north-central KDWP state-park targets — Cedar Bluff Page Creek/Bluffton, Historic Lake Scott, Meade, Glen Elder/Waconda, Lovewell, Wilson",TRUE_LEAD_RESEARCH_OR_EXTERNAL,Keep as lead until proof/geometry/status is resolved.,"Still has a proof, geometry, legality, duplicate, or current-status blocker.",coordinate_rescue,coordinate_rescue,Modern + Rustic / Primitive split pending,no,High
ks-lead-campitks-eastern-kdwp-targets,KS,"Eastern/central KDWP state-park targets — Milford, Tuttle Creek, Kanopolis, Hillsdale, Eisenhower",TRUE_LEAD_RESEARCH_OR_EXTERNAL,Keep as lead until proof/geometry/status is resolved.,"Still has a proof, geometry, legality, duplicate, or current-status blocker.",coordinate_rescue,coordinate_rescue,Modern + Rustic / Primitive / Equestrian split pending,no,High
ks-usace-big-hill-campgrounds-coordinate-rescue,KS,"Big Hill Lake campgrounds — Mound Valley, Cherryvale Park, Timber Hill",TRUE_LEAD_RESEARCH_OR_EXTERNAL,Keep as lead until proof/geometry/status is resolved.,"Still has a proof, geometry, legality, duplicate, or current-status blocker.",coordinate_rescue,coordinate_rescue,Modern + Rustic / Primitive components,no,High
ks-usace-big-hill-horse-trail-overnight-lead,KS,Big Hill Lake horse-trail overnight parking/camping areas,AREA_RULE_COMMUNITY_OR_OVERLAY_CANDIDATE,Evaluate as area/rule/community marker or overlay candidate; do not force exact campground coordinates.,"Looks like rule-area, boondocking, community, WMA/forest, permit, GIS, or overlay work.",coordinate_rescue,coordinate_rescue,Rustic / Primitive,no,High
ks-usace-fall-river-campgrounds-coordinate-rescue,KS,Fall River Lake federal campgrounds — Damsite and Whitehall Bay,ORDINARY_CAMPGROUND_COORDINATE_RESCUE,Run practical address-to-map rescue; entrance/campground-area coordinate can be acceptable with honest popup.,Looks like ordinary campground/operator/city/county record held mainly for coordinate/source cleanup.,coordinate_rescue,coordinate_rescue,Modern,no,High
ks-usace-marion-reservoir-campgrounds-coordinate-rescue,KS,"Marion Reservoir campgrounds — Cottonwood Point, Hillsboro Cove, French Creek, Marion Cove",TRUE_LEAD_RESEARCH_OR_EXTERNAL,Keep as lead until proof/geometry/status is resolved.,"Still has a proof, geometry, legality, duplicate, or current-status blocker.",coordinate_rescue,coordinate_rescue,Modern + Rustic / Primitive components,no,High
ks-usace-clinton-lake-campgrounds-coordinate-rescue,KS,"Clinton Lake USACE campgrounds — Bloomington East, Bloomington West, Rockhaven, Woodridge Park",TRUE_LEAD_RESEARCH_OR_EXTERNAL,Keep as lead until proof/geometry/status is resolved.,"Still has a proof, geometry, legality, duplicate, or current-status blocker.",coordinate_rescue,coordinate_rescue,Modern + Rustic / Primitive + Boat / Backpack components,no,High
ks-usace-perry-lake-campgrounds-coordinate-rescue,KS,"Perry Lake valid campgrounds — Rock Creek, Slough Creek, Longview, Old Town",REJECT_DUPLICATE_OR_CLOSURE_REVIEW,"Review for rejected ledger, duplicate merge, or closure/status note.","Status/action fields contain duplicate, wrong-state, closure, malformed, or do-not-import language.",coordinate_rescue,coordinate_rescue,Modern + Rustic / Primitive components,no,High
ks-usace-pomona-lake-campgrounds-coordinate-rescue,KS,"Pomona Lake campgrounds — Wolf Creek, Outlet, Michigan Valley, Carbolyn",ORDINARY_CAMPGROUND_COORDINATE_RESCUE,Run practical address-to-map rescue; entrance/campground-area coordinate can be acceptable with honest popup.,Looks like ordinary campground/operator/city/county record held mainly for coordinate/source cleanup.,coordinate_rescue,coordinate_rescue,Modern,no,High
ks-usace-council-grove-unresolved-components,KS,"Council Grove Lake unresolved components — Kit Carson, Neosho Park, Kanza View, North Richey Cove",TRUE_LEAD_RESEARCH_OR_EXTERNAL,Keep as lead until proof/geometry/status is resolved.,"Still has a proof, geometry, legality, duplicate, or current-status blocker.",needs_verification,coordinate_rescue,Modern + Rustic / Primitive,no,High
ks-usace-kanopolis-venango-coordinate-rescue,KS,"Venango Park, Kanopolis Lake",TRUE_LEAD_RESEARCH_OR_EXTERNAL,Keep as lead until proof/geometry/status is resolved.,"Still has a proof, geometry, legality, duplicate, or current-status blocker.",coordinate_rescue,coordinate_rescue,Modern + Rustic / Primitive,no,High
ks-usace-wilson-lake-campgrounds-coordinate-rescue,KS,"Wilson Lake campgrounds — Lucas Park, Minooka Park, Sylvan Park",ORDINARY_CAMPGROUND_COORDINATE_RESCUE,Run practical address-to-map rescue; entrance/campground-area coordinate can be acceptable with honest popup.,Looks like ordinary campground/operator/city/county record held mainly for coordinate/source cleanup.,coordinate_rescue,coordinate_rescue,Modern,no,High
ks-usace-milford-lake-campgrounds-coordinate-rescue,KS,"Milford Lake valid federal campgrounds — West Rolling Hills, Curtis Creek, Farnum Creek, Timber Creek, School Creek",TRUE_LEAD_RESEARCH_OR_EXTERNAL,Keep as lead until proof/geometry/status is resolved.,"Still has a proof, geometry, legality, duplicate, or current-status blocker.",coordinate_rescue,coordinate_rescue,Modern + Rustic / Primitive components,no,High
ks-usace-tuttle-creek-campgrounds-coordinate-rescue,KS,Tuttle Creek Lake campgrounds — Tuttle Creek Cove and Stockdale,ORDINARY_CAMPGROUND_COORDINATE_RESCUE,Run practical address-to-map rescue; entrance/campground-area coordinate can be acceptable with honest popup.,Looks like ordinary campground/operator/city/county record held mainly for coordinate/source cleanup.,coordinate_rescue,coordinate_rescue,Modern,no,High
ks-lead-winfield-city-lake-campground-zones,KS,Winfield City Lake designated camping zones,AREA_RULE_COMMUNITY_OR_OVERLAY_CANDIDATE,Evaluate as area/rule/community marker or overlay candidate; do not force exact campground coordinates.,"Looks like rule-area, boondocking, community, WMA/forest, permit, GIS, or overlay work.",coordinate_rescue,coordinate_rescue,Modern,no,High
ks-lead-atchison-county-lake-camping-proof-coordinate,KS,Atchison County Lake campground / camping claim,AREA_RULE_COMMUNITY_OR_OVERLAY_CANDIDATE,Evaluate as area/rule/community marker or overlay candidate; do not force exact campground coordinates.,"Looks like rule-area, boondocking, community, WMA/forest, permit, GIS, or overlay work.",needs_verification_official_camping_proof_blocked,coordinate_rescue,Needs Verification,no,High
ks-lead-smoky-gardens-rv-dry-camping-coordinate,KS,Smoky Gardens Campground,ORDINARY_CAMPGROUND_COORDINATE_RESCUE,Run practical address-to-map rescue; entrance/campground-area coordinate can be acceptable with honest popup.,Looks like ordinary campground/operator/city/county record held mainly for coordinate/source cleanup.,coordinate_rescue_official_camping_proof_strong,coordinate_rescue,Modern,no,High
ks-lead-horsethief-reservoir-reservation-map-coordinate,KS,HorseThief Reservoir Campground,ORDINARY_CAMPGROUND_COORDINATE_RESCUE,Run practical address-to-map rescue; entrance/campground-area coordinate can be acceptable with honest popup.,Looks like ordinary campground/operator/city/county record held mainly for coordinate/source cleanup.,coordinate_rescue,coordinate_rescue,Modern,no,High
ks-lead-syracuse-sand-dunes-sams-pond-camping-coordinate,KS,Syracuse Sand Dunes / Sam’s Pond Campground,ORDINARY_CAMPGROUND_COORDINATE_RESCUE,Run practical address-to-map rescue; entrance/campground-area coordinate can be acceptable with honest popup.,Looks like ordinary campground/operator/city/county record held mainly for coordinate/source cleanup.,coordinate_rescue,coordinate_rescue,Modern,no,High
ks-lead-lake-atwood-south-campground-coordinate,KS,Lake Atwood South Campground / RV hookups coordinate history,ORDINARY_CAMPGROUND_COORDINATE_RESCUE,Run practical address-to-map rescue; entrance/campground-area coordinate can be acceptable with honest popup.,Looks like ordinary campground/operator/city/county record held mainly for coordinate/source cleanup.,resolved_in_active,coordinate_rescue,Modern,no,High
ks-lead-arkalon-park-coordinate-conflict-qa,KS,Arkalon Park Campground coordinate-conflict QA,ORDINARY_CAMPGROUND_COORDINATE_RESCUE,Run practical address-to-map rescue; entrance/campground-area coordinate can be acceptable with honest popup.,Looks like ordinary campground/operator/city/county record held mainly for coordinate/source cleanup.,resolved_in_active,coordinate_rescue,Modern,no,High
ks-lead-crawford-lake-view-group-use-area,KS,Crawford State Park — Lake View Group Use Area,ORDINARY_CAMPGROUND_COORDINATE_RESCUE,Run practical address-to-map rescue; entrance/campground-area coordinate can be acceptable with honest popup.,Looks like ordinary campground/operator/city/county record held mainly for coordinate/source cleanup.,coordinate_rescue,coordinate_rescue,Rustic / Primitive,no,High
ks-lead-cedar-bluff-bluffton-area,KS,Cedar Bluff State Park — Bluffton Area Camping Components,TRUE_LEAD_RESEARCH_OR_EXTERNAL,Keep as lead until proof/geometry/status is resolved.,"Still has a proof, geometry, legality, duplicate, or current-status blocker.",coordinate_rescue,coordinate_rescue,Modern / Rustic split pending,no,High
ks-lead-cedar-bluff-page-creek-subarea-split,KS,Cedar Bluff State Park — Page Creek subareas,AREA_RULE_COMMUNITY_OR_OVERLAY_CANDIDATE,Evaluate as area/rule/community marker or overlay candidate; do not force exact campground coordinates.,"Looks like rule-area, boondocking, community, WMA/forest, permit, GIS, or overlay work.",coordinate_rescue,coordinate_rescue,Modern / Rustic split pending,no,High
ks-lead-historic-lake-scott-state-park-components,KS,Historic Lake Scott State Park — remaining KDWP camping components,TRUE_LEAD_RESEARCH_OR_EXTERNAL,Keep as lead until proof/geometry/status is resolved.,"Still has a proof, geometry, legality, duplicate, or current-status blocker.",coordinate_rescue,coordinate_rescue,Modern / Rustic split pending,no,High
ks-lead-meade-state-park-components,KS,Meade State Park — remaining KDWP camping components,TRUE_LEAD_RESEARCH_OR_EXTERNAL,Keep as lead until proof/geometry/status is resolved.,"Still has a proof, geometry, legality, duplicate, or current-status blocker.",coordinate_rescue,coordinate_rescue,Modern / Rustic split pending,no,High
ks-lead-glen-elder-waconda-state-park-components,KS,Glen Elder / Waconda Lake State Park — remaining KDWP camping components,TRUE_LEAD_RESEARCH_OR_EXTERNAL,Keep as lead until proof/geometry/status is resolved.,"Still has a proof, geometry, legality, duplicate, or current-status blocker.",coordinate_rescue,coordinate_rescue,Modern / Rustic split pending,no,High
ks-lead-lovewell-state-park-components,KS,Lovewell State Park — remaining KDWP camping components,TRUE_LEAD_RESEARCH_OR_EXTERNAL,Keep as lead until proof/geometry/status is resolved.,"Still has a proof, geometry, legality, duplicate, or current-status blocker.",coordinate_rescue,coordinate_rescue,Modern / Rustic split pending,no,High
ks-lead-wilson-state-park-components,KS,Wilson State Park — remaining KDWP camping components,TRUE_LEAD_RESEARCH_OR_EXTERNAL,Keep as lead until proof/geometry/status is resolved.,"Still has a proof, geometry, legality, duplicate, or current-status blocker.",coordinate_rescue,coordinate_rescue,Modern / Rustic split pending,no,High
ks-lead-milford-state-park-components,KS,Milford State Park — remaining KDWP camping components,TRUE_LEAD_RESEARCH_OR_EXTERNAL,Keep as lead until proof/geometry/status is resolved.,"Still has a proof, geometry, legality, duplicate, or current-status blocker.",coordinate_rescue,coordinate_rescue,Modern / Rustic split pending,no,High
ks-lead-tuttle-creek-state-park-components,KS,Tuttle Creek State Park — remaining KDWP camping components,TRUE_LEAD_RESEARCH_OR_EXTERNAL,Keep as lead until proof/geometry/status is resolved.,"Still has a proof, geometry, legality, duplicate, or current-status blocker.",coordinate_rescue,coordinate_rescue,Modern / Rustic split pending,no,High
ks-lead-kanopolis-state-park-components,KS,Kanopolis State Park — remaining KDWP camping components,TRUE_LEAD_RESEARCH_OR_EXTERNAL,Keep as lead until proof/geometry/status is resolved.,"Still has a proof, geometry, legality, duplicate, or current-status blocker.",coordinate_rescue,coordinate_rescue,Modern / Rustic / equestrian split pending,no,High
ks-lead-hillsdale-state-park-components,KS,Hillsdale State Park — remaining KDWP camping components,TRUE_LEAD_RESEARCH_OR_EXTERNAL,Keep as lead until proof/geometry/status is resolved.,"Still has a proof, geometry, legality, duplicate, or current-status blocker.",coordinate_rescue,coordinate_rescue,Modern / Rustic split pending,no,High
ks-lead-eisenhower-state-park-components,KS,Eisenhower State Park — remaining KDWP camping components,TRUE_LEAD_RESEARCH_OR_EXTERNAL,Keep as lead until proof/geometry/status is resolved.,"Still has a proof, geometry, legality, duplicate, or current-status blocker.",coordinate_rescue,coordinate_rescue,Modern / Rustic split pending,no,High
ks_usace_big_hill_cherryvale_park_coordinate_rescue,KS,"Cherryvale Park, Big Hill Lake",ORDINARY_CAMPGROUND_COORDINATE_RESCUE,Run practical address-to-map rescue; entrance/campground-area coordinate can be acceptable with honest popup.,Looks like ordinary campground/operator/city/county record held mainly for coordinate/source cleanup.,coordinate_rescue,coordinate_rescue,Modern,no,High
ks_usace_big_hill_timber_hill_coordinate_rescue,KS,"Timber Hill, Big Hill Lake",ORDINARY_CAMPGROUND_COORDINATE_RESCUE,Run practical address-to-map rescue; entrance/campground-area coordinate can be acceptable with honest popup.,Looks like ordinary campground/operator/city/county record held mainly for coordinate/source cleanup.,coordinate_rescue,coordinate_rescue,Rustic / Primitive,no,High
ks_usace_big_hill_horse_trail_overnight_areas,KS,Big Hill Lake Horse-Trail Overnight Parking/Camping Areas,AREA_RULE_COMMUNITY_OR_OVERLAY_CANDIDATE,Evaluate as area/rule/community marker or overlay candidate; do not force exact campground coordinates.,"Looks like rule-area, boondocking, community, WMA/forest, permit, GIS, or overlay work.",coordinate_rescue,coordinate_rescue,Rustic / Primitive,no,High
ks_usace_fall_river_damsite_metadata_rescue,KS,"Damsite, Fall River Lake",ORDINARY_CAMPGROUND_COORDINATE_RESCUE,Run practical address-to-map rescue; entrance/campground-area coordinate can be acceptable with honest popup.,Looks like ordinary campground/operator/city/county record held mainly for coordinate/source cleanup.,coordinate_rescue,coordinate_rescue,Modern,no,High
ks_usace_fall_river_whitehall_bay_metadata_rescue,KS,"Whitehall Bay, Fall River Lake",ORDINARY_CAMPGROUND_COORDINATE_RESCUE,Run practical address-to-map rescue; entrance/campground-area coordinate can be acceptable with honest popup.,Looks like ordinary campground/operator/city/county record held mainly for coordinate/source cleanup.,coordinate_rescue,coordinate_rescue,Modern,no,High
ks_usace_marion_french_creek_metadata_rescue,KS,"French Creek Cove, Marion Reservoir",ORDINARY_CAMPGROUND_COORDINATE_RESCUE,Run practical address-to-map rescue; entrance/campground-area coordinate can be acceptable with honest popup.,Looks like ordinary campground/operator/city/county record held mainly for coordinate/source cleanup.,coordinate_rescue,coordinate_rescue,Rustic / Primitive,no,High
ks_usace_marion_marion_cove_metadata_rescue,KS,"Marion Cove, Marion Reservoir",ORDINARY_CAMPGROUND_COORDINATE_RESCUE,Run practical address-to-map rescue; entrance/campground-area coordinate can be acceptable with honest popup.,Looks like ordinary campground/operator/city/county record held mainly for coordinate/source cleanup.,coordinate_rescue,coordinate_rescue,Rustic / Primitive,no,High
ks_usace_clinton_bloomington_west_metadata_rescue,KS,"Bloomington West, Clinton Lake",ORDINARY_CAMPGROUND_COORDINATE_RESCUE,Run practical address-to-map rescue; entrance/campground-area coordinate can be acceptable with honest popup.,Looks like ordinary campground/operator/city/county record held mainly for coordinate/source cleanup.,coordinate_rescue,coordinate_rescue,Modern,no,High
ks_usace_clinton_rockhaven_metadata_rescue,KS,"Rockhaven Park, Clinton Lake",ORDINARY_CAMPGROUND_COORDINATE_RESCUE,Run practical address-to-map rescue; entrance/campground-area coordinate can be acceptable with honest popup.,Looks like ordinary campground/operator/city/county record held mainly for coordinate/source cleanup.,coordinate_rescue,coordinate_rescue,Rustic / Primitive,no,High
ks_usace_clinton_woodridge_area_metadata_rescue,KS,"Woodridge Park, Clinton Lake",AREA_RULE_COMMUNITY_OR_OVERLAY_CANDIDATE,Evaluate as area/rule/community marker or overlay candidate; do not force exact campground coordinates.,"Looks like rule-area, boondocking, community, WMA/forest, permit, GIS, or overlay work.",coordinate_rescue,coordinate_rescue,Boat / Backpack,no,High
ks_usace_kanopolis_riverside_metadata_rescue,KS,"Riverside Campground, Kanopolis Lake",ORDINARY_CAMPGROUND_COORDINATE_RESCUE,Run practical address-to-map rescue; entrance/campground-area coordinate can be acceptable with honest popup.,Looks like ordinary campground/operator/city/county record held mainly for coordinate/source cleanup.,coordinate_rescue,coordinate_rescue,Modern,no,High
ks_usace_milford_farnum_creek_metadata_rescue,KS,"Farnum Creek, Milford Lake",ORDINARY_CAMPGROUND_COORDINATE_RESCUE,Run practical address-to-map rescue; entrance/campground-area coordinate can be acceptable with honest popup.,Looks like ordinary campground/operator/city/county record held mainly for coordinate/source cleanup.,coordinate_rescue,coordinate_rescue,Modern,no,High
ks_usace_milford_timber_creek_metadata_rescue,KS,"Timber Creek, Milford Lake",ORDINARY_CAMPGROUND_COORDINATE_RESCUE,Run practical address-to-map rescue; entrance/campground-area coordinate can be acceptable with honest popup.,Looks like ordinary campground/operator/city/county record held mainly for coordinate/source cleanup.,coordinate_rescue,coordinate_rescue,Rustic / Primitive,no,High
ks_usace_milford_school_creek_metadata_rescue,KS,"School Creek, Milford Lake",ORDINARY_CAMPGROUND_COORDINATE_RESCUE,Run practical address-to-map rescue; entrance/campground-area coordinate can be acceptable with honest popup.,Looks like ordinary campground/operator/city/county record held mainly for coordinate/source cleanup.,coordinate_rescue,coordinate_rescue,Rustic / Primitive,no,High
ks_sfl_leavenworth_designated_camping_geometry,KS,Leavenworth State Fishing Lake designated primitive camping,AREA_RULE_COMMUNITY_OR_OVERLAY_CANDIDATE,Evaluate as area/rule/community marker or overlay candidate; do not force exact campground coordinates.,"Looks like rule-area, boondocking, community, WMA/forest, permit, GIS, or overlay work.",coordinate_rescue,coordinate_rescue,Rustic / Primitive,no,High
ks_sfl_atchison_south_east_primitive_geometry,KS,Atchison State Fishing Lake primitive camping,ORDINARY_CAMPGROUND_COORDINATE_RESCUE,Run practical address-to-map rescue; entrance/campground-area coordinate can be acceptable with honest popup.,Looks like ordinary campground/operator/city/county record held mainly for coordinate/source cleanup.,coordinate_rescue,coordinate_rescue,Rustic / Primitive,no,Medium
ks_sfl_ottawa_primitive_geometry,KS,Ottawa State Fishing Lake primitive camping,AREA_RULE_COMMUNITY_OR_OVERLAY_CANDIDATE,Evaluate as area/rule/community marker or overlay candidate; do not force exact campground coordinates.,"Looks like rule-area, boondocking, community, WMA/forest, permit, GIS, or overlay work.",coordinate_rescue,coordinate_rescue,Rustic / Primitive,no,Medium
ks_sfl_mcpherson_primitive_geometry,KS,McPherson State Fishing Lake primitive camping,AREA_RULE_COMMUNITY_OR_OVERLAY_CANDIDATE,Evaluate as area/rule/community marker or overlay candidate; do not force exact campground coordinates.,"Looks like rule-area, boondocking, community, WMA/forest, permit, GIS, or overlay work.",coordinate_rescue,coordinate_rescue,Rustic / Primitive,no,Medium
mo_mdc_crooked_river_ca_primitive_camping_gis,MO,Crooked River Conservation Area primitive camping,AREA_RULE_COMMUNITY_OR_OVERLAY_CANDIDATE,Evaluate as area/rule/community marker or overlay candidate; do not force exact campground coordinates.,"Looks like rule-area, boondocking, community, WMA/forest, permit, GIS, or overlay work.",coordinate_rescue,coordinate_rescue,Boondocking / Dispersed or Rustic / Primitive pending GIS,no,High
mo_mdc_pony_express_lake_ca_primitive_camping_gis,MO,Pony Express Lake Conservation Area primitive camping,AREA_RULE_COMMUNITY_OR_OVERLAY_CANDIDATE,Evaluate as area/rule/community marker or overlay candidate; do not force exact campground coordinates.,"Looks like rule-area, boondocking, community, WMA/forest, permit, GIS, or overlay work.",coordinate_rescue,coordinate_rescue,Boondocking / Dispersed or Rustic / Primitive pending GIS,no,High
wi_lincoln_county_forest_dispersed_area_rule_geometry,WI,Lincoln County Forest dispersed camping rule area,AREA_RULE_COMMUNITY_OR_OVERLAY_CANDIDATE,Evaluate as area/rule/community marker or overlay candidate; do not force exact campground coordinates.,"Looks like rule-area, boondocking, community, WMA/forest, permit, GIS, or overlay work.",area_rule_geometry,area_rule,Boondocking / Dispersed,no,High
ar_ouachita_fr132_winona_dispersed_corridor_lead,AR,Ouachita NF FR132 / Winona Scenic Drive dispersed corridor,AREA_RULE_COMMUNITY_OR_OVERLAY_CANDIDATE,Evaluate as area/rule/community marker or overlay candidate; do not force exact campground coordinates.,"Looks like rule-area, boondocking, community, WMA/forest, permit, GIS, or overlay work.",community_official_rule_lead,boondocking_social_lead,Boondocking / Dispersed,no,Medium
mt_humbug_spires_wsa_primitive_camping_verification,MT,Humbug Spires WSA primitive camping,AREA_RULE_COMMUNITY_OR_OVERLAY_CANDIDATE,Evaluate as area/rule/community marker or overlay candidate; do not force exact campground coordinates.,"Looks like rule-area, boondocking, community, WMA/forest, permit, GIS, or overlay work.",needs_verification,needs_verification,Boondocking / Dispersed,no,Medium
mn_south_sand_dunes_dispersed_conflict,MN,South of Sand Dunes State Forest dispersed/free camping claim,AREA_RULE_COMMUNITY_OR_OVERLAY_CANDIDATE,Evaluate as area/rule/community marker or overlay candidate; do not force exact campground coordinates.,"Looks like rule-area, boondocking, community, WMA/forest, permit, GIS, or overlay work.",needs_verification_conflict,needs_verification,Needs Verification,no,High
mn_cedar_bay_state_forest_dispersed_lead,MN,Cedar Bay dispersed camping lead,AREA_RULE_COMMUNITY_OR_OVERLAY_CANDIDATE,Evaluate as area/rule/community marker or overlay candidate; do not force exact campground coordinates.,"Looks like rule-area, boondocking, community, WMA/forest, permit, GIS, or overlay work.",one_report_lead,boondocking_social_lead,Boondocking / Dispersed,no,Low
mn_land_o_lakes_state_forest_dispersed_lead,MN,Land O’Lakes State Forest dispersed camping lead,AREA_RULE_COMMUNITY_OR_OVERLAY_CANDIDATE,Evaluate as area/rule/community marker or overlay candidate; do not force exact campground coordinates.,"Looks like rule-area, boondocking, community, WMA/forest, permit, GIS, or overlay work.",one_report_lead,boondocking_social_lead,Boondocking / Dispersed,no,Low
ar_ouachita_fr132_winona_corridor_lead,AR,Forest Service Road 132 / Winona Scenic Drive dispersed corridor,AREA_RULE_COMMUNITY_OR_OVERLAY_CANDIDATE,Evaluate as area/rule/community marker or overlay candidate; do not force exact campground coordinates.,"Looks like rule-area, boondocking, community, WMA/forest, permit, GIS, or overlay work.",corridor_lead,boondocking_social_app_lead,Boondocking / Dispersed,no,High
ar_ouachita_fr132_wilderness_boundary_lead,AR,FR132 Wilderness Boundary dispersed site,AREA_RULE_COMMUNITY_OR_OVERLAY_CANDIDATE,Evaluate as area/rule/community marker or overlay candidate; do not force exact campground coordinates.,"Looks like rule-area, boondocking, community, WMA/forest, permit, GIS, or overlay work.",one_report_coordinate_lead,boondocking_social_app_lead,Boondocking / Dispersed,yes,Medium
ar_ouachita_fr132_grindstone_mountain_lead,AR,FR132 Grindstone Mountain dispersed area,AREA_RULE_COMMUNITY_OR_OVERLAY_CANDIDATE,Evaluate as area/rule/community marker or overlay candidate; do not force exact campground coordinates.,"Looks like rule-area, boondocking, community, WMA/forest, permit, GIS, or overlay work.",one_report_coordinate_lead,boondocking_social_app_lead,Boondocking / Dispersed,yes,Medium
ar_ouachita_brown_creek_fr805_lead,AR,Brown Creek Road / FR805 dispersed site,AREA_RULE_COMMUNITY_OR_OVERLAY_CANDIDATE,Evaluate as area/rule/community marker or overlay candidate; do not force exact campground coordinates.,"Looks like rule-area, boondocking, community, WMA/forest, permit, GIS, or overlay work.",one_report_coordinate_lead,boondocking_social_app_lead,Boondocking / Dispersed,yes,Medium
mt_homestake_pass_dispersed_lead,MT,Homestake Pass dispersed camping / Homestake Road area,AREA_RULE_COMMUNITY_OR_OVERLAY_CANDIDATE,Evaluate as area/rule/community marker or overlay candidate; do not force exact campground coordinates.,"Looks like rule-area, boondocking, community, WMA/forest, permit, GIS, or overlay work.",promoted_to_active_community_reported_with_remaining_geometry_sanity,boondocking_social_app_lead,Boondocking / Dispersed,no,Medium
mo_pony_express_lake_ca_primitive_camping_geometry,MO,Pony Express Lake Conservation Area primitive camping areas,AREA_RULE_COMMUNITY_OR_OVERLAY_CANDIDATE,Evaluate as area/rule/community marker or overlay candidate; do not force exact campground coordinates.,"Looks like rule-area, boondocking, community, WMA/forest, permit, GIS, or overlay work.",official_designated_geometry_lead,boondocking_social_app_lead,Boondocking / Dispersed or Rustic / Primitive pending MDC site geometry,no,High
mo_three_creeks_ca_walk_in_primitive_camping,MO,Three Creeks Conservation Area walk-in primitive camping,AREA_RULE_COMMUNITY_OR_OVERLAY_CANDIDATE,Evaluate as area/rule/community marker or overlay candidate; do not force exact campground coordinates.,"Looks like rule-area, boondocking, community, WMA/forest, permit, GIS, or overlay work.",needs_verification,boondocking_social_app_lead,Boondocking / Dispersed or Boat / Backpack depending access,no,High
ne_holdrege_wma_primitive_cluster_lead,NE,"Holdrege-area WMA primitive camping cluster: Blue Hole, Coot Shallows, Bassway Strip, Wood River West",AREA_RULE_COMMUNITY_OR_OVERLAY_CANDIDATE,Evaluate as area/rule/community marker or overlay candidate; do not force exact campground coordinates.,"Looks like rule-area, boondocking, community, WMA/forest, permit, GIS, or overlay work.",wma_cluster_lead,boondocking_social_app_lead,Boondocking / Dispersed,no,Medium
mn_paul_bunyan_state_forest_dispersed_lead,MN,Paul Bunyan State Forest dispersed camping public-app lead,AREA_RULE_COMMUNITY_OR_OVERLAY_CANDIDATE,Evaluate as area/rule/community marker or overlay candidate; do not force exact campground coordinates.,"Looks like rule-area, boondocking, community, WMA/forest, permit, GIS, or overlay work.",one_platform_state_forest_lead,boondocking_social_app_lead,Boondocking / Dispersed,no,Medium
MO-MDC-CROOKED-RIVER-CA-PRIMITIVE-CAMPING-GEOMETRY,MO,Crooked River Conservation Area primitive camping points,AREA_RULE_COMMUNITY_OR_OVERLAY_CANDIDATE,Evaluate as area/rule/community marker or overlay candidate; do not force exact campground coordinates.,"Looks like rule-area, boondocking, community, WMA/forest, permit, GIS, or overlay work.",official_gis_extraction_blocked,blocked_geometry_extraction,Rustic / Primitive,no,High
KS-USACE-BIGHILL-CHERRYVALE-PARK-GEOMETRY,KS,"Cherryvale Park, Big Hill Lake",AREA_RULE_COMMUNITY_OR_OVERLAY_CANDIDATE,Evaluate as area/rule/community marker or overlay candidate; do not force exact campground coordinates.,"Looks like rule-area, boondocking, community, WMA/forest, permit, GIS, or overlay work.",coordinate_rescue,blocked_geometry_extraction,Modern,no,High
KS-USACE-BIGHILL-TIMBER-HILL-PARK-GEOMETRY,KS,"Timber Hill Park, Big Hill Lake",AREA_RULE_COMMUNITY_OR_OVERLAY_CANDIDATE,Evaluate as area/rule/community marker or overlay candidate; do not force exact campground coordinates.,"Looks like rule-area, boondocking, community, WMA/forest, permit, GIS, or overlay work.",coordinate_rescue,blocked_geometry_extraction,Rustic / Primitive,no,High
KS-USACE-BIGHILL-HORSE-TRAIL-OVERNIGHT-GEOMETRY,KS,Big Hill Lake horse-trail overnight areas,AREA_RULE_COMMUNITY_OR_OVERLAY_CANDIDATE,Evaluate as area/rule/community marker or overlay candidate; do not force exact campground coordinates.,"Looks like rule-area, boondocking, community, WMA/forest, permit, GIS, or overlay work.",area_geometry_rescue,blocked_geometry_extraction,Rustic / Primitive,no,Medium
KS-USACE-FALLRIVER-DAMSITE-GEOMETRY,KS,"Damsite, Fall River Lake",AREA_RULE_COMMUNITY_OR_OVERLAY_CANDIDATE,Evaluate as area/rule/community marker or overlay candidate; do not force exact campground coordinates.,"Looks like rule-area, boondocking, community, WMA/forest, permit, GIS, or overlay work.",coordinate_rescue,blocked_geometry_extraction,Modern,no,High
KS-USACE-FALLRIVER-WHITEHALL-BAY-GEOMETRY,KS,"Whitehall Bay, Fall River Lake",AREA_RULE_COMMUNITY_OR_OVERLAY_CANDIDATE,Evaluate as area/rule/community marker or overlay candidate; do not force exact campground coordinates.,"Looks like rule-area, boondocking, community, WMA/forest, permit, GIS, or overlay work.",coordinate_rescue,blocked_geometry_extraction,Modern,no,High
KS-USACE-MARION-FRENCH-CREEK-GEOMETRY,KS,"French Creek, Marion Reservoir",AREA_RULE_COMMUNITY_OR_OVERLAY_CANDIDATE,Evaluate as area/rule/community marker or overlay candidate; do not force exact campground coordinates.,"Looks like rule-area, boondocking, community, WMA/forest, permit, GIS, or overlay work.",coordinate_rescue,blocked_geometry_extraction,Rustic / Primitive,no,High
KS-USACE-MARION-MARION-COVE-GEOMETRY,KS,"Marion Cove, Marion Reservoir",AREA_RULE_COMMUNITY_OR_OVERLAY_CANDIDATE,Evaluate as area/rule/community marker or overlay candidate; do not force exact campground coordinates.,"Looks like rule-area, boondocking, community, WMA/forest, permit, GIS, or overlay work.",coordinate_rescue,blocked_geometry_extraction,Rustic / Primitive,no,High
KS-USACE-CLINTON-BLOOMINGTON-WEST-GEOMETRY,KS,"Bloomington West, Clinton Lake",AREA_RULE_COMMUNITY_OR_OVERLAY_CANDIDATE,Evaluate as area/rule/community marker or overlay candidate; do not force exact campground coordinates.,"Looks like rule-area, boondocking, community, WMA/forest, permit, GIS, or overlay work.",coordinate_rescue,blocked_geometry_extraction,Modern,no,High
KS-USACE-CLINTON-ROCKHAVEN-GEOMETRY,KS,Rockhaven Park Campground and Equestrian Area,AREA_RULE_COMMUNITY_OR_OVERLAY_CANDIDATE,Evaluate as area/rule/community marker or overlay candidate; do not force exact campground coordinates.,"Looks like rule-area, boondocking, community, WMA/forest, permit, GIS, or overlay work.",coordinate_rescue,blocked_geometry_extraction,Modern,no,High
KS-USACE-CLINTON-WOODRIDGE-PARK-GEOMETRY,KS,"Woodridge Park, Clinton Lake",AREA_RULE_COMMUNITY_OR_OVERLAY_CANDIDATE,Evaluate as area/rule/community marker or overlay candidate; do not force exact campground coordinates.,"Looks like rule-area, boondocking, community, WMA/forest, permit, GIS, or overlay work.",area_outline_rescue,blocked_geometry_extraction,Boat / Backpack,no,High
KS-USACE-KANOPOLIS-RIVERSIDE-GEOMETRY,KS,"Riverside Campground, Kanopolis Lake",AREA_RULE_COMMUNITY_OR_OVERLAY_CANDIDATE,Evaluate as area/rule/community marker or overlay candidate; do not force exact campground coordinates.,"Looks like rule-area, boondocking, community, WMA/forest, permit, GIS, or overlay work.",coordinate_rescue,blocked_geometry_extraction,Modern,no,High
KS-USACE-MILFORD-FARNUM-CREEK-GEOMETRY,KS,"Farnum Creek, Milford Lake",AREA_RULE_COMMUNITY_OR_OVERLAY_CANDIDATE,Evaluate as area/rule/community marker or overlay candidate; do not force exact campground coordinates.,"Looks like rule-area, boondocking, community, WMA/forest, permit, GIS, or overlay work.",coordinate_rescue,blocked_geometry_extraction,Modern,no,High
KS-USACE-MILFORD-TIMBER-CREEK-GEOMETRY,KS,"Timber Creek Park, Milford Lake",AREA_RULE_COMMUNITY_OR_OVERLAY_CANDIDATE,Evaluate as area/rule/community marker or overlay candidate; do not force exact campground coordinates.,"Looks like rule-area, boondocking, community, WMA/forest, permit, GIS, or overlay work.",coordinate_rescue,blocked_geometry_extraction,Rustic / Primitive,no,High
KS-USACE-MILFORD-SCHOOL-CREEK-GEOMETRY,KS,"School Creek Campground, Milford Lake",AREA_RULE_COMMUNITY_OR_OVERLAY_CANDIDATE,Evaluate as area/rule/community marker or overlay candidate; do not force exact campground coordinates.,"Looks like rule-area, boondocking, community, WMA/forest, permit, GIS, or overlay work.",coordinate_rescue,blocked_geometry_extraction,Rustic / Primitive,no,High
KS-KDWP-CRAWFORD-LAKEVIEW-GROUP-GEOMETRY,KS,Crawford State Park — Lake View Group Use Area,AREA_RULE_COMMUNITY_OR_OVERLAY_CANDIDATE,Evaluate as area/rule/community marker or overlay candidate; do not force exact campground coordinates.,"Looks like rule-area, boondocking, community, WMA/forest, permit, GIS, or overlay work.",coordinate_rescue,blocked_geometry_extraction,Rustic / Primitive,no,Medium
KS-KDWP-CEDAR-BLUFF-BLUFFTON-GEOMETRY,KS,Cedar Bluff State Park — Bluffton Area,AREA_RULE_COMMUNITY_OR_OVERLAY_CANDIDATE,Evaluate as area/rule/community marker or overlay candidate; do not force exact campground coordinates.,"Looks like rule-area, boondocking, community, WMA/forest, permit, GIS, or overlay work.",coordinate_rescue,blocked_geometry_extraction,Modern,no,High
KS-KDWP-CEDAR-BLUFF-PAGE-CREEK-GEOMETRY,KS,Cedar Bluff State Park — Page Creek Area,AREA_RULE_COMMUNITY_OR_OVERLAY_CANDIDATE,Evaluate as area/rule/community marker or overlay candidate; do not force exact campground coordinates.,"Looks like rule-area, boondocking, community, WMA/forest, permit, GIS, or overlay work.",coordinate_rescue,blocked_geometry_extraction,Modern,no,High
KS-KDWP-HISTORIC-LAKE-SCOTT-CAMPGROUNDS-GEOMETRY,KS,Historic Lake Scott State Park campground components,AREA_RULE_COMMUNITY_OR_OVERLAY_CANDIDATE,Evaluate as area/rule/community marker or overlay candidate; do not force exact campground coordinates.,"Looks like rule-area, boondocking, community, WMA/forest, permit, GIS, or overlay work.",component_geometry_rescue,blocked_geometry_extraction,Rustic / Primitive,no,High
KS-KDWP-MEADE-SP-CAMPGROUNDS-GEOMETRY,KS,Meade State Park campground components,REJECT_DUPLICATE_OR_CLOSURE_REVIEW,"Review for rejected ledger, duplicate merge, or closure/status note.","Status/action fields contain duplicate, wrong-state, closure, malformed, or do-not-import language.",component_geometry_rescue,blocked_geometry_extraction,Rustic / Primitive,no,High
KS-KDWP-GLEN-ELDER-WACONDA-GEOMETRY,KS,Glen Elder / Waconda State Park campground components,AREA_RULE_COMMUNITY_OR_OVERLAY_CANDIDATE,Evaluate as area/rule/community marker or overlay candidate; do not force exact campground coordinates.,"Looks like rule-area, boondocking, community, WMA/forest, permit, GIS, or overlay work.",component_geometry_rescue,blocked_geometry_extraction,Rustic / Primitive,no,High
KS-KDWP-LOVEWELL-SP-CAMPGROUNDS-GEOMETRY,KS,Lovewell State Park campground components,AREA_RULE_COMMUNITY_OR_OVERLAY_CANDIDATE,Evaluate as area/rule/community marker or overlay candidate; do not force exact campground coordinates.,"Looks like rule-area, boondocking, community, WMA/forest, permit, GIS, or overlay work.",component_geometry_rescue,blocked_geometry_extraction,Rustic / Primitive,no,High
KS-KDWP-WILSON-SP-CAMPGROUNDS-GEOMETRY,KS,Wilson State Park campground components,REJECT_DUPLICATE_OR_CLOSURE_REVIEW,"Review for rejected ledger, duplicate merge, or closure/status note.","Status/action fields contain duplicate, wrong-state, closure, malformed, or do-not-import language.",component_geometry_rescue,blocked_geometry_extraction,Rustic / Primitive,no,High
KS-KDWP-MILFORD-SP-CAMPGROUNDS-GEOMETRY,KS,Milford State Park campground components,AREA_RULE_COMMUNITY_OR_OVERLAY_CANDIDATE,Evaluate as area/rule/community marker or overlay candidate; do not force exact campground coordinates.,"Looks like rule-area, boondocking, community, WMA/forest, permit, GIS, or overlay work.",component_geometry_rescue,blocked_geometry_extraction,Rustic / Primitive,no,High
KS-KDWP-TUTTLE-CREEK-SP-CAMPGROUNDS-GEOMETRY,KS,Tuttle Creek State Park campground components,REJECT_DUPLICATE_OR_CLOSURE_REVIEW,"Review for rejected ledger, duplicate merge, or closure/status note.","Status/action fields contain duplicate, wrong-state, closure, malformed, or do-not-import language.",component_geometry_rescue,blocked_geometry_extraction,Rustic / Primitive,no,High
KS-KDWP-KANOPOLIS-SP-CAMPGROUNDS-GEOMETRY,KS,Kanopolis State Park campground components,AREA_RULE_COMMUNITY_OR_OVERLAY_CANDIDATE,Evaluate as area/rule/community marker or overlay candidate; do not force exact campground coordinates.,"Looks like rule-area, boondocking, community, WMA/forest, permit, GIS, or overlay work.",component_geometry_rescue,blocked_geometry_extraction,Rustic / Primitive,no,High
KS-KDWP-HILLSDALE-SP-CAMPGROUNDS-GEOMETRY,KS,Hillsdale State Park campground components,AREA_RULE_COMMUNITY_OR_OVERLAY_CANDIDATE,Evaluate as area/rule/community marker or overlay candidate; do not force exact campground coordinates.,"Looks like rule-area, boondocking, community, WMA/forest, permit, GIS, or overlay work.",component_geometry_rescue,blocked_geometry_extraction,Rustic / Primitive,no,High
KS-KDWP-EISENHOWER-SP-CAMPGROUNDS-GEOMETRY,KS,Eisenhower State Park campground components,AREA_RULE_COMMUNITY_OR_OVERLAY_CANDIDATE,Evaluate as area/rule/community marker or overlay candidate; do not force exact campground coordinates.,"Looks like rule-area, boondocking, community, WMA/forest, permit, GIS, or overlay work.",component_geometry_rescue,blocked_geometry_extraction,Modern,no,High
LBL-OFFICIAL-REC-SITES-GEOMETRY-EXTRACTION,KY/TN,Land Between the Lakes official recreation-site / campground geometry,AREA_RULE_COMMUNITY_OR_OVERLAY_CANDIDATE,Evaluate as area/rule/community marker or overlay candidate; do not force exact campground coordinates.,"Looks like rule-area, boondocking, community, WMA/forest, permit, GIS, or overlay work.",external_access_required,blocked_geometry_extraction,Needs Verification,no,High
ar_brown_creek_cascade_dispersed_verification_lead,AR,Brown Creek Cascade Dispersed Campsite / Brown Creek Road area,AREA_RULE_COMMUNITY_OR_OVERLAY_CANDIDATE,Evaluate as area/rule/community marker or overlay candidate; do not force exact campground coordinates.,"Looks like rule-area, boondocking, community, WMA/forest, permit, GIS, or overlay work.",needs_same_spot_and_water_setback_verification,boondocking_social_app_verification,Boondocking / Dispersed,no,Medium
ne_bassway_strip_wma_primitive_camping_verification,NE,Bassway Strip WMA primitive camping,AREA_RULE_COMMUNITY_OR_OVERLAY_CANDIDATE,Evaluate as area/rule/community marker or overlay candidate; do not force exact campground coordinates.,"Looks like rule-area, boondocking, community, WMA/forest, permit, GIS, or overlay work.",wma_posting_coordinate_verification,wma_primitive_camping_verification,Boondocking / Dispersed,no,Medium
wi_lincoln_county_forest_horn_lake_dispersed_geometry,WI,Lincoln County Forest / Horn Lake dispersed camping rule-area lead,AREA_RULE_COMMUNITY_OR_OVERLAY_CANDIDATE,Evaluate as area/rule/community marker or overlay candidate; do not force exact campground coordinates.,"Looks like rule-area, boondocking, community, WMA/forest, permit, GIS, or overlay work.",official_rule_plus_public_app_geometry_lead,boondocking_area_rule_geometry,Boondocking / Dispersed,no,Medium
sd-v23190-lead-sica-hollow-state-park-campground-horse-camp,SD,Sica Hollow State Park Campground / Horse Camp,ORDINARY_CAMPGROUND_COORDINATE_RESCUE,Run practical address-to-map rescue; entrance/campground-area coordinate can be acceptable with honest popup.,Looks like ordinary campground/operator/city/county record held mainly for coordinate/source cleanup.,add_candidate,sd_public_discovery_coordinate_or_correction_rescue_v23190,Rustic / Primitive,no,High
sd-v23190-lead-fort-sisseton-historic-state-park-campground,SD,Fort Sisseton Historic State Park Campground,ORDINARY_CAMPGROUND_COORDINATE_RESCUE,Run practical address-to-map rescue; entrance/campground-area coordinate can be acceptable with honest popup.,Looks like ordinary campground/operator/city/county record held mainly for coordinate/source cleanup.,add_candidate,sd_public_discovery_coordinate_or_correction_rescue_v23190,Modern Campgrounds,no,High
sd-v23190-lead-roy-lake-state-park-campgrounds,SD,Roy Lake State Park Campgrounds,ORDINARY_CAMPGROUND_COORDINATE_RESCUE,Run practical address-to-map rescue; entrance/campground-area coordinate can be acceptable with honest popup.,Looks like ordinary campground/operator/city/county record held mainly for coordinate/source cleanup.,add_candidate,sd_public_discovery_coordinate_or_correction_rescue_v23190,Modern Campgrounds,no,High
sd-v23190-lead-pickerel-lake-recreation-area-campgrounds,SD,Pickerel Lake Recreation Area Campgrounds,ORDINARY_CAMPGROUND_COORDINATE_RESCUE,Run practical address-to-map rescue; entrance/campground-area coordinate can be acceptable with honest popup.,Looks like ordinary campground/operator/city/county record held mainly for coordinate/source cleanup.,add_candidate,sd_public_discovery_coordinate_or_correction_rescue_v23190,Modern Campgrounds,no,High
sd-v23190-lead-lake-cochrane-recreation-area-campground,SD,Lake Cochrane Recreation Area Campground,ORDINARY_CAMPGROUND_COORDINATE_RESCUE,Run practical address-to-map rescue; entrance/campground-area coordinate can be acceptable with honest popup.,Looks like ordinary campground/operator/city/county record held mainly for coordinate/source cleanup.,add_candidate,sd_public_discovery_coordinate_or_correction_rescue_v23190,Modern Campgrounds,no,High
sd-v23190-lead-lake-poinsett-recreation-area-campgrounds,SD,Lake Poinsett Recreation Area Campgrounds,ORDINARY_CAMPGROUND_COORDINATE_RESCUE,Run practical address-to-map rescue; entrance/campground-area coordinate can be acceptable with honest popup.,Looks like ordinary campground/operator/city/county record held mainly for coordinate/source cleanup.,add_candidate,sd_public_discovery_coordinate_or_correction_rescue_v23190,Modern Campgrounds,no,High
sd-v23190-lead-mina-lake-recreation-area-campground,SD,Mina Lake Recreation Area Campground,ORDINARY_CAMPGROUND_COORDINATE_RESCUE,Run practical address-to-map rescue; entrance/campground-area coordinate can be acceptable with honest popup.,Looks like ordinary campground/operator/city/county record held mainly for coordinate/source cleanup.,add_candidate,sd_public_discovery_coordinate_or_correction_rescue_v23190,Modern Campgrounds,no,High
sd-v23190-lead-richmond-lake-recreation-area-campground,SD,Richmond Lake Recreation Area Campground,ORDINARY_CAMPGROUND_COORDINATE_RESCUE,Run practical address-to-map rescue; entrance/campground-area coordinate can be acceptable with honest popup.,Looks like ordinary campground/operator/city/county record held mainly for coordinate/source cleanup.,add_candidate,sd_public_discovery_coordinate_or_correction_rescue_v23190,Modern Campgrounds,no,High
sd-v23190-lead-pelican-lake-recreation-area-campground,SD,Pelican Lake Recreation Area Campground,ORDINARY_CAMPGROUND_COORDINATE_RESCUE,Run practical address-to-map rescue; entrance/campground-area coordinate can be acceptable with honest popup.,Looks like ordinary campground/operator/city/county record held mainly for coordinate/source cleanup.,add_candidate,sd_public_discovery_coordinate_or_correction_rescue_v23190,Modern Campgrounds,no,High
sd-v23190-lead-sandy-shore-recreation-area-campground,SD,Sandy Shore Recreation Area Campground,ORDINARY_CAMPGROUND_COORDINATE_RESCUE,Run practical address-to-map rescue; entrance/campground-area coordinate can be acceptable with honest popup.,Looks like ordinary campground/operator/city/county record held mainly for coordinate/source cleanup.,add_candidate,sd_public_discovery_coordinate_or_correction_rescue_v23190,Modern Campgrounds,no,High
sd-v23190-lead-fisher-grove-state-park-campground,SD,Fisher Grove State Park Campground,ORDINARY_CAMPGROUND_COORDINATE_RESCUE,Run practical address-to-map rescue; entrance/campground-area coordinate can be acceptable with honest popup.,Looks like ordinary campground/operator/city/county record held mainly for coordinate/source cleanup.,add_candidate,sd_public_discovery_coordinate_or_correction_rescue_v23190,Modern Campgrounds,no,High
sd-v23190-lead-hartford-beach-state-park-campground,SD,Hartford Beach State Park Campground,ORDINARY_CAMPGROUND_COORDINATE_RESCUE,Run practical address-to-map rescue; entrance/campground-area coordinate can be acceptable with honest popup.,Looks like ordinary campground/operator/city/county record held mainly for coordinate/source cleanup.,add_candidate,sd_public_discovery_coordinate_or_correction_rescue_v23190,Modern Campgrounds,no,High
sd-v23190-lead-codington-county-memorial-park-campground,SD,Codington County Memorial Park Campground,ORDINARY_CAMPGROUND_COORDINATE_RESCUE,Run practical address-to-map rescue; entrance/campground-area coordinate can be acceptable with honest popup.,Looks like ordinary campground/operator/city/county record held mainly for coordinate/source cleanup.,add_candidate,sd_public_discovery_coordinate_or_correction_rescue_v23190,Modern Campgrounds,no,High
sd-v23190-lead-brown-county-fairgrounds-camping,SD,Brown County Fairgrounds Camping,ORDINARY_CAMPGROUND_COORDINATE_RESCUE,Run practical address-to-map rescue; entrance/campground-area coordinate can be acceptable with honest popup.,Looks like ordinary campground/operator/city/county record held mainly for coordinate/source cleanup.,add_candidate,sd_public_discovery_coordinate_or_correction_rescue_v23190,Modern Campgrounds,no,High
sd-v23190-lead-hav-a-rest-campground,SD,Hav-A-Rest Campground,ORDINARY_CAMPGROUND_COORDINATE_RESCUE,Run practical address-to-map rescue; entrance/campground-area coordinate can be acceptable with honest popup.,Looks like ordinary campground/operator/city/county record held mainly for coordinate/source cleanup.,add_candidate,sd_public_discovery_coordinate_or_correction_rescue_v23190,Modern Campgrounds,no,High
sd-v23190-lead-castlewood-memorial-city-park-campground,SD,Castlewood Memorial City Park Campground,ORDINARY_CAMPGROUND_COORDINATE_RESCUE,Run practical address-to-map rescue; entrance/campground-area coordinate can be acceptable with honest popup.,Looks like ordinary campground/operator/city/county record held mainly for coordinate/source cleanup.,add_candidate,sd_public_discovery_coordinate_or_correction_rescue_v23190,Modern Campgrounds,no,High
sd-v23190-lead-ulven-park-clear-lake-city-park-campground,SD,Ulven Park / Clear Lake City Park Campground,ORDINARY_CAMPGROUND_COORDINATE_RESCUE,Run practical address-to-map rescue; entrance/campground-area coordinate can be acceptable with honest popup.,Looks like ordinary campground/operator/city/county record held mainly for coordinate/source cleanup.,add_candidate,sd_public_discovery_coordinate_or_correction_rescue_v23190,Modern Campgrounds,no,High
sd-v23190-lead-lake-farley-campground,SD,Lake Farley Campground,ORDINARY_CAMPGROUND_COORDINATE_RESCUE,Run practical address-to-map rescue; entrance/campground-area coordinate can be acceptable with honest popup.,Looks like ordinary campground/operator/city/county record held mainly for coordinate/source cleanup.,add_candidate,sd_public_discovery_coordinate_or_correction_rescue_v23190,Modern Campgrounds,no,High
sd-v23190-lead-county-line-campground,SD,County Line Campground,ORDINARY_CAMPGROUND_COORDINATE_RESCUE,Run practical address-to-map rescue; entrance/campground-area coordinate can be acceptable with honest popup.,Looks like ordinary campground/operator/city/county record held mainly for coordinate/source cleanup.,add_candidate,sd_public_discovery_coordinate_or_correction_rescue_v23190,Private Campgrounds,no,High
sd-v23190-lead-bettys-camping,SD,Betty’s Camping,ORDINARY_CAMPGROUND_COORDINATE_RESCUE,Run practical address-to-map rescue; entrance/campground-area coordinate can be acceptable with honest popup.,Looks like ordinary campground/operator/city/county record held mainly for coordinate/source cleanup.,add_candidate,sd_public_discovery_coordinate_or_correction_rescue_v23190,Private Campgrounds,no,High
sd-v23190-lead-boomers-outback-lodge-cabins-and-campground,SD,"Boomers Outback Lodge, Cabins & Campground",ORDINARY_CAMPGROUND_COORDINATE_RESCUE,Run practical address-to-map rescue; entrance/campground-area coordinate can be acceptable with honest popup.,Looks like ordinary campground/operator/city/county record held mainly for coordinate/source cleanup.,add_candidate,sd_public_discovery_coordinate_or_correction_rescue_v23190,Private Campgrounds,no,High
sd-v23190-lead-lake-country-campground,SD,Lake Country Campground,ORDINARY_CAMPGROUND_COORDINATE_RESCUE,Run practical address-to-map rescue; entrance/campground-area coordinate can be acceptable with honest popup.,Looks like ordinary campground/operator/city/county record held mainly for coordinate/source cleanup.,add_candidate,sd_public_discovery_coordinate_or_correction_rescue_v23190,Private Campgrounds,no,High
sd-v23190-lead-icerock-campground,SD,IceRock Campground,ORDINARY_CAMPGROUND_COORDINATE_RESCUE,Run practical address-to-map rescue; entrance/campground-area coordinate can be acceptable with honest popup.,Looks like ordinary campground/operator/city/county record held mainly for coordinate/source cleanup.,add_candidate,sd_public_discovery_coordinate_or_correction_rescue_v23190,Private Campgrounds,no,High
sd-v23190-lead-bigfoot-campground-and-rv-park,SD,BigFoot Campground & RV Park,ORDINARY_CAMPGROUND_COORDINATE_RESCUE,Run practical address-to-map rescue; entrance/campground-area coordinate can be acceptable with honest popup.,Looks like ordinary campground/operator/city/county record held mainly for coordinate/source cleanup.,add_candidate,sd_public_discovery_coordinate_or_correction_rescue_v23190,Private Campgrounds,no,High
sd-v23190-lead-coyote-campground-at-joy-ranch,SD,Coyote Campground at Joy Ranch,ORDINARY_CAMPGROUND_COORDINATE_RESCUE,Run practical address-to-map rescue; entrance/campground-area coordinate can be acceptable with honest popup.,Looks like ordinary campground/operator/city/county record held mainly for coordinate/source cleanup.,add_candidate,sd_public_discovery_coordinate_or_correction_rescue_v23190,Private Campgrounds,no,High
sd-v23190-lead-prairie-pasque-campground,SD,Prairie Pasque Campground,ORDINARY_CAMPGROUND_COORDINATE_RESCUE,Run practical address-to-map rescue; entrance/campground-area coordinate can be acceptable with honest popup.,Looks like ordinary campground/operator/city/county record held mainly for coordinate/source cleanup.,add_candidate,sd_public_discovery_coordinate_or_correction_rescue_v23190,Private Campgrounds,no,High
sd-v23190-lead-south-81-rv-court,SD,South 81 RV Court,ORDINARY_CAMPGROUND_COORDINATE_RESCUE,Run practical address-to-map rescue; entrance/campground-area coordinate can be acceptable with honest popup.,Looks like ordinary campground/operator/city/county record held mainly for coordinate/source cleanup.,add_candidate,sd_public_discovery_coordinate_or_correction_rescue_v23190,Private Campgrounds,no,High
sd-v23190-lead-schmidts-landing,SD,Schmidt’s Landing,ORDINARY_CAMPGROUND_COORDINATE_RESCUE,Run practical address-to-map rescue; entrance/campground-area coordinate can be acceptable with honest popup.,Looks like ordinary campground/operator/city/county record held mainly for coordinate/source cleanup.,add_candidate,sd_public_discovery_coordinate_or_correction_rescue_v23190,Private Campgrounds,no,High
sd-v23190-lead-red-side-inn-and-campground,SD,Red Side Inn and Campground,ORDINARY_CAMPGROUND_COORDINATE_RESCUE,Run practical address-to-map rescue; entrance/campground-area coordinate can be acceptable with honest popup.,Looks like ordinary campground/operator/city/county record held mainly for coordinate/source cleanup.,add_candidate,sd_public_discovery_coordinate_or_correction_rescue_v23190,Private Campgrounds,no,High
sd-v23190-lead-city-of-britton-rv-park,SD,City of Britton RV Park,ORDINARY_CAMPGROUND_COORDINATE_RESCUE,Run practical address-to-map rescue; entrance/campground-area coordinate can be acceptable with honest popup.,Looks like ordinary campground/operator/city/county record held mainly for coordinate/source cleanup.,community_reported_candidate,sd_public_discovery_coordinate_or_correction_rescue_v23190,Modern Campgrounds,no,Medium
sd-v23190-lead-lake-faulkton-camping,SD,Lake Faulkton Camping,ORDINARY_CAMPGROUND_COORDINATE_RESCUE,Run practical address-to-map rescue; entrance/campground-area coordinate can be acceptable with honest popup.,Looks like ordinary campground/operator/city/county record held mainly for coordinate/source cleanup.,needs_verification,sd_public_discovery_coordinate_or_correction_rescue_v23190,Modern Campgrounds,no,High
sd-v23190-lead-slim-buttes-lodge-and-campground,SD,Slim Buttes Lodge & Campground,ORDINARY_CAMPGROUND_COORDINATE_RESCUE,Run practical address-to-map rescue; entrance/campground-area coordinate can be acceptable with honest popup.,Looks like ordinary campground/operator/city/county record held mainly for coordinate/source cleanup.,add_candidate,sd_public_discovery_coordinate_or_correction_rescue_v23190,Private Campgrounds,no,High
sd-v23190-lead-lake-waggoner-golf-course-and-campground,SD,Lake Waggoner Golf Course & Campground,ORDINARY_CAMPGROUND_COORDINATE_RESCUE,Run practical address-to-map rescue; entrance/campground-area coordinate can be acceptable with honest popup.,Looks like ordinary campground/operator/city/county record held mainly for coordinate/source cleanup.,needs_verification,sd_public_discovery_coordinate_or_correction_rescue_v23190,Needs Verification,no,High
sd-v23190-lead-badlands-np-north-unit-backcountry-camping-area-rule,SD,Badlands NP North Unit backcountry camping area/rule,AREA_RULE_COMMUNITY_OR_OVERLAY_CANDIDATE,Evaluate as area/rule/community marker or overlay candidate; do not force exact campground coordinates.,"Looks like rule-area, boondocking, community, WMA/forest, permit, GIS, or overlay work.",needs_verification,sd_public_discovery_coordinate_or_correction_rescue_v23190,Boat / Backpack,no,High
sd-v23190-lead-hidden-valley-campground,SD,Hidden Valley Campground,PROMOTION_STATUS_CHECK_CANDIDATE,Quick source/status check; promote if public overnight use and coordinate are defensible as campground/entrance/area marker.,Ordinary campground/operator lead with a coordinate; likely held for semantics or status wording.,move___correction_candidate,sd_public_discovery_coordinate_or_correction_rescue_v23190,Private Campgrounds,yes,Medium
sd-v23190-lead-camp-5-road-dispersed-cluster,SD,Camp 5 Road Dispersed Cluster,AREA_RULE_COMMUNITY_OR_OVERLAY_CANDIDATE,Evaluate as area/rule/community marker or overlay candidate; do not force exact campground coordinates.,"Looks like rule-area, boondocking, community, WMA/forest, permit, GIS, or overlay work.",needs_verification,sd_public_discovery_coordinate_or_correction_rescue_v23190,Boondocking / Dispersed,yes,High
sd-v23190-lead-days-of-76-campground,SD,Days of ’76 Campground,ORDINARY_CAMPGROUND_COORDINATE_RESCUE,Run practical address-to-map rescue; entrance/campground-area coordinate can be acceptable with honest popup.,Looks like ordinary campground/operator/city/county record held mainly for coordinate/source cleanup.,needs_verification,sd_public_discovery_coordinate_or_correction_rescue_v23190,Private Campgrounds,no,High
sd-v23190-lead-whistler-gulch-campground,SD,Whistler Gulch Campground,ORDINARY_CAMPGROUND_COORDINATE_RESCUE,Run practical address-to-map rescue; entrance/campground-area coordinate can be acceptable with honest popup.,Looks like ordinary campground/operator/city/county record held mainly for coordinate/source cleanup.,needs_verification,sd_public_discovery_coordinate_or_correction_rescue_v23190,Private Campgrounds,no,High
sd-v23190-lead-sturgis-downtown-rv-park,SD,Sturgis Downtown RV Park,ORDINARY_CAMPGROUND_COORDINATE_RESCUE,Run practical address-to-map rescue; entrance/campground-area coordinate can be acceptable with honest popup.,Looks like ordinary campground/operator/city/county record held mainly for coordinate/source cleanup.,needs_verification,sd_public_discovery_coordinate_or_correction_rescue_v23190,Private Campgrounds,no,High
sd-v23190-lead-days-end-campground,SD,Days End Campground,ORDINARY_CAMPGROUND_COORDINATE_RESCUE,Run practical address-to-map rescue; entrance/campground-area coordinate can be acceptable with honest popup.,Looks like ordinary campground/operator/city/county record held mainly for coordinate/source cleanup.,needs_verification,sd_public_discovery_coordinate_or_correction_rescue_v23190,Private Campgrounds,no,High
sd-v23190-lead-rush-no-more-rv-resort-and-campground,SD,Rush No More RV Resort & Campground,ORDINARY_CAMPGROUND_COORDINATE_RESCUE,Run practical address-to-map rescue; entrance/campground-area coordinate can be acceptable with honest popup.,Looks like ordinary campground/operator/city/county record held mainly for coordinate/source cleanup.,needs_verification,sd_public_discovery_coordinate_or_correction_rescue_v23190,Private Campgrounds,no,High
sd-v23190-lead-katmandu-campground,SD,Katmandu Campground,ORDINARY_CAMPGROUND_COORDINATE_RESCUE,Run practical address-to-map rescue; entrance/campground-area coordinate can be acceptable with honest popup.,Looks like ordinary campground/operator/city/county record held mainly for coordinate/source cleanup.,needs_verification,sd_public_discovery_coordinate_or_correction_rescue_v23190,Private Campgrounds,no,High
sd-v23190-lead-pappy-hoel-campground,SD,Pappy Hoel Campground,ORDINARY_CAMPGROUND_COORDINATE_RESCUE,Run practical address-to-map rescue; entrance/campground-area coordinate can be acceptable with honest popup.,Looks like ordinary campground/operator/city/county record held mainly for coordinate/source cleanup.,needs_verification,sd_public_discovery_coordinate_or_correction_rescue_v23190,Private Campgrounds,no,High
sd-v23190-lead-buffalo-chip-campground,SD,Buffalo Chip Campground,ORDINARY_CAMPGROUND_COORDINATE_RESCUE,Run practical address-to-map rescue; entrance/campground-area coordinate can be acceptable with honest popup.,Looks like ordinary campground/operator/city/county record held mainly for coordinate/source cleanup.,needs_verification,sd_public_discovery_coordinate_or_correction_rescue_v23190,Private Campgrounds,no,High
sd-v23190-lead-hog-heaven-campground,SD,Hog Heaven Campground,ORDINARY_CAMPGROUND_COORDINATE_RESCUE,Run practical address-to-map rescue; entrance/campground-area coordinate can be acceptable with honest popup.,Looks like ordinary campground/operator/city/county record held mainly for coordinate/source cleanup.,needs_verification,sd_public_discovery_coordinate_or_correction_rescue_v23190,Private Campgrounds,no,High
sd-v23190-lead-rapid-city-rv-park-and-campground,SD,Rapid City RV Park & Campground,ORDINARY_CAMPGROUND_COORDINATE_RESCUE,Run practical address-to-map rescue; entrance/campground-area coordinate can be acceptable with honest popup.,Looks like ordinary campground/operator/city/county record held mainly for coordinate/source cleanup.,needs_verification,sd_public_discovery_coordinate_or_correction_rescue_v23190,Private Campgrounds,no,High
sd-v23190-lead-rapid-city-black-hills-koa-holiday,SD,Rapid City / Black Hills KOA Holiday,ORDINARY_CAMPGROUND_COORDINATE_RESCUE,Run practical address-to-map rescue; entrance/campground-area coordinate can be acceptable with honest popup.,Looks like ordinary campground/operator/city/county record held mainly for coordinate/source cleanup.,needs_verification,sd_public_discovery_coordinate_or_correction_rescue_v23190,Private Campgrounds,no,High
sd-v23190-lead-lake-park-campground,SD,Lake Park Campground,ORDINARY_CAMPGROUND_COORDINATE_RESCUE,Run practical address-to-map rescue; entrance/campground-area coordinate can be acceptable with honest popup.,Looks like ordinary campground/operator/city/county record held mainly for coordinate/source cleanup.,needs_verification,sd_public_discovery_coordinate_or_correction_rescue_v23190,Private Campgrounds,no,High
sd-v23190-lead-rafter-j-bar-ranch-campground,SD,Rafter J Bar Ranch Campground,ORDINARY_CAMPGROUND_COORDINATE_RESCUE,Run practical address-to-map rescue; entrance/campground-area coordinate can be acceptable with honest popup.,Looks like ordinary campground/operator/city/county record held mainly for coordinate/source cleanup.,needs_verification,sd_public_discovery_coordinate_or_correction_rescue_v23190,Private Campgrounds,no,High
sd-v23190-lead-horse-thief-campground,SD,Horse Thief Campground,ORDINARY_CAMPGROUND_COORDINATE_RESCUE,Run practical address-to-map rescue; entrance/campground-area coordinate can be acceptable with honest popup.,Looks like ordinary campground/operator/city/county record held mainly for coordinate/source cleanup.,needs_verification,sd_public_discovery_coordinate_or_correction_rescue_v23190,Private Campgrounds,no,High
sd-v23190-lead-black-hills-trailside-park-resort,SD,Black Hills Trailside Park Resort,ORDINARY_CAMPGROUND_COORDINATE_RESCUE,Run practical address-to-map rescue; entrance/campground-area coordinate can be acceptable with honest popup.,Looks like ordinary campground/operator/city/county record held mainly for coordinate/source cleanup.,needs_verification,sd_public_discovery_coordinate_or_correction_rescue_v23190,Private Campgrounds,no,High
sd-v23190-lead-spokane-creek-cabins-and-campground,SD,Spokane Creek Cabins & Campground,ORDINARY_CAMPGROUND_COORDINATE_RESCUE,Run practical address-to-map rescue; entrance/campground-area coordinate can be acceptable with honest popup.,Looks like ordinary campground/operator/city/county record held mainly for coordinate/source cleanup.,needs_verification,sd_public_discovery_coordinate_or_correction_rescue_v23190,Private Campgrounds,no,High
sd-v23190-lead-kemps-kamp,SD,Kemp’s Kamp,ORDINARY_CAMPGROUND_COORDINATE_RESCUE,Run practical address-to-map rescue; entrance/campground-area coordinate can be acceptable with honest popup.,Looks like ordinary campground/operator/city/county record held mainly for coordinate/source cleanup.,needs_verification,sd_public_discovery_coordinate_or_correction_rescue_v23190,Private Campgrounds,no,High
sd-v23190-lead-fort-welikit-family-campground,SD,Fort Welikit Family Campground,ORDINARY_CAMPGROUND_COORDINATE_RESCUE,Run practical address-to-map rescue; entrance/campground-area coordinate can be acceptable with honest popup.,Looks like ordinary campground/operator/city/county record held mainly for coordinate/source cleanup.,needs_verification,sd_public_discovery_coordinate_or_correction_rescue_v23190,Private Campgrounds,no,High
sd-v23190-lead-buffalo-ridge-camp-resort,SD,Buffalo Ridge Camp Resort,ORDINARY_CAMPGROUND_COORDINATE_RESCUE,Run practical address-to-map rescue; entrance/campground-area coordinate can be acceptable with honest popup.,Looks like ordinary campground/operator/city/county record held mainly for coordinate/source cleanup.,needs_verification,sd_public_discovery_coordinate_or_correction_rescue_v23190,Private Campgrounds,no,High
sd-v23190-lead-allen-ranch-campground,SD,Allen Ranch Campground,ORDINARY_CAMPGROUND_COORDINATE_RESCUE,Run practical address-to-map rescue; entrance/campground-area coordinate can be acceptable with honest popup.,Looks like ordinary campground/operator/city/county record held mainly for coordinate/source cleanup.,needs_verification,sd_public_discovery_coordinate_or_correction_rescue_v23190,Private Campgrounds,no,High
sd-v23190-lead-fall-river-ranch-rv-resort,SD,Fall River Ranch RV Resort,ORDINARY_CAMPGROUND_COORDINATE_RESCUE,Run practical address-to-map rescue; entrance/campground-area coordinate can be acceptable with honest popup.,Looks like ordinary campground/operator/city/county record held mainly for coordinate/source cleanup.,needs_verification,sd_public_discovery_coordinate_or_correction_rescue_v23190,Private Campgrounds,no,High
sd-v23190-lead-hot-springs-black-hills-koa-holiday,SD,Hot Springs / Black Hills KOA Holiday,ORDINARY_CAMPGROUND_COORDINATE_RESCUE,Run practical address-to-map rescue; entrance/campground-area coordinate can be acceptable with honest popup.,Looks like ordinary campground/operator/city/county record held mainly for coordinate/source cleanup.,needs_verification,sd_public_discovery_coordinate_or_correction_rescue_v23190,Private Campgrounds,no,High
sd-v23190-lead-riverside-campground,SD,Riverside Campground,ORDINARY_CAMPGROUND_COORDINATE_RESCUE,Run practical address-to-map rescue; entrance/campground-area coordinate can be acceptable with honest popup.,Looks like ordinary campground/operator/city/county record held mainly for coordinate/source cleanup.,needs_verification,sd_public_discovery_coordinate_or_correction_rescue_v23190,Private Campgrounds,no,High
sd-v23190-lead-hendersons-hideaway-wyatts-hideaway-campground,SD,Henderson’s Hideaway / Wyatt’s Hideaway Campground,ORDINARY_CAMPGROUND_COORDINATE_RESCUE,Run practical address-to-map rescue; entrance/campground-area coordinate can be acceptable with honest popup.,Looks like ordinary campground/operator/city/county record held mainly for coordinate/source cleanup.,needs_verification,sd_public_discovery_coordinate_or_correction_rescue_v23190,Private Campgrounds,no,High
sd-v23190-lead-new-frontier-campground-and-rv-park,SD,New Frontier Campground and RV Park,ORDINARY_CAMPGROUND_COORDINATE_RESCUE,Run practical address-to-map rescue; entrance/campground-area coordinate can be acceptable with honest popup.,Looks like ordinary campground/operator/city/county record held mainly for coordinate/source cleanup.,needs_verification,sd_public_discovery_coordinate_or_correction_rescue_v23190,Private Campgrounds,no,High
sd-v23190-lead-river-city-campground,SD,River City Campground,ORDINARY_CAMPGROUND_COORDINATE_RESCUE,Run practical address-to-map rescue; entrance/campground-area coordinate can be acceptable with honest popup.,Looks like ordinary campground/operator/city/county record held mainly for coordinate/source cleanup.,needs_verification,sd_public_discovery_coordinate_or_correction_rescue_v23190,Private Campgrounds,no,High
sd-v23190-lead-whetstone-bay-lakeside-use-area,SD,Whetstone Bay Lakeside Use Area,ORDINARY_CAMPGROUND_COORDINATE_RESCUE,Run practical address-to-map rescue; entrance/campground-area coordinate can be acceptable with honest popup.,Looks like ordinary campground/operator/city/county record held mainly for coordinate/source cleanup.,needs_verification,sd_public_discovery_coordinate_or_correction_rescue_v23190,Modern Campgrounds,no,High
sd-v23190-lead-white-swan-lakeside-use-area,SD,White Swan Lakeside Use Area,ORDINARY_CAMPGROUND_COORDINATE_RESCUE,Run practical address-to-map rescue; entrance/campground-area coordinate can be acceptable with honest popup.,Looks like ordinary campground/operator/city/county record held mainly for coordinate/source cleanup.,needs_verification,sd_public_discovery_coordinate_or_correction_rescue_v23190,Rustic / Primitive,no,High
sd-v23190-lead-east-whitlock-lakeside-use-area,SD,East Whitlock Lakeside Use Area,ORDINARY_CAMPGROUND_COORDINATE_RESCUE,Run practical address-to-map rescue; entrance/campground-area coordinate can be acceptable with honest popup.,Looks like ordinary campground/operator/city/county record held mainly for coordinate/source cleanup.,needs_verification,sd_public_discovery_coordinate_or_correction_rescue_v23190,Rustic / Primitive,no,High
sd-v23190-lead-south-shore-lakeside-use-area,SD,South Shore Lakeside Use Area,ORDINARY_CAMPGROUND_COORDINATE_RESCUE,Run practical address-to-map rescue; entrance/campground-area coordinate can be acceptable with honest popup.,Looks like ordinary campground/operator/city/county record held mainly for coordinate/source cleanup.,needs_verification,sd_public_discovery_coordinate_or_correction_rescue_v23190,Rustic / Primitive,no,High
sd-v23190-lead-walth-bay-lakeside-use-area,SD,Walth Bay Lakeside Use Area,ORDINARY_CAMPGROUND_COORDINATE_RESCUE,Run practical address-to-map rescue; entrance/campground-area coordinate can be acceptable with honest popup.,Looks like ordinary campground/operator/city/county record held mainly for coordinate/source cleanup.,needs_verification,sd_public_discovery_coordinate_or_correction_rescue_v23190,Rustic / Primitive,no,High
sd-v23190-lead-memorial-park-campground,SD,Memorial Park Campground,ORDINARY_CAMPGROUND_COORDINATE_RESCUE,Run practical address-to-map rescue; entrance/campground-area coordinate can be acceptable with honest popup.,Looks like ordinary campground/operator/city/county record held mainly for coordinate/source cleanup.,add_candidate,sd_public_discovery_coordinate_or_correction_rescue_v23190,Modern Campgrounds,no,High
sd-v23190-lead-south-dakota-state-fairgrounds-campground,SD,South Dakota State Fairgrounds Campground,ORDINARY_CAMPGROUND_COORDINATE_RESCUE,Run practical address-to-map rescue; entrance/campground-area coordinate can be acceptable with honest popup.,Looks like ordinary campground/operator/city/county record held mainly for coordinate/source cleanup.,add_candidate,sd_public_discovery_coordinate_or_correction_rescue_v23190,Modern Campgrounds,no,High
sd-v23190-lead-gross-hill-campground,SD,Gross Hill Campground,ORDINARY_CAMPGROUND_COORDINATE_RESCUE,Run practical address-to-map rescue; entrance/campground-area coordinate can be acceptable with honest popup.,Looks like ordinary campground/operator/city/county record held mainly for coordinate/source cleanup.,add_candidate,sd_public_discovery_coordinate_or_correction_rescue_v23190,Private Campgrounds,no,High
sd-v23190-lead-red-wilk-campground,SD,Red Wilk Campground,ORDINARY_CAMPGROUND_COORDINATE_RESCUE,Run practical address-to-map rescue; entrance/campground-area coordinate can be acceptable with honest popup.,Looks like ordinary campground/operator/city/county record held mainly for coordinate/source cleanup.,add_candidate,sd_public_discovery_coordinate_or_correction_rescue_v23190,Private Campgrounds,no,High
sd-v23190-lead-washington-park-campground,SD,Washington Park Campground,ORDINARY_CAMPGROUND_COORDINATE_RESCUE,Run practical address-to-map rescue; entrance/campground-area coordinate can be acceptable with honest popup.,Looks like ordinary campground/operator/city/county record held mainly for coordinate/source cleanup.,add_candidate,sd_public_discovery_coordinate_or_correction_rescue_v23190,Modern Campgrounds,no,High
sd-v23190-lead-lake-preston-city-campground,SD,Lake Preston City Campground,ORDINARY_CAMPGROUND_COORDINATE_RESCUE,Run practical address-to-map rescue; entrance/campground-area coordinate can be acceptable with honest popup.,Looks like ordinary campground/operator/city/county record held mainly for coordinate/source cleanup.,add_candidate,sd_public_discovery_coordinate_or_correction_rescue_v23190,Modern Campgrounds,no,High
sd-v23190-lead-ingalls-homestead-camping,SD,Ingalls Homestead Camping,ORDINARY_CAMPGROUND_COORDINATE_RESCUE,Run practical address-to-map rescue; entrance/campground-area coordinate can be acceptable with honest popup.,Looks like ordinary campground/operator/city/county record held mainly for coordinate/source cleanup.,add_candidate,sd_public_discovery_coordinate_or_correction_rescue_v23190,Private Campgrounds,no,High
sd-v23190-lead-danceland-bar-grill-and-campground,SD,"Danceland Bar, Grill & Campground",ORDINARY_CAMPGROUND_COORDINATE_RESCUE,Run practical address-to-map rescue; entrance/campground-area coordinate can be acceptable with honest popup.,Looks like ordinary campground/operator/city/county record held mainly for coordinate/source cleanup.,add_candidate,sd_public_discovery_coordinate_or_correction_rescue_v23190,Private Campgrounds,no,High
sd-v23190-lead-prairie-village-camping,SD,Prairie Village Camping,ORDINARY_CAMPGROUND_COORDINATE_RESCUE,Run practical address-to-map rescue; entrance/campground-area coordinate can be acceptable with honest popup.,Looks like ordinary campground/operator/city/county record held mainly for coordinate/source cleanup.,add_candidate,sd_public_discovery_coordinate_or_correction_rescue_v23190,Private Campgrounds,no,High
sd-v23190-lead-sioux-falls-koa-journey,SD,Sioux Falls KOA Journey,ORDINARY_CAMPGROUND_COORDINATE_RESCUE,Run practical address-to-map rescue; entrance/campground-area coordinate can be acceptable with honest popup.,Looks like ordinary campground/operator/city/county record held mainly for coordinate/source cleanup.,add_candidate,sd_public_discovery_coordinate_or_correction_rescue_v23190,Private Campgrounds,no,High
sd-v23190-lead-yogi-bears-jellystone-park-of-sioux-falls,SD,Yogi Bear’s Jellystone Park of Sioux Falls,ORDINARY_CAMPGROUND_COORDINATE_RESCUE,Run practical address-to-map rescue; entrance/campground-area coordinate can be acceptable with honest popup.,Looks like ordinary campground/operator/city/county record held mainly for coordinate/source cleanup.,add_candidate,sd_public_discovery_coordinate_or_correction_rescue_v23190,Private Campgrounds,no,High
sd-v23190-lead-flamingo-falls-campground,SD,Flamingo Falls Campground,ORDINARY_CAMPGROUND_COORDINATE_RESCUE,Run practical address-to-map rescue; entrance/campground-area coordinate can be acceptable with honest popup.,Looks like ordinary campground/operator/city/county record held mainly for coordinate/source cleanup.,add_candidate,sd_public_discovery_coordinate_or_correction_rescue_v23190,Private Campgrounds,no,High
sd-v23190-lead-split-rock-park-campground,SD,Split Rock Park Campground,PROMOTION_STATUS_CHECK_CANDIDATE,Quick source/status check; promote if public overnight use and coordinate are defensible as campground/entrance/area marker.,Ordinary campground/operator lead with a coordinate; likely held for semantics or status wording.,move___correction_candidate,sd_public_discovery_coordinate_or_correction_rescue_v23190,Modern Campgrounds,yes,Medium
sd-v23190-lead-elk-point-city-park-and-campground,SD,Elk Point City Park & Campground,ORDINARY_CAMPGROUND_COORDINATE_RESCUE,Run practical address-to-map rescue; entrance/campground-area coordinate can be acceptable with honest popup.,Looks like ordinary campground/operator/city/county record held mainly for coordinate/source cleanup.,add_candidate,sd_public_discovery_coordinate_or_correction_rescue_v23190,Modern Campgrounds,no,High
sd-v23190-lead-clay-county-park-campground,SD,Clay County Park Campground,ORDINARY_CAMPGROUND_COORDINATE_RESCUE,Run practical address-to-map rescue; entrance/campground-area coordinate can be acceptable with honest popup.,Looks like ordinary campground/operator/city/county record held mainly for coordinate/source cleanup.,add_candidate,sd_public_discovery_coordinate_or_correction_rescue_v23190,Modern Campgrounds,no,High
sd-v23190-lead-yankton-missouri-river-koa-journey,SD,Yankton / Missouri River KOA Journey,ORDINARY_CAMPGROUND_COORDINATE_RESCUE,Run practical address-to-map rescue; entrance/campground-area coordinate can be acceptable with honest popup.,Looks like ordinary campground/operator/city/county record held mainly for coordinate/source cleanup.,add_candidate,sd_public_discovery_coordinate_or_correction_rescue_v23190,Private Campgrounds,no,High
sd-v23190-lead-lewis-and-clark-resort-campsites,SD,Lewis & Clark Resort Campsites,ORDINARY_CAMPGROUND_COORDINATE_RESCUE,Run practical address-to-map rescue; entrance/campground-area coordinate can be acceptable with honest popup.,Looks like ordinary campground/operator/city/county record held mainly for coordinate/source cleanup.,add_candidate,sd_public_discovery_coordinate_or_correction_rescue_v23190,Private Campgrounds,no,High
sd-v23190-lead-dakota-sunsets-rv-park-and-campground,SD,Dakota Sunsets RV Park & Campground,ORDINARY_CAMPGROUND_COORDINATE_RESCUE,Run practical address-to-map rescue; entrance/campground-area coordinate can be acceptable with honest popup.,Looks like ordinary campground/operator/city/county record held mainly for coordinate/source cleanup.,add_candidate,sd_public_discovery_coordinate_or_correction_rescue_v23190,Private Campgrounds,no,High
sd-v23190-lead-montrose-city-campground-pioneer-park-campground,SD,Montrose City Campground / Pioneer Park Campground,ORDINARY_CAMPGROUND_COORDINATE_RESCUE,Run practical address-to-map rescue; entrance/campground-area coordinate can be acceptable with honest popup.,Looks like ordinary campground/operator/city/county record held mainly for coordinate/source cleanup.,add_candidate,sd_public_discovery_coordinate_or_correction_rescue_v23190,Modern Campgrounds,no,High
sd-v23190-lead-parker-rv-campground,SD,Parker RV Campground,ORDINARY_CAMPGROUND_COORDINATE_RESCUE,Run practical address-to-map rescue; entrance/campground-area coordinate can be acceptable with honest popup.,Looks like ordinary campground/operator/city/county record held mainly for coordinate/source cleanup.,add_candidate,sd_public_discovery_coordinate_or_correction_rescue_v23190,Modern Campgrounds,no,High
sd-v23190-lead-lake-mitchell-campground,SD,Lake Mitchell Campground,PROMOTION_STATUS_CHECK_CANDIDATE,Quick source/status check; promote if public overnight use and coordinate are defensible as campground/entrance/area marker.,Ordinary campground/operator lead with a coordinate; likely held for semantics or status wording.,move___correction_candidate,sd_public_discovery_coordinate_or_correction_rescue_v23190,Modern Campgrounds,yes,Medium
sd-v23190-lead-mitchell-koa-journey,SD,Mitchell KOA Journey,ORDINARY_CAMPGROUND_COORDINATE_RESCUE,Run practical address-to-map rescue; entrance/campground-area coordinate can be acceptable with honest popup.,Looks like ordinary campground/operator/city/county record held mainly for coordinate/source cleanup.,add_candidate,sd_public_discovery_coordinate_or_correction_rescue_v23190,Private Campgrounds,no,High
sd-v23190-lead-dakota-campground,SD,Dakota Campground,ORDINARY_CAMPGROUND_COORDINATE_RESCUE,Run practical address-to-map rescue; entrance/campground-area coordinate can be acceptable with honest popup.,Looks like ordinary campground/operator/city/county record held mainly for coordinate/source cleanup.,add_candidate,sd_public_discovery_coordinate_or_correction_rescue_v23190,Private Campgrounds,no,High
sd-v23190-lead-white-lake-lodge-and-rv-campground,SD,White Lake Lodge & RV Campground,ORDINARY_CAMPGROUND_COORDINATE_RESCUE,Run practical address-to-map rescue; entrance/campground-area coordinate can be acceptable with honest popup.,Looks like ordinary campground/operator/city/county record held mainly for coordinate/source cleanup.,add_candidate,sd_public_discovery_coordinate_or_correction_rescue_v23190,Private Campgrounds,no,High
sd-v23190-lead-armour-lions-park-campground,SD,Armour Lions Park Campground,ORDINARY_CAMPGROUND_COORDINATE_RESCUE,Run practical address-to-map rescue; entrance/campground-area coordinate can be acceptable with honest popup.,Looks like ordinary campground/operator/city/county record held mainly for coordinate/source cleanup.,add_candidate,sd_public_discovery_coordinate_or_correction_rescue_v23190,Modern Campgrounds,no,High
sd-v23190-lead-menno-city-park-campground,SD,Menno City Park Campground,ORDINARY_CAMPGROUND_COORDINATE_RESCUE,Run practical address-to-map rescue; entrance/campground-area coordinate can be acceptable with honest popup.,Looks like ordinary campground/operator/city/county record held mainly for coordinate/source cleanup.,add_candidate,sd_public_discovery_coordinate_or_correction_rescue_v23190,Modern Campgrounds,no,High
sd-v23190-lead-tyndall-city-campground,SD,Tyndall City Campground,ORDINARY_CAMPGROUND_COORDINATE_RESCUE,Run practical address-to-map rescue; entrance/campground-area coordinate can be acceptable with honest popup.,Looks like ordinary campground/operator/city/county record held mainly for coordinate/source cleanup.,add_candidate,sd_public_discovery_coordinate_or_correction_rescue_v23190,Modern Campgrounds,no,High
sd-v23190-lead-sand-creek-lakeside-use-area,SD,Sand Creek Lakeside Use Area,ORDINARY_CAMPGROUND_COORDINATE_RESCUE,Run practical address-to-map rescue; entrance/campground-area coordinate can be acceptable with honest popup.,Looks like ordinary campground/operator/city/county record held mainly for coordinate/source cleanup.,add_candidate,sd_public_discovery_coordinate_or_correction_rescue_v23190,Rustic / Primitive,no,High
sd-v23190-lead-tabor-lakeside-use-area,SD,Tabor Lakeside Use Area,ORDINARY_CAMPGROUND_COORDINATE_RESCUE,Run practical address-to-map rescue; entrance/campground-area coordinate can be acceptable with honest popup.,Looks like ordinary campground/operator/city/county record held mainly for coordinate/source cleanup.,add_candidate,sd_public_discovery_coordinate_or_correction_rescue_v23190,Rustic / Primitive,no,High
mi-v23192-lead-porcupine-mountains-lost-creek-rustic-outpost-campground,MI,Porcupine Mountains Lost Creek Rustic Outpost Campground,ORDINARY_CAMPGROUND_COORDINATE_RESCUE,Run practical address-to-map rescue; entrance/campground-area coordinate can be acceptable with honest popup.,Looks like ordinary campground/operator/city/county record held mainly for coordinate/source cleanup.,coordinate_rescue,up_public_discovery_coordinate_or_correction_rescue_v23192,Rustic / Primitive,no,High
mi-v23192-lead-porcupine-mountains-union-river-outpost-campground,MI,Porcupine Mountains Union River Outpost Campground,ORDINARY_CAMPGROUND_COORDINATE_RESCUE,Run practical address-to-map rescue; entrance/campground-area coordinate can be acceptable with honest popup.,Looks like ordinary campground/operator/city/county record held mainly for coordinate/source cleanup.,coordinate_rescue,up_public_discovery_coordinate_or_correction_rescue_v23192,Rustic / Primitive,no,High
mi-v23192-lead-porcupine-mountains-backcountry-campsites-area-system,MI,Porcupine Mountains Backcountry Campsites Area/System,AREA_RULE_COMMUNITY_OR_OVERLAY_CANDIDATE,Evaluate as area/rule/community marker or overlay candidate; do not force exact campground coordinates.,"Looks like rule-area, boondocking, community, WMA/forest, permit, GIS, or overlay work.",coordinate_rescue,up_public_discovery_coordinate_or_correction_rescue_v23192,Boat / Backpack,no,High
mi-v23192-lead-isle-royale-national-park-campground-system,MI,Isle Royale National Park Campground System,ORDINARY_CAMPGROUND_COORDINATE_RESCUE,Run practical address-to-map rescue; entrance/campground-area coordinate can be acceptable with honest popup.,Looks like ordinary campground/operator/city/county record held mainly for coordinate/source cleanup.,proof_or_policy_rescue,up_public_discovery_coordinate_or_correction_rescue_v23192,Boat / Backpack,no,High
mi-v23192-lead-union-river-s-big-bear-campground,MI,Union River’s Big Bear Campground,ORDINARY_CAMPGROUND_COORDINATE_RESCUE,Run practical address-to-map rescue; entrance/campground-area coordinate can be acceptable with honest popup.,Looks like ordinary campground/operator/city/county record held mainly for coordinate/source cleanup.,coordinate_rescue,up_public_discovery_coordinate_or_correction_rescue_v23192,Private Campgrounds,no,High
mi-v23192-lead-wilderness-resort-llc-lac-la-belle-campground,MI,Wilderness Resort LLC / Lac La Belle Campground,ORDINARY_CAMPGROUND_COORDINATE_RESCUE,Run practical address-to-map rescue; entrance/campground-area coordinate can be acceptable with honest popup.,Looks like ordinary campground/operator/city/county record held mainly for coordinate/source cleanup.,coordinate_rescue,up_public_discovery_coordinate_or_correction_rescue_v23192,Private Campgrounds,no,High
mi-v23192-lead-chassell-adventure-campground,MI,Chassell Adventure Campground,ORDINARY_CAMPGROUND_COORDINATE_RESCUE,Run practical address-to-map rescue; entrance/campground-area coordinate can be acceptable with honest popup.,Looks like ordinary campground/operator/city/county record held mainly for coordinate/source cleanup.,coordinate_rescue,up_public_discovery_coordinate_or_correction_rescue_v23192,Private Campgrounds,no,High
mi-v23192-lead-sunshine-motel-cabins-and-campground,MI,"Sunshine Motel, Cabins & Campground",ORDINARY_CAMPGROUND_COORDINATE_RESCUE,Run practical address-to-map rescue; entrance/campground-area coordinate can be acceptable with honest popup.,Looks like ordinary campground/operator/city/county record held mainly for coordinate/source cleanup.,proof_or_policy_rescue,up_public_discovery_coordinate_or_correction_rescue_v23192,Private Campgrounds,no,High
mi-v23192-lead-finlander-bay-nature-area-camping-area,MI,Finlander Bay Nature Area camping area,AREA_RULE_COMMUNITY_OR_OVERLAY_CANDIDATE,Evaluate as area/rule/community marker or overlay candidate; do not force exact campground coordinates.,"Looks like rule-area, boondocking, community, WMA/forest, permit, GIS, or overlay work.",coordinate_rescue,up_public_discovery_coordinate_or_correction_rescue_v23192,Boondocking / Dispersed,no,Medium
mi-v23192-lead-keweenaw-water-trail-overnight-water-access-campsites,MI,Keweenaw Water Trail overnight/water-access campsites,TRUE_LEAD_RESEARCH_OR_EXTERNAL,Keep as lead until proof/geometry/status is resolved.,"Still has a proof, geometry, legality, duplicate, or current-status blocker.",proof_or_policy_rescue,up_public_discovery_coordinate_or_correction_rescue_v23192,Boat / Backpack,no,High
mi-v23192-lead-western-u-p-water-trail-camping-access-opportunities,MI,Western U.P. Water Trail camping/access opportunities,TRUE_LEAD_RESEARCH_OR_EXTERNAL,Keep as lead until proof/geometry/status is resolved.,"Still has a proof, geometry, legality, duplicate, or current-status blocker.",proof_or_policy_rescue,up_public_discovery_coordinate_or_correction_rescue_v23192,Boat / Backpack,no,High
mi-v23192-lead-sylvania-wilderness-individual-backcountry-campsite-coordinates,MI,Sylvania Wilderness individual backcountry campsite coordinates,TRUE_LEAD_RESEARCH_OR_EXTERNAL,Keep as lead until proof/geometry/status is resolved.,"Still has a proof, geometry, legality, duplicate, or current-status blocker.",coordinate_rescue,up_public_discovery_coordinate_or_correction_rescue_v23192,Boat / Backpack,no,High
mi-v23192-lead-high-rock-bay-informal-camping-legality-review,MI,High Rock Bay informal camping legality review,AREA_RULE_COMMUNITY_OR_OVERLAY_CANDIDATE,Evaluate as area/rule/community marker or overlay candidate; do not force exact campground coordinates.,"Looks like rule-area, boondocking, community, WMA/forest, permit, GIS, or overlay work.",proof_or_policy_rescue,up_public_discovery_coordinate_or_correction_rescue_v23192,Boondocking / Dispersed,no,Medium
mi-v23192-lead-bond-falls-east-west-undeveloped-camping-leads,MI,Bond Falls East/West undeveloped camping leads,AREA_RULE_COMMUNITY_OR_OVERLAY_CANDIDATE,Evaluate as area/rule/community marker or overlay candidate; do not force exact campground coordinates.,"Looks like rule-area, boondocking, community, WMA/forest, permit, GIS, or overlay work.",proof_or_policy_rescue,up_public_discovery_coordinate_or_correction_rescue_v23192,Boondocking / Dispersed,no,Medium
mi-v23192-lead-sturgeon-river-bridge-legality-review,MI,Sturgeon River bridge legality review,AREA_RULE_COMMUNITY_OR_OVERLAY_CANDIDATE,Evaluate as area/rule/community marker or overlay candidate; do not force exact campground coordinates.,"Looks like rule-area, boondocking, community, WMA/forest, permit, GIS, or overlay work.",proof_or_policy_rescue,up_public_discovery_coordinate_or_correction_rescue_v23192,Boondocking / Dispersed,no,Medium
mi-v23192-lead-point-abbaye-point-abbeye-boondocking-review,MI,Point Abbaye / Point Abbeye boondocking review,AREA_RULE_COMMUNITY_OR_OVERLAY_CANDIDATE,Evaluate as area/rule/community marker or overlay candidate; do not force exact campground coordinates.,"Looks like rule-area, boondocking, community, WMA/forest, permit, GIS, or overlay work.",proof_or_policy_rescue,up_public_discovery_coordinate_or_correction_rescue_v23192,Boondocking / Dispersed,no,Medium
mi-v23192-lead-mouth-of-the-huron-dispersed-legality-source-upgrade,MI,Mouth of the Huron dispersed legality/source upgrade,AREA_RULE_COMMUNITY_OR_OVERLAY_CANDIDATE,Evaluate as area/rule/community marker or overlay candidate; do not force exact campground coordinates.,"Looks like rule-area, boondocking, community, WMA/forest, permit, GIS, or overlay work.",proof_or_policy_rescue,up_public_discovery_coordinate_or_correction_rescue_v23192,Boondocking / Dispersed,no,Medium
mi-v23192-lead-lake-perrault-perrault-lake-primitive-dispersed-support,MI,Lake Perrault / Perrault Lake primitive/dispersed support,AREA_RULE_COMMUNITY_OR_OVERLAY_CANDIDATE,Evaluate as area/rule/community marker or overlay candidate; do not force exact campground coordinates.,"Looks like rule-area, boondocking, community, WMA/forest, permit, GIS, or overlay work.",proof_or_policy_rescue,up_public_discovery_coordinate_or_correction_rescue_v23192,Boondocking / Dispersed,no,Medium
mi-v23192-lead-kona-hills-campground,MI,Kona Hills Campground,ORDINARY_CAMPGROUND_COORDINATE_RESCUE,Run practical address-to-map rescue; entrance/campground-area coordinate can be acceptable with honest popup.,Looks like ordinary campground/operator/city/county record held mainly for coordinate/source cleanup.,coordinate_rescue,up_public_discovery_coordinate_or_correction_rescue_v23192,Rustic / Primitive,no,High
mi-v23192-lead-brasswire-campground,MI,Brasswire Campground,ORDINARY_CAMPGROUND_COORDINATE_RESCUE,Run practical address-to-map rescue; entrance/campground-area coordinate can be acceptable with honest popup.,Looks like ordinary campground/operator/city/county record held mainly for coordinate/source cleanup.,proof_or_policy_rescue,up_public_discovery_coordinate_or_correction_rescue_v23192,Rustic / Primitive,no,High
mi-v23192-lead-country-village-rv-park-and-vacation-homes,MI,Country Village RV Park & Vacation Homes,ORDINARY_CAMPGROUND_COORDINATE_RESCUE,Run practical address-to-map rescue; entrance/campground-area coordinate can be acceptable with honest popup.,Looks like ordinary campground/operator/city/county record held mainly for coordinate/source cleanup.,proof_or_policy_rescue,up_public_discovery_coordinate_or_correction_rescue_v23192,Private Campgrounds,no,High
mi-v23192-lead-ski-kwe-zaag-igan-lake-state-forest-campground,MI,Ski-Kwe zaag’igan Lake State Forest Campground,AREA_RULE_COMMUNITY_OR_OVERLAY_CANDIDATE,Evaluate as area/rule/community marker or overlay candidate; do not force exact campground coordinates.,"Looks like rule-area, boondocking, community, WMA/forest, permit, GIS, or overlay work.",coordinate_rescue,up_public_discovery_coordinate_or_correction_rescue_v23192,Rustic / Primitive,no,High
mi-v23192-lead-au-train-lake-campground,MI,Au Train Lake Campground,ORDINARY_CAMPGROUND_COORDINATE_RESCUE,Run practical address-to-map rescue; entrance/campground-area coordinate can be acceptable with honest popup.,Looks like ordinary campground/operator/city/county record held mainly for coordinate/source cleanup.,coordinate_rescue,up_public_discovery_coordinate_or_correction_rescue_v23192,Rustic / Primitive,no,High
mi-v23192-lead-pictured-rocks-rv-park-and-campground,MI,Pictured Rocks RV Park & Campground,ORDINARY_CAMPGROUND_COORDINATE_RESCUE,Run practical address-to-map rescue; entrance/campground-area coordinate can be acceptable with honest popup.,Looks like ordinary campground/operator/city/county record held mainly for coordinate/source cleanup.,coordinate_rescue,up_public_discovery_coordinate_or_correction_rescue_v23192,Private Campgrounds,no,High
mi-v23192-lead-munising-pictured-rocks-koa-journey,MI,Munising / Pictured Rocks KOA Journey,ORDINARY_CAMPGROUND_COORDINATE_RESCUE,Run practical address-to-map rescue; entrance/campground-area coordinate can be acceptable with honest popup.,Looks like ordinary campground/operator/city/county record held mainly for coordinate/source cleanup.,coordinate_rescue,up_public_discovery_coordinate_or_correction_rescue_v23192,Private Campgrounds,no,High
mi-v23192-lead-wandering-wheels-campground,MI,Wandering Wheels Campground,ORDINARY_CAMPGROUND_COORDINATE_RESCUE,Run practical address-to-map rescue; entrance/campground-area coordinate can be acceptable with honest popup.,Looks like ordinary campground/operator/city/county record held mainly for coordinate/source cleanup.,coordinate_rescue,up_public_discovery_coordinate_or_correction_rescue_v23192,Private Campgrounds,no,High
mi-v23192-lead-pictured-rocks-national-lakeshore-backcountry-campsite-system,MI,Pictured Rocks National Lakeshore backcountry campsite system,AREA_RULE_COMMUNITY_OR_OVERLAY_CANDIDATE,Evaluate as area/rule/community marker or overlay candidate; do not force exact campground coordinates.,"Looks like rule-area, boondocking, community, WMA/forest, permit, GIS, or overlay work.",coordinate_rescue,up_public_discovery_coordinate_or_correction_rescue_v23192,Boat / Backpack,no,High
mi-v23192-lead-anderson-lake-pathway-dispersed-backpack-camping,MI,Anderson Lake Pathway dispersed/backpack camping,AREA_RULE_COMMUNITY_OR_OVERLAY_CANDIDATE,Evaluate as area/rule/community marker or overlay candidate; do not force exact campground coordinates.,"Looks like rule-area, boondocking, community, WMA/forest, permit, GIS, or overlay work.",proof_or_policy_rescue,up_public_discovery_coordinate_or_correction_rescue_v23192,Boondocking / Dispersed,no,Medium
mi-v23192-lead-bay-de-noc-grand-island-trail-camping-horse-assembly-areas,MI,Bay de Noc–Grand Island Trail camping / horse assembly areas,AREA_RULE_COMMUNITY_OR_OVERLAY_CANDIDATE,Evaluate as area/rule/community marker or overlay candidate; do not force exact campground coordinates.,"Looks like rule-area, boondocking, community, WMA/forest, permit, GIS, or overlay work.",coordinate_rescue,up_public_discovery_coordinate_or_correction_rescue_v23192,Boat / Backpack,no,High
mi-v23192-lead-marquette-county-fairgrounds-event-camping,MI,Marquette County Fairgrounds event camping,ORDINARY_CAMPGROUND_COORDINATE_RESCUE,Run practical address-to-map rescue; entrance/campground-area coordinate can be acceptable with honest popup.,Looks like ordinary campground/operator/city/county record held mainly for coordinate/source cleanup.,coordinate_rescue,up_public_discovery_coordinate_or_correction_rescue_v23192,Modern Campgrounds,no,Medium
mi-v23192-lead-ojibwa-casino-marquette-rv-overnight-parking,MI,Ojibwa Casino Marquette RV overnight parking,TRUE_LEAD_RESEARCH_OR_EXTERNAL,Keep as lead until proof/geometry/status is resolved.,"Still has a proof, geometry, legality, duplicate, or current-status blocker.",proof_or_policy_rescue,up_public_discovery_coordinate_or_correction_rescue_v23192,Overnight Parking,no,Medium
mi-v23192-lead-colwell-lake-campground-layer-audit,MI,Colwell Lake Campground layer audit,ORDINARY_CAMPGROUND_COORDINATE_RESCUE,Run practical address-to-map rescue; entrance/campground-area coordinate can be acceptable with honest popup.,Looks like ordinary campground/operator/city/county record held mainly for coordinate/source cleanup.,proof_or_policy_rescue,up_public_discovery_coordinate_or_correction_rescue_v23192,Needs Verification,no,Medium
mi-v23192-lead-hiawatha-community-dispersed-poi-cluster-audit,MI,Hiawatha community/dispersed POI cluster audit,AREA_RULE_COMMUNITY_OR_OVERLAY_CANDIDATE,Evaluate as area/rule/community marker or overlay candidate; do not force exact campground coordinates.,"Looks like rule-area, boondocking, community, WMA/forest, permit, GIS, or overlay work.",proof_or_policy_rescue,up_public_discovery_coordinate_or_correction_rescue_v23192,Boondocking / Dispersed,no,Medium
mi-v23192-lead-runkle-lake-campground,MI,Runkle Lake Campground,ORDINARY_CAMPGROUND_COORDINATE_RESCUE,Run practical address-to-map rescue; entrance/campground-area coordinate can be acceptable with honest popup.,Looks like ordinary campground/operator/city/county record held mainly for coordinate/source cleanup.,coordinate_rescue,up_public_discovery_coordinate_or_correction_rescue_v23192,Modern Campgrounds,no,High
mi-v23192-lead-sunset-lake-campground-bates-township-park,MI,Sunset Lake Campground / Bates Township Park,ORDINARY_CAMPGROUND_COORDINATE_RESCUE,Run practical address-to-map rescue; entrance/campground-area coordinate can be acceptable with honest popup.,Looks like ordinary campground/operator/city/county record held mainly for coordinate/source cleanup.,coordinate_rescue,up_public_discovery_coordinate_or_correction_rescue_v23192,Needs Verification,no,High
mi-v23192-lead-wilderness-shores-we-energies-recreation-camping,MI,Wilderness Shores / WE Energies recreation camping,AREA_RULE_COMMUNITY_OR_OVERLAY_CANDIDATE,Evaluate as area/rule/community marker or overlay candidate; do not force exact campground coordinates.,"Looks like rule-area, boondocking, community, WMA/forest, permit, GIS, or overlay work.",coordinate_rescue,up_public_discovery_coordinate_or_correction_rescue_v23192,Rustic / Primitive,no,High
mi-v23192-lead-we-energies-recreation-area-campground-cluster-tepee-lake-mountain-lake-south-ba,MI,WE Energies recreation-area campground cluster: Tepee Lake / Mountain Lake / South Bay-style leads,ORDINARY_CAMPGROUND_COORDINATE_RESCUE,Run practical address-to-map rescue; entrance/campground-area coordinate can be acceptable with honest popup.,Looks like ordinary campground/operator/city/county record held mainly for coordinate/source cleanup.,coordinate_rescue,up_public_discovery_coordinate_or_correction_rescue_v23192,Rustic / Primitive,no,High
mi-v23192-lead-rivers-bend-rv-resort-and-campground,MI,Rivers Bend RV Resort & Campground,ORDINARY_CAMPGROUND_COORDINATE_RESCUE,Run practical address-to-map rescue; entrance/campground-area coordinate can be acceptable with honest popup.,Looks like ordinary campground/operator/city/county record held mainly for coordinate/source cleanup.,proof_or_status_rescue,up_public_discovery_coordinate_or_correction_rescue_v23192,Private Campgrounds,no,High
mi-v23192-lead-kleinke-park,MI,Kleinke Park,ORDINARY_CAMPGROUND_COORDINATE_RESCUE,Run practical address-to-map rescue; entrance/campground-area coordinate can be acceptable with honest popup.,Looks like ordinary campground/operator/city/county record held mainly for coordinate/source cleanup.,coordinate_rescue,up_public_discovery_coordinate_or_correction_rescue_v23192,Modern Campgrounds,no,High
mi-v23192-lead-shakey-lakes-park,MI,Shakey Lakes Park,ORDINARY_CAMPGROUND_COORDINATE_RESCUE,Run practical address-to-map rescue; entrance/campground-area coordinate can be acceptable with honest popup.,Looks like ordinary campground/operator/city/county record held mainly for coordinate/source cleanup.,coordinate_rescue,up_public_discovery_coordinate_or_correction_rescue_v23192,Modern Campgrounds,no,High
mi-v23192-lead-fox-park,MI,Fox Park,ORDINARY_CAMPGROUND_COORDINATE_RESCUE,Run practical address-to-map rescue; entrance/campground-area coordinate can be acceptable with honest popup.,Looks like ordinary campground/operator/city/county record held mainly for coordinate/source cleanup.,coordinate_rescue,up_public_discovery_coordinate_or_correction_rescue_v23192,Modern Campgrounds,no,High
mi-v23192-lead-river-park-menominee-county-river-park,MI,River Park / Menominee County River Park,ORDINARY_CAMPGROUND_COORDINATE_RESCUE,Run practical address-to-map rescue; entrance/campground-area coordinate can be acceptable with honest popup.,Looks like ordinary campground/operator/city/county record held mainly for coordinate/source cleanup.,coordinate_rescue,up_public_discovery_coordinate_or_correction_rescue_v23192,Rustic / Primitive,no,High
mi-v23192-lead-j-w-wells-state-park-campground,MI,J.W. Wells State Park Campground,ORDINARY_CAMPGROUND_COORDINATE_RESCUE,Run practical address-to-map rescue; entrance/campground-area coordinate can be acceptable with honest popup.,Looks like ordinary campground/operator/city/county record held mainly for coordinate/source cleanup.,coordinate_rescue,up_public_discovery_coordinate_or_correction_rescue_v23192,Modern Campgrounds,no,High
mi-v23192-lead-island-resort-and-casino-rv-park,MI,Island Resort & Casino RV Park,ORDINARY_CAMPGROUND_COORDINATE_RESCUE,Run practical address-to-map rescue; entrance/campground-area coordinate can be acceptable with honest popup.,Looks like ordinary campground/operator/city/county record held mainly for coordinate/source cleanup.,coordinate_rescue,up_public_discovery_coordinate_or_correction_rescue_v23192,Private Campgrounds,no,High
mi-v23192-lead-gladstone-bay-campground,MI,Gladstone Bay Campground,ORDINARY_CAMPGROUND_COORDINATE_RESCUE,Run practical address-to-map rescue; entrance/campground-area coordinate can be acceptable with honest popup.,Looks like ordinary campground/operator/city/county record held mainly for coordinate/source cleanup.,coordinate_rescue,up_public_discovery_coordinate_or_correction_rescue_v23192,Modern Campgrounds,no,High
mi-v23192-lead-whitefish-hill-rv-park-and-campground,MI,Whitefish Hill RV Park and Campground,ORDINARY_CAMPGROUND_COORDINATE_RESCUE,Run practical address-to-map rescue; entrance/campground-area coordinate can be acceptable with honest popup.,Looks like ordinary campground/operator/city/county record held mainly for coordinate/source cleanup.,coordinate_rescue,up_public_discovery_coordinate_or_correction_rescue_v23192,Private Campgrounds,no,High
mi-v23192-lead-vagabond-resort-and-campground,MI,Vagabond Resort and Campground,ORDINARY_CAMPGROUND_COORDINATE_RESCUE,Run practical address-to-map rescue; entrance/campground-area coordinate can be acceptable with honest popup.,Looks like ordinary campground/operator/city/county record held mainly for coordinate/source cleanup.,coordinate_rescue,up_public_discovery_coordinate_or_correction_rescue_v23192,Private Campgrounds,no,High
mi-v23192-lead-little-bay-de-noc-campground,MI,Little Bay De Noc Campground,ORDINARY_CAMPGROUND_COORDINATE_RESCUE,Run practical address-to-map rescue; entrance/campground-area coordinate can be acceptable with honest popup.,Looks like ordinary campground/operator/city/county record held mainly for coordinate/source cleanup.,coordinate_rescue,up_public_discovery_coordinate_or_correction_rescue_v23192,Rustic / Primitive,no,High
mi-v23192-lead-park-place-of-the-north,MI,Park Place of the North,REJECT_DUPLICATE_OR_CLOSURE_REVIEW,"Review for rejected ledger, duplicate merge, or closure/status note.","Status/action fields contain duplicate, wrong-state, closure, malformed, or do-not-import language.",proof_or_status_rescue,up_public_discovery_coordinate_or_correction_rescue_v23192,Private Campgrounds,no,High
mi-v23192-lead-bay-ridge-rv-park-and-campground,MI,Bay Ridge RV Park and Campground,ORDINARY_CAMPGROUND_COORDINATE_RESCUE,Run practical address-to-map rescue; entrance/campground-area coordinate can be acceptable with honest popup.,Looks like ordinary campground/operator/city/county record held mainly for coordinate/source cleanup.,coordinate_rescue,up_public_discovery_coordinate_or_correction_rescue_v23192,Private Campgrounds,no,High
mi-v23192-lead-fairport-marina-campground-proof-rescue,MI,Fairport Marina Campground proof rescue,ORDINARY_CAMPGROUND_COORDINATE_RESCUE,Run practical address-to-map rescue; entrance/campground-area coordinate can be acceptable with honest popup.,Looks like ordinary campground/operator/city/county record held mainly for coordinate/source cleanup.,coordinate_rescue,up_public_discovery_coordinate_or_correction_rescue_v23192,Needs Verification,no,High
mi-v23192-lead-point-detour-boondocking-proof-rescue,MI,Point Detour boondocking proof rescue,AREA_RULE_COMMUNITY_OR_OVERLAY_CANDIDATE,Evaluate as area/rule/community marker or overlay candidate; do not force exact campground coordinates.,"Looks like rule-area, boondocking, community, WMA/forest, permit, GIS, or overlay work.",proof_or_status_rescue,up_public_discovery_coordinate_or_correction_rescue_v23192,Boondocking / Dispersed,no,High
mi-v23192-lead-peninsula-point-lighthouse-access-road-dispersed-proof-rescue,MI,Peninsula Point Lighthouse Access Road dispersed proof rescue,AREA_RULE_COMMUNITY_OR_OVERLAY_CANDIDATE,Evaluate as area/rule/community marker or overlay candidate; do not force exact campground coordinates.,"Looks like rule-area, boondocking, community, WMA/forest, permit, GIS, or overlay work.",user_coordinate_approximate_proof_rescue,up_public_discovery_coordinate_or_correction_rescue_v23192,Boondocking / Dispersed,yes,High
mi-v23192-lead-hiawatha-nf-garden-peninsula-dispersed-area-rule-geometry,MI,Hiawatha NF / Garden Peninsula dispersed area/rule geometry,AREA_RULE_COMMUNITY_OR_OVERLAY_CANDIDATE,Evaluate as area/rule/community marker or overlay candidate; do not force exact campground coordinates.,"Looks like rule-area, boondocking, community, WMA/forest, permit, GIS, or overlay work.",coordinate_rescue,up_public_discovery_coordinate_or_correction_rescue_v23192,Boondocking / Dispersed,no,High
mi-v23192-lead-mead-creek-state-forest-campground,MI,Mead Creek State Forest Campground,AREA_RULE_COMMUNITY_OR_OVERLAY_CANDIDATE,Evaluate as area/rule/community marker or overlay candidate; do not force exact campground coordinates.,"Looks like rule-area, boondocking, community, WMA/forest, permit, GIS, or overlay work.",coordinate_rescue,up_public_discovery_coordinate_or_correction_rescue_v23192,Rustic / Primitive,no,High
mi-v23192-lead-north-gemini-lake-state-forest-campground,MI,North Gemini Lake State Forest Campground,AREA_RULE_COMMUNITY_OR_OVERLAY_CANDIDATE,Evaluate as area/rule/community marker or overlay candidate; do not force exact campground coordinates.,"Looks like rule-area, boondocking, community, WMA/forest, permit, GIS, or overlay work.",coordinate_rescue,up_public_discovery_coordinate_or_correction_rescue_v23192,Rustic / Primitive,no,High
mi-v23192-lead-fox-river-state-forest-campground,MI,Fox River State Forest Campground,AREA_RULE_COMMUNITY_OR_OVERLAY_CANDIDATE,Evaluate as area/rule/community marker or overlay candidate; do not force exact campground coordinates.,"Looks like rule-area, boondocking, community, WMA/forest, permit, GIS, or overlay work.",coordinate_rescue,up_public_discovery_coordinate_or_correction_rescue_v23192,Rustic / Primitive,no,High
mi-v23192-lead-big-island-lake-wilderness-designated-campsites,MI,Big Island Lake Wilderness Designated Campsites,TRUE_LEAD_RESEARCH_OR_EXTERNAL,Keep as lead until proof/geometry/status is resolved.,"Still has a proof, geometry, legality, duplicate, or current-status blocker.",coordinate_rescue,up_public_discovery_coordinate_or_correction_rescue_v23192,Boat / Backpack,no,High
mi-v23192-lead-indian-lake-rv-resort-and-campground,MI,Indian Lake RV Resort & Campground,ORDINARY_CAMPGROUND_COORDINATE_RESCUE,Run practical address-to-map rescue; entrance/campground-area coordinate can be acceptable with honest popup.,Looks like ordinary campground/operator/city/county record held mainly for coordinate/source cleanup.,coordinate_rescue,up_public_discovery_coordinate_or_correction_rescue_v23192,Private Campgrounds,no,High
mi-v23192-lead-indian-lake-state-park-south-modern-west-semi-modern-component-split,MI,Indian Lake State Park South Modern / West Semi-Modern component split,ORDINARY_CAMPGROUND_COORDINATE_RESCUE,Run practical address-to-map rescue; entrance/campground-area coordinate can be acceptable with honest popup.,Looks like ordinary campground/operator/city/county record held mainly for coordinate/source cleanup.,proof_or_policy_rescue,up_public_discovery_coordinate_or_correction_rescue_v23192,Modern Campgrounds,no,High
mi-v23192-lead-muskallonge-lake-state-park-campground,MI,Muskallonge Lake State Park Campground,ORDINARY_CAMPGROUND_COORDINATE_RESCUE,Run practical address-to-map rescue; entrance/campground-area coordinate can be acceptable with honest popup.,Looks like ordinary campground/operator/city/county record held mainly for coordinate/source cleanup.,coordinate_rescue,up_public_discovery_coordinate_or_correction_rescue_v23192,Modern Campgrounds,no,High
mi-v23192-lead-pretty-lake-pathway-walk-in-paddle-in-sites-19-26,MI,Pretty Lake Pathway Walk-in / Paddle-in Sites #19–#26,TRUE_LEAD_RESEARCH_OR_EXTERNAL,Keep as lead until proof/geometry/status is resolved.,"Still has a proof, geometry, legality, duplicate, or current-status blocker.",coordinate_rescue,up_public_discovery_coordinate_or_correction_rescue_v23192,Boat / Backpack,no,High
mi-v23192-lead-reed-and-green-bridge-state-forest-campground,MI,Reed & Green Bridge State Forest Campground,AREA_RULE_COMMUNITY_OR_OVERLAY_CANDIDATE,Evaluate as area/rule/community marker or overlay candidate; do not force exact campground coordinates.,"Looks like rule-area, boondocking, community, WMA/forest, permit, GIS, or overlay work.",coordinate_rescue,up_public_discovery_coordinate_or_correction_rescue_v23192,Rustic / Primitive,no,High
mi-v23192-lead-perch-lake-state-forest-campground,MI,Perch Lake State Forest Campground,AREA_RULE_COMMUNITY_OR_OVERLAY_CANDIDATE,Evaluate as area/rule/community marker or overlay candidate; do not force exact campground coordinates.,"Looks like rule-area, boondocking, community, WMA/forest, permit, GIS, or overlay work.",coordinate_rescue,up_public_discovery_coordinate_or_correction_rescue_v23192,Rustic / Primitive,no,High
mi-v23192-lead-natalie-state-forest-campground,MI,Natalie State Forest Campground,AREA_RULE_COMMUNITY_OR_OVERLAY_CANDIDATE,Evaluate as area/rule/community marker or overlay candidate; do not force exact campground coordinates.,"Looks like rule-area, boondocking, community, WMA/forest, permit, GIS, or overlay work.",coordinate_rescue,up_public_discovery_coordinate_or_correction_rescue_v23192,Rustic / Primitive,no,High
mi-v23192-lead-newberry-campground-former-newberry-koa,MI,Newberry Campground / former Newberry KOA,ORDINARY_CAMPGROUND_COORDINATE_RESCUE,Run practical address-to-map rescue; entrance/campground-area coordinate can be acceptable with honest popup.,Looks like ordinary campground/operator/city/county record held mainly for coordinate/source cleanup.,coordinate_rescue,up_public_discovery_coordinate_or_correction_rescue_v23192,Private Campgrounds,no,High
mi-v23192-lead-kritters-campground,MI,Kritters Campground,ORDINARY_CAMPGROUND_COORDINATE_RESCUE,Run practical address-to-map rescue; entrance/campground-area coordinate can be acceptable with honest popup.,Looks like ordinary campground/operator/city/county record held mainly for coordinate/source cleanup.,coordinate_rescue,up_public_discovery_coordinate_or_correction_rescue_v23192,Private Campgrounds,no,High
mi-v23192-lead-sherman-s-resort-and-campground,MI,Sherman’s Resort and Campground,ORDINARY_CAMPGROUND_COORDINATE_RESCUE,Run practical address-to-map rescue; entrance/campground-area coordinate can be acceptable with honest popup.,Looks like ordinary campground/operator/city/county record held mainly for coordinate/source cleanup.,coordinate_rescue,up_public_discovery_coordinate_or_correction_rescue_v23192,Private Campgrounds,no,High
mi-v23192-lead-byce-s-michihistrigan-campground-bar-and-cabins,MI,Byce’s Michihistrigan Campground Bar and Cabins,ORDINARY_CAMPGROUND_COORDINATE_RESCUE,Run practical address-to-map rescue; entrance/campground-area coordinate can be acceptable with honest popup.,Looks like ordinary campground/operator/city/county record held mainly for coordinate/source cleanup.,coordinate_rescue,up_public_discovery_coordinate_or_correction_rescue_v23192,Private Campgrounds,no,High
mi-v23192-lead-carp-river-campground,MI,Carp River Campground,ORDINARY_CAMPGROUND_COORDINATE_RESCUE,Run practical address-to-map rescue; entrance/campground-area coordinate can be acceptable with honest popup.,Looks like ordinary campground/operator/city/county record held mainly for coordinate/source cleanup.,coordinate_rescue,up_public_discovery_coordinate_or_correction_rescue_v23192,Rustic / Primitive,no,High
mi-v23192-lead-epoufette-bay-campground-and-park,MI,Epoufette Bay Campground & Park,ORDINARY_CAMPGROUND_COORDINATE_RESCUE,Run practical address-to-map rescue; entrance/campground-area coordinate can be acceptable with honest popup.,Looks like ordinary campground/operator/city/county record held mainly for coordinate/source cleanup.,coordinate_rescue,up_public_discovery_coordinate_or_correction_rescue_v23192,Modern Campgrounds,no,High
mi-v23192-lead-evans-cut-river-store-cabins-and-campground,MI,"Evans Cut River Store, Cabins and Campground",ORDINARY_CAMPGROUND_COORDINATE_RESCUE,Run practical address-to-map rescue; entrance/campground-area coordinate can be acceptable with honest popup.,Looks like ordinary campground/operator/city/county record held mainly for coordinate/source cleanup.,coordinate_rescue,up_public_discovery_coordinate_or_correction_rescue_v23192,Private Campgrounds,no,High
mi-v23192-lead-lakeshore-rv-park-campground,MI,Lakeshore RV Park Campground,ORDINARY_CAMPGROUND_COORDINATE_RESCUE,Run practical address-to-map rescue; entrance/campground-area coordinate can be acceptable with honest popup.,Looks like ordinary campground/operator/city/county record held mainly for coordinate/source cleanup.,coordinate_rescue,up_public_discovery_coordinate_or_correction_rescue_v23192,Private Campgrounds,no,High
mi-v23192-lead-tiki-rv-park-and-campground,MI,Tiki RV Park & Campground,ORDINARY_CAMPGROUND_COORDINATE_RESCUE,Run practical address-to-map rescue; entrance/campground-area coordinate can be acceptable with honest popup.,Looks like ordinary campground/operator/city/county record held mainly for coordinate/source cleanup.,coordinate_rescue,up_public_discovery_coordinate_or_correction_rescue_v23192,Private Campgrounds,no,High
mi-v23192-lead-st-ignace-mackinac-island-koa-holiday,MI,St. Ignace / Mackinac Island KOA Holiday,ORDINARY_CAMPGROUND_COORDINATE_RESCUE,Run practical address-to-map rescue; entrance/campground-area coordinate can be acceptable with honest popup.,Looks like ordinary campground/operator/city/county record held mainly for coordinate/source cleanup.,coordinate_rescue,up_public_discovery_coordinate_or_correction_rescue_v23192,Private Campgrounds,no,High
mi-v23192-lead-island-view-camp-and-rv-park,MI,Island View Camp & RV Park,ORDINARY_CAMPGROUND_COORDINATE_RESCUE,Run practical address-to-map rescue; entrance/campground-area coordinate can be acceptable with honest popup.,Looks like ordinary campground/operator/city/county record held mainly for coordinate/source cleanup.,coordinate_rescue,up_public_discovery_coordinate_or_correction_rescue_v23192,Private Campgrounds,no,High
mi-v23192-lead-cedarville-rv-park,MI,Cedarville RV Park,ORDINARY_CAMPGROUND_COORDINATE_RESCUE,Run practical address-to-map rescue; entrance/campground-area coordinate can be acceptable with honest popup.,Looks like ordinary campground/operator/city/county record held mainly for coordinate/source cleanup.,coordinate_rescue,up_public_discovery_coordinate_or_correction_rescue_v23192,Private Campgrounds,no,High
mi-v23192-lead-loons-point-campground,MI,Loons Point Campground,ORDINARY_CAMPGROUND_COORDINATE_RESCUE,Run practical address-to-map rescue; entrance/campground-area coordinate can be acceptable with honest popup.,Looks like ordinary campground/operator/city/county record held mainly for coordinate/source cleanup.,coordinate_rescue,up_public_discovery_coordinate_or_correction_rescue_v23192,Private Campgrounds,no,High
mi-v23192-lead-barefoot-s-resort-rv-campsites,MI,Barefoot’s Resort RV Campsites,ORDINARY_CAMPGROUND_COORDINATE_RESCUE,Run practical address-to-map rescue; entrance/campground-area coordinate can be acceptable with honest popup.,Looks like ordinary campground/operator/city/county record held mainly for coordinate/source cleanup.,coordinate_rescue,up_public_discovery_coordinate_or_correction_rescue_v23192,Private Campgrounds,no,High
mi-v23192-lead-seney-nwr-seasonal-deer-hunter-camping,MI,Seney NWR seasonal deer-hunter camping,TRUE_LEAD_RESEARCH_OR_EXTERNAL,Keep as lead until proof/geometry/status is resolved.,"Still has a proof, geometry, legality, duplicate, or current-status blocker.",coordinate_rescue,up_public_discovery_coordinate_or_correction_rescue_v23192,Needs Verification,no,Medium
mi-v23192-lead-bois-blanc-island-public-campground-inland-lake-camping,MI,Bois Blanc Island public campground / inland lake camping,ORDINARY_CAMPGROUND_COORDINATE_RESCUE,Run practical address-to-map rescue; entrance/campground-area coordinate can be acceptable with honest popup.,Looks like ordinary campground/operator/city/county record held mainly for coordinate/source cleanup.,proof_or_policy_rescue,up_public_discovery_coordinate_or_correction_rescue_v23192,Needs Verification,no,Medium
mi-v23192-lead-les-cheneaux-landing-resort-campground,MI,Les Cheneaux Landing Resort campground,ORDINARY_CAMPGROUND_COORDINATE_RESCUE,Run practical address-to-map rescue; entrance/campground-area coordinate can be acceptable with honest popup.,Looks like ordinary campground/operator/city/county record held mainly for coordinate/source cleanup.,coordinate_rescue,up_public_discovery_coordinate_or_correction_rescue_v23192,Private Campgrounds,no,High
mi-v23192-lead-hiawatha-nf-dispersed-rule-area-camping-inside-schoolcraft-mackinac,MI,Hiawatha NF dispersed/rule-area camping inside Schoolcraft/Mackinac,AREA_RULE_COMMUNITY_OR_OVERLAY_CANDIDATE,Evaluate as area/rule/community marker or overlay candidate; do not force exact campground coordinates.,"Looks like rule-area, boondocking, community, WMA/forest, permit, GIS, or overlay work.",coordinate_rescue,up_public_discovery_coordinate_or_correction_rescue_v23192,Boondocking / Dispersed,no,Medium
mi-v23192-lead-lime-island-rustic-tent-camping-exact-platform-coordinates,MI,Lime Island Rustic Tent Camping exact platform coordinates,TRUE_LEAD_RESEARCH_OR_EXTERNAL,Keep as lead until proof/geometry/status is resolved.,"Still has a proof, geometry, legality, duplicate, or current-status blocker.",coordinate_rescue,up_public_discovery_coordinate_or_correction_rescue_v23192,Boat / Backpack,no,High
mi-v23192-lead-sherman-park-campground,MI,Sherman Park Campground,ORDINARY_CAMPGROUND_COORDINATE_RESCUE,Run practical address-to-map rescue; entrance/campground-area coordinate can be acceptable with honest popup.,Looks like ordinary campground/operator/city/county record held mainly for coordinate/source cleanup.,coordinate_rescue,up_public_discovery_coordinate_or_correction_rescue_v23192,Needs Verification,no,High
mi-v23192-lead-soo-locks-campground,MI,Soo Locks Campground,ORDINARY_CAMPGROUND_COORDINATE_RESCUE,Run practical address-to-map rescue; entrance/campground-area coordinate can be acceptable with honest popup.,Looks like ordinary campground/operator/city/county record held mainly for coordinate/source cleanup.,coordinate_rescue,up_public_discovery_coordinate_or_correction_rescue_v23192,Private Campgrounds,no,High
mi-v23192-lead-kewadin-sault-rv-park,MI,Kewadin Sault RV Park,ORDINARY_CAMPGROUND_COORDINATE_RESCUE,Run practical address-to-map rescue; entrance/campground-area coordinate can be acceptable with honest popup.,Looks like ordinary campground/operator/city/county record held mainly for coordinate/source cleanup.,coordinate_rescue,up_public_discovery_coordinate_or_correction_rescue_v23192,Private Campgrounds,no,High
mi-v23192-lead-bay-mills-sunrise-rv-park-naming-coordinate-resolution,MI,Bay Mills Sunrise RV Park naming/coordinate resolution,ORDINARY_CAMPGROUND_COORDINATE_RESCUE,Run practical address-to-map rescue; entrance/campground-area coordinate can be acceptable with honest popup.,Looks like ordinary campground/operator/city/county record held mainly for coordinate/source cleanup.,coordinate_rescue,up_public_discovery_coordinate_or_correction_rescue_v23192,Private Campgrounds,no,High
mi-v23192-lead-bay-mills-riverview-park-and-campground-riverview-campground,MI,Bay Mills RiverView Park & Campground / Riverview Campground,ORDINARY_CAMPGROUND_COORDINATE_RESCUE,Run practical address-to-map rescue; entrance/campground-area coordinate can be acceptable with honest popup.,Looks like ordinary campground/operator/city/county record held mainly for coordinate/source cleanup.,coordinate_rescue,up_public_discovery_coordinate_or_correction_rescue_v23192,Private Campgrounds,no,High
mi-v23192-lead-paradise-point-rv-park,MI,Paradise Point RV Park,ORDINARY_CAMPGROUND_COORDINATE_RESCUE,Run practical address-to-map rescue; entrance/campground-area coordinate can be acceptable with honest popup.,Looks like ordinary campground/operator/city/county record held mainly for coordinate/source cleanup.,coordinate_rescue,up_public_discovery_coordinate_or_correction_rescue_v23192,Private Campgrounds,no,High
mi-v23192-lead-sugar-island-campground,MI,Sugar Island Campground,ORDINARY_CAMPGROUND_COORDINATE_RESCUE,Run practical address-to-map rescue; entrance/campground-area coordinate can be acceptable with honest popup.,Looks like ordinary campground/operator/city/county record held mainly for coordinate/source cleanup.,coordinate_rescue,up_public_discovery_coordinate_or_correction_rescue_v23192,Private Campgrounds,no,High
mi-v23192-lead-sugar-island-resort-rv-lots,MI,Sugar Island Resort RV Lots,ORDINARY_CAMPGROUND_COORDINATE_RESCUE,Run practical address-to-map rescue; entrance/campground-area coordinate can be acceptable with honest popup.,Looks like ordinary campground/operator/city/county record held mainly for coordinate/source cleanup.,coordinate_rescue,up_public_discovery_coordinate_or_correction_rescue_v23192,Private Campgrounds,no,High
mi-v23192-lead-chippewa-landing-of-bay-mills,MI,Chippewa Landing of Bay Mills,ORDINARY_CAMPGROUND_COORDINATE_RESCUE,Run practical address-to-map rescue; entrance/campground-area coordinate can be acceptable with honest popup.,Looks like ordinary campground/operator/city/county record held mainly for coordinate/source cleanup.,proof_or_policy_rescue,up_public_discovery_coordinate_or_correction_rescue_v23192,Private Campgrounds,no,High
mi-v23192-lead-ojibwa-campgrounds-and-recreation-area,MI,Ojibwa Campgrounds and Recreation Area,ORDINARY_CAMPGROUND_COORDINATE_RESCUE,Run practical address-to-map rescue; entrance/campground-area coordinate can be acceptable with honest popup.,Looks like ordinary campground/operator/city/county record held mainly for coordinate/source cleanup.,coordinate_rescue,up_public_discovery_coordinate_or_correction_rescue_v23192,Private Campgrounds,no,High
mi-v23192-lead-sugar-island-sugar-shack,MI,Sugar Island Sugar Shack,ORDINARY_CAMPGROUND_COORDINATE_RESCUE,Run practical address-to-map rescue; entrance/campground-area coordinate can be acceptable with honest popup.,Looks like ordinary campground/operator/city/county record held mainly for coordinate/source cleanup.,coordinate_rescue,up_public_discovery_coordinate_or_correction_rescue_v23192,Private Campgrounds,no,High
mi-v23192-lead-neebish-island-light-station-hipcamp,MI,Neebish Island Light Station Hipcamp,ORDINARY_CAMPGROUND_COORDINATE_RESCUE,Run practical address-to-map rescue; entrance/campground-area coordinate can be acceptable with honest popup.,Looks like ordinary campground/operator/city/county record held mainly for coordinate/source cleanup.,coordinate_rescue,up_public_discovery_coordinate_or_correction_rescue_v23192,Private Campgrounds,no,High
mi-v23192-lead-drummond-island-small-resort-rv-camp-cluster,MI,Drummond Island small resort/RV/camp cluster,ORDINARY_CAMPGROUND_COORDINATE_RESCUE,Run practical address-to-map rescue; entrance/campground-area coordinate can be acceptable with honest popup.,Looks like ordinary campground/operator/city/county record held mainly for coordinate/source cleanup.,coordinate_rescue,up_public_discovery_coordinate_or_correction_rescue_v23192,Private Campgrounds,no,High
mi-v23192-lead-hiawatha-nf-primitive-campsite-systems-inside-chippewa-lock,MI,Hiawatha NF primitive campsite systems inside Chippewa lock,ORDINARY_CAMPGROUND_COORDINATE_RESCUE,Run practical address-to-map rescue; entrance/campground-area coordinate can be acceptable with honest popup.,Looks like ordinary campground/operator/city/county record held mainly for coordinate/source cleanup.,proof_or_policy_rescue,up_public_discovery_coordinate_or_correction_rescue_v23192,Rustic / Primitive,no,High
mi-v23192-lead-community-boondocking-reports-inside-chippewa-eastern-islands-lock,MI,Community boondocking reports inside Chippewa/eastern islands lock,AREA_RULE_COMMUNITY_OR_OVERLAY_CANDIDATE,Evaluate as area/rule/community marker or overlay candidate; do not force exact campground coordinates.,"Looks like rule-area, boondocking, community, WMA/forest, permit, GIS, or overlay work.",proof_or_policy_rescue,up_public_discovery_coordinate_or_correction_rescue_v23192,Boondocking / Dispersed,no,Medium
mi-v23193-lead-southern-up-county-state-forest-dispersed-opportunities,MI,"County forest / state forest dispersed opportunities — Iron, Dickinson, Menominee, Delta",AREA_RULE_COMMUNITY_OR_OVERLAY_CANDIDATE,Evaluate as area/rule/community marker or overlay candidate; do not force exact campground coordinates.,"Looks like rule-area, boondocking, community, WMA/forest, permit, GIS, or overlay work.",external_access_required,source_system / dispersed_rule_geometry_rescue,Boondocking / Dispersed,no,Medium
mi-v23193-lead-keweenaw-hipcamp-small-private-hosted-sites,MI,"Hipcamp-style small private sites: Hart’s Trail Camp, Keweenaw Homestead Camping, Constellation Farmstead",ORDINARY_CAMPGROUND_COORDINATE_RESCUE,Run practical address-to-map rescue; entrance/campground-area coordinate can be acceptable with honest popup.,Looks like ordinary campground/operator/city/county record held mainly for coordinate/source cleanup.,proof_or_policy_rescue,private_micro_site_policy_rescue,Private Campgrounds,no,Medium
mi-v23193-lead-western-up-live-map-poi-sweep,MI,Live Google/Apple/Bing map POI campground sweep — Western U.P. lead control,AREA_RULE_COMMUNITY_OR_OVERLAY_CANDIDATE,Evaluate as area/rule/community marker or overlay candidate; do not force exact campground coordinates.,"Looks like rule-area, boondocking, community, WMA/forest, permit, GIS, or overlay work.",external_access_required,live_map_poi_sweep,Needs Verification,no,Medium
mi-v23193-lead-western-up-osm-overpass-campground-extract,MI,OSM/Overpass tourism=camp_site / caravan_site extract — Western U.P.,AREA_RULE_COMMUNITY_OR_OVERLAY_CANDIDATE,Evaluate as area/rule/community marker or overlay candidate; do not force exact campground coordinates.,"Looks like rule-area, boondocking, community, WMA/forest, permit, GIS, or overlay work.",external_access_required,osm_overpass_poi_extraction,Needs Verification,no,Medium
mi-v23193-lead-chippewa-islands-live-map-osm-poi-sweep,MI,OSM/Google/Apple live map POI campground sweep — Chippewa and eastern islands,AREA_RULE_COMMUNITY_OR_OVERLAY_CANDIDATE,Evaluate as area/rule/community marker or overlay candidate; do not force exact campground coordinates.,"Looks like rule-area, boondocking, community, WMA/forest, permit, GIS, or overlay work.",external_access_required,live_map_osm_poi_sweep,Needs Verification,no,Medium
mi-v23193-lead-schoolcraft-luce-mackinac-live-map-poi-sweep,MI,"Google Maps / Apple Maps / Bing Maps full POI sweep — Schoolcraft, Luce, Mackinac",AREA_RULE_COMMUNITY_OR_OVERLAY_CANDIDATE,Evaluate as area/rule/community marker or overlay candidate; do not force exact campground coordinates.,"Looks like rule-area, boondocking, community, WMA/forest, permit, GIS, or overlay work.",external_access_required,live_map_poi_sweep,Needs Verification,no,Medium
mi-v23193-lead-schoolcraft-luce-mackinac-osm-overpass-extract,MI,"OSM Overpass campground/caravan-site extraction — Schoolcraft, Luce, Mackinac",AREA_RULE_COMMUNITY_OR_OVERLAY_CANDIDATE,Evaluate as area/rule/community marker or overlay candidate; do not force exact campground coordinates.,"Looks like rule-area, boondocking, community, WMA/forest, permit, GIS, or overlay work.",external_access_required,osm_overpass_poi_extraction,Needs Verification,no,Medium
mi-v23193-lead-hiawatha-recreationgov-usfs-facility-geometry-schoolcraft-mackinac,MI,Recreation.gov / USFS facility geometry — Hiawatha NF Schoolcraft-Mackinac,AREA_RULE_COMMUNITY_OR_OVERLAY_CANDIDATE,Evaluate as area/rule/community marker or overlay candidate; do not force exact campground coordinates.,"Looks like rule-area, boondocking, community, WMA/forest, permit, GIS, or overlay work.",external_access_required,recreationgov_usfs_geometry_extraction,Rustic / Primitive,no,High
mi-v23193-lead-loons-nest-resort-camping-status,MI,Loon’s Nest Resort camping status,ORDINARY_CAMPGROUND_COORDINATE_RESCUE,Run practical address-to-map rescue; entrance/campground-area coordinate can be acceptable with honest popup.,Looks like ordinary campground/operator/city/county record held mainly for coordinate/source cleanup.,proof_or_policy_rescue,operator_status_rescue,Private Campgrounds,no,Medium
mi-v23193-lead-sunset-pines-resort-camping-status,MI,Sunset Pines Resort camping status,ORDINARY_CAMPGROUND_COORDINATE_RESCUE,Run practical address-to-map rescue; entrance/campground-area coordinate can be acceptable with honest popup.,Looks like ordinary campground/operator/city/county record held mainly for coordinate/source cleanup.,proof_or_policy_rescue,operator_status_rescue,Private Campgrounds,no,Medium
mi-v23193-lead-gitche-gumee-rv-newberry-transient-status,MI,Gitche Gumee RV / Newberry area transient camping status,ORDINARY_CAMPGROUND_COORDINATE_RESCUE,Run practical address-to-map rescue; entrance/campground-area coordinate can be acceptable with honest popup.,Looks like ordinary campground/operator/city/county record held mainly for coordinate/source cleanup.,proof_or_policy_rescue,operator_status_rescue,Private Campgrounds,no,Medium
mi-v23193-lead-luce-west-mackinac-fairgrounds-camping,MI,Luce & West Mackinac County Fairgrounds camping,ORDINARY_CAMPGROUND_COORDINATE_RESCUE,Run practical address-to-map rescue; entrance/campground-area coordinate can be acceptable with honest popup.,Looks like ordinary campground/operator/city/county record held mainly for coordinate/source cleanup.,proof_or_policy_rescue,fairground_event_camping_status_rescue,Modern Campgrounds,no,Medium
mi-v23193-lead-michigamme-township-campground-name-cleanup,MI,Michigamme Township campground / beach-area campground name and coordinate cleanup,ORDINARY_CAMPGROUND_COORDINATE_RESCUE,Run practical address-to-map rescue; entrance/campground-area coordinate can be acceptable with honest popup.,Looks like ordinary campground/operator/city/county record held mainly for coordinate/source cleanup.,correction_candidate,existing_active_record_review,Modern Campgrounds,no,Medium
mt-v23193-lead-smith-river-putin-takeout-blocker-sites,MT,"Smith River / Montana FWP access-camp status: Camp Baker Put-In, Eden Bridge Take-Out, Meadow Bend, Afterbay, Grapevine",AREA_RULE_COMMUNITY_OR_OVERLAY_CANDIDATE,Evaluate as area/rule/community marker or overlay candidate; do not force exact campground coordinates.,"Looks like rule-area, boondocking, community, WMA/forest, permit, GIS, or overlay work.",proof_or_policy_rescue,official_source_coordinate_or_camping_status_rescue,Boat / Backpack,no,Medium
mn-v23193-lead-river-bend-resort-rv-park-wrong-state-coordinate,MN,River Bend Resort RV Park wrong-state coordinate rescue,REJECT_DUPLICATE_OR_CLOSURE_REVIEW,"Review for rejected ledger, duplicate merge, or closure/status note.","Status/action fields contain duplicate, wrong-state, closure, malformed, or do-not-import language.",coordinate_rescue,operator_coordinate_rescue,Private Campgrounds,no,High
mi-v23195-lead-nahma-area-boondocking-user-reported-site-1,MI,Nahma-area boondocking site 1 — user-reported nearby site,AREA_RULE_COMMUNITY_OR_OVERLAY_CANDIDATE,Evaluate as area/rule/community marker or overlay candidate; do not force exact campground coordinates.,"Looks like rule-area, boondocking, community, WMA/forest, permit, GIS, or overlay work.",community_coordinate_report_count_needed,community_reported_boondocking_coordinate_rescue,Boondocking / Dispersed or Needs Verification,no,High
mi-v23195-lead-nahma-area-boondocking-user-reported-site-2,MI,Nahma-area boondocking site 2 — user-reported nearby site,AREA_RULE_COMMUNITY_OR_OVERLAY_CANDIDATE,Evaluate as area/rule/community marker or overlay candidate; do not force exact campground coordinates.,"Looks like rule-area, boondocking, community, WMA/forest, permit, GIS, or overlay work.",community_coordinate_report_count_needed,community_reported_boondocking_coordinate_rescue,Boondocking / Dispersed or Needs Verification,no,High
mi-v23197-lead-readmond-township-park-overnight-proof-check,MI,Readmond Township Park overnight camping proof check,REJECT_DUPLICATE_OR_CLOSURE_REVIEW,"Review for rejected ledger, duplicate merge, or closure/status note.","Status/action fields contain duplicate, wrong-state, closure, malformed, or do-not-import language.",active_removed_needs_overnight_proof,active_downgrade_followup,Needs Verification or Reject / Do Not Import,yes,High
mi-v23197-lead-misery-bay-boat-launch-overnight-proof-check,MI,Misery Bay Boat Launch overnight camping proof check,REJECT_DUPLICATE_OR_CLOSURE_REVIEW,"Review for rejected ledger, duplicate merge, or closure/status note.","Status/action fields contain duplicate, wrong-state, closure, malformed, or do-not-import language.",active_removed_needs_overnight_proof,active_downgrade_followup,Needs Verification or Reject / Do Not Import,yes,High
ms-v23197-lead-jeff-busby-campground-closure-status-recheck,MS,Jeff Busby Campground closure/status recheck,REJECT_DUPLICATE_OR_CLOSURE_REVIEW,"Review for rejected ledger, duplicate merge, or closure/status note.","Status/action fields contain duplicate, wrong-state, closure, malformed, or do-not-import language.",closure_status_recheck,closure_status_recheck,Needs Verification / Rustic / Primitive if reopened,no,High
