legacy_id,name,lat,lng,state_code,state_name,layer_code,subtype_code,site_form_code,verification_status,confidence,review_notes,description,primary_url,raw_category,category_label,source_folder,owner_name,layer_label,cost,showers,is_active
s146,Bull Shoals - White River State Park,36.3613517,-92.5738512,AR,Arkansas,state,modern,campsite,best_effort_confirmed,80,Imported from v22.2.1 master during Supabase wiring setup.,,,public,State / County / Town,"State, county, and town Campgrounds",,State campgrounds,,,True
s159,Campground #2,36.5774366,-93.3015273,MO,Missouri,state,modern,campsite,best_effort_confirmed,80,Imported from v22.2.1 master during Supabase wiring setup.,,,public,State / County / Town,"State, county, and town Campgrounds",,State campgrounds,,,True
s161,Cane Creek State Park,33.9131924,-91.7632401,AR,Arkansas,state,modern,campsite,best_effort_confirmed,80,Imported from v22.2.1 master during Supabase wiring setup.,,,public,State / County / Town,"State, county, and town Campgrounds",,State campgrounds,,,True
s212,Cossatot River State Park - Natural Area,34.2938191,-94.1774524,AR,Arkansas,state,modern,campsite,best_effort_confirmed,80,Imported from v22.2.1 master during Supabase wiring setup.,,,public,State / County / Town,"State, county, and town Campgrounds",,State campgrounds,,,True
s221,Crater of Diamonds State Park Campground,34.029412,-93.6667722,AR,Arkansas,state,modern,campsite,best_effort_confirmed,80,Imported from v22.2.1 master during Supabase wiring setup.,,,public,State / County / Town,"State, county, and town Campgrounds",,State campgrounds,,,True
s226,Crowley's Ridge State Park,36.043365,-90.6639634,AR,Arkansas,state,modern,campsite,best_effort_confirmed,80,Imported from v22.2.1 master during Supabase wiring setup.,,,public,State / County / Town,"State, county, and town Campgrounds",,State campgrounds,,,True
s232,Daisy State Park,34.2336662,-93.740456,AR,Arkansas,state,modern,campsite,best_effort_confirmed,80,Imported from v22.2.1 master during Supabase wiring setup.,,,public,State / County / Town,"State, county, and town Campgrounds",,State campgrounds,,,True
s233,Davidsonville Historic State Park,36.1562606,-91.0561683,AR,Arkansas,state,modern,campsite,best_effort_confirmed,80,Imported from v22.2.1 master during Supabase wiring setup.,,,public,State / County / Town,"State, county, and town Campgrounds",,State campgrounds,,,True
s238,DeGray Lake State Park Resort,34.2456659,-93.1481097,AR,Arkansas,state,modern,campsite,best_effort_confirmed,80,Imported from v22.2.1 master during Supabase wiring setup.,,,public,State / County / Town,"State, county, and town Campgrounds",,State campgrounds,,,True
s240,Delta Heritage Trail State Park,34.5542013,-90.7586163,AR,Arkansas,state,modern,campsite,best_effort_confirmed,80,Imported from v22.2.1 master during Supabase wiring setup.,,,public,State / County / Town,"State, county, and town Campgrounds",,State campgrounds,,,True
s245,Devil's Den State Park,35.7819774,-94.2526856,AR,Arkansas,state,modern,campsite,best_effort_confirmed,80,Imported from v22.2.1 master during Supabase wiring setup.,,,public,State / County / Town,"State, county, and town Campgrounds",,State campgrounds,,,True
s396,Hobbs State Park-Conservation Area,36.285926,-93.939028,AR,Arkansas,state,modern,campsite,best_effort_confirmed,80,Imported from v22.2.1 master during Supabase wiring setup.,,,public,State / County / Town,"State, county, and town Campgrounds",,State campgrounds,,,True
s441,Jacksonport State Park,35.6393348,-91.3116552,AR,Arkansas,state,modern,campsite,best_effort_confirmed,80,Imported from v22.2.1 master during Supabase wiring setup.,,,public,State / County / Town,"State, county, and town Campgrounds",,State campgrounds,,,True
s450,John W Kyle State Park,34.4094107,-89.8038626,MS,Mississippi,state,modern,campsite,best_effort_confirmed,80,Imported from v22.2.1 master during Supabase wiring setup.,Some sites on this lake free in winter.,,public,State / County / Town,"State, county, and town Campgrounds",,State campgrounds,,,True
s488,Lake Catherine State Park,34.4287378,-92.9226486,AR,Arkansas,state,modern,campsite,best_effort_confirmed,80,Imported from v22.2.1 master during Supabase wiring setup.,,,public,State / County / Town,"State, county, and town Campgrounds",,State campgrounds,,,True
s489,Lake Charles State Park,36.0655624,-91.1528536,AR,Arkansas,state,modern,campsite,best_effort_confirmed,80,Imported from v22.2.1 master during Supabase wiring setup.,,,public,State / County / Town,"State, county, and town Campgrounds",,State campgrounds,,,True
s490,Lake Chicot State Park,33.3719416,-91.1957801,AR,Arkansas,state,modern,campsite,best_effort_confirmed,80,Imported from v22.2.1 master during Supabase wiring setup.,,,public,State / County / Town,"State, county, and town Campgrounds",,State campgrounds,,,True
s491,Lake Dardanelle State Park,35.2829931,-93.2029827,AR,Arkansas,state,modern,campsite,best_effort_confirmed,80,Imported from v22.2.1 master during Supabase wiring setup.,,,public,State / County / Town,"State, county, and town Campgrounds",,State campgrounds,,,True
s494,Lake Fort Smith State Park,35.6959506,-94.1188313,AR,Arkansas,state,modern,campsite,best_effort_confirmed,80,Imported from v22.2.1 master during Supabase wiring setup.,,,public,State / County / Town,"State, county, and town Campgrounds",,State campgrounds,,,True
s495,Lake Frierson State Park,35.97294,-90.7172548,AR,Arkansas,state,modern,campsite,best_effort_confirmed,80,Imported from v22.2.1 master during Supabase wiring setup.,,,public,State / County / Town,"State, county, and town Campgrounds",,State campgrounds,,,True
s516,Lake Ouachita State Park,34.618696,-93.1772925,AR,Arkansas,state,modern,campsite,best_effort_confirmed,80,Imported from v22.2.1 master during Supabase wiring setup.,,,public,State / County / Town,"State, county, and town Campgrounds",,State campgrounds,,,True
s517,Lake Poinsett State Park,35.5320255,-90.6846177,AR,Arkansas,state,modern,campsite,best_effort_confirmed,80,Imported from v22.2.1 master during Supabase wiring setup.,,,public,State / County / Town,"State, county, and town Campgrounds",,State campgrounds,,,True
s522,Lake Sylvia Recreational Area,34.8822767,-92.8101866,AR,Arkansas,state,modern,campsite,best_effort_confirmed,80,Imported from v22.2.1 master during Supabase wiring setup.,,,public,State / County / Town,"State, county, and town Campgrounds",,State campgrounds,,,True
s618,Moro Bay State Park,33.3007433,-92.3496204,AR,Arkansas,state,modern,campsite,best_effort_confirmed,80,Imported from v22.2.1 master during Supabase wiring setup.,,,public,State / County / Town,"State, county, and town Campgrounds",,State campgrounds,,,True
s620,Mount Magazine State Park,35.1686949,-93.6260549,AR,Arkansas,state,modern,campsite,best_effort_confirmed,80,Imported from v22.2.1 master during Supabase wiring setup.,,,public,State / County / Town,"State, county, and town Campgrounds",,State campgrounds,,,True
s691,Petit Jean State Park,35.1242439,-92.9234759,AR,Arkansas,state,modern,campsite,best_effort_confirmed,80,Imported from v22.2.1 master during Supabase wiring setup.,,,public,State / County / Town,"State, county, and town Campgrounds",,State campgrounds,,,True
s757,Queen Wilhelmina State Park,34.6858036,-94.3715585,AR,Arkansas,state,modern,campsite,best_effort_confirmed,80,Imported from v22.2.1 master during Supabase wiring setup.,,,public,State / County / Town,"State, county, and town Campgrounds",,State campgrounds,,,True
s784,Roaring River State Park,36.58571,-93.8370854,MO,Missouri,state,modern,campsite,best_effort_confirmed,80,Imported from v22.2.1 master during Supabase wiring setup.,,,public,State / County / Town,"State, county, and town Campgrounds",,State campgrounds,,,True
s900,Table Rock State Park Campground 1,36.581053,-93.3039353,MO,Missouri,state,modern,campsite,best_effort_confirmed,80,Imported from v22.2.1 master during Supabase wiring setup.,,,public,State / County / Town,"State, county, and town Campgrounds",,State campgrounds,,,True
s962,Village Creek State Park,35.1578246,-90.7057861,AR,Arkansas,state,modern,campsite,best_effort_confirmed,80,Imported from v22.2.1 master during Supabase wiring setup.,,,public,State / County / Town,"State, county, and town Campgrounds",,Local campgrounds,,,True
s969,Wallace Creek Campground,34.159457,-89.891585,MS,Mississippi,state,modern,campsite,best_effort_confirmed,80,Imported from v22.2.1 master during Supabase wiring setup.,Some sites on Enid Lake free in winter.,,public,State / County / Town,"State, county, and town Campgrounds",,State campgrounds,,,True
s1017,Withrow Springs State Park Campground,36.1637624,-93.7208983,AR,Arkansas,state,modern,campsite,best_effort_confirmed,80,Imported from v22.2.1 master during Supabase wiring setup.,,,public,State / County / Town,"State, county, and town Campgrounds",,State campgrounds,,,True
s1022,Woolly Hollow State Park,35.2887434,-92.2869995,AR,Arkansas,state,modern,campsite,best_effort_confirmed,80,Imported from v22.2.1 master during Supabase wiring setup.,,,public,State / County / Town,"State, county, and town Campgrounds",,State campgrounds,,,True
s213,Cottonwood Campground,36.1704765,-112.0404999,AZ,Arizona,state,modern,campsite,best_effort_confirmed,80,Imported from v22.2.1 master during Supabase wiring setup.,,,public,State / County / Town,"State, county, and town Campgrounds",,State campgrounds,,,True
s241,Demotte Campground,36.4113774,-112.1354448,AZ,Arizona,state,modern,campsite,best_effort_confirmed,80,Imported from v22.2.1 master during Supabase wiring setup.,,,public,State / County / Town,"State, county, and town Campgrounds",,State campgrounds,,,True
s419,Indian Hollow Campground,36.4621865,-112.4842286,AZ,Arizona,state,modern,campsite,best_effort_confirmed,80,Imported from v22.2.1 master during Supabase wiring setup.,,,public,State / County / Town,"State, county, and town Campgrounds",,State campgrounds,,,True
s455,Kaibab National Forest,35.8333226,-112.0840539,AZ,Arizona,federal,rustic,campsite,best_effort_confirmed,80,Imported from v22.2.1 master during Supabase wiring setup.,Free dispersed camping,,federal,Federal Lands,Federal Lands,,Federal campgrounds,,,True
s647,North Rim Campground,36.2087764,-112.0601694,AZ,Arizona,state,modern,campsite,best_effort_confirmed,80,Imported from v22.2.1 master during Supabase wiring setup.,,,public,State / County / Town,"State, county, and town Campgrounds",,State campgrounds,,,True
s756,Quartzsite AZ long-term BLM lands,33.6772732,-114.2441156,AZ,Arizona,info,modern,campsite,best_effort_confirmed,80,Imported from v22.2.1 master during Supabase wiring setup.,Long-term and short-visit BLM LTVA area south of Quartzsite.,https://www.blm.gov/visit/la-posa-long-term-visitor-area,info,Info / Reference,Misc Info and websites,,Info / reference,,,True
s124,boondocking near here,37.6795359,-119.7639548,CA,California,boondocking,rustic,campsite,best_effort_confirmed,80,Imported from v22.2.1 master during Supabase wiring setup.,"""You can bookdock right outside yosemite, ca close to the west entrance in the national forest free for up to 14 days. We'll it's that way for most NF and BLM that you can stay free up to 14 days in one area. You go about 1/4 mile from the entrance, then turn to the right where they have snow plow equipment. This area is popular. Yosemite is amazing though just stunning. CA gas is expensive so gas up in whatever state you are in before CA.""",,boondocking,Boondocking,places from others,,Boondocking / dispersed,,,True
s271,Eastern Sierra Visitor Center,36.5785973,-118.0559839,CA,California,state,modern,campsite,best_effort_confirmed,80,Imported from v22.2.1 master during Supabase wiring setup.,good info on free camping in the area here.,,public,State / County / Town,"State, county, and town Campgrounds",,State campgrounds,,,True
s487,Lake Casitas Recreation Area,34.416474,-119.3380136,CA,California,state,modern,campsite,best_effort_confirmed,80,Imported from v22.2.1 master during Supabase wiring setup.,,,public,State / County / Town,"State, county, and town Campgrounds",,State campgrounds,,,True
s582,Mammoth Lakes,37.6537836,-118.9708222,CA,California,boondocking,rustic,campsite,best_effort_confirmed,80,Imported from v22.2.1 master during Supabase wiring setup.,"This might be might favorite mountain area I've been to yet, out of 40 something states. California nature continues to amaze me.
Gorgeous area in the Sierra Nevada mountains, shaded and much cooler weather than the 100+ degree weather elsewhere. I found multiple hot springs you could sit in like a hot tub, trails absolutely everywhere, boondocking everywhere",,boondocking,Boondocking,places from others,,Boondocking / dispersed,,,True
s773,Rincon Parkway Campground,34.3218773,-119.3933227,CA,California,state,modern,campsite,best_effort_confirmed,80,Imported from v22.2.1 master during Supabase wiring setup.,,,public,State / County / Town,"State, county, and town Campgrounds",,State campgrounds,,,True
s779,Rivernook Campground,35.76355,-118.423435,CA,California,state,modern,campsite,best_effort_confirmed,80,Imported from v22.2.1 master during Supabase wiring setup.,,,public,State / County / Town,"State, county, and town Campgrounds",,State campgrounds,,,True
s796,Sabrina Campground,37.2181114,-118.6068661,CA,California,state,modern,campsite,best_effort_confirmed,80,Imported from v22.2.1 master during Supabase wiring setup.,,,public,State / County / Town,"State, county, and town Campgrounds",,State campgrounds,,,True
s802,San Onofre Beach,33.3728077,-117.5656012,CA,California,state,modern,campsite,best_effort_confirmed,80,Imported from v22.2.1 master during Supabase wiring setup.,,,public,State / County / Town,"State, county, and town Campgrounds",,State campgrounds,,,True
s836,Sierra Way boondocking,35.7327001,-118.4172724,CA,California,boondocking,rustic,campsite,best_effort_confirmed,80,Imported from v22.2.1 master during Supabase wiring setup.,several sites on the Way,,boondocking,Boondocking,places from others,,Boondocking / dispersed,,,True
s8,Alamosa Campground,37.379647,-106.34373,CO,Colorado,state,modern,campsite,best_effort_confirmed,80,Imported from v22.2.1 master during Supabase wiring setup.,FREE,,public,State / County / Town,"State, county, and town Campgrounds",,State campgrounds,,,True
s20,Antero Reservoir South Shore Campground,38.9773788,-105.894783,CO,Colorado,state,modern,campsite,best_effort_confirmed,80,Imported from v22.2.1 master during Supabase wiring setup.,,,public,State / County / Town,"State, county, and town Campgrounds",,State campgrounds,,,True
s39,Badger Flats Campsite,39.051176,-105.459674,CO,Colorado,boondocking,rustic,campsite,best_effort_confirmed,80,Imported from v22.2.1 master during Supabase wiring setup.,"You can buy water in Florissant at water department. Need quarters - 4 quarters 40 gal water.
This is a FREE campsite
From CR31 turn left onto Forest road 224 then take right fork then 1st right to campsite
Badger Flats Dispersed
Pike National Forest
Colorado / Lake George
Best of the Area on CR-31 East of Wilkerson Pass
Lake George, Colorado
GPS: 39.05392, -105.46626
Elevation: 8727'
Public - Forest Service (Official)
The road in is Gravel and 1 mile miles from a paved road. There are 30 or more campsites at this location and the maximum RV length is unlimited. You may stay 14 days at Best of the Area on CR-31 East of Wilkerson Pass.
Activities:
RV Parking
Tent Camping
OHV
Biking
Hiking
Horse Trails
Wildlife Viewing
Submitted by Anonymous. Last update: May 8, 2017
Dozens and Dozens of possible campsites once you enter NFS land at 39.04303 -105.45502 on CR-31 between Lake George and Wilkerson Pass. I found an 'easy' site for RV at 39.05128 -105.45956 but if you return time after time you can 'discover' Many sites down many little dirt roads off CR-31 that are good for RV, some of which you will need to be 'brave' to get to but work Great once there. CR-31 is an Excellent maintained gravel road.
Been here? Rate it!
Because of its relatively easy access and numerous campsites, we chose Badger Flats as the location for our first boondocking experience. There are three excellent fisheries close by all of which are fed by the South Platte River. A short 20-minute drive westward you’ll find Spinney Reservoir, The Dream Stream and Eleven Mile Reservoir. These fisheries provide access to cutthroat, rainbow and brown trout as well as northern pike and even Kokanee salmon.
As we turned off highway 24, we immediately saw No Camping signs but soon realized this applies only to the state-owned land which borders the highway. One mile further up CR 31, we reached the federal land where camping is allowed. The side roads are flat and in reasonable shape which allowed us to tow our 22-foot trailer without concern. There are likely more than a hundred campsites scattered throughout the area some in the trees and some more exposed. Riders of off-road vehicles are aware of Badger Flats. Everyone was considerate always slowing down when approaching a campsite. Target shooting occurred throughout the day which might be a consideration for some.
Our cell phones had a difficult time connecting to a Verizon signal despite the close proximity of a cell phone tower on top of Badger Mountain. Signal strength was 1-2 bars at best. We rarely received a 3G carrier.
Being near the top of Wilkerson Pass, the area can become rather windy at times. We took advantage of some calmer weather on day two to take a short hike during which we spotted a badger crossing the OHV trail. We kept our distance as he intently watched us from his home which was less than 10 feet from the trail. Not sure who named Badger Flats or when, but it was fun to see they are still doing well there today.",,boondocking,Boondocking,places from others,,Boondocking / dispersed,,,True
s106,BLM Colorado,38.4454154,-105.1966586,CO,Colorado,federal,rustic,campsite,best_effort_confirmed,80,Imported from v22.2.1 master during Supabase wiring setup.,Very helpfulf for finding dispersed camping,,federal,Federal Lands,Federal Lands,,Federal campgrounds,,,True
s107,BLM Land,39.0116085,-105.4279902,CO,Colorado,federal,rustic,campsite,best_effort_confirmed,80,Imported from v22.2.1 master during Supabase wiring setup.,Between Wilkerson Pass and Lake George,,federal,Federal Lands,Federal Lands,,Federal campgrounds,,,True
s109,BLM Land,38.0276532,-107.6810096,CO,Colorado,federal,rustic,campsite,best_effort_confirmed,80,Imported from v22.2.1 master during Supabase wiring setup.,Around Ouray,,federal,Federal Lands,Federal Lands,,Federal campgrounds,,,True
s110,BLM Land,38.1557187,-107.7621215,CO,Colorado,federal,rustic,campsite,best_effort_confirmed,80,Imported from v22.2.1 master during Supabase wiring setup.,Lots in this area,,federal,Federal Lands,Federal Lands,,Federal campgrounds,,,True
s111,BLM Lands,37.4986756,-105.5746198,CO,Colorado,boondocking,rustic,campsite,best_effort_confirmed,80,Imported from v22.2.1 master during Supabase wiring setup.,,,boondocking,Boondocking,places from others,,Boondocking / dispersed,,,True
s112,BLM Office,39.7158737,-105.1116314,CO,Colorado,info,modern,campsite,best_effort_confirmed,80,Imported from v22.2.1 master during Supabase wiring setup.,Check with offices for free permits. BLM lands should be posted if a permit is required.,https://www.blm.gov/,info,Info / Reference,Misc Info and websites,,Info / reference,,,True
s114,Blue Lake,39.3860691,-106.1005389,CO,Colorado,boondocking,rustic,campsite,best_effort_confirmed,80,Imported from v22.2.1 master during Supabase wiring setup.,Someone said they camped here,,boondocking,Boondocking,places from others,,Boondocking / dispersed,,,True
s122,Boondocking,39.0094313,-105.1582795,CO,Colorado,boondocking,rustic,campsite,best_effort_confirmed,80,Imported from v22.2.1 master during Supabase wiring setup.,"Head out of the Springs on Hiway 24 (Cimmaron St), past Pikes Peak. Stay on 24 until you reach the second stop light in Divide...turn right....keep going straight out into the national forest. (about 5 miles) Coolish right now...about 72 with a cool breeze. There is a water place just a 1/4 mile on the right when you turn onto CR 5. (Behind Venture Market)",,boondocking,Boondocking,places from others,,Boondocking / dispersed,,,True
s123,Boondocking allowed in this area,37.5306925,-107.2293756,CO,Colorado,boondocking,rustic,campsite,best_effort_confirmed,80,Imported from v22.2.1 master during Supabase wiring setup.,,,boondocking,Boondocking,places from others,,Boondocking / dispersed,,,True
s194,Clear Creek Reservoir Campground,39.0197297,-106.2776701,CO,Colorado,state,modern,campsite,best_effort_confirmed,80,Imported from v22.2.1 master during Supabase wiring setup.,,,public,State / County / Town,"State, county, and town Campgrounds",,State campgrounds,,,True
s203,Colorado Parks & Wildlife,39.5965742,-105.5233878,CO,Colorado,info,modern,campsite,best_effort_confirmed,80,Imported from v22.2.1 master during Supabase wiring setup.,They have a pass - $35 each and lets you stay free at a bunch of places,https://cpw.state.co.us/placestogo/parks/JohnMartinReservoir/Pages/default.aspx,info,Info / Reference,Misc Info and websites,,Info / reference,,,True
s204,Colorado travel information,39.4330976,-105.7156485,CO,Colorado,info,modern,campsite,best_effort_confirmed,80,Imported from v22.2.1 master during Supabase wiring setup.,,https://www.cotrip.org/home,info,Info / Reference,Misc Info and websites,,Info / reference,,,True
s406,Hornsilver Campground,39.489144,-106.366836,CO,Colorado,state,modern,campsite,best_effort_confirmed,80,Imported from v22.2.1 master during Supabase wiring setup.,There is also boondocking nearby,,public,State / County / Town,"State, county, and town Campgrounds",,State campgrounds,,,True
s409,Hot Sulphur Springs Campground,40.0741746,-106.1091977,CO,Colorado,boondocking,rustic,campsite,best_effort_confirmed,80,Imported from v22.2.1 master during Supabase wiring setup.,Free camping for up to 2 weeks.  Hot springs are nice too.,,boondocking,Boondocking,places from others,,Boondocking / dispersed,,,True
s432,Irish Canyon Campground,40.829484,-108.7349319,CO,Colorado,federal,rustic,campsite,best_effort_confirmed,80,Imported from v22.2.1 master during Supabase wiring setup.,BLM Irish Canyon ACEC primitive campground in northwestern Colorado.,https://www.blm.gov/visit/irish-canyon-acec,public,State / County / Town,"State, county, and town Campgrounds",Bureau of Land Management,Federal campgrounds,,,True
s448,John Martin Reservoir,38.0702673,-102.9686665,CO,Colorado,boondocking,rustic,campsite,best_effort_confirmed,80,Imported from v22.2.1 master during Supabase wiring setup.,someone said they camped here.,,boondocking,Boondocking,places from others,,Boondocking / dispersed,,,True
s449,John Martin Reservoir State Park,38.0838111,-102.953023,CO,Colorado,state,modern,campsite,best_effort_confirmed,80,Imported from v22.2.1 master during Supabase wiring setup.,Someone said it was pretty empty when they were there,,public,State / County / Town,"State, county, and town Campgrounds",,State campgrounds,,,True
s518,Lake Pueblo State Park,38.2603555,-104.7524693,CO,Colorado,state,modern,campsite,best_effort_confirmed,80,Imported from v22.2.1 master during Supabase wiring setup.,Cheap and has boat rentals,,public,State / County / Town,"State, county, and town Campgrounds",,State campgrounds,,,True
s526,Laramie River Road,40.6161837,-105.8561064,CO,Colorado,boondocking,rustic,campsite,best_effort_confirmed,80,Imported from v22.2.1 master during Supabase wiring setup.,,,boondocking,Boondocking,places from others,,Boondocking / dispersed,,,True
s547,Little Molas Lake,37.7441348,-107.710092,CO,Colorado,boondocking,rustic,campsite,best_effort_confirmed,80,Imported from v22.2.1 master during Supabase wiring setup.,"""We are currently boondocking with a class c at Little Molas Lake… the ride back is bumpy but we took our time! the view is amazing. We arrived on Sunday- found the last good spot for an rv. Seems like there are more tent spots""",,boondocking,Boondocking,places from others,,Boondocking / dispersed,,,True
s558,Lone Duck Campground,38.9176667,-104.9847167,CO,Colorado,state,modern,campsite,best_effort_confirmed,80,Imported from v22.2.1 master during Supabase wiring setup.,,,public,State / County / Town,"State, county, and town Campgrounds",,State campgrounds,,,True
s674,Painted Rocks Campground,39.0840376,-105.1051068,CO,Colorado,federal,rustic,campsite,best_effort_confirmed,80,Imported from v22.2.1 master during Supabase wiring setup.,Lots of campgrounds in area and FS Land in area as well.,,federal,Federal Lands,Federal Lands,,Federal campgrounds,,,True
s698,Pike National Forest,39.2083237,-105.4172213,CO,Colorado,federal,rustic,campsite,best_effort_confirmed,80,Imported from v22.2.1 master during Supabase wiring setup.,Dispersed camping in this area.,,federal,Federal Lands,Federal Lands,,Federal campgrounds,,,True
s711,Pingree Park,40.5610936,-105.5977777,CO,Colorado,state,modern,campsite,best_effort_confirmed,80,Imported from v22.2.1 master during Supabase wiring setup.,,,public,State / County / Town,"State, county, and town Campgrounds",,State campgrounds,,,True
s712,Pingree Park Road,40.6267439,-105.5285111,CO,Colorado,boondocking,rustic,campsite,best_effort_confirmed,80,Imported from v22.2.1 master during Supabase wiring setup.,,,boondocking,Boondocking,places from others,,Boondocking / dispersed,,,True
s797,Sacred White Shell Mountain,37.526985,-105.593536,CO,Colorado,boondocking,rustic,campsite,best_effort_confirmed,80,Imported from v22.2.1 master during Supabase wiring setup.,,,boondocking,Boondocking,places from others,,Boondocking / dispersed,,,True
s846,Skaguay Reservoir,38.6886294,-105.0529164,CO,Colorado,boondocking,rustic,campsite,best_effort_confirmed,80,Imported from v22.2.1 master during Supabase wiring setup.,"I really like skaguay reservoir. Gets hairy last mile of the trip, but is beautiful and outside of victor, near cripple creek. You never top 10000 feet. If you are in a camper or rv, not the best spot, but it is really great.  If you wanna fish it is probably worth it. There is a spring for delicious water on the way in",,boondocking,Boondocking,places from others,,Boondocking / dispersed,,,True
s893,Sultan & Anvil Campground,37.8209939,-107.7197655,CO,Colorado,boondocking,rustic,campsite,best_effort_confirmed,80,Imported from v22.2.1 master during Supabase wiring setup.,You can camp right on a river.,,boondocking,Boondocking,places from others,,Boondocking / dispersed,,,True
s941,Turquoise Lake Camping,39.2454533,-106.3788815,CO,Colorado,boondocking,rustic,campsite,best_effort_confirmed,80,Imported from v22.2.1 master during Supabase wiring setup.,,,boondocking,Boondocking,places from others,,Boondocking / dispersed,,,True
s1020,Woodland Park,38.9938808,-105.0569301,CO,Colorado,boondocking,rustic,campsite,best_effort_confirmed,80,Imported from v22.2.1 master during Supabase wiring setup.,"Just up the mountain from there on the flats, is dispersed camping near the atv trail. Maybe 8-10 miles?",,boondocking,Boondocking,places from others,,Boondocking / dispersed,,,True
s90,Big Oaks Campground,38.7387651,-75.1312004,DE,Delaware,private,modern,campsite,best_effort_confirmed,80,Imported from v22.2.1 master during Supabase wiring setup.,Private family campground near Rehoboth Beach. Verified from user KML/name-location audit.,http://www.bigoakscamping.com,public,State / County / Town,"State, county, and town Campgrounds",Big Oaks Family Campground,Private campgrounds,,,True
s634,Mystic Springs Free Campground,30.8555654,-87.311573,FL,Florida,local,rustic,campsite,best_effort_confirmed,80,Imported from v22.2.1 master during Supabase wiring setup.,Primitive reservation-only campsites at Mystic Springs on the Escambia River.,https://www.nwfwater.com/content/download/16561/113980/Mystic%20Springs%20-%20flyer-brochure%20FINAL.pdf,public,State / County / Town,"State, county, and town Campgrounds",Northwest Florida Water Management District,Local campgrounds,,,True
s136,Brinton Timbers Park,41.2269378,-91.862321,IA,Iowa,state,modern,campsite,best_effort_confirmed,80,Imported from v22.2.1 master during Supabase wiring setup.,,,public,State / County / Town,"State, county, and town Campgrounds",,State campgrounds,,,True
s262,Dutton Cave Co Park,42.9967735,-91.7678784,IA,Iowa,state,modern,campsite,best_effort_confirmed,80,Imported from v22.2.1 master during Supabase wiring setup.,,,public,State / County / Town,"State, county, and town Campgrounds",,State campgrounds,,,True
s275,Elk Rock State Park,41.4005074,-93.0630928,IA,Iowa,state,modern,campsite,best_effort_confirmed,80,Imported from v22.2.1 master during Supabase wiring setup.,Might be others in the area,,public,State / County / Town,"State, county, and town Campgrounds",,State campgrounds,,,True
s286,F.W. Kent Park,41.7288531,-91.7273776,IA,Iowa,state,modern,campsite,best_effort_confirmed,80,Imported from v22.2.1 master during Supabase wiring setup.,,,public,State / County / Town,"State, county, and town Campgrounds",,State campgrounds,,,True
s320,Frenchtown County Park & Primative Campground,42.8448709,-91.1077445,IA,Iowa,local,modern,campsite,best_effort_confirmed,80,Imported from v22.2.1 master during Supabase wiring setup.,Free dispersed camping but a boat is required to access much of it - islands and sandbars on the mississippi.,,public,State / County / Town,"State, county, and town Campgrounds",,Local campgrounds,,,True
s331,George Wyth State Park,42.5344728,-92.4097303,IA,Iowa,state,modern,campsite,best_effort_confirmed,80,Imported from v22.2.1 master during Supabase wiring setup.,,,public,State / County / Town,"State, county, and town Campgrounds",,State campgrounds,,,True
s333,Gifford Point WMA,41.1747399,-95.8591247,NE,Nebraska,boondocking,rustic,campsite,best_effort_confirmed,80,Imported from v22.2.1 master during Supabase wiring setup.,,,boondocking,Boondocking,places from others,,Boondocking / dispersed,,,True
s386,Hickory Hills Park,42.2699168,-92.3122217,IA,Iowa,state,modern,campsite,best_effort_confirmed,80,Imported from v22.2.1 master during Supabase wiring setup.,,,public,State / County / Town,"State, county, and town Campgrounds",,State campgrounds,,,True
s395,Hills Access,41.5576137,-91.5213163,IA,Iowa,state,modern,campsite,best_effort_confirmed,80,Imported from v22.2.1 master during Supabase wiring setup.,"Rustic, cheap",,public,State / County / Town,"State, county, and town Campgrounds",,State campgrounds,,,True
s431,Iowa,41.9192188,-92.9997489,IA,Iowa,info,modern,campsite,best_effort_confirmed,80,Imported from v22.2.1 master during Supabase wiring setup.,Best bet in Iowa is county park boat ramps that include free camping.  A few towns also have free campgrounds.,,info,Info / Reference,Misc Info and websites,,Info / reference,,,True
s437,Jack Sinn Memorial Wildlife Management Area,41.0306771,-96.6443474,NE,Nebraska,state,rustic,campsite,best_effort_confirmed,80,Imported from v22.2.1 master during Supabase wiring setup.,Nebraska wildlife management area offering primitive camping access and recreation near the Platte River corridor.,https://outdoornebraska.gov/location/jack-sinn/,public,State / County / Town,"State, county, and town Campgrounds",Nebraska Game and Parks,State campgrounds,,,True
s499,Lake Iowa Park (Iowa County Conservation),41.6356716,-92.1808706,IA,Iowa,local,modern,campsite,best_effort_confirmed,80,Imported from v22.2.1 master during Supabase wiring setup.,,,public,State / County / Town,"State, county, and town Campgrounds",,Local campgrounds,,,True
s505,Lake Macbride State Park,41.798376,-91.5583186,IA,Iowa,state,modern,campsite,best_effort_confirmed,80,Imported from v22.2.1 master during Supabase wiring setup.,,,public,State / County / Town,"State, county, and town Campgrounds",,State campgrounds,,,True
s555,Loess Hills State Forest (Pisgah Unit),41.8066222,-95.9112718,IA,Iowa,state,modern,campsite,best_effort_confirmed,80,Imported from v22.2.1 master during Supabase wiring setup.,,,public,State / County / Town,"State, county, and town Campgrounds",,State campgrounds,,,True
s638,Nelson Dewey State Park,42.7315099,-91.0170102,WI,Wisconsin,state,modern,campsite,best_effort_confirmed,80,Imported from v22.2.1 master during Supabase wiring setup.,,,public,State / County / Town,"State, county, and town Campgrounds",,State campgrounds,,,True
s660,Old Town Park,41.196938,-95.4485569,IA,Iowa,state,modern,campsite,best_effort_confirmed,80,Imported from v22.2.1 master during Supabase wiring setup.,FREE,,public,State / County / Town,"State, county, and town Campgrounds",,State campgrounds,,,True
s676,Palisades-Kepler State Park,41.9110261,-91.5024973,IA,Iowa,state,modern,campsite,best_effort_confirmed,80,Imported from v22.2.1 master during Supabase wiring setup.,Inexpensive,,public,State / County / Town,"State, county, and town Campgrounds",,State campgrounds,,,True
s938,Troy Mills Wapsie Access County Park,42.3200335,-91.7240776,IA,Iowa,local,modern,campsite,best_effort_confirmed,80,Imported from v22.2.1 master during Supabase wiring setup.,"I found this spot,beside a river. Only two pull offs beside the road. Middle of week and no one came thru. Troy Mills Wapsi Access County Park, 3261 Steward Ave Coggins, IA. Very poor signal.",,public,State / County / Town,"State, county, and town Campgrounds",,Local campgrounds,,,True
s988,West Overlook Campground,41.7262597,-91.536137,IA,Iowa,state,modern,campsite,best_effort_confirmed,80,Imported from v22.2.1 master during Supabase wiring setup.,,,public,State / County / Town,"State, county, and town Campgrounds",,State campgrounds,,,True
s1023,Wyalusing Hardwood Forest,42.9912458,-91.0933961,WI,Wisconsin,state,modern,campsite,best_effort_confirmed,80,Imported from v22.2.1 master during Supabase wiring setup.,,,public,State / County / Town,"State, county, and town Campgrounds",,State campgrounds,,,True
s3,5 Diamond Campgrounds,38.8133986,-90.0998975,IL,Illinois,private,modern,campsite,best_effort_confirmed,80,Imported from v22.2.1 master during Supabase wiring setup.,,,private,Private Campgrounds,Private campgrounds,,Private campgrounds,,,True
s24,Apple River Canyon State Park,42.4468486,-90.0528942,IL,Illinois,state,modern,campsite,best_effort_confirmed,80,Imported from v22.2.1 master during Supabase wiring setup.,,,public,State / County / Town,"State, county, and town Campgrounds",,State campgrounds,,,True
s27,Argyle Lake State Park Campground,40.4529803,-90.7967883,IL,Illinois,state,modern,campsite,best_effort_confirmed,80,Imported from v22.2.1 master during Supabase wiring setup.,,,public,State / County / Town,"State, county, and town Campgrounds",,State campgrounds,,,True
s52,Battle of Athens State Historic Site,40.5868649,-91.7080528,MO,Missouri,state,modern,campsite,best_effort_confirmed,80,Imported from v22.2.1 master during Supabase wiring setup.,,https://mostateparks.com/park/battle-athens-state-historic-site,public,State / County / Town,"State, county, and town Campgrounds",,State campgrounds,,,True
s58,Beall Woods State Park,38.3478709,-87.8358306,IL,Illinois,state,modern,campsite,best_effort_confirmed,80,Imported from v22.2.1 master during Supabase wiring setup.,,https://dnr.illinois.gov/parks/camp/park.beallwoods.html,public,State / County / Town,"State, county, and town Campgrounds",Illinois Department of Natural Resources,State campgrounds,,,True
s64,Beaver Dam State Park,39.2150072,-89.9770686,IL,Illinois,state,modern,campsite,best_effort_confirmed,80,Imported from v22.2.1 master during Supabase wiring setup.,,,public,State / County / Town,"State, county, and town Campgrounds",,State campgrounds,,,True
s91,Big River Campground,41.0517231,-90.9356836,IL,Illinois,state,modern,campsite,best_effort_confirmed,80,Imported from v22.2.1 master during Supabase wiring setup.,,,public,State / County / Town,"State, county, and town Campgrounds",,State campgrounds,,,True
s145,Buffalo Rock State Park,41.3297363,-88.9127853,IL,Illinois,state,modern,campsite,best_effort_confirmed,80,Imported from v22.2.1 master during Supabase wiring setup.,,,public,State / County / Town,"State, county, and town Campgrounds",,State campgrounds,,,True
s153,Camp Cadiz,37.5774654,-88.2453257,IL,Illinois,state,modern,campsite,best_effort_confirmed,80,Imported from v22.2.1 master during Supabase wiring setup.,Camping only allowed at designated campsites,,public,State / County / Town,"State, county, and town Campgrounds",,State campgrounds,,,True
s172,Cave-In-Rock State Park,37.4687121,-88.1550788,IL,Illinois,state,modern,campsite,best_effort_confirmed,80,Imported from v22.2.1 master during Supabase wiring setup.,"there are camping accommodations on the scenic north side of the park. There are 34 Class A sites that rent for $20 a night, and $30 a night on holiday weekends/weekdays (Memorial Day, July 4th and Labor Day). Each is equipped with electricity and can accommodate units up to 60-feet long. Twenty-five Class B/S tent sites also are available for $10 a night, and showers, restrooms and dumping stations are present in both camping areas. Contact the site superintendent or campground host for camping permits and information. Accessible sites also are available. Grills are furnished at each campsite.",,public,State / County / Town,"State, county, and town Campgrounds",,State campgrounds,,,True
s177,Cedar Lake,37.6378121,-89.2811636,IL,Illinois,state,modern,campsite,best_effort_confirmed,80,Imported from v22.2.1 master during Supabase wiring setup.,"Directions:
From Murphysboro: Take Highway 127 south 10 miles to Boat Dock Road. Turn east (left) onto Boat Dock Rd., continue 0.8 mile to the trailhead.
From Jonesboro: Take Highway 146 west 2.5 miles, to Hwy 127, then north 12 miles on Hwy 127 to Boat Dock Road. Turn east (right) onto Boat Dock Rd., continue 0.8 mile to the trailhead.
General Notes:
Primitive camping is allowed up to 14-days continuous stay. Set up campsite at least 150 feet from trails, trailheads and lakes or streams. Drown campfires completely and naturalize your campsite by practicing Leave No Trace Outdoor Ethics.",,public,State / County / Town,"State, county, and town Campgrounds",,State campgrounds,,,True
s178,Cedar Ridge Family Campground,41.994938,-89.4757675,IL,Illinois,state,modern,campsite,best_effort_confirmed,80,Imported from v22.2.1 master during Supabase wiring setup.,,,public,State / County / Town,"State, county, and town Campgrounds",,State campgrounds,,,True
s182,Chain O'Lakes State Park,42.457506,-88.1892861,IL,Illinois,state,modern,campsite,best_effort_confirmed,80,Imported from v22.2.1 master during Supabase wiring setup.,"Chain O’ Lakes has Class A-Premium areas (Honey Suckle Hollow and Fox Den) with a total of 151 sites. Sites are for $25 per night, except on Memorial Day, July 4th and Labor Day weekends when the fee is $35 per night. Three Class B-Premium camp areas (Turner Lake South, Prairie View and Mud Lake East) have a total of 87 sites for $12 each per night. One youth group camp area (Mud Lake West) will accommodate 150 youths with a fee of $2 per person (minimum $20 per night). Maximum stay at campsites is 14 nights in a 30 day period. A responsible adult (18 years of age or older) acquiring a permit must have a camp shelter and set up at the time of registration. All campers must have a permit (receipt for payment). Gathering of firewood from the park is strictly prohibited. Alcohol is prohibited in the campgrounds.",,public,State / County / Town,"State, county, and town Campgrounds",,State campgrounds,,,True
s200,Clinton Lake State Recreation Area,40.1620101,-88.7902709,IL,Illinois,state,modern,campsite,best_effort_confirmed,80,Imported from v22.2.1 master during Supabase wiring setup.,,,public,State / County / Town,"State, county, and town Campgrounds",,State campgrounds,,,True
s206,Community Park,39.4661414,-90.3639495,IL,Illinois,local,modern,campsite,best_effort_confirmed,80,Imported from v22.2.1 master during Supabase wiring setup.,,,public,State / County / Town,"State, county, and town Campgrounds",,Local campgrounds,,,True
s215,Country Bend Campground,39.2583712,-89.628762,IL,Illinois,private,modern,campsite,best_effort_confirmed,80,Imported from v22.2.1 master during Supabase wiring setup.,,,private,Private Campgrounds,Private campgrounds,,Private campgrounds,,,True
s219,Crab Orchard Campground,37.7403531,-89.118437,IL,Illinois,private,modern,campsite,best_effort_confirmed,80,Imported from v22.2.1 master during Supabase wiring setup.,,,private,Private Campgrounds,Private campgrounds,,Private campgrounds,,,True
s237,Deer Run Campground,39.6497207,-89.4688442,IL,Illinois,state,modern,campsite,best_effort_confirmed,80,Imported from v22.2.1 master during Supabase wiring setup.,,,public,State / County / Town,"State, county, and town Campgrounds",,State campgrounds,,,True
s239,Delabar State Park,40.9662452,-90.9378781,IL,Illinois,state,modern,campsite,best_effort_confirmed,80,Imported from v22.2.1 master during Supabase wiring setup.,,,public,State / County / Town,"State, county, and town Campgrounds",,State campgrounds,,,True
s253,Dixon Springs State Park Campground,37.3833692,-88.6662623,IL,Illinois,state,modern,campsite,best_effort_confirmed,80,Imported from v22.2.1 master during Supabase wiring setup.,,,public,State / County / Town,"State, county, and town Campgrounds",,State campgrounds,,,True
s261,Dutchman Lake,37.4900091,-88.9125775,IL,Illinois,state,modern,campsite,best_effort_confirmed,80,Imported from v22.2.1 master during Supabase wiring setup.,,,public,State / County / Town,"State, county, and town Campgrounds",,State campgrounds,,,True
s264,Eagle Creek State Recreation Area,39.4980096,-88.7083003,IL,Illinois,state,modern,campsite,best_effort_confirmed,80,Imported from v22.2.1 master during Supabase wiring setup.,,,public,State / County / Town,"State, county, and town Campgrounds",,State campgrounds,,,True
s273,Eldon Hazlet State Park,38.6570544,-89.3237829,IL,Illinois,state,modern,campsite,best_effort_confirmed,80,Imported from v22.2.1 master during Supabase wiring setup.,,,public,State / County / Town,"State, county, and town Campgrounds",,State campgrounds,,,True
s291,Ferne Clyffe State Park,37.5336364,-88.9812698,IL,Illinois,state,modern,campsite,best_effort_confirmed,80,Imported from v22.2.1 master during Supabase wiring setup.,,,public,State / County / Town,"State, county, and town Campgrounds",,State campgrounds,,,True
s308,Fort Kaskaskia Campground,37.9713299,-89.9113731,IL,Illinois,state,modern,campsite,best_effort_confirmed,80,Imported from v22.2.1 master during Supabase wiring setup.,There is Camping at Fort KasKaskia. Please contact the Site at 618/859-3741. For other information about Fort Kaskaskia visit our website.,https://dnrhistoric.illinois.gov/experience/sites/site.fort-kaskaskia.html,public,State / County / Town,"State, county, and town Campgrounds",Illinois Department of Natural Resources,State campgrounds,,,True
s309,Fort Massac State Park,37.144089,-88.7115901,IL,Illinois,state,modern,campsite,best_effort_confirmed,80,Imported from v22.2.1 master during Supabase wiring setup.,"Campers enjoy Fort Massac's 50 Class A vehicular campsites, complete with electricity, a disposal station and a shower building. Tent camping and a separate group campground also are available. Camping reservations can be made through ExploreMoreIL™.",,public,State / County / Town,"State, county, and town Campgrounds",,State campgrounds,,,True
s314,Fox Ridge State Park,39.402764,-88.1356923,IL,Illinois,state,modern,campsite,best_effort_confirmed,80,Imported from v22.2.1 master during Supabase wiring setup.,"Camping at Fox Ridge offers plenty of amenities. Picnic tables, cooking grills, drinking water, toilet facilities and a sanitary dumping station are available to campers. The shower building is closed by November 1 (may be earlier if bad weather) and reopen April 15 (may be earlier - weather depending). Reservations are available at ExploreMoreIL™.",,public,State / County / Town,"State, county, and town Campgrounds",,State campgrounds,,,True
s326,Garden of the Gods Recreational Area,37.59202,-88.3998047,IL,Illinois,state,modern,campsite,best_effort_confirmed,80,Imported from v22.2.1 master during Supabase wiring setup.,,,public,State / County / Town,"State, county, and town Campgrounds",,State campgrounds,,,True
s332,Giant City State Park,37.6060822,-89.185929,IL,Illinois,state,modern,campsite,best_effort_confirmed,80,Imported from v22.2.1 master during Supabase wiring setup.,"Giant City is a popular weekend retreat because of its varied and well-kept campground facilities. There are 85 campsites in the Class A Campground which provides water, electricity, showers and sanitary facilities for tent and trailer camping. The shower building in the Class A site closes the day after the first shotgun deer season (weather depending) and re-opens April 1st.",,public,State / County / Town,"State, county, and town Campgrounds",,Local campgrounds,,,True
s351,Green River State Wildlife Management Area,41.6380268,-89.5165325,IL,Illinois,state,modern,campsite,best_effort_confirmed,80,Imported from v22.2.1 master during Supabase wiring setup.,Camping spaces with vehicular access are provided. A sanitary dump station also is available.,,public,State / County / Town,"State, county, and town Campgrounds",,State campgrounds,,,True
s361,Hamilton County - ?? not sure where in County,38.0543187,-88.556531,IL,Illinois,local,modern,campsite,best_effort_confirmed,80,Imported from v22.2.1 master during Supabase wiring setup.,"Tent and trailer sites are available with electricity, sanitary dump stations and a shower house. Campers without reservations need to obtain a permit from the site personnel when they arrive at the area. Five cabins are located on scenic Dolan Lake across from a modern shower building. No cooking, pets or smoking allowed in the cabins. Fire grills and tables are provided out side each cabin. Full-size bed, two sets of bunk beds, and a table and chairs are provided inside. Cabins have heat and air conditioning. Bring your own bedding and mattress. There must be an adult (18 or older) to stay in the cabin or camping areas. For reservations of the campsites or cabins, visit ExploreMoreIL™.",,public,State / County / Town,"State, county, and town Campgrounds",,Local campgrounds,,,True
s378,Henderson County - ??,40.8335548,-90.9438468,IL,Illinois,local,modern,campsite,best_effort_confirmed,80,Imported from v22.2.1 master during Supabase wiring setup.,"Not sure where in County.
Tent and trailer sites are available. All campers must obtain a camping permit from the park personnel. Group camping is permitted; all groups of more than 25 persons need advance permission to enter the area.",,public,State / County / Town,"State, county, and town Campgrounds",,Local campgrounds,,,True
s379,Hennepin Canal - Lock 6 Campground,41.2957679,-89.4442497,IL,Illinois,state,modern,campsite,best_effort_confirmed,80,Imported from v22.2.1 master during Supabase wiring setup.,,,public,State / County / Town,"State, county, and town Campgrounds",,State campgrounds,,,True
s380,Hennepin Canal Lock 11 - campground,41.3148026,-89.5118609,IL,Illinois,state,modern,campsite,best_effort_confirmed,80,Imported from v22.2.1 master during Supabase wiring setup.,,,public,State / County / Town,"State, county, and town Campgrounds",,State campgrounds,,,True
s388,Hickory Point Campground,39.6416224,-89.4599707,IL,Illinois,state,modern,campsite,best_effort_confirmed,80,Imported from v22.2.1 master during Supabase wiring setup.,,,public,State / County / Town,"State, county, and town Campgrounds",,State campgrounds,,,True
s408,Horseshoe Lake State Fish and Wildlife Area Campground,37.1254784,-89.3171612,IL,Illinois,state,modern,campsite,best_effort_confirmed,80,Imported from v22.2.1 master during Supabase wiring setup.,,https://camping-usa.com/campdetails/23272/,public,State / County / Town,"State, county, and town Campgrounds",Illinois Department of Natural Resources,State campgrounds,,,True
s407,Horseshoe Lake State Park,38.6978414,-90.0668147,IL,Illinois,state,modern,campsite,best_effort_confirmed,80,Imported from v22.2.1 master during Supabase wiring setup.,,,public,State / County / Town,"State, county, and town Campgrounds",,State campgrounds,,,True
s417,Illini Campground,38.6533816,-89.3295213,IL,Illinois,state,modern,campsite,best_effort_confirmed,80,Imported from v22.2.1 master during Supabase wiring setup.,,,public,State / County / Town,"State, county, and town Campgrounds",,State campgrounds,,,True
s418,Indian Grove Campground,39.0577686,-89.4164469,IL,Illinois,state,modern,campsite,best_effort_confirmed,80,Imported from v22.2.1 master during Supabase wiring setup.,,,public,State / County / Town,"State, county, and town Campgrounds",,State campgrounds,,,True
s439,Jackson Falls,37.5081391,-88.6832446,IL,Illinois,federal,rustic,campsite,best_effort_confirmed,80,Imported from v22.2.1 master during Supabase wiring setup.,Free camping,,federal,Federal Lands,Federal Lands,,Federal campgrounds,,,True
s451,Johnson Creek Recreation Area,37.833701,-89.5189544,IL,Illinois,state,modern,campsite,best_effort_confirmed,80,Imported from v22.2.1 master during Supabase wiring setup.,"Camping is permitted by the U.S. Forest Service, Kinkaid-Reed's Creek Conservancy District and at Johnson Creek Recreation Area at Kinkaid Village Marina who can be reached at: (618) 687-4914. Camping is not allowed on DNR property.",,public,State / County / Town,"State, county, and town Campgrounds",,State campgrounds,,,True
s452,Johnson Sauk Trail State Recreation Area,41.3259651,-89.8926065,IL,Illinois,state,modern,campsite,best_effort_confirmed,80,Imported from v22.2.1 master during Supabase wiring setup.,,,public,State / County / Town,"State, county, and town Campgrounds",,State campgrounds,,,True
s454,Jubilee College Campground,40.8220737,-89.8122662,IL,Illinois,state,modern,campsite,best_effort_confirmed,80,Imported from v22.2.1 master during Supabase wiring setup.,,,public,State / County / Town,"State, county, and town Campgrounds",,State campgrounds,,,True
s456,Kampsville,39.2978255,-90.6090117,IL,Illinois,state,modern,campsite,best_effort_confirmed,80,Imported from v22.2.1 master during Supabase wiring setup.,Campground located within Kampsville on the Illinois River.,,public,State / County / Town,"State, county, and town Campgrounds",,State campgrounds,,,True
s457,Kankakee River State Park,41.2080294,-88.0132466,IL,Illinois,state,modern,campsite,best_effort_confirmed,80,Imported from v22.2.1 master during Supabase wiring setup.,,,public,State / County / Town,"State, county, and town Campgrounds",,State campgrounds,,,True
s458,Kaskaskia River Campground,39.4052483,-88.7842275,IL,Illinois,state,modern,campsite,best_effort_confirmed,80,Imported from v22.2.1 master during Supabase wiring setup.,,,public,State / County / Town,"State, county, and town Campgrounds",,State campgrounds,,,True
s464,Kickapoo State Recreation Area,40.1418803,-87.7382467,IL,Illinois,state,modern,campsite,best_effort_confirmed,80,Imported from v22.2.1 master during Supabase wiring setup.,,,public,State / County / Town,"State, county, and town Campgrounds",,State campgrounds,,,True
s467,Kinkaid Lake,37.7981405,-89.4375736,IL,Illinois,state,modern,campsite,best_effort_confirmed,80,Imported from v22.2.1 master during Supabase wiring setup.,"Primitive Camping is allowed outside of Johnson Creek Recreation Area for a maximum of 14-days continuous stay.
Camp at least 150 feet from the lakeshore or trail.
Practice Leave No Trace Outdoor Ethics.",,public,State / County / Town,"State, county, and town Campgrounds",,State campgrounds,,,True
s501,Lake Le-Aqua-Na State Park,42.4203469,-89.8356553,IL,Illinois,state,modern,campsite,best_effort_confirmed,80,Imported from v22.2.1 master during Supabase wiring setup.,,,public,State / County / Town,"State, county, and town Campgrounds",,State campgrounds,,,True
s504,Lake Lou Yaeger Campground,39.1944054,-89.6091315,IL,Illinois,private,modern,campsite,best_effort_confirmed,80,Imported from v22.2.1 master during Supabase wiring setup.,,,private,Private Campgrounds,Private campgrounds,,Private campgrounds,,,True
s511,Lake Murphysboro State Park,37.7756289,-89.3787145,IL,Illinois,state,modern,campsite,best_effort_confirmed,80,Imported from v22.2.1 master during Supabase wiring setup.,,,public,State / County / Town,"State, county, and town Campgrounds",,State campgrounds,,,True
s512,Lake of Egypt,37.6250774,-88.9581318,IL,Illinois,boondocking,rustic,campsite,best_effort_confirmed,80,Imported from v22.2.1 master during Supabase wiring setup.,"Directions:
From Creal Springs, IL take Creal Springs Road south 3 miles to Recreation Road. Turn right (west) onto Recreation Road and follow the signs 3 miles to the boat launch.General Notes:
Overnight parking is allowed along the side of Forest Service Roads, however do not block road or gates or cause resource damage.
Camping Regulations in General Forest Areas: 
Primitive camping is allowed ¼ mile outside developed areas within Shawnee National Forest. There is no fee for primitive camping and it’s allowed any time of year. Don’t trespass on private land, and do not cut down live trees, shrubs or other vegetation. Camp and wash at least 150 feet from any water source. Pack out your garbage and make sure campfires are completely out.
Campers may camp up to 14-days in one location. Camping is not allowed in the 80 designated natural areas or within 150 feet of lakes and streams or near trails.",,boondocking,Boondocking,places from others,,Boondocking / dispersed,,,True
s527,Lazy Days Campground,39.1607562,-89.72595,IL,Illinois,private,modern,campsite,best_effort_confirmed,80,Imported from v22.2.1 master during Supabase wiring setup.,,,private,Private Campgrounds,Private campgrounds,,Private campgrounds,,,True
s536,Lincoln Trail State Park,39.3467073,-87.7035584,IL,Illinois,state,modern,campsite,best_effort_confirmed,80,Imported from v22.2.1 master during Supabase wiring setup.,,https://dnr.illinois.gov/parks/camp/park.lincolntrail.html,public,State / County / Town,"State, county, and town Campgrounds",Illinois Department of Natural Resources,State campgrounds,,,True
s537,Lincoln's New Salem State Historic Site,39.9786614,-89.8470688,IL,Illinois,state,modern,campsite,best_effort_confirmed,80,Imported from v22.2.1 master during Supabase wiring setup.,"Please contact the Lincoln's New Salem site for information about camping at 217-632-4000 and visit the Historic Sites Website.
Click here for a map of the campground",https://dnr.illinois.gov/parks/camp/park.lincoln-snewsalem.html,public,State / County / Town,"State, county, and town Campgrounds",,State campgrounds,,,True
s567,Lowden State Park Campground,42.0334931,-89.3277752,IL,Illinois,state,modern,campsite,best_effort_confirmed,80,Imported from v22.2.1 master during Supabase wiring setup.,,,public,State / County / Town,"State, county, and town Campgrounds",,State campgrounds,,,True
s589,Marshall State Fish and Wildlife Area,40.9544376,-89.4287669,IL,Illinois,state,modern,campsite,best_effort_confirmed,80,Imported from v22.2.1 master during Supabase wiring setup.,,https://dnr.illinois.gov/parks/camp/park.marshall.html,public,State / County / Town,"State, county, and town Campgrounds",,State campgrounds,,,True
s608,Middle Fork State Fish and Wildlife Area,40.1970333,-87.7424393,IL,Illinois,state,modern,campsite,best_effort_confirmed,80,Imported from v22.2.1 master during Supabase wiring setup.,,,public,State / County / Town,"State, county, and town Campgrounds",,State campgrounds,,,True
s614,Mississippi Palisades State Park Campground,42.1443384,-90.1685698,IL,Illinois,state,modern,campsite,best_effort_confirmed,80,Imported from v22.2.1 master during Supabase wiring setup.,,,public,State / County / Town,"State, county, and town Campgrounds",,State campgrounds,,,True
s617,Moraine View State Park,40.4132849,-88.7267973,IL,Illinois,state,modern,campsite,best_effort_confirmed,80,Imported from v22.2.1 master during Supabase wiring setup.,,,public,State / County / Town,"State, county, and town Campgrounds",,State campgrounds,,,True
s619,Morrison-Rockwood State Park Campground,41.8527112,-89.9660299,IL,Illinois,state,modern,campsite,best_effort_confirmed,80,Imported from v22.2.1 master during Supabase wiring setup.,,,public,State / County / Town,"State, county, and town Campgrounds",,State campgrounds,,,True
s636,Nauvoo State Park,40.5444762,-91.3851064,IL,Illinois,state,modern,campsite,best_effort_confirmed,80,Imported from v22.2.1 master during Supabase wiring setup.,,,public,State / County / Town,"State, county, and town Campgrounds",,State campgrounds,,,True
s642,North Campground,40.1981008,-90.2023428,IL,Illinois,state,modern,campsite,best_effort_confirmed,80,Imported from v22.2.1 master during Supabase wiring setup.,,,public,State / County / Town,"State, county, and town Campgrounds",,State campgrounds,,,True
s652,Oak Campground,40.4057003,-89.8640992,IL,Illinois,state,modern,campsite,best_effort_confirmed,80,Imported from v22.2.1 master during Supabase wiring setup.,,,public,State / County / Town,"State, county, and town Campgrounds",,State campgrounds,,,True
s655,Oakwood Bottoms,37.6594947,-89.4434272,IL,Illinois,state,modern,campsite,best_effort_confirmed,80,Imported from v22.2.1 master during Supabase wiring setup.,"Reservations:
Campground is first come-first served. No reservations.",,public,State / County / Town,"State, county, and town Campgrounds",,State campgrounds,,,True
s664,One Horse Gap Lake,37.5169939,-88.4467095,IL,Illinois,boondocking,rustic,campsite,best_effort_confirmed,80,Imported from v22.2.1 master during Supabase wiring setup.,"Center:
A primitive camping site is located near the lakeshore.",,boondocking,Boondocking,places from others,,Boondocking / dispersed,,,True
s677,Panther Den Wilderness,37.5928283,-89.0750763,IL,Illinois,state,modern,campsite,best_effort_confirmed,80,Imported from v22.2.1 master during Supabase wiring setup.,"Primitive camping is allowed within designated wilderness. There is no fee for primitive camping, however visitors are limited to camping a maximum of 14 continuous days. Camp and wash 150 feet away from lakes and streams. Primitive camping is NOT allowed within designated natural areas or research natural areas (boundaries are marked with yellow posts)",,public,State / County / Town,"State, county, and town Campgrounds",,State campgrounds,,,True
s686,Pere Marquette State Park,38.9727078,-90.5424312,IL,Illinois,state,modern,campsite,best_effort_confirmed,80,Imported from v22.2.1 master during Supabase wiring setup.,,https://dnr.illinois.gov/parks/camp/park.peremarquette.html,public,State / County / Town,"State, county, and town Campgrounds",,State campgrounds,,,True
s700,Pine Campground,40.3900409,-89.866501,IL,Illinois,state,modern,campsite,best_effort_confirmed,80,Imported from v22.2.1 master during Supabase wiring setup.,,,public,State / County / Town,"State, county, and town Campgrounds",,State campgrounds,,,True
s703,Pine Hills Campground,37.5159109,-89.4220864,IL,Illinois,federal,rustic,campsite,best_effort_confirmed,80,Imported from v22.2.1 master during Supabase wiring setup.,,,federal,Federal Lands,Federal Lands,,Federal campgrounds,,,True
s704,Pine Ridge Campground,37.6147709,-88.2678149,IL,Illinois,federal,rustic,campsite,best_effort_confirmed,80,Imported from v22.2.1 master during Supabase wiring setup.,,,federal,Federal Lands,Federal Lands,,Federal campgrounds,,,True
s743,Possum Creek Campground,39.3161512,-88.6908937,IL,Illinois,state,modern,campsite,best_effort_confirmed,80,Imported from v22.2.1 master during Supabase wiring setup.,,,public,State / County / Town,"State, county, and town Campgrounds",,State campgrounds,,,True
s755,Pyramid State Recreation Area,38.0342411,-89.4040385,IL,Illinois,state,modern,campsite,best_effort_confirmed,80,Imported from v22.2.1 master during Supabase wiring setup.,"Tent and trailer camping are permitted at designated camping areas only at Pyramid SRA. There are three Class C camping areas, Class D hike-in campsites, a small equestrian camp and a youth group camping area. Water and a trailer dump station are available near the site office. There are no electrical hookups in the camping areas.",,public,State / County / Town,"State, county, and town Campgrounds",,State campgrounds,,,True
s761,Ramsey Lake State Recreation Area,39.1644478,-89.1321396,IL,Illinois,state,modern,campsite,best_effort_confirmed,80,Imported from v22.2.1 master during Supabase wiring setup.,,,public,State / County / Town,"State, county, and town Campgrounds",,State campgrounds,,,True
s762,Randolph County State Recreation Area,37.9692882,-89.7975253,IL,Illinois,local,modern,campsite,best_effort_confirmed,80,Imported from v22.2.1 master during Supabase wiring setup.,,,public,State / County / Town,"State, county, and town Campgrounds",,Local campgrounds,,,True
s765,Red Hills State Park,38.7182912,-87.8390153,IL,Illinois,state,modern,campsite,best_effort_confirmed,80,Imported from v22.2.1 master during Supabase wiring setup.,,,public,State / County / Town,"State, county, and town Campgrounds",,State campgrounds,,,True
s769,Rice Lake State Fish and Wildlife Area,40.4768439,-89.9482364,IL,Illinois,state,modern,campsite,best_effort_confirmed,80,Imported from v22.2.1 master during Supabase wiring setup.,,,public,State / County / Town,"State, county, and town Campgrounds",,State campgrounds,,,True
s788,Rock Cut State Park Campground Permit Office,42.3579171,-88.9763614,IL,Illinois,state,modern,campsite,best_effort_confirmed,80,Imported from v22.2.1 master during Supabase wiring setup.,,,public,State / County / Town,"State, county, and town Campgrounds",,State campgrounds,,,True
s789,Rock Island State Trail Kickapoo Creek Recreation Area - Campground,40.8370422,-89.6579584,IL,Illinois,state,modern,campsite,best_effort_confirmed,80,Imported from v22.2.1 master during Supabase wiring setup.,,,public,State / County / Town,"State, county, and town Campgrounds",,State campgrounds,,,True
s798,Saline County State Fish and Wildlife Area,37.6892739,-88.3899876,IL,Illinois,local,modern,campsite,best_effort_confirmed,80,Imported from v22.2.1 master during Supabase wiring setup.,,,public,State / County / Town,"State, county, and town Campgrounds",,Local campgrounds,,,True
s800,Sam Dale Lake,38.5414767,-88.5837063,IL,Illinois,state,modern,campsite,best_effort_confirmed,80,Imported from v22.2.1 master during Supabase wiring setup.,,https://dnr.illinois.gov/parks/camp/park.samdalelake.html,public,State / County / Town,"State, county, and town Campgrounds",,State campgrounds,,,True
s801,Sam Parr State Park Campground,39.0219529,-88.1198325,IL,Illinois,state,modern,campsite,best_effort_confirmed,80,Imported from v22.2.1 master during Supabase wiring setup.,,,public,State / County / Town,"State, county, and town Campgrounds",,State campgrounds,,,True
s805,Sand Ridge State Forest,40.4006198,-89.8785765,IL,Illinois,state,modern,campsite,best_effort_confirmed,80,Imported from v22.2.1 master during Supabase wiring setup.,,,public,State / County / Town,"State, county, and town Campgrounds",,State campgrounds,,,True
s828,Shabbona Lake State Park Campground,41.7566422,-88.8698968,IL,Illinois,state,modern,campsite,best_effort_confirmed,80,Imported from v22.2.1 master during Supabase wiring setup.,,,public,State / County / Town,"State, county, and town Campgrounds",,State campgrounds,,,True
s829,Shady Grove Campground,39.3180956,-88.6822821,IL,Illinois,state,modern,campsite,best_effort_confirmed,80,Imported from v22.2.1 master during Supabase wiring setup.,,,public,State / County / Town,"State, county, and town Campgrounds",,State campgrounds,,,True
s830,Shady Rest,38.2858429,-89.3557143,IL,Illinois,state,modern,campsite,best_effort_confirmed,80,Imported from v22.2.1 master during Supabase wiring setup.,,,public,State / County / Town,"State, county, and town Campgrounds",,State campgrounds,,,True
s833,Shawnee National Forest,37.5630797,-89.3867396,IL,Illinois,federal,rustic,campsite,best_effort_confirmed,80,Imported from v22.2.1 master during Supabase wiring setup.,,,federal,Federal Lands,Federal Lands,,Federal campgrounds,,,True
s837,Siloam Springs State Park,39.8893252,-90.9223652,IL,Illinois,state,modern,campsite,best_effort_confirmed,80,Imported from v22.2.1 master during Supabase wiring setup.,,,public,State / County / Town,"State, county, and town Campgrounds",,State campgrounds,,,True
s876,Starved Rock State Park Campground,41.3051756,-88.9760893,IL,Illinois,state,modern,campsite,best_effort_confirmed,80,Imported from v22.2.1 master during Supabase wiring setup.,,https://dnr.illinois.gov/parks/camp/park.starvedrock.html,public,State / County / Town,"State, county, and town Campgrounds",,State campgrounds,,,True
s878,Stephen A. Forbes State Recreation Area,38.7260007,-88.7804545,IL,Illinois,state,modern,campsite,best_effort_confirmed,80,Imported from v22.2.1 master during Supabase wiring setup.,,https://dnr.illinois.gov/parks/camp/park.stephenaforbes.html,public,State / County / Town,"State, county, and town Campgrounds",,State campgrounds,,,True
s890,Sugar River Forest Preserve Campground,42.4634354,-89.2344366,IL,Illinois,state,modern,campsite,best_effort_confirmed,80,Imported from v22.2.1 master during Supabase wiring setup.,"Nestled in Winnebago County, Sugar River Forest Preserve is a 500+ acre county forest with traditional campgrounds and a primitive campground right along the namesake river. Fall asleep to the sound of rushing waters after hauling your gear a short distance from the parking lot. These primitive campgrounds still come with picnic tables and a fire pit but you’ll have to drive back to the main campgrounds if you want to access the showers!",,public,State / County / Town,"State, county, and town Campgrounds",,State campgrounds,,,True
s895,Sunny Crest Family Campground,41.9922659,-89.4745591,IL,Illinois,state,modern,campsite,best_effort_confirmed,80,Imported from v22.2.1 master during Supabase wiring setup.,,,public,State / County / Town,"State, county, and town Campgrounds",,State campgrounds,,,True
s923,"Tower Rock Campground, Shawnee National Forest",37.4583352,-88.232835,IL,Illinois,state,modern,campsite,best_effort_confirmed,80,Imported from v22.2.1 master during Supabase wiring setup.,Be aware this area is prone to flooding when river levels fluctuate.Also allowed to Disperse Camp in the N.F.,,public,State / County / Town,"State, county, and town Campgrounds",,State campgrounds,,,True
s928,Trail of Tears State Forest,37.5153273,-89.3403667,IL,Illinois,state,modern,campsite,best_effort_confirmed,80,Imported from v22.2.1 master during Supabase wiring setup.,Both Class C (tent camping with vehicle access) and Class D (backpack) camping sites are available at Trail of Tears State Forest. Some locations have log shelters with adjacent privies. Group camping is available at a few sites. The forest's gravel roads are closed to vehicles from December 24 through the end of the spring wild turkey hunting season (,,public,State / County / Town,"State, county, and town Campgrounds",,State campgrounds,,,True
s940,Turkey Bayou,37.685,-89.41139,IL,Illinois,boondocking,rustic,campsite,best_effort_confirmed,80,Imported from v22.2.1 master during Supabase wiring setup.,,,boondocking,Boondocking,places from others,,Boondocking / dispersed,,,True
s967,Wakonda State Park,40.0067843,-91.5185706,MO,Missouri,state,modern,campsite,best_effort_confirmed,80,Imported from v22.2.1 master during Supabase wiring setup.,,,public,State / County / Town,"State, county, and town Campgrounds",,State campgrounds,,,True
s971,Walnut Point State Park,39.697061,-88.037257,IL,Illinois,state,modern,campsite,best_effort_confirmed,80,Imported from v22.2.1 master during Supabase wiring setup.,,,public,State / County / Town,"State, county, and town Campgrounds",,State campgrounds,,,True
s979,Wayne Fi.... Campground,38.1164914,-88.9422454,IL,Illinois,state,modern,campsite,best_effort_confirmed,80,Imported from v22.2.1 master during Supabase wiring setup.,,,public,State / County / Town,"State, county, and town Campgrounds",,State campgrounds,,,True
s984,Weinberg-King State Fish and Wildlife Area,40.2308728,-90.8979177,IL,Illinois,state,modern,campsite,best_effort_confirmed,80,Imported from v22.2.1 master during Supabase wiring setup.,,,public,State / County / Town,"State, county, and town Campgrounds",,State campgrounds,,,True
s985,Weldon Springs State Park,40.1211131,-88.9228436,IL,Illinois,state,modern,campsite,best_effort_confirmed,80,Imported from v22.2.1 master during Supabase wiring setup.,"Weldon Springs’ campground is open year-round; the shower building closes in the fall and reopens in the spring. It offers 75 Class A sites with electricity, vehicular access, sanitary dumping station, shower building, cooking grills, picnic tables, pit toilets. Playground equipment and water hydrants are available in the campground. Campers with disabilities have access to three campsites designed for special needs offer a large hard-surfaced pad. Privies and water are easily accessible. Areas for tent, backpack, large group and youth camping are also available. Primitive backpack campsites are located along Salt Creek. Please call ahead for conditions, as these backpack sites could be flooded in spring. The shower buildings are closed by November 1 (maybe earlier if bad weather persists) and reopen May 1 (maybe earlier if weather allows). Camping and Group Camp Reservations are accepted online at
ExploreMoreIL™.",,public,State / County / Town,"State, county, and town Campgrounds",,State campgrounds,,,True
s994,White Pines Forest State Park,41.9936339,-89.4696009,IL,Illinois,state,modern,campsite,best_effort_confirmed,80,Imported from v22.2.1 master during Supabase wiring setup.,,,public,State / County / Town,"State, county, and town Campgrounds",,State campgrounds,,,True
s1019,Woodford State Fish And Wildlife Area,40.8795921,-89.456627,IL,Illinois,state,modern,campsite,best_effort_confirmed,80,Imported from v22.2.1 master during Supabase wiring setup.,,https://dnr.illinois.gov/parks/camp/park.woodford.html,public,State / County / Town,"State, county, and town Campgrounds",,State campgrounds,,,True
s101,Blackhawk Campground,39.5080992,-86.8899596,IN,Indiana,private,modern,campsite,best_effort_confirmed,80,Imported from v22.2.1 master during Supabase wiring setup.,,,private,Private Campgrounds,Private campgrounds,,Private campgrounds,,,True
s103,Blackwell Horsecamp,39.0183642,-86.3881853,IN,Indiana,federal,rustic,campsite,best_effort_confirmed,80,Imported from v22.2.1 master during Supabase wiring setup.,,,federal,Federal Lands,Federal Lands,,Federal campgrounds,,,True
s404,Hoosier National Forest,38.4785314,-86.5248767,IN,Indiana,boondocking,rustic,campsite,best_effort_confirmed,80,Imported from v22.2.1 master during Supabase wiring setup.,"Used to be free campsites here, not clear if there still are.",,boondocking,Boondocking,places from others,,Boondocking / dispersed,,,True
s424,Indiana,40.5261563,-85.5842705,IN,Indiana,info,modern,campsite,best_effort_confirmed,80,Imported from v22.2.1 master during Supabase wiring setup.,Reference point in Indiana retained from baseline; location verified in Indiana.,,info,Info / Reference,Misc Info and websites,,Info / reference,,,True
s752,Prophetstown State Park,40.4973299,-86.842217,IN,Indiana,state,modern,campsite,best_effort_confirmed,80,Imported from v22.2.1 master during Supabase wiring setup.,The campground at Prophetstown is open from May 1st through October 31st annually,,public,State / County / Town,"State, county, and town Campgrounds",,State campgrounds,,,True
s121,Boondockers Welcome . com,38.4720114,-102.1374133,CO,Colorado,info,modern,campsite,best_effort_confirmed,80,Imported from v22.2.1 master during Supabase wiring setup.,,https://www.boondockerswelcome.com/,info,Info / Reference,Misc Info and websites,,Info / reference,,,True
s323,FS.USDA.GOV,37.1973877,-102.1337108,CO,Colorado,info,modern,campsite,best_effort_confirmed,80,Imported from v22.2.1 master during Supabase wiring setup.,,https://www.fs.usda.gov/,info,Info / Reference,Misc Info and websites,,Info / reference,,,True
s414,https://publiclands.org/,37.6019401,-102.1578632,CO,Colorado,info,modern,campsite,best_effort_confirmed,80,Imported from v22.2.1 master during Supabase wiring setup.,,https://publiclands.org/pages/colorado,info,Info / Reference,Misc Info and websites,,Info / reference,,,True
s954,US National Forest Campground Guide,38.0673956,-102.0776331,CO,Colorado,info,modern,campsite,best_effort_confirmed,80,Imported from v22.2.1 master during Supabase wiring setup.,,https://www.forestcamping.com/,info,Info / Reference,Misc Info and websites,,Info / reference,,,True
s57,Bayou Segnette State Park,29.8923001,-90.1633558,LA,Louisiana,state,modern,campsite,best_effort_confirmed,80,Imported from v22.2.1 master during Supabase wiring setup.,,,public,State / County / Town,"State, county, and town Campgrounds",,State campgrounds,,,True
s288,Fairview-Riverside State Park,30.4091071,-90.1403758,LA,Louisiana,state,modern,campsite,best_effort_confirmed,80,Imported from v22.2.1 master during Supabase wiring setup.,,,public,State / County / Town,"State, county, and town Campgrounds",,State campgrounds,,,True
s304,Fontainebleau State Park,30.337645,-90.038141,LA,Louisiana,state,modern,campsite,best_effort_confirmed,80,Imported from v22.2.1 master during Supabase wiring setup.,,,public,State / County / Town,"State, county, and town Campgrounds",,State campgrounds,,,True
s85,Big Eddy on Dead River,45.2870825,-70.2203368,ME,Maine,boondocking,rustic,campsite,best_effort_confirmed,80,Imported from v22.2.1 master during Supabase wiring setup.,off of Flagstaff Lake,,boondocking,Boondocking,places from others,,Boondocking / dispersed,,,True
s445,Jewett Cove Campsite and Boat Launch,45.6871031,-69.5512633,ME,Maine,state,modern,campsite,best_effort_confirmed,80,Imported from v22.2.1 master during Supabase wiring setup.,,,public,State / County / Town,"State, county, and town Campgrounds",,State campgrounds,,,True
s576,Machias Lake corridor,45.1267307,-67.9452976,ME,Maine,boondocking,rustic,campsite,best_effort_confirmed,80,Imported from v22.2.1 master during Supabase wiring setup.,"Great, but buggy in spring",,boondocking,Boondocking,places from others,,Boondocking / dispersed,,,True
s581,Maine state website,46.8206445,-67.9258415,ME,Maine,info,modern,campsite,best_effort_confirmed,80,Imported from v22.2.1 master during Supabase wiring setup.,,https://www.maine.gov/dacf/parks/camping/backcountry_camping.shtml,info,Info / Reference,Misc Info and websites,,Info / reference,,,True
s865,Spencer Bay Boondocking,45.6982737,-69.5704145,ME,Maine,boondocking,rustic,campsite,best_effort_confirmed,80,Imported from v22.2.1 master during Supabase wiring setup.,Someone said this is a favorite area,,boondocking,Boondocking,places from others,,Boondocking / dispersed,,,True
s866,Spencer Bay CG,45.7102482,-69.5554244,ME,Maine,state,modern,campsite,best_effort_confirmed,80,Imported from v22.2.1 master during Supabase wiring setup.,,,public,State / County / Town,"State, county, and town Campgrounds",,State campgrounds,,,True
s0,4 Mile State Forest Trail Camp,44.598848,-84.6223353,MI,Michigan,state,rustic,campsite,best_effort_confirmed,80,Imported from v22.2.1 master during Supabase wiring setup.,,,public,State / County / Town,"State, county, and town Campgrounds",,State campgrounds,,,True
s2,"46.006324, -85.619036",46.006324,-85.619036,MI,Michigan,boondocking,rustic,campsite,best_effort_confirmed,80,Imported from v22.2.1 master during Supabase wiring setup.,,,boondocking,Boondocking,places from others,,Boondocking / dispersed,,,True
s6,Adams Trail Dirt Lot,46.52726419,-86.22152352,MI,Michigan,boondocking,rustic,campsite,best_effort_confirmed,80,Imported from v22.2.1 master during Supabase wiring setup.,Primitive dirt-lot style dispersed camping used as a Pictured Rocks / Grand Marais boondocking stopover.,https://thedyrt.com/camping/michigan/adams-trail-dirt-lot,boondocking,,,Hiawatha National Forest / user-reported location,Boondocking / dispersed,Free,No,True
s7,Addison Oaks County Park,42.8025656,-83.1625893,MI,Michigan,local,modern,campsite,best_effort_confirmed,80,Imported from v22.2.1 master during Supabase wiring setup.,,,public,State / County / Town,"State, county, and town Campgrounds",,Local campgrounds,,,True
s1055,Agate Beach Park Campground,47.03968205,-88.9258144,MI,Michigan,local,rustic,campsite,best_effort_confirmed,80,Imported from v22.2.1 master during Supabase wiring setup.,"Stanton Township beach campground on Lake Superior near Toivola with primitive/rustic tent-friendly sites, beach access, and picnic tables.",https://www.michigan.org/property/agate-beach-park,local rustic,Local Campgrounds,Local Campgrounds,,Local campgrounds,,,True
s1068,Ahmeek Copper Mine Camp,47.30633525844871,-88.36432752396048,MI,Michigan,private,modern,campsite,best_effort_confirmed,80,Imported from v22.2.1 master during Supabase wiring setup.,Private rustic campground on the historic Ahmeek copper mine property in the heart of the Keweenaw.,https://www.visitkeweenaw.com/lodging/campgrounds-rv-parks/,private campground,Private Campgrounds,Private Campgrounds,,Private campgrounds,,,True
s9,Alcona Park Campground (west side),44.5808737,-83.8299351,MI,Michigan,state,modern,campsite,best_effort_confirmed,80,Imported from v22.2.1 master during Supabase wiring setup.,,,public,State / County / Town,"State, county, and town Campgrounds",,State campgrounds,,,True
s10,Algonac State Park,42.647298,-82.5145568,MI,Michigan,state,modern,campsite,best_effort_confirmed,80,Imported from v22.2.1 master during Supabase wiring setup.,,,public,State / County / Town,"State, county, and town Campgrounds",,State campgrounds,,,True
s11,Aloha State Park,45.524797,-84.4654541,MI,Michigan,state,modern,campsite,best_effort_confirmed,80,Imported from v22.2.1 master during Supabase wiring setup.,,,public,State / County / Town,"State, county, and town Campgrounds",,State campgrounds,,,True
s12,Aloha State Park Campground,45.51944,-84.46472,MI,Michigan,state,modern,campsite,best_effort_confirmed,80,Imported from v22.2.1 master during Supabase wiring setup.,State park campground on Mullett Lake within bridge-region range.,https://www.michigan.gov/recsearch/parks/aloha,state modern,,,Michigan DNR,State campgrounds,Varies,Yes,True
s14,Ambrose Lake State Forest Campground,44.4071601,-84.2546959,MI,Michigan,state,rustic,campsite,best_effort_confirmed,80,Imported from v22.2.1 master during Supabase wiring setup.,,,public,State / County / Town,"State, county, and town Campgrounds",,State campgrounds,,,True
s16,Anderson Lake West State Forest Campground,46.2292765,-87.4844008,MI,Michigan,state,rustic,campsite,best_effort_confirmed,80,Imported from v22.2.1 master during Supabase wiring setup.,,,public,State / County / Town,"State, county, and town Campgrounds",,State campgrounds,,,True
s18,Andrus Lake State Forest Campground,46.7031375,-85.03573,MI,Michigan,state,rustic,campsite,best_effort_confirmed,80,Imported from v22.2.1 master during Supabase wiring setup.,,,public,State / County / Town,"State, county, and town Campgrounds",,State campgrounds,,,True
s23,Apple Creek Campground & RV Park,42.192393,-84.204494,MI,Michigan,private,modern,campsite,best_effort_confirmed,80,Imported from v22.2.1 master during Supabase wiring setup.,,,private,Private Campgrounds,Private campgrounds,,Private campgrounds,,,True
s25,Appleton Lake Campground,42.5063233,-83.8359833,MI,Michigan,state,modern,campsite,best_effort_confirmed,80,Imported from v22.2.1 master during Supabase wiring setup.,,,public,State / County / Town,"State, county, and town Campgrounds",,State campgrounds,,,True
s26,Arbutus Lake State Forest Campground,44.672661,-85.5232088,MI,Michigan,state,rustic,campsite,best_effort_confirmed,80,Imported from v22.2.1 master during Supabase wiring setup.,,,public,State / County / Town,"State, county, and town Campgrounds",,State campgrounds,,,True
s30,Au Gres City Park,44.0498037,-83.6859521,MI,Michigan,local,modern,campsite,best_effort_confirmed,80,Imported from v22.2.1 master during Supabase wiring setup.,,,public,State / County / Town,"State, county, and town Campgrounds",,Local campgrounds,,,True
s31,Au Train Beach Campground,46.4338165,-86.8647105,MI,Michigan,state,modern,campsite,best_effort_confirmed,80,Imported from v22.2.1 master during Supabase wiring setup.,,,public,State / County / Town,"State, county, and town Campgrounds",,State campgrounds,,,True
s33,Aune Osborn Campground,46.4887214,-84.3079881,MI,Michigan,state,modern,campsite,best_effort_confirmed,80,Imported from v22.2.1 master during Supabase wiring setup.,,,public,State / County / Town,"State, county, and town Campgrounds",,State campgrounds,,,True
s34,Aune Osborn Campground,46.4785061,-84.3071504,MI,Michigan,local,modern,campsite,best_effort_confirmed,80,Imported from v22.2.1 master during Supabase wiring setup.,,,public,State / County / Town,"State, county, and town Campgrounds",,Local campgrounds,,,True
s35,Avery Lake State Forest Campground,44.9324156,-84.1870194,MI,Michigan,state,rustic,campsite,best_effort_confirmed,80,Imported from v22.2.1 master during Supabase wiring setup.,,,public,State / County / Town,"State, county, and town Campgrounds",,State campgrounds,,,True
s1063,Baraga State Park,46.76052,-88.49981,MI,Michigan,state,modern,campsite,best_effort_confirmed,80,Imported from v22.2.1 master during Supabase wiring setup.,"Michigan state park campground on Keweenaw Bay with improved camping, showers, and water access.",https://www.michigan.gov/recsearch/parks/baraga,state modern,State Campgrounds,State Campgrounds,,State campgrounds,,,True
s47,Baraga State Park Campground,46.779,-88.49,MI,Michigan,state,modern,campsite,best_effort_confirmed,80,Imported from v22.2.1 master during Supabase wiring setup.,Starter addition in v18.5. State campground pin to verify against your master data.,https://www.michigan.gov/recsearch/parks/baraga,state modern,,,Michigan DNR,State campgrounds,Varies,Yes,True
s48,Barnes Park Campground,45.1109658,-85.3604224,MI,Michigan,state,modern,campsite,best_effort_confirmed,80,Imported from v22.2.1 master during Supabase wiring setup.,,,public,State / County / Town,"State, county, and town Campgrounds",,State campgrounds,,,True
s49,Bass Lake Campsites,46.1723,-86.4651,MI,Michigan,federal,modern,campsite,best_effort_confirmed,80,Imported from v22.2.1 master during Supabase wiring setup.,Official Hiawatha National Forest campsites page added. Small primitive campsite area with restroom; no potable water.,https://www.fs.usda.gov/r09/hiawatha/recreation/bass-lake-campsites,public,Federal Campgrounds,Federal Campgrounds,US Forest Service,Federal campground,,,True
s50,Bass Lake State Forest Campground,46.2633333,-87.5861111,MI,Michigan,state,rustic,campsite,best_effort_confirmed,80,Imported from v22.2.1 master during Supabase wiring setup.,,,public,State / County / Town,"State, county, and town Campgrounds",,State campgrounds,,,True
s51,Bass Lake State Forest Campground (Luce),46.4618043,-85.7090844,MI,Michigan,state,rustic,campsite,best_effort_confirmed,80,Imported from v22.2.1 master during Supabase wiring setup.,,,public,State / County / Town,"State, county, and town Campgrounds",,State campgrounds,,,True
s53,Baxter Bridge State Forest Campground,44.4911757,-85.5247428,MI,Michigan,state,rustic,campsite,best_effort_confirmed,80,Imported from v22.2.1 master during Supabase wiring setup.,,,public,State / County / Town,"State, county, and town Campgrounds",,State campgrounds,,,True
s54,Bay County Pinconning Park,43.8532092,-83.9243862,MI,Michigan,local,modern,campsite,best_effort_confirmed,80,Imported from v22.2.1 master during Supabase wiring setup.,,,public,State / County / Town,"State, county, and town Campgrounds",,Local campgrounds,,,True
s55,Bay Furnace Campground,46.4413752,-86.7078804,MI,Michigan,federal,rustic,campsite,best_effort_confirmed,80,Imported from v22.2.1 master during Supabase wiring setup.,Starter addition in v18.5. Federal campground near Munising.,https://www.fs.usda.gov/hiawatha,federal rustic,Federal Lands,Federal Lands,National Forest Service,Federal campgrounds,Varies,No,True
s1079,Bear Lake Campsites,46.07073,-86.498547,MI,Michigan,federal,modern,campsite,best_effort_confirmed,80,Imported from v22.2.1 master during Supabase wiring setup.,Official Hiawatha National Forest primitive campsite page added. Small primitive site overlooking Bear Lake.,https://www.fs.usda.gov/r09/hiawatha/recreation/bear-lake-campsites,public,Federal Campgrounds,Federal Campgrounds,US Forest Service,Federal campground,,,True
s61,Bear Lake Dispersed Campsite,46.07203234024005,-86.50164462041236,MI,Michigan,boondocking,rustic,campsite,best_effort_confirmed,80,Imported from v22.2.1 master during Supabase wiring setup.,Official Hiawatha National Forest Bear Lake Campsites page added. Single small campsite; reservations through Columbus Day; no potable water or restrooms.,https://www.fs.usda.gov/r09/hiawatha/recreation/bear-lake-campsites,boondocking,Boondocking,Boondocking,,Boondocking / dispersed,,,True
s62,Bear Track Campground,44.1468086,-86.030498,MI,Michigan,private,modern,campsite,best_effort_confirmed,80,Imported from v22.2.1 master during Supabase wiring setup.,,,private,Private Campgrounds,Private campgrounds,,Private campgrounds,,,True
s63,Beaufort Lake State Forest Campground,46.5478074,-88.1889037,MI,Michigan,state,rustic,campsite,best_effort_confirmed,80,Imported from v22.2.1 master during Supabase wiring setup.,,,public,State / County / Town,"State, county, and town Campgrounds",,State campgrounds,,,True
s65,Beaver Island Campground,47.904267,-89.1742311,MI,Michigan,state,modern,campsite,best_effort_confirmed,80,Imported from v22.2.1 master during Supabase wiring setup.,,,public,State / County / Town,"State, county, and town Campgrounds",,State campgrounds,,,True
s66,Beaver Lake County Park,44.9294377,-83.7938381,MI,Michigan,local,modern,campsite,best_effort_confirmed,80,Imported from v22.2.1 master during Supabase wiring setup.,,,public,State / County / Town,"State, county, and town Campgrounds",,Local campgrounds,,,True
s69,Beechwood Campground,44.0385771,-86.4955484,MI,Michigan,state,modern,campsite,best_effort_confirmed,80,Imported from v22.2.1 master during Supabase wiring setup.,,,public,State / County / Town,"State, county, and town Campgrounds",,State campgrounds,,,True
s72,Benton Lake Campground,43.66944444,-85.88972222,MI,Michigan,federal,rustic,campsite,best_effort_confirmed,80,Imported from v22.2.1 master during Supabase wiring setup.,Federal campground on Benton Lake in the Baldwin/White Cloud district.,https://www.fs.usda.gov/r09/huron-manistee/recreation/benton-lake-campground,federal rustic,,,US Forest Service,Federal campgrounds,Varies,No,True
s1084,Bermuda Campsite on Grand Island,46.471847,-86.653882,MI,Michigan,federal,modern,campsite,best_effort_confirmed,80,Imported from v22.2.1 master during Supabase wiring setup.,"Official Hiawatha National Forest backcountry campsite page added. Hike-in, bike-in, or boat-in site on Grand Island.",https://www.fs.usda.gov/r09/hiawatha/recreation/bermuda-campsite-grand-island,public,Federal Campgrounds,Federal Campgrounds,US Forest Service,Federal campground,,,True
s75,Betsie River Campsite,44.6127423,-86.2034603,MI,Michigan,private,modern,campsite,best_effort_confirmed,80,Imported from v22.2.1 master during Supabase wiring setup.,Private riverfront campground in the Frankfort / Elberta area with showers and trail access.,https://www.betsieriver.com/,private campground,State / County / Town,"State, county, and town Campgrounds",Private,Private campgrounds,$40-$85/night,Yes,True
s76,Bewabic State Park,46.0942849,-88.4255324,MI,Michigan,state,modern,campsite,best_effort_confirmed,80,Imported from v22.2.1 master during Supabase wiring setup.,,,public,State / County / Town,"State, county, and town Campgrounds",,State campgrounds,,,True
s77,Bewabic State Park Campground,46.28,-88.351,MI,Michigan,state,modern,campsite,best_effort_confirmed,80,Imported from v22.2.1 master during Supabase wiring setup.,Starter addition in v18.5. State campground pin to verify against your master data.,https://www.michigan.gov/recsearch/parks/bewabic,state modern,,,Michigan DNR,State campgrounds,Varies,Yes,True
s78,Bewabik Campground,46.0892801,-88.4350772,MI,Michigan,state,modern,campsite,best_effort_confirmed,80,Imported from v22.2.1 master during Supabase wiring setup.,,,public,State / County / Town,"State, county, and town Campgrounds",,State campgrounds,,,True
s81,Big Bear Lake State Forest Campground,44.9451415,-84.3827073,MI,Michigan,state,rustic,campsite,best_effort_confirmed,80,Imported from v22.2.1 master during Supabase wiring setup.,,,public,State / County / Town,"State, county, and town Campgrounds",,State campgrounds,,,True
s82,Big Bear Point State Forest Campground,44.9421961,-84.3881149,MI,Michigan,state,rustic,campsite,best_effort_confirmed,80,Imported from v22.2.1 master during Supabase wiring setup.,,,public,State / County / Town,"State, county, and town Campgrounds",,State campgrounds,,,True
s83,Big Bend Family Campground,44.025994,-83.8266495,MI,Michigan,private,modern,campsite,best_effort_confirmed,80,Imported from v22.2.1 master during Supabase wiring setup.,,,private,Private Campgrounds,Private campgrounds,,Private campgrounds,,,True
s84,Big Bend Park,43.5178831,-85.5795383,MI,Michigan,state,modern,campsite,best_effort_confirmed,80,Imported from v22.2.1 master during Supabase wiring setup.,,,public,State / County / Town,"State, county, and town Campgrounds",,State campgrounds,,,True
s86,Big Eric's Bridge State Forest Campground,46.8646395,-88.0839707,MI,Michigan,state,rustic,campsite,best_effort_confirmed,80,Imported from v22.2.1 master during Supabase wiring setup.,,,public,State / County / Town,"State, county, and town Campgrounds",,State campgrounds,,,True
s87,Big Knob State Forest Campground,46.0388835,-85.5937796,MI,Michigan,state,rustic,campsite,best_effort_confirmed,80,Imported from v22.2.1 master during Supabase wiring setup.,,,public,State / County / Town,"State, county, and town Campgrounds",,State campgrounds,,,True
s88,Big Lake State Forest Campground,46.6110982,-88.5690704,MI,Michigan,state,rustic,campsite,best_effort_confirmed,80,Imported from v22.2.1 master during Supabase wiring setup.,,,public,State / County / Town,"State, county, and town Campgrounds",,State campgrounds,,,True
s92,Bishop Lake Campgrounds,42.5028578,-83.8446521,MI,Michigan,state,modern,campsite,best_effort_confirmed,80,Imported from v22.2.1 master during Supabase wiring setup.,,,public,State / County / Town,"State, county, and town Campgrounds",,State campgrounds,,,True
s93,Black Creek State Forest Campground,43.7111794,-84.3976962,MI,Michigan,state,rustic,campsite,best_effort_confirmed,80,Imported from v22.2.1 master during Supabase wiring setup.,,,public,State / County / Town,"State, county, and town Campgrounds",,State campgrounds,,,True
s95,Black Lake State Forest Campground,45.4896133,-84.2622058,MI,Michigan,state,rustic,campsite,best_effort_confirmed,80,Imported from v22.2.1 master during Supabase wiring setup.,,,public,State / County / Town,"State, county, and town Campgrounds",,State campgrounds,,,True
s98,Black River State Forest Campground,46.1172577,-85.3635617,MI,Michigan,state,rustic,campsite,best_effort_confirmed,80,Imported from v22.2.1 master during Supabase wiring setup.,,,public,State / County / Town,"State, county, and town Campgrounds",,State campgrounds,,,True
s102,Blacksmith Bayou River Access Camping,44.25777858,-86.03194482,MI,Michigan,boondocking,rustic,campsite,best_effort_confirmed,80,Imported from v22.2.1 master during Supabase wiring setup.,Primitive camping / river access area on the lower Manistee River corridor.,https://www.fs.usda.gov/r09/huron-manistee/recreation/blacksmith-bayou-river-access,boondocking,,,US Forest Service,Boondocking / dispersed,Varies,No,True
s104,Blind Sucker #2 State Forest Campground,46.6678909,-85.7533283,MI,Michigan,state,rustic,campsite,best_effort_confirmed,80,Imported from v22.2.1 master during Supabase wiring setup.,Official Michigan state forest campground page added. Rustic campground on Blind Sucker Flooding with hand-pump well and vault toilet.,https://www.michigan.gov/recsearch/sfcampgroundsa-m/blindsucker2,public,State / County / Town,"State, county, and town Campgrounds",,State campgrounds,,,True
s105,Blind Sucker State Forest Campground,46.6688815,-85.7615426,MI,Michigan,state,rustic,campsite,best_effort_confirmed,80,Imported from v22.2.1 master during Supabase wiring setup.,,,public,State / County / Town,"State, county, and town Campgrounds",,State campgrounds,,,True
s115,Blue Lake Park,43.449488,-86.1934664,MI,Michigan,state,modern,campsite,best_effort_confirmed,80,Imported from v22.2.1 master during Supabase wiring setup.,,,public,State / County / Town,"State, county, and town Campgrounds",,State campgrounds,,,True
s1031,Bob Lake Campground,46.66230759,-88.91411255,MI,Michigan,federal,modern,campsite,best_effort_confirmed,80,Imported from v22.2.1 master during Supabase wiring setup.,"Ottawa National Forest campground southeast of Ontonagon with 17 sites, hand-pump water, and vault toilets. Good west-end public-land basecamp.",https://www.fs.usda.gov/r09/ottawa/recreation/bob-lake-campground,federal,Federal Campgrounds,Federal Campgrounds,,Federal campgrounds,,,True
s119,Bodi Lake State Forest Campground,46.7071144,-85.3353502,MI,Michigan,state,rustic,campsite,best_effort_confirmed,80,Imported from v22.2.1 master during Supabase wiring setup.,,,public,State / County / Town,"State, county, and town Campgrounds",,State campgrounds,,,True
s1091,Bond Falls East Campground,46.4096,-89.0853,MI,Michigan,boondocking,rustic,campsite,best_effort_confirmed,80,Imported from v22.2.1 master during Supabase wiring setup.,Utility-owned recreation area on Bond Falls Road. Campendium lists this as a first-come campground with free camping reported by users and a 14-day maximum stay.,https://www.campendium.com/bond-falls-east-campground,boondocking,Boondocking,Boondocking / dispersed,User-reported / public-land or utility recreation lead,Boondocking / dispersed,Free,No,True
s1090,Bond Falls West Campground,46.3953,-89.1394,MI,Michigan,boondocking,rustic,campsite,best_effort_confirmed,80,Imported from v22.2.1 master during Supabase wiring setup.,"Utility-owned recreation area at Bond Falls Flowage. Campendium reports first-come sites, permit pickup via the outpost/park manager, and camping currently free despite fee-area signage.",https://www.campendium.com/bond-falls-campground,boondocking,Boondocking,Boondocking / dispersed,User-reported / public-land or utility recreation lead,Boondocking / dispersed,Free,No,True
s130,Bowman Bridge Campground,43.88777778,-85.93333333,MI,Michigan,federal,rustic,campsite,best_effort_confirmed,80,Imported from v22.2.1 master during Supabase wiring setup.,Federal riverside campground on the Pere Marquette corridor.,https://www.fs.usda.gov/r09/huron-manistee/recreation/bowman-bridge-campground,federal rustic,,,US Forest Service,Federal campgrounds,Varies,No,True
s131,Bowman Lake Backcountry Campsites,43.891536,-85.969627,MI,Michigan,federal,rustic,campsite,best_effort_confirmed,80,Imported from v22.2.1 master during Supabase wiring setup.,Walk-in / carry-in federal backcountry campsites near Baldwin.,https://www.fs.usda.gov/r09/huron-manistee/recreation/bowman-lake-backcountry-campsites,federal rustic,,,US Forest Service,Federal campgrounds,Free,No,True
s132,Bray Creek State Forest Campground,43.9149505,-85.8245626,MI,Michigan,state,rustic,campsite,best_effort_confirmed,80,Imported from v22.2.1 master during Supabase wiring setup.,Rustic state forest campground just northeast of Baldwin.,https://www.michigan.gov/recsearch/sfcampgroundsa-m/braycreek,state rustic,State / County / Town,"State, county, and town Campgrounds",Michigan DNR,State campgrounds,Varies,No,True
s134,Brevoort Lake Campground,46.00755,-84.972104,MI,Michigan,federal,rustic,campsite,best_effort_confirmed,80,Imported from v22.2.1 master during Supabase wiring setup.,Federal campground on Brevoort Lake southwest of St. Ignace.,https://www.fs.usda.gov/r09/hiawatha/recreation/brevoort-lake-campground,federal rustic,,,US Forest Service,Federal campgrounds,Varies,No,True
s135,Brimley State Park Campground,46.388,-84.555,MI,Michigan,state,modern,campsite,best_effort_confirmed,80,Imported from v22.2.1 master during Supabase wiring setup.,Starter addition in v18.5. State campground pin to verify against your master data.,https://www.michigan.gov/recsearch/parks/brimley,state modern,,,Michigan DNR,State campgrounds,Varies,Yes,True
s138,Brower Park,43.5621029,-85.5437984,MI,Michigan,state,modern,campsite,best_effort_confirmed,80,Imported from v22.2.1 master during Supabase wiring setup.,,,public,State / County / Town,"State, county, and town Campgrounds",,State campgrounds,,,True
s139,Bruin Lake Modern Campground,42.4236822,-84.0426624,MI,Michigan,state,modern,campsite,best_effort_confirmed,80,Imported from v22.2.1 master during Supabase wiring setup.,,,public,State / County / Town,"State, county, and town Campgrounds",,State campgrounds,,,True
s147,Burt Lake State Park,45.4020491,-84.6217363,MI,Michigan,state,modern,campsite,best_effort_confirmed,80,Imported from v22.2.1 master during Supabase wiring setup.,,,public,State / County / Town,"State, county, and town Campgrounds",,State campgrounds,,,True
s148,Buttersville Park,43.9376252,-86.4524399,MI,Michigan,state,modern,campsite,best_effort_confirmed,80,Imported from v22.2.1 master during Supabase wiring setup.,,,public,State / County / Town,"State, county, and town Campgrounds",,State campgrounds,,,True
s149,Cade Lake County Park & Campground,41.796808,-85.369557,MI,Michigan,local,modern,campsite,best_effort_confirmed,80,Imported from v22.2.1 master during Supabase wiring setup.,,,public,State / County / Town,"State, county, and town Campgrounds",,Local campgrounds,,,True
s150,Cadillac Woods Campground,44.1486186,-85.3249231,MI,Michigan,private,modern,campsite,best_effort_confirmed,80,Imported from v22.2.1 master during Supabase wiring setup.,,,private,Private Campgrounds,Private campgrounds,,Private campgrounds,,,True
s154,Camp Cook Campsites,46.0391177,-86.581667,MI,Michigan,federal,modern,campsite,best_effort_confirmed,80,Imported from v22.2.1 master during Supabase wiring setup.,Official Hiawatha National Forest campsites page added. Four campsites near the Fishdam River; restroom available.,https://www.fs.usda.gov/r09/hiawatha/recreation/camp-cook-campsites,public,Federal Campgrounds,Federal Campgrounds,US Forest Service,Federal campground,,,True
s157,Camp Pet-O-Se-Ga,45.390394,-84.7411109,MI,Michigan,state,modern,campsite,best_effort_confirmed,80,Imported from v22.2.1 master during Supabase wiring setup.,,,public,State / County / Town,"State, county, and town Campgrounds",,State campgrounds,,,True
s158,Camper's Cove RV Park & Canoe Livery,45.1138155,-83.5577408,MI,Michigan,private,modern,campsite,best_effort_confirmed,80,Imported from v22.2.1 master during Supabase wiring setup.,,,private,Private Campgrounds,Private campgrounds,,Private campgrounds,,,True
s163,Canoe Harbor State Forest Campground,44.6073323,-84.4704065,MI,Michigan,state,rustic,campsite,best_effort_confirmed,80,Imported from v22.2.1 master during Supabase wiring setup.,,,public,State / County / Town,"State, county, and town Campgrounds",,State campgrounds,,,True
s164,Canoe Lake State Forest Campground,46.4584804,-86.2913255,MI,Michigan,state,rustic,campsite,best_effort_confirmed,80,Imported from v22.2.1 master during Supabase wiring setup.,,,public,State / County / Town,"State, county, and town Campgrounds",,State campgrounds,,,True
s165,Carney Lake State Forest Campground,45.8919444,-87.94,MI,Michigan,state,rustic,campsite,best_effort_confirmed,80,Imported from v22.2.1 master during Supabase wiring setup.,,,public,State / County / Town,"State, county, and town Campgrounds",,State campgrounds,,,True
s166,Carp River Campground,46.0330556,-84.7191667,MI,Michigan,federal,rustic,campsite,best_effort_confirmed,80,Imported from v22.2.1 master during Supabase wiring setup.,Federal rustic campground adjacent to the Carp Wild and Scenic River.,https://www.fs.usda.gov/r09/hiawatha/recreation/carp-river-campground,federal rustic,State / County / Town,"State, county, and town Campgrounds",US Forest Service,Federal campgrounds,Varies,No,True
s1080,Carr Lake Campsites,46.0778063,-86.5081703,MI,Michigan,federal,modern,campsite,best_effort_confirmed,80,Imported from v22.2.1 master during Supabase wiring setup.,Official Hiawatha National Forest primitive campsite page added. Secluded carry-in campsite at Carr Lake.,https://www.fs.usda.gov/r09/hiawatha/recreation/carr-lake-campsites,public,Federal Campgrounds,Federal Campgrounds,US Forest Service,Federal campground,,,True
s167,Carrieville State Forest Campground,44.0452799,-85.7227557,MI,Michigan,state,rustic,campsite,best_effort_confirmed,80,Imported from v22.2.1 master during Supabase wiring setup.,State forest campground on the Little Manistee River with direct trail access.,https://www.michigan.gov/recsearch/sfcampgroundsa-m/carrieville,state rustic,State / County / Town,"State, county, and town Campgrounds",Michigan DNR,State campgrounds,Varies,No,True
s169,Castle Rock Lakefront Campark,45.9088498,-84.7375751,MI,Michigan,state,modern,campsite,best_effort_confirmed,80,Imported from v22.2.1 master during Supabase wiring setup.,,,public,State / County / Town,"State, county, and town Campgrounds",,State campgrounds,,,True
s170,Castle Rock Ponds Dispersed Camping,45.92394461426288,-84.7958525754365,MI,Michigan,boondocking,rustic,campsite,best_effort_confirmed,80,Imported from v22.2.1 master during Supabase wiring setup.,Primitive dispersed camping area near St. Ignace with multiple pond-side pull-ins.,https://thedyrt.com/camping/michigan/castle-rock-ponds,boondocking,,,Public Land,Boondocking / dispersed,Free,No,True
s171,Catchin' Crickets Campground & Vacation Rental,46.4037605,-86.4685597,MI,Michigan,private,modern,campsite,best_effort_confirmed,80,Imported from v22.2.1 master during Supabase wiring setup.,,,private,Private Campgrounds,Private campgrounds,,Private campgrounds,,,True
s173,CCC Bridge State Forest Campground,44.6141359,-84.990496,MI,Michigan,state,rustic,campsite,best_effort_confirmed,80,Imported from v22.2.1 master during Supabase wiring setup.,,,public,State / County / Town,"State, county, and town Campgrounds",,State campgrounds,,,True
s174,Cedar Campground,44.0372751,-86.5015497,MI,Michigan,state,modern,campsite,best_effort_confirmed,80,Imported from v22.2.1 master during Supabase wiring setup.,,,public,State / County / Town,"State, county, and town Campgrounds",,State campgrounds,,,True
s179,Cedar River North State Forest Campground,45.5022965,-87.3979015,MI,Michigan,state,rustic,campsite,best_effort_confirmed,80,Imported from v22.2.1 master during Supabase wiring setup.,,,public,State / County / Town,"State, county, and town Campgrounds",,State campgrounds,,,True
s185,Cheboygan State Park Campground,45.6581784,-84.4175978,MI,Michigan,state,modern,campsite,best_effort_confirmed,80,Imported from v22.2.1 master during Supabase wiring setup.,,,public,State / County / Town,"State, county, and town Campgrounds",,State campgrounds,,,True
s188,Chicago Lake Dispersed Campsite,46.0400874,-86.5984684,MI,Michigan,state,rustic,campsite,best_effort_confirmed,80,Imported from v22.2.1 master during Supabase wiring setup.,,,public,State / County / Town,"State, county, and town Campgrounds",,State campgrounds,,,True
s191,Chocolay River RV & Campgrounds,46.4797218,-87.2818063,MI,Michigan,state,modern,campsite,best_effort_confirmed,80,Imported from v22.2.1 master during Supabase wiring setup.,,,public,State / County / Town,"State, county, and town Campgrounds",,State campgrounds,,,True
s193,City of Au Gres Riverfront Campground,44.049785,-83.68605,MI,Michigan,local,modern,campsite,best_effort_confirmed,80,Imported from v22.2.1 master during Supabase wiring setup.,,,public,State / County / Town,"State, county, and town Campgrounds",,Local campgrounds,,,True
s1058,City of Houghton RV Park,47.12032087,-88.58770467,MI,Michigan,local,modern,campsite,best_effort_confirmed,80,Imported from v22.2.1 master during Supabase wiring setup.,City-operated RV park on the Portage Waterway at 1100 W Lakeshore Drive.,https://www.cityofhoughton.com/rv-park/,local modern,Local Campgrounds,Local Campgrounds,,Local campgrounds,,,True
s195,Clear Lake Campsite,46.244722,-86.413889,MI,Michigan,boondocking,rustic,campsite,best_effort_confirmed,80,Imported from v22.2.1 master during Supabase wiring setup.,Primitive drive-in dispersed campsite in the Manistique / Rapid River district.,https://thedyrt.com/camping/michigan/manistique-rapid-river-dispersed-campsites,boondocking,,,Hiawatha National Forest / user-reported location,Boondocking / dispersed,Free,No,True
s196,Clear Lake State Campground,45.1334047,-84.1768065,MI,Michigan,state,modern,campsite,best_effort_confirmed,80,Imported from v22.2.1 master during Supabase wiring setup.,,,public,State / County / Town,"State, county, and town Campgrounds",,State campgrounds,,,True
s197,Clear Water Campgrounds,42.8361856,-83.4479691,MI,Michigan,private,modern,campsite,best_effort_confirmed,80,Imported from v22.2.1 master during Supabase wiring setup.,,,private,Private Campgrounds,Private campgrounds,,Private campgrounds,,,True
s198,Cliffs Individual Campsite,46.473569,-86.572191,MI,Michigan,state,modern,campsite,best_effort_confirmed,80,Imported from v22.2.1 master during Supabase wiring setup.,,,public,State / County / Town,"State, county, and town Campgrounds",,State campgrounds,,,True
s1092,Coalwood Trail Dispersed Campsite,46.36429086,-86.5648994,MI,Michigan,boondocking,rustic,campsite,best_effort_confirmed,80,Imported from v22.2.1 master during Supabase wiring setup.,The Dyrt dispersed camping lead in Hiawatha National Forest near Wetmore. Primitive drive-in site with limited services and mosquito-heavy conditions reported by campers.,https://thedyrt.com/camping/michigan/dispersed-camping-off-coalwood-trail,boondocking,Boondocking,Boondocking / dispersed,User-reported / public-land or utility recreation lead,Boondocking / dispersed,Free,No,True
s201,Cold Brook County Park,42.2567772,-85.3514099,MI,Michigan,local,modern,campsite,best_effort_confirmed,80,Imported from v22.2.1 master during Supabase wiring setup.,,,public,State / County / Town,"State, county, and town Campgrounds",,Local campgrounds,,,True
s202,Coldwater Lake Family Park,43.6634453,-84.9498614,MI,Michigan,state,modern,campsite,best_effort_confirmed,80,Imported from v22.2.1 master during Supabase wiring setup.,,,public,State / County / Town,"State, county, and town Campgrounds",,State campgrounds,,,True
s205,Colwell Lake Campground,46.2216667,-86.4375,MI,Michigan,state,modern,campsite,best_effort_confirmed,80,Imported from v22.2.1 master during Supabase wiring setup.,,,public,State / County / Town,"State, county, and town Campgrounds",,State campgrounds,,,True
s1075,Cookson Lake Campsites,46.1952825,-86.5615597,MI,Michigan,federal,modern,campsite,best_effort_confirmed,80,Imported from v22.2.1 master during Supabase wiring setup.,Official Hiawatha National Forest primitive campsites page added. Five primitive sites on Cookson Lake.,https://www.fs.usda.gov/r09/hiawatha/recreation/cookson-lake-campsites,public,Federal Campgrounds,Federal Campgrounds,US Forest Service,Federal campground,,,True
s210,Corner Lake Campground,46.153047,-86.6094157,MI,Michigan,federal,modern,campsite,best_effort_confirmed,80,Imported from v22.2.1 master during Supabase wiring setup.,Official Hiawatha National Forest campground page added. OHV camping area.,https://www.fs.usda.gov/r09/hiawatha/recreation/corner-lake-campground,public,Federal Campgrounds,Federal Campgrounds,US Forest Service,Federal campground,,,True
s211,Corner Lake Recreation Area,46.153293,-86.6079294,MI,Michigan,state,modern,campsite,best_effort_confirmed,80,Imported from v22.2.1 master during Supabase wiring setup.,,,public,State / County / Town,"State, county, and town Campgrounds",,State campgrounds,,,True
s1077,Council Lake Campsites,46.2419622,-86.646949,MI,Michigan,federal,modern,campsite,best_effort_confirmed,80,Imported from v22.2.1 master during Supabase wiring setup.,Official Hiawatha National Forest primitive campsites page added. Four primitive sites on Council Lake.,https://www.fs.usda.gov/r09/hiawatha/recreation/council-lake-campsites,public,Federal Campgrounds,Federal Campgrounds,US Forest Service,Federal campground,,,True
s214,Council Lake Dispersed Campsite,46.2416217,-86.6470178,MI,Michigan,state,rustic,campsite,best_effort_confirmed,80,Imported from v22.2.1 master during Supabase wiring setup.,,,public,State / County / Town,"State, county, and town Campgrounds",,State campgrounds,,,True
s1032,Courtney Lake Campground,46.41583408,-88.68205671,MI,Michigan,federal,modern,campsite,best_effort_confirmed,80,Imported from v22.2.1 master during Supabase wiring setup.,"Ottawa National Forest campground with 21 sites plus 2 walk-in tent sites. First-come, first-served.",https://www.fs.usda.gov/r09/ottawa/recreation/courtney-lake-campground,federal,Federal Campgrounds,Federal Campgrounds,,Federal campgrounds,,,True
s1053,Craig Lake Backcountry Campsites,46.539832,-88.135471,MI,Michigan,state,rustic,campsite,best_effort_confirmed,80,Imported from v22.2.1 master during Supabase wiring setup.,"Michigan state park backcountry camping complex with 22 designated hike-in sites plus paddle-in-only campsites. Remote, reservation-only, and best treated as rustic backcountry camping.",https://www.michigan.gov/recsearch/parks/craiglake,state rustic,State Campgrounds,State Campgrounds,,State campgrounds,,,True
s220,Craig Lake Trailhead,46.5993414,-88.1896578,MI,Michigan,state,modern,campsite,best_effort_confirmed,80,Imported from v22.2.1 master during Supabase wiring setup.,,,public,State / County / Town,"State, county, and town Campgrounds",,State campgrounds,,,True
s223,Crooked Lake Campsites,46.21686556,-86.43164556,MI,Michigan,federal,modern,campsite,best_effort_confirmed,80,Imported from v22.2.1 master during Supabase wiring setup.,Official Hiawatha National Forest campsites page added. Primitive campsite area; no potable water or restrooms.,https://www.fs.usda.gov/r09/hiawatha/recreation/crooked-lake-campsites,public,Federal Campgrounds,Federal Campgrounds,US Forest Service,Federal campground,,,True
s224,Crooked Lake Rustic Campground,42.4211493,-83.9799803,MI,Michigan,state,rustic,campsite,best_effort_confirmed,80,Imported from v22.2.1 master during Supabase wiring setup.,,,public,State / County / Town,"State, county, and town Campgrounds",,State campgrounds,,,True
s225,Croton Township Campground,43.4463922,-85.658117,MI,Michigan,local,modern,campsite,best_effort_confirmed,80,Imported from v22.2.1 master during Supabase wiring setup.,,,public,State / County / Town,"State, county, and town Campgrounds",,Local campgrounds,,,True
s229,Culhane Lake State Forest Campground,46.6948343,-85.3589905,MI,Michigan,state,rustic,campsite,best_effort_confirmed,80,Imported from v22.2.1 master during Supabase wiring setup.,Official Michigan state forest campground page added. Rustic campground with hand-pump well and North Country Trail access.,https://www.michigan.gov/recsearch/sfcampgroundsa-m/culhanelake,public,State / County / Town,"State, county, and town Campgrounds",,State campgrounds,,,True
s230,Cusino Lake State Forest Campground,46.4590391,-86.2603165,MI,Michigan,state,rustic,campsite,best_effort_confirmed,80,Imported from v22.2.1 master during Supabase wiring setup.,,,public,State / County / Town,"State, county, and town Campgrounds",,State campgrounds,,,True
s231,D.H. Day Campground,44.8973,-86.0206,MI,Michigan,federal,rustic,campsite,best_effort_confirmed,80,Imported from v22.2.1 master during Supabase wiring setup.,Rustic Sleeping Bear Dunes campground near Glen Arbor with vault toilets and beach access.,https://www.nps.gov/slbe/planyourvisit/dhdaycamp.htm,federal rustic,,,National Park Service,Federal campgrounds,$10-$25/night,No,True
s234,Dead River #1,46.6422225,-87.8237293,MI,Michigan,boondocking,rustic,campsite,best_effort_confirmed,80,Imported from v22.2.1 master during Supabase wiring setup.,A road follow the river with several places you could turn out to camp.,,boondocking,Boondocking,Boondocking places I've been,,Boondocking / dispersed,,,True
s236,Deer Lake State Forest Campground,46.3258333,-88.3241667,MI,Michigan,state,rustic,campsite,best_effort_confirmed,80,Imported from v22.2.1 master during Supabase wiring setup.,,,public,State / County / Town,"State, county, and town Campgrounds",,State campgrounds,,,True
s244,DeTour State Forest Campground,45.9613516,-84.0096737,MI,Michigan,state,rustic,campsite,best_effort_confirmed,80,Imported from v22.2.1 master during Supabase wiring setup.,,,public,State / County / Town,"State, county, and town Campgrounds",,State campgrounds,,,True
s249,Devoe Campground,44.3973889,-84.0285556,MI,Michigan,state,modern,campsite,best_effort_confirmed,80,Imported from v22.2.1 master during Supabase wiring setup.,,,public,State / County / Town,"State, county, and town Campgrounds",,State campgrounds,,,True
s251,Diamond Point Campground,43.47444444,-86.21166667,MI,Michigan,federal,rustic,campsite,best_effort_confirmed,80,Imported from v22.2.1 master during Supabase wiring setup.,"Federal campground in the Baldwin/White Cloud district, popular for river access.",https://www.fs.usda.gov/r09/huron-manistee/recreation/diamond-point,federal rustic,,,US Forest Service,Federal campgrounds,Varies,No,True
s252,Dispersed Camping Hovey Lake Equine Trailhead,46.287288525247135,-86.70274273218466,MI,Michigan,boondocking,rustic,campsite,best_effort_confirmed,80,Imported from v22.2.1 master during Supabase wiring setup.,Horse-friendly primitive dispersed camping / trailhead area in the Wetmore district.,https://thedyrt.com/camping/michigan/dispersed-camping-hovey-lake-equine-trailhead,boondocking,,,Hiawatha National Forest / user-reported location,Boondocking / dispersed,Free,No,True
s1085,Driftwood Campsite on Grand Island,46.48614639,-86.64639444,MI,Michigan,federal,modern,campsite,best_effort_confirmed,80,Imported from v22.2.1 master during Supabase wiring setup.,"Official Hiawatha National Forest backcountry campsite page added. Hike-in, bike-in, or boat-in site on Grand Island.",https://www.fs.usda.gov/r09/hiawatha/recreation/driftwood-campsite-grand-island,public,Federal Campgrounds,Federal Campgrounds,US Forest Service,Federal campground,,,True
s254,Drummond Island RV Park,46.0340028,-83.6749542,MI,Michigan,state,modern,campsite,best_effort_confirmed,80,Imported from v22.2.1 master during Supabase wiring setup.,,,public,State / County / Town,"State, county, and town Campgrounds",,State campgrounds,,,True
s1086,Duck Lake Campsite on Grand Island,46.47927195,-86.65136611,MI,Michigan,federal,modern,campsite,best_effort_confirmed,80,Imported from v22.2.1 master during Supabase wiring setup.,"Official Hiawatha National Forest backcountry campsite page added. Hike-in, bike-in, or boat-in site on Grand Island.",https://www.fs.usda.gov/r09/hiawatha/recreation/duck-lake-campsite-grand-island,public,Federal Campgrounds,Federal Campgrounds,US Forest Service,Federal campground,,,True
s257,Duel Lake,46.0155166,-85.6510776,MI,Michigan,boondocking,rustic,campsite,best_effort_confirmed,80,Imported from v22.2.1 master during Supabase wiring setup.,,,boondocking,Boondocking,places from others,,Boondocking / dispersed,,,True
s259,Dune Lake Campground,42.2573443,-86.329028,MI,Michigan,state,modern,campsite,best_effort_confirmed,80,Imported from v22.2.1 master during Supabase wiring setup.,,,public,State / County / Town,"State, county, and town Campgrounds",,State campgrounds,,,True
s260,Dunes campground,44.7154194,-86.119273,MI,Michigan,federal,rustic,campsite,best_effort_confirmed,80,Imported from v22.2.1 master during Supabase wiring setup.,,,federal,Federal Lands,Federal Lands,,Federal campgrounds,,,True
s265,East Branch of the Fox River State Forest Campground,46.4663447,-85.9448416,MI,Michigan,state,rustic,campsite,best_effort_confirmed,80,Imported from v22.2.1 master during Supabase wiring setup.,,,public,State / County / Town,"State, county, and town Campgrounds",,State campgrounds,,,True
s266,East Branch Whitefish,46.0916972,-86.8489415,MI,Michigan,boondocking,rustic,campsite,best_effort_confirmed,80,Imported from v22.2.1 master during Supabase wiring setup.,Nice spot on the river.,,boondocking,Boondocking,Boondocking places I've been,,Boondocking / dispersed,,,True
s268,East Jordan City Tourist Park,45.1564852,-85.1423686,MI,Michigan,local,modern,campsite,best_effort_confirmed,80,Imported from v22.2.1 master during Supabase wiring setup.,,,public,State / County / Town,"State, county, and town Campgrounds",,Local campgrounds,,,True
s269,East Lake Campsites,46.178469,-86.413376,MI,Michigan,federal,modern,campsite,best_effort_confirmed,80,Imported from v22.2.1 master during Supabase wiring setup.,Official Hiawatha National Forest campsites page added. Three primitive campsites; no potable water or restrooms.,https://www.fs.usda.gov/r09/hiawatha/recreation/east-lake-campsites,public,Federal Campgrounds,Federal Campgrounds,US Forest Service,Federal campground,,,True
s274,Elk Hill Campground,45.1821755,-84.4194743,MI,Michigan,state,modern,campsite,best_effort_confirmed,80,Imported from v22.2.1 master during Supabase wiring setup.,,,public,State / County / Town,"State, county, and town Campgrounds",,State campgrounds,,,True
s277,Emily Lake State Forest Campground,46.856845,-88.8549562,MI,Michigan,state,rustic,campsite,best_effort_confirmed,80,Imported from v22.2.1 master during Supabase wiring setup.,,,public,State / County / Town,"State, county, and town Campgrounds",,State campgrounds,,,True
s278,Empire Township Campground,44.7860643,-86.0021442,MI,Michigan,local,modern,campsite,best_effort_confirmed,80,Imported from v22.2.1 master during Supabase wiring setup.,,,public,State / County / Town,"State, county, and town Campgrounds",,Local campgrounds,,,True
s280,Escanaba River boondock,46.13046982197724,-87.41046226029941,MI,Michigan,boondocking,rustic,campsite,best_effort_confirmed,80,Imported from v22.2.1 master during Supabase wiring setup.,User-provided boondocking site on the Escanaba River. No amenities.,,boondocking,Boondocking,User-provided boondocking places,,Boondocking / dispersed,,,True
s281,Escanaba River boondock,46.07119749151616,-87.34493797323816,MI,Michigan,boondocking,rustic,campsite,best_effort_confirmed,80,Imported from v22.2.1 master during Supabase wiring setup.,User-provided boondocking site on the Escanaba River. No amenities.,,boondocking,Boondocking,User-provided boondocking places,,Boondocking / dispersed,,,True
s282,Escanaba river site,46.14544310151374,-87.42433039567379,MI,Michigan,boondocking,rustic,campsite,best_effort_confirmed,80,Imported from v22.2.1 master during Supabase wiring setup.,User-provided boondocking site on the Escanaba River. No amenities.,,boondocking,Boondocking,User-provided boondocking places,,Boondocking / dispersed,,,True
s283,Ess Lake State Forest Campground,45.1082934,-83.9817281,MI,Michigan,state,rustic,campsite,best_effort_confirmed,80,Imported from v22.2.1 master during Supabase wiring setup.,,,public,State / County / Town,"State, county, and town Campgrounds",,State campgrounds,,,True
s1088,Ewing Point Campsite,46.21719223,-86.59095416,MI,Michigan,federal,modern,campsite,best_effort_confirmed,80,Imported from v22.2.1 master during Supabase wiring setup.,Official Hiawatha National Forest walk-in campsite page added. Walk-in site on McKeever Lake.,https://www.fs.usda.gov/r09/hiawatha/recreation/ewing-point-campsite,public,Federal Campgrounds,Federal Campgrounds,US Forest Service,Federal campground,,,True
s285,F.J. McLain State Park Campground,47.197,-88.585,MI,Michigan,state,modern,campsite,best_effort_confirmed,80,Imported from v22.2.1 master during Supabase wiring setup.,Starter addition in v18.5. State campground pin to verify against your master data.,https://www.michigan.gov/recsearch/parks/mclain,state modern,,,Michigan DNR,State campgrounds,Varies,Yes,True
s287,Fairport Marina Campground,45.62536780231755,-86.66934906802747,MI,Michigan,state,modern,campsite,best_effort_confirmed,80,Imported from v22.2.1 master during Supabase wiring setup.,User-provided named campground site at Fairport Marina. No amenities noted.,,public,State / County / Town,"State, county, and town Campgrounds",,State campgrounds,,,True
s289,Farquar-Metsa Tourist Park,46.2839308,-87.4372214,MI,Michigan,state,modern,campsite,best_effort_confirmed,80,Imported from v22.2.1 master during Supabase wiring setup.,,,public,State / County / Town,"State, county, and town Campgrounds",,State campgrounds,,,True
s290,Fayette Historic State Park Campground,45.71202556630997,-86.66693614833193,MI,Michigan,state,modern,campsite,best_effort_confirmed,80,Imported from v22.2.1 master during Supabase wiring setup.,Official Michigan state park campground page added.,https://www.michigan.gov/recsearch/parks/fayette,public,State / County / Town,"State, county, and town Campgrounds",Michigan DNR,State campgrounds,Varies,Yes,True
s297,Fisher's Run Park,44.7064027,-85.7774675,MI,Michigan,state,modern,campsite,best_effort_confirmed,80,Imported from v22.2.1 master during Supabase wiring setup.,,,public,State / County / Town,"State, county, and town Campgrounds",,State campgrounds,,,True
s298,Fisherman's Island State Park,45.308006,-85.3101978,MI,Michigan,state,modern,campsite,best_effort_confirmed,80,Imported from v22.2.1 master during Supabase wiring setup.,,,public,State / County / Town,"State, county, and town Campgrounds",,State campgrounds,,,True
s299,Fisherman's Island State Park Rustic Campground,45.2667,-85.3611,MI,Michigan,state,rustic,campsite,best_effort_confirmed,80,Imported from v22.2.1 master during Supabase wiring setup.,Rustic Lake Michigan state park campground west of Charlevoix.,https://www.michigan.gov/recsearch/parks/fishermans,state rustic,,,Michigan DNR,State campgrounds,Varies,No,True
s300,Fisherman's Island State Park South Campground,45.2908431,-85.3352705,MI,Michigan,state,modern,campsite,best_effort_confirmed,80,Imported from v22.2.1 master during Supabase wiring setup.,,,public,State / County / Town,"State, county, and town Campgrounds",,State campgrounds,,,True
s302,Flat Rock Campsite,46.4766564,-86.6072358,MI,Michigan,state,modern,campsite,best_effort_confirmed,80,Imported from v22.2.1 master during Supabase wiring setup.,,,public,State / County / Town,"State, county, and town Campgrounds",,State campgrounds,,,True
s305,Forest Lake Campground and Picnic Area,46.3057644,-86.8683446,MI,Michigan,state,modern,campsite,best_effort_confirmed,80,Imported from v22.2.1 master during Supabase wiring setup.,,,public,State / County / Town,"State, county, and town Campgrounds",,State campgrounds,,,True
s306,Forestville Campground,46.5842414,-87.4801671,MI,Michigan,state,modern,campsite,best_effort_confirmed,80,Imported from v22.2.1 master during Supabase wiring setup.,,,public,State / County / Town,"State, county, and town Campgrounds",,State campgrounds,,,True
s307,Forks State Forest Campground,44.6732718,-85.4017322,MI,Michigan,state,rustic,campsite,best_effort_confirmed,80,Imported from v22.2.1 master during Supabase wiring setup.,Rustic Boardman River campground south of Williamsburg with paddle-in access and Blue Ribbon trout water.,https://www.michigan.gov/recsearch/sfcampgroundsa-m/forks,state rustic,State / County / Town,"State, county, and town Campgrounds",Michigan DNR,State campgrounds,Varies,No,True
s310,Fort Wilkins Historic State Park,47.4676544,-87.8619897,MI,Michigan,state,modern,campsite,best_effort_confirmed,80,Imported from v22.2.1 master during Supabase wiring setup.,,,public,State / County / Town,"State, county, and town Campgrounds",,State campgrounds,,,True
s311,Fort Wilkins Historic State Park Campground,47.468,-87.888,MI,Michigan,state,modern,campsite,best_effort_confirmed,80,Imported from v22.2.1 master during Supabase wiring setup.,Starter addition in v18.5. State campground pin to verify against your master data.,https://www.michigan.gov/recsearch/parks/fortwilkins,state modern,,,Michigan DNR,State campgrounds,Varies,Yes,True
s315,Fox River State Forest Campground,46.3992767,-86.0317938,MI,Michigan,state,rustic,campsite,best_effort_confirmed,80,Imported from v22.2.1 master during Supabase wiring setup.,,,public,State / County / Town,"State, county, and town Campgrounds",,State campgrounds,,,True
s318,Freighterview Campsite,46.5594076,-86.6531542,MI,Michigan,state,modern,campsite,best_effort_confirmed,80,Imported from v22.2.1 master during Supabase wiring setup.,,,public,State / County / Town,"State, county, and town Campgrounds",,State campgrounds,,,True
s319,French Farm Lake Road Dispersed Camping,45.7621519,-84.7673995,MI,Michigan,boondocking,rustic,campsite,best_effort_confirmed,80,Imported from v22.2.1 master during Supabase wiring setup.,Primitive free dispersed camping area near Mackinaw City.,https://thedyrt.com/camping/michigan/french-lake-rd,boondocking,,,Public Land,Boondocking / dispersed,Free,No,True
s324,Fuller Park Picnic Area,45.578092,-87.246643,MI,Michigan,state,modern,campsite,best_effort_confirmed,80,Imported from v22.2.1 master during Supabase wiring setup.,,,public,State / County / Town,"State, county, and town Campgrounds",,State campgrounds,,,True
s325,Gamefence Campsite,46.4977613,-86.6827022,MI,Michigan,state,modern,campsite,best_effort_confirmed,80,Imported from v22.2.1 master during Supabase wiring setup.,,,public,State / County / Town,"State, county, and town Campgrounds",,State campgrounds,,,True
s327,Garey Lake State Forest Campground,44.7781258,-85.9398618,MI,Michigan,state,rustic,campsite,best_effort_confirmed,80,Imported from v22.2.1 master during Supabase wiring setup.,Rustic equestrian-friendly state forest campground near Empire with access to the Shore-to-Shore Trail.,https://www.michigan.gov/recsearch/sfcampgroundsa-m/gareylakeforest,state rustic,State / County / Town,"State, county, and town Campgrounds",Michigan DNR,State campgrounds,Varies,No,True
s328,Garnet Lake Campground,46.155129,-85.2993545,MI,Michigan,state,modern,campsite,best_effort_confirmed,80,Imported from v22.2.1 master during Supabase wiring setup.,,,public,State / County / Town,"State, county, and town Campgrounds",,State campgrounds,,,True
s330,Genes Pond State Forest Campground,46.0725,-87.8638889,MI,Michigan,state,rustic,campsite,best_effort_confirmed,80,Imported from v22.2.1 master during Supabase wiring setup.,,,public,State / County / Town,"State, county, and town Campgrounds",,State campgrounds,,,True
s335,Gitche Gumee RV Park and Campground,46.4861519,-87.2300882,MI,Michigan,state,modern,campsite,best_effort_confirmed,80,Imported from v22.2.1 master during Supabase wiring setup.,,,public,State / County / Town,"State, county, and town Campgrounds",,State campgrounds,,,True
s337,Gladwin City Park,43.978963,-84.491836,MI,Michigan,local,modern,campsite,best_effort_confirmed,80,Imported from v22.2.1 master during Supabase wiring setup.,,,public,State / County / Town,"State, county, and town Campgrounds",,Local campgrounds,,,True
s338,Glidden Lake State Forest Campground,46.0703753,-88.2378151,MI,Michigan,state,rustic,campsite,best_effort_confirmed,80,Imported from v22.2.1 master during Supabase wiring setup.,,,public,State / County / Town,"State, county, and town Campgrounds",,State campgrounds,,,True
s339,Goose Lake State Forest Campground,44.3568899,-85.2432901,MI,Michigan,state,rustic,campsite,best_effort_confirmed,80,Imported from v22.2.1 master during Supabase wiring setup.,,,public,State / County / Town,"State, county, and town Campgrounds",,State campgrounds,,,True
s1076,Gooseneck Lake Campsites,46.0718825,-86.55002639,MI,Michigan,federal,modern,campsite,best_effort_confirmed,80,Imported from v22.2.1 master during Supabase wiring setup.,Official Hiawatha National Forest primitive campsites page added. Primitive sites on Gooseneck Lake with no potable water.,https://www.fs.usda.gov/r09/hiawatha/recreation/gooseneck-lake-campsites,public,Federal Campgrounds,Federal Campgrounds,US Forest Service,Federal campground,,,True
s340,Government Landing,44.2968,-85.9072,MI,Michigan,boondocking,rustic,campsite,best_effort_confirmed,80,Imported from v22.2.1 master during Supabase wiring setup.,Upper Manistee River designated dispersed camping area with primitive sites and river access.,https://www.fs.usda.gov/r09/huron-manistee/recreation/government-landing,boondocking,,,US Forest Service,Boondocking / dispersed,Varies,No,True
s344,Grass Lake State Forest Campground,44.5921158,-85.8475797,MI,Michigan,state,rustic,campsite,best_effort_confirmed,80,Imported from v22.2.1 master during Supabase wiring setup.,Rustic campground on Grass Lake Flooding managed by Colfax Township with Betsie River access.,https://www.michigan.gov/recsearch/sfcampgroundsa-m/grasslake,local rustic,State / County / Town,"State, county, and town Campgrounds",Michigan DNR,State campground,Varies,No,True
s345,Graves Crossing State Forest Campground,45.0335095,-85.0658735,MI,Michigan,state,rustic,campsite,best_effort_confirmed,80,Imported from v22.2.1 master during Supabase wiring setup.,,,public,State / County / Town,"State, county, and town Campgrounds",,State campgrounds,,,True
s348,Green Lake Campground,44.6222724,-85.7622911,MI,Michigan,state,modern,campsite,best_effort_confirmed,80,Imported from v22.2.1 master during Supabase wiring setup.,,,public,State / County / Town,"State, county, and town Campgrounds",,State campgrounds,,,True
s349,Green Lake Rustic Campground,42.3644995,-84.0713019,MI,Michigan,state,rustic,campsite,best_effort_confirmed,80,Imported from v22.2.1 master during Supabase wiring setup.,,,public,State / County / Town,"State, county, and town Campgrounds",,State campgrounds,,,True
s350,Green Lake Township Memorial Park,44.6081454,-85.7599267,MI,Michigan,local,modern,campsite,best_effort_confirmed,80,Imported from v22.2.1 master during Supabase wiring setup.,,,public,State / County / Town,"State, county, and town Campgrounds",,Local campgrounds,,,True
s355,Group Campground,47.4660331,-87.8774834,MI,Michigan,state,modern,campsite,best_effort_confirmed,80,Imported from v22.2.1 master during Supabase wiring setup.,,,public,State / County / Town,"State, county, and town Campgrounds",,State campgrounds,,,True
s357,Groveland Oaks County Park,42.8235245,-83.5507604,MI,Michigan,local,modern,campsite,best_effort_confirmed,80,Imported from v22.2.1 master during Supabase wiring setup.,,,public,State / County / Town,"State, county, and town Campgrounds",,Local campgrounds,,,True
s358,Guernsey Lake State Forest Campground,44.7151,-85.3201616,MI,Michigan,state,rustic,campsite,best_effort_confirmed,80,Imported from v22.2.1 master during Supabase wiring setup.,"Rustic state forest campground west of Kalkaska with 35 sites, walk-in campsites, and direct access to the Sand Lakes Quiet Area and nearby trail network.",https://www.michigan.gov/recsearch/sfcampgroundsa-m/guernseylake,state rustic,State / County / Town,"State, county, and town Campgrounds",Michigan DNR,State campgrounds,$20,No,True
s359,Haakwood State Forest Campground,45.2985252,-84.6126115,MI,Michigan,state,rustic,campsite,best_effort_confirmed,80,Imported from v22.2.1 master during Supabase wiring setup.,,,public,State / County / Town,"State, county, and town Campgrounds",,State campgrounds,,,True
s1057,Hancock Recreation Area Beach & Campground,47.13271326,-88.6165734,MI,Michigan,local,modern,campsite,best_effort_confirmed,80,Imported from v22.2.1 master during Supabase wiring setup.,"City of Hancock campground on Portage Lake, about a mile west of downtown on M-203.",https://www.cityofhancock.com/recreation-beach-campground.php,local,Local Campgrounds,Local Campgrounds,,Local campgrounds,,,True
s364,Harrisville State Park,44.6474996,-83.2976411,MI,Michigan,state,modern,campsite,best_effort_confirmed,80,Imported from v22.2.1 master during Supabase wiring setup.,,,public,State / County / Town,"State, county, and town Campgrounds",,State campgrounds,,,True
s1066,Harts trail camp LLC,47.184033,-88.502162,MI,Michigan,private,rustic,campsite,best_effort_confirmed,80,Imported from v22.2.1 master during Supabase wiring setup.,Private campground / camp near Hubbell with walk-in and hike-in style camping.,,private campground,Private Campgrounds,Private Campgrounds,,Private campgrounds,,,True
s368,Hartwick Pines State Park Campground,44.739284,-84.6858119,MI,Michigan,state,modern,campsite,best_effort_confirmed,80,Imported from v22.2.1 master during Supabase wiring setup.,Starter addition in v18.5. State campground pin to verify against your master data.,https://www.michigan.gov/recsearch/parks/hartwickpines,state modern,State / County / Town,"State, county, and town Campgrounds",Michigan DNR,State campgrounds,Varies,No,True
s370,Hayes State Park Campground-East Loop,42.0658728,-84.126153,MI,Michigan,state,modern,campsite,best_effort_confirmed,80,Imported from v22.2.1 master during Supabase wiring setup.,,,public,State / County / Town,"State, county, and town Campgrounds",,State campgrounds,,,True
s371,Hayes State Park Campground-West Loop,42.0664426,-84.1315262,MI,Michigan,state,modern,campsite,best_effort_confirmed,80,Imported from v22.2.1 master during Supabase wiring setup.,,,public,State / County / Town,"State, county, and town Campgrounds",,State campgrounds,,,True
s372,Haymeadow Creek Campsite,46.0206808,-86.8574642,MI,Michigan,federal,rustic,campsite,best_effort_confirmed,80,Imported from v22.2.1 master during Supabase wiring setup.,,,federal,Federal Lands,Federal Lands,,Federal campgrounds,,,True
s373,Headquarters Lake Equestrian State Forest Campground and Trail Camp,46.6240622,-85.6040532,MI,Michigan,state,rustic,campsite,best_effort_confirmed,80,Imported from v22.2.1 master during Supabase wiring setup.,,,public,State / County / Town,"State, county, and town Campgrounds",,State campgrounds,,,True
s375,Healy Lake State Forest Campground,44.4384704,-85.9936269,MI,Michigan,state,rustic,campsite,best_effort_confirmed,80,Imported from v22.2.1 master during Supabase wiring setup.,,,public,State / County / Town,"State, county, and town Campgrounds",,State campgrounds,,,True
s377,Hell Creek Ranch Campground,42.4402537,-83.9651112,MI,Michigan,private,modern,campsite,best_effort_confirmed,80,Imported from v22.2.1 master during Supabase wiring setup.,,,private,Private Campgrounds,Private campgrounds,,Private campgrounds,,,True
s382,Herman Lake Dispersed,46.24077521,-86.58649797,MI,Michigan,boondocking,rustic,campsite,best_effort_confirmed,80,Imported from v22.2.1 master during Supabase wiring setup.,Provisional primitive site in the Escanaba River / Hiawatha corridor with lake access and rougher road approach.,https://thedyrt.com/camping/michigan/herman-lake,boondocking,,,Hiawatha National Forest / user-reported location,Boondocking / dispersed,Free,No,True
s383,Herrick Recreational Area,43.799295,-84.719801,MI,Michigan,state,modern,campsite,best_effort_confirmed,80,Imported from v22.2.1 master during Supabase wiring setup.,,,public,State / County / Town,"State, county, and town Campgrounds",,State campgrounds,,,True
s385,Hickey Marsh Dispersed Camping,46.354616,-86.50366895,MI,Michigan,boondocking,rustic,campsite,best_effort_confirmed,80,Imported from v22.2.1 master during Supabase wiring setup.,Provisional primitive dispersed site near Munising / Wetmore with pull-in camping reported off the forest road.,https://thedyrt.com/camping/michigan/hickey-marsh-dispersed-camping,boondocking,,,Hiawatha National Forest / user-reported location,Boondocking / dispersed,Free,No,True
s391,High Rock Bay,47.4267873,-87.7144562,MI,Michigan,boondocking,rustic,campsite,best_effort_confirmed,80,Imported from v22.2.1 master during Supabase wiring setup.,Nice spot,,boondocking,Boondocking,Boondocking places I've been,,Boondocking / dispersed,,,True
s392,Highbank Lake Campground,43.77083333,-85.88888889,MI,Michigan,federal,rustic,campsite,best_effort_confirmed,80,Imported from v22.2.1 master during Supabase wiring setup.,Federal campground on Highbank Lake with North Country Trail nearby.,https://www.fs.usda.gov/r09/huron-manistee/recreation/highbank-lake-campground,federal rustic,,,US Forest Service,Federal campgrounds,Varies,No,True
s394,Highway to Haven Family Campground,43.0401948,-86.2211019,MI,Michigan,private,modern,campsite,best_effort_confirmed,80,Imported from v22.2.1 master during Supabase wiring setup.,,,private,Private Campgrounds,Private campgrounds,,Private campgrounds,,,True
s397,Hoeft State Park,45.4637182,-83.8835546,MI,Michigan,state,modern,campsite,best_effort_confirmed,80,Imported from v22.2.1 master during Supabase wiring setup.,,,public,State / County / Town,"State, county, and town Campgrounds",,State campgrounds,,,True
s399,Hog Island State Forest Campground,46.0813749,-85.3064748,MI,Michigan,state,rustic,campsite,best_effort_confirmed,80,Imported from v22.2.1 master during Supabase wiring setup.,,,public,State / County / Town,"State, county, and town Campgrounds",,State campgrounds,,,True
s401,Holland Lake State Forest Campground,46.6161083,-85.6590317,MI,Michigan,state,rustic,campsite,best_effort_confirmed,80,Imported from v22.2.1 master during Supabase wiring setup.,,,public,State / County / Town,"State, county, and town Campgrounds",,State campgrounds,,,True
s402,Holland State Park Campground,42.768,-86.219,MI,Michigan,state,modern,campsite,best_effort_confirmed,80,Imported from v22.2.1 master during Supabase wiring setup.,Starter addition in v18.5. State campground pin to verify against your master data.,https://www.michigan.gov/recsearch/parks/holland,state modern,,,Michigan DNR,State campgrounds,Varies,Yes,True
s403,Holly McGinnis Lake Campground,42.8198009,-83.5264172,MI,Michigan,state,modern,campsite,best_effort_confirmed,80,Imported from v22.2.1 master during Supabase wiring setup.,,,public,State / County / Town,"State, county, and town Campgrounds",,State campgrounds,,,True
s405,Hopkins Creek Trail Campground,44.4827778,-85.3155556,MI,Michigan,state,rustic,campsite,best_effort_confirmed,80,Imported from v22.2.1 master during Supabase wiring setup.,,,public,State / County / Town,"State, county, and town Campgrounds",,State campgrounds,,,True
s410,House Lake State Forest Campground,44.1411233,-84.5738918,MI,Michigan,private,rustic,campsite,best_effort_confirmed,80,Imported from v22.2.1 master during Supabase wiring setup.,,,private,Private Campgrounds,Private campgrounds,,Private campgrounds,,,True
s411,Hovey Lake Campground,46.2905062,-86.7009877,MI,Michigan,state,modern,campsite,best_effort_confirmed,80,Imported from v22.2.1 master during Supabase wiring setup.,,,public,State / County / Town,"State, county, and town Campgrounds",,State campgrounds,,,True
s412,Hovey Lake Campsites,46.2905,-86.7006,MI,Michigan,federal,modern,campsite,best_effort_confirmed,80,Imported from v22.2.1 master during Supabase wiring setup.,Official Hiawatha National Forest campsites page added. No-fee area with four campsites and OHV camping designation.,https://www.fs.usda.gov/r09/hiawatha/recreation/hovey-lake-campsites,public,Federal Campgrounds,Federal Campgrounds,US Forest Service,Federal campground,,,True
s415,Huron-Manistee dispersed area - Boardman corridor,44.654486,-85.45025,MI,Michigan,boondocking,rustic,campsite,best_effort_confirmed,80,Imported from v22.2.1 master during Supabase wiring setup.,"Provisional national-forest dispersed/public-land camping pin in the Boardman corridor. Huron-Manistee says dispersed camping outside designated campgrounds does not require a fee or permit, subject to local restrictions and closures.",https://www.fs.usda.gov/r09/huron-manistee/recreation/camping-cabins,boondocking dispersed,,,US Forest Service,Boondocking / dispersed,Free,No,True
s416,Hurricane River Campground,46.63,-86.659,MI,Michigan,federal,rustic,campsite,best_effort_confirmed,80,Imported from v22.2.1 master during Supabase wiring setup.,Starter addition in v18.5. Rustic drive-in campground at Pictured Rocks.,https://www.nps.gov/piro/planyourvisit/camping.htm,federal rustic,,,National Park Service,Federal campgrounds,$25-$35/night,No,True
s420,Indian Lake State Park Campground,45.94126,-86.33275,MI,Michigan,state,modern,campsite,best_effort_confirmed,80,Imported from v22.2.1 master during Supabase wiring setup.,"Indian Lake South modern campground in the south unit of Indian Lake State Park, west of Manistique.",https://www.michigan.gov/recsearch/parks/indianlake,state modern,State / County / Town,"State, county, and town Campgrounds",Michigan DNR,State campgrounds,Varies,Yes,True
s421,Indian Lake West Shore Campground,45.9674978,-86.3593193,MI,Michigan,state,modern,campsite,best_effort_confirmed,80,Imported from v22.2.1 master during Supabase wiring setup.,,,public,State / County / Town,"State, county, and town Campgrounds",,State campgrounds,,,True
s425,Indigo Bluffs RV Park & Resort,44.80806,-85.99255,MI,Michigan,private,modern,campsite,best_effort_confirmed,80,Imported from v22.2.1 master during Supabase wiring setup.,Private RV resort near Empire and Sleeping Bear Dunes.,https://www.indigobluffs.com/,private campground,,,Private,Private campgrounds,From about $46/night,Yes,True
s426,Interlochen Duck Lake Modern Campground,44.6278,-85.7629,MI,Michigan,state,modern,campsite,best_effort_confirmed,80,Imported from v22.2.1 master during Supabase wiring setup.,Large modern state park campground between Duck Lake and Green Lake near Interlochen.,https://www.michigan.gov/recsearch/parks/interlochen,state modern,,,Michigan DNR,State campgrounds,Varies,Yes,True
s427,Interlochen Green Lake Rustic Campground,44.6278,-85.7629,MI,Michigan,state,rustic,campsite,best_effort_confirmed,80,Imported from v22.2.1 master during Supabase wiring setup.,Rustic loop at Interlochen State Park with vault toilets and hand-pump water.,https://www.michigan.gov/recsearch/parks/interlochen,state rustic,,,Michigan DNR,State campgrounds,Varies,No,True
s428,Interlochen State Park,44.6285385,-85.7649223,MI,Michigan,state,modern,campsite,best_effort_confirmed,80,Imported from v22.2.1 master during Supabase wiring setup.,,,public,State / County / Town,"State, county, and town Campgrounds",,State campgrounds,,,True
s430,Ionia State Recreation Area Campground,42.9386783,-85.1179625,MI,Michigan,state,modern,campsite,best_effort_confirmed,80,Imported from v22.2.1 master during Supabase wiring setup.,,,public,State / County / Town,"State, county, and town Campgrounds",,State campgrounds,,,True
s1078,Ironjaw Lake Campsites,46.171139,-86.547905,MI,Michigan,federal,modern,campsite,best_effort_confirmed,80,Imported from v22.2.1 master during Supabase wiring setup.,Official Hiawatha National Forest primitive campsite page added. Pull-through campsite in the Ironjaw Semi-Primitive Area.,https://www.fs.usda.gov/r09/hiawatha/recreation/ironjaw-lake-campsites,public,Federal Campgrounds,Federal Campgrounds,US Forest Service,Federal campground,,,True
s433,Island Lake Campground,46.2708333,-86.6513889,MI,Michigan,federal,modern,campsite,best_effort_confirmed,80,Imported from v22.2.1 master during Supabase wiring setup.,Official Hiawatha National Forest campground page; OHV camping area.,https://www.fs.usda.gov/r09/hiawatha/recreation/island-lake-campground,public,State / County / Town,"State, county, and town Campgrounds",US Forest Service,Federal campground,,,True
s434,Island Lake-Canoe Campground,42.5169855,-83.690995,MI,Michigan,state,rustic,campsite,best_effort_confirmed,80,Imported from v22.2.1 master during Supabase wiring setup.,,,public,State / County / Town,"State, county, and town Campgrounds",,State campgrounds,,,True
s435,Ivan's Campground and Cabins,43.881668,-85.851685,MI,Michigan,private,modern,campsite,best_effort_confirmed,80,Imported from v22.2.1 master during Supabase wiring setup.,Private campground and cabin base close to Baldwin and the national forest.,https://ivansmichigan.com/,private modern,,,Private,Private campgrounds,Varies,Varies,True
s436,Jack Pine Campground,44.0444141,-86.5120353,MI,Michigan,state,modern,campsite,best_effort_confirmed,80,Imported from v22.2.1 master during Supabase wiring setup.,,,public,State / County / Town,"State, county, and town Campgrounds",,State campgrounds,,,True
s1071,Jackpine Lake Campsites,46.114119,-86.521485,MI,Michigan,federal,modern,campsite,best_effort_confirmed,80,Imported from v22.2.1 master during Supabase wiring setup.,Official Hiawatha National Forest primitive campsites page added. Two primitive sites on Jackpine Lake; reservation season with no potable water.,https://www.fs.usda.gov/r09/hiawatha/recreation/jackpine-lake-campsites,public,Federal Campgrounds,Federal Campgrounds,US Forest Service,Federal campground,,,True
s438,Jackpine Lake Dispersed Campsite,46.114111111111114,-86.52186111111111,MI,Michigan,boondocking,rustic,campsite,best_effort_confirmed,80,Imported from v22.2.1 master during Supabase wiring setup.,Primitive dispersed campsite near Jackpine Lake; coordinates taken from a camper-submitted correction note.,https://www.perfectcamp.com/explore/us/hiawatha-national-forest/michigan/schoolcraft-county/manistique/jackpine-lake-dispersed-campsite-campground,boondocking,,,Hiawatha National Forest / user-reported location,Boondocking / dispersed,Free,No,True
s440,Jackson Lake State Forest Campground,45.0890902,-84.1616336,MI,Michigan,state,rustic,campsite,best_effort_confirmed,80,Imported from v22.2.1 master during Supabase wiring setup.,,,public,State / County / Town,"State, county, and town Campgrounds",,State campgrounds,,,True
s447,John Gurney Park,43.7041903,-86.3577063,MI,Michigan,state,modern,campsite,best_effort_confirmed,80,Imported from v22.2.1 master during Supabase wiring setup.,,,public,State / County / Town,"State, county, and town Campgrounds",,State campgrounds,,,True
s453,Jones Lake State Forest Campground,44.7833719,-84.5907696,MI,Michigan,state,rustic,campsite,best_effort_confirmed,80,Imported from v22.2.1 master during Supabase wiring setup.,,,public,State / County / Town,"State, county, and town Campgrounds",,State campgrounds,,,True
s459,Keith J. Charters Traverse City State Park Campground,44.7456,-85.5511,MI,Michigan,state,modern,campsite,best_effort_confirmed,80,Imported from v22.2.1 master during Supabase wiring setup.,Major modern state park campground in Traverse City; note DNR renovation closure through the 2026 camping season.,https://www.michigan.gov/recsearch/parks/traversecity,state modern,,,Michigan DNR,State campgrounds,Varies,Yes,True
s1059,Keweenaw Waters Resort,47.112569,-88.620485,MI,Michigan,private,modern,campsite,best_effort_confirmed,80,Imported from v22.2.1 master during Supabase wiring setup.,Private waterfront resort campground on Canal Road west of Houghton.,https://keweenawwatersresort.com/,private campground,Private Campgrounds,Private Campgrounds,,Private campgrounds,,,True
s463,Keystone Landing State Forest Campground,44.6647103,-84.6244491,MI,Michigan,state,rustic,campsite,best_effort_confirmed,80,Imported from v22.2.1 master during Supabase wiring setup.,,,public,State / County / Town,"State, county, and town Campgrounds",,State campgrounds,,,True
s465,King Lake State Forest Campground,46.531111,-88.4022222,MI,Michigan,state,rustic,campsite,best_effort_confirmed,80,Imported from v22.2.1 master during Supabase wiring setup.,,,public,State / County / Town,"State, county, and town Campgrounds",,State campgrounds,,,True
s466,Kingston Lake State Forest Campground,46.58466885,-86.22650966,MI,Michigan,state,rustic,campsite,best_effort_confirmed,80,Imported from v22.2.1 master during Supabase wiring setup.,"Official Michigan state forest campground page added. Rustic campground with hand-pump well, vault toilet, and nearby Trail 8 ORV access.",https://www.michigan.gov/recsearch/sfcampgroundsa-m/kingstonlake,public,State / County / Town,"State, county, and town Campgrounds",,State campgrounds,,,True
s469,Kneff Lake Campground,44.6407834,-84.5882098,MI,Michigan,state,modern,campsite,best_effort_confirmed,80,Imported from v22.2.1 master during Supabase wiring setup.,,,public,State / County / Town,"State, county, and town Campgrounds",,State campgrounds,,,True
s481,L'Anse Township Park,46.7821098,-88.4332201,MI,Michigan,local,modern,campsite,best_effort_confirmed,80,Imported from v22.2.1 master during Supabase wiring setup.,,,public,State / County / Town,"State, county, and town Campgrounds",,Local campgrounds,,,True
s1061,L'Anse Township Park & Campground,46.782548,-88.432739,MI,Michigan,local,modern,campsite,best_effort_confirmed,80,Imported from v22.2.1 master during Supabase wiring setup.,Township campground on Skanee Road north of L'Anse with Lake Superior / Keweenaw Bay views.,https://www.lansetownshippark.org/,local,Local Campgrounds,Local Campgrounds,,Local campgrounds,,,True
s483,Lake Ann Park,44.7242893,-85.843435,MI,Michigan,state,modern,campsite,best_effort_confirmed,80,Imported from v22.2.1 master during Supabase wiring setup.,,,public,State / County / Town,"State, county, and town Campgrounds",,State campgrounds,,,True
s484,Lake Ann State Forest Campground,44.7119355,-85.8626379,MI,Michigan,state,rustic,campsite,best_effort_confirmed,80,Imported from v22.2.1 master during Supabase wiring setup.,Rustic state forest campground on Lake Ann with access to the Lake Ann Pathway.,https://www.michigan.gov/recsearch/sfcampgroundsa-m/lakeann,state rustic,State / County / Town,"State, county, and town Campgrounds",Michigan DNR,State campgrounds,Varies,No,True
s486,Lake Arrowhead Campground,44.9499203,-84.8080981,MI,Michigan,private,modern,campsite,best_effort_confirmed,80,Imported from v22.2.1 master during Supabase wiring setup.,,,private,Private Campgrounds,Private campgrounds,,Private campgrounds,,,True
s492,Lake Dubonnet State Forest Campground,44.6822704,-85.8015436,MI,Michigan,state,rustic,campsite,best_effort_confirmed,80,Imported from v22.2.1 master during Supabase wiring setup.,Large rustic campground northwest of Interlochen on Lake Dubonnet with direct access to Lost Lake Pathway.,https://www.michigan.gov/recsearch/sfcampgroundsa-m/lakedubonnetforest,state rustic,State / County / Town,"State, county, and town Campgrounds",Michigan DNR,State campgrounds,Varies,No,True
s493,Lake Dubonnet Trail Camp,44.697605,-85.781303,MI,Michigan,state,rustic,campsite,best_effort_confirmed,80,Imported from v22.2.1 master during Supabase wiring setup.,"Group-oriented rustic trail camp near Interlochen on the Shore-to-Shore Trail, primarily used by equestrian campers but also useful as a mapped overnight destination.",https://www.michigan.gov/recsearch/sfcampgroundsa-m/lakedubonnettrail,state rustic,,,Michigan DNR,State campgrounds,Varies,No,True
s1065,Lake Fanny Hooe Resort & Campground,47.469698,-87.88719,MI,Michigan,private,modern,campsite,best_effort_confirmed,80,Imported from v22.2.1 master during Supabase wiring setup.,Private Copper Harbor campground on Lake Fanny Hooe with rustic and full-service campsites.,https://www.fannyhooe.com/,private campground,Private Campgrounds,Private Campgrounds,,Private campgrounds,,,True
s503,Lake Linden Campground,47.1898074,-88.4042089,MI,Michigan,state,modern,campsite,best_effort_confirmed,80,Imported from v22.2.1 master during Supabase wiring setup.,,,public,State / County / Town,"State, county, and town Campgrounds",,State campgrounds,,,True
s1060,Lake Linden Village Campground,47.18963604,-88.4050754,MI,Michigan,local,modern,campsite,best_effort_confirmed,80,Imported from v22.2.1 master during Supabase wiring setup.,Village campground at 1050 Hiltunen Street in Lake Linden with powered sites and primitive tent sites.,https://www.lakelinden.net/campground.html,local modern,Local Campgrounds,Local Campgrounds,,Local campgrounds,,,True
s506,Lake Margrethe State Forest Campground,44.6574495,-84.8175387,MI,Michigan,state,rustic,campsite,best_effort_confirmed,80,Imported from v22.2.1 master during Supabase wiring setup.,,,public,State / County / Town,"State, county, and town Campgrounds",,State campgrounds,,,True
s507,Lake Marjory State Forest Campground,44.8644602,-84.6953171,MI,Michigan,state,rustic,campsite,best_effort_confirmed,80,Imported from v22.2.1 master during Supabase wiring setup.,,,public,State / County / Town,"State, county, and town Campgrounds",,State campgrounds,,,True
s508,Lake Michigan At St. Ignace Camping,45.9858333,-84.9716667,MI,Michigan,boondocking,rustic,campsite,best_effort_confirmed,80,Imported from v22.2.1 master during Supabase wiring setup.,Primitive waterfront overnight spot in the St. Ignace area used as a boondocking-style site.,https://thedyrt.com/camping/michigan/michigan-lake-michigan-campground,boondocking,,,Public-land / user-reported location,Boondocking / dispersed,Free,No,True
s509,Lake Michigan Campground,45.9858333,-84.9716667,MI,Michigan,state,modern,campsite,best_effort_confirmed,80,Imported from v22.2.1 master during Supabase wiring setup.,,,public,State / County / Town,"State, county, and town Campgrounds",,State campgrounds,,,True
s510,Lake Michigan Recreation Area,45.9858333,-84.9716667,MI,Michigan,federal,rustic,campsite,best_effort_confirmed,80,Imported from v22.2.1 master during Supabase wiring setup.,Federal campground on Lake Michigan near Moran / St. Ignace.,https://www.recreation.gov/camping/campgrounds/234146,federal modern,,,US Forest Service,Federal campgrounds,Varies,No,True
s1074,Lake Nineteen Campsites,46.1722,-86.5438,MI,Michigan,federal,modern,campsite,best_effort_confirmed,80,Imported from v22.2.1 master during Supabase wiring setup.,Official Hiawatha National Forest primitive campsite page added. Boat-in or hike-in site in the Ironjaw Semi-Primitive Area.,https://www.fs.usda.gov/r09/hiawatha/recreation/lake-nineteen-campsites,public,Federal Campgrounds,Federal Campgrounds,US Forest Service,Federal campground,,,True
s1052,Lake Ste Kathryn Campground,46.39317419,-88.72262918,MI,Michigan,federal,modern,campsite,best_effort_confirmed,80,Imported from v22.2.1 master during Supabase wiring setup.,"Ottawa National Forest campground south of Sidnaw with 24 drive-in sites, hand pumps, toilets, and direct access to the Deer Marsh Interpretive Trail.",https://www.fs.usda.gov/r09/ottawa/recreation/lake-ste-kathryn-campground,federal,Federal Campgrounds,Federal Campgrounds,,Federal campgrounds,,,True
s1033,Lake Ste. Kathryn Campground,46.39317419,-88.72262918,MI,Michigan,federal,modern,campsite,best_effort_confirmed,80,Imported from v22.2.1 master during Supabase wiring setup.,"Ottawa National Forest campground south of Sidnaw with 24 drive-in sites, hand-pump water, and vault toilets. OHV-friendly area and strong boondocking anchor.",https://www.fs.usda.gov/r09/ottawa/recreation/lake-ste-kathryn-campground,federal,Federal Campgrounds,Federal Campgrounds,,Federal campgrounds,,,True
s519,Lake Superior Beachfront (US Forest Land),46.43867848,-86.68928482,MI,Michigan,boondocking,rustic,campsite,best_effort_confirmed,80,Imported from v22.2.1 master during Supabase wiring setup.,Provisional beachfront boondocking pull-off on public land in the central U.P. Lake Superior corridor.,https://thedyrt.com/camping/michigan/lake-superior-beachfront-us-forest-land,boondocking,,,Hiawatha National Forest / user-reported location,Boondocking / dispersed,Free,No,True
s520,Lake Superior North Shore Camping,46.76308903,-85.02278517,MI,Michigan,boondocking,rustic,campsite,best_effort_confirmed,80,Imported from v22.2.1 master during Supabase wiring setup.,Provisional dispersed beach-access camping near Whitefish Point with multiple primitive spots reported along the shore road.,https://thedyrt.com/camping/michigan/lake-superior-north-shore,boondocking,,,Hiawatha National Forest / user-reported location,Boondocking / dispersed,Free,No,True
s521,Lake Superior State Forest Campground,46.6768145,-85.7559713,MI,Michigan,state,rustic,campsite,best_effort_confirmed,80,Imported from v22.2.1 master during Supabase wiring setup.,Official Michigan state forest campground page added. Rustic shoreline campground on Lake Superior.,https://www.michigan.gov/recsearch/sfcampgroundsa-m/lakesuperior,public,State / County / Town,"State, county, and town Campgrounds",,State campgrounds,,,True
s524,Lakeshore RV Campground,45.854689,-84.782352,MI,Michigan,state,modern,campsite,best_effort_confirmed,80,Imported from v22.2.1 master during Supabase wiring setup.,,,public,State / County / Town,"State, county, and town Campgrounds",,State campgrounds,,,True
s529,Leelanau Pines Campground,44.8674759,-85.7317465,MI,Michigan,private,modern,campsite,best_effort_confirmed,80,Imported from v22.2.1 master during Supabase wiring setup.,,,private,Private Campgrounds,Private campgrounds,,Private campgrounds,,,True
s530,Leelanau State Park Rustic Campground,45.1833,-85.5694,MI,Michigan,state,rustic,campsite,best_effort_confirmed,80,Imported from v22.2.1 master during Supabase wiring setup.,Rustic state park campground at the tip of the Leelanau Peninsula near the Cathead Bay trails and lighthouse.,https://www.michigan.gov/recsearch/parks/leelanau,state rustic,,,Michigan DNR,State campgrounds,Varies,No,True
s1072,Leg Lake Campsites,46.128493,-86.48295,MI,Michigan,federal,modern,campsite,best_effort_confirmed,80,Imported from v22.2.1 master during Supabase wiring setup.,"Official Hiawatha National Forest primitive campsites page added. Two primitive sites near Leg Lake; reservation season, no potable water.",https://www.fs.usda.gov/r09/hiawatha/recreation/leg-lake-campsites,public,Federal Campgrounds,Federal Campgrounds,US Forest Service,Federal campground,,,True
s532,Leverentz Lake State Forest Campground,43.9088384,-85.8194876,MI,Michigan,state,rustic,campsite,best_effort_confirmed,80,Imported from v22.2.1 master during Supabase wiring setup.,Rustic state forest campground west of Baldwin on Leverentz Lake.,https://www.michigan.gov/recsearch/locator,state rustic,State / County / Town,"State, county, and town Campgrounds",Michigan DNR,State campgrounds,Varies,No,True
s534,Lighthouse County Park,44.0203096,-82.7952218,MI,Michigan,local,modern,campsite,best_effort_confirmed,80,Imported from v22.2.1 master during Supabase wiring setup.,,,public,State / County / Town,"State, county, and town Campgrounds",,Local campgrounds,,,True
s535,Lincoln Bridge State Forest Campground,44.1333915,-85.6953846,MI,Michigan,state,rustic,campsite,best_effort_confirmed,80,Imported from v22.2.1 master during Supabase wiring setup.,,,public,State / County / Town,"State, county, and town Campgrounds",,State campgrounds,,,True
s539,Little Bass Lake Campsites,46.163991,-86.450297,MI,Michigan,federal,modern,campsite,best_effort_confirmed,80,Imported from v22.2.1 master during Supabase wiring setup.,Official Hiawatha National Forest campsites page added. Primitive campsite area; no potable water or restrooms.,https://www.fs.usda.gov/r09/hiawatha/recreation/little-bass-lake-campsites,public,Federal Campgrounds,Federal Campgrounds,US Forest Service,Federal campground,,,True
s540,Little Beaver Lake Campground,46.5582661,-86.3627398,MI,Michigan,federal,rustic,campsite,best_effort_confirmed,80,Imported from v22.2.1 master during Supabase wiring setup.,Starter addition in v18.5. Rustic drive-in campground at Pictured Rocks.,https://www.nps.gov/piro/planyourvisit/camping.htm,federal rustic,State / County / Town,"State, county, and town Campgrounds",National Park Service,Federal campgrounds,$25-$35/night,No,True
s541,Little Brevort Lake - North State Forest Campground,46.0200674,-85.017865,MI,Michigan,state,rustic,campsite,best_effort_confirmed,80,Imported from v22.2.1 master during Supabase wiring setup.,Rustic state forest campground near Brevort.,https://www.michigan.gov/recsearch/locator,public,State / County / Town,"State, county, and town Campgrounds",Michigan DNR,State campgrounds,Varies,No,True
s542,Little Brevort Lake South State Forest Campground,46.015,-85.0084,MI,Michigan,state,rustic,campsite,best_effort_confirmed,80,Imported from v22.2.1 master during Supabase wiring setup.,Rustic state forest campground near Brevort on Little Brevort Lake.,https://www.michigan.gov/recsearch/locator,state rustic,,,Michigan DNR,State campgrounds,Varies,No,True
s543,Little Duck Campsite,46.4833553,-86.644631,MI,Michigan,state,modern,campsite,best_effort_confirmed,80,Imported from v22.2.1 master during Supabase wiring setup.,,,public,State / County / Town,"State, county, and town Campgrounds",,State campgrounds,,,True
s544,Little Dune 1 Campsite,46.4774084,-86.6309157,MI,Michigan,state,modern,campsite,best_effort_confirmed,80,Imported from v22.2.1 master during Supabase wiring setup.,,,public,State / County / Town,"State, county, and town Campgrounds",,State campgrounds,,,True
s546,Little Lake State Forest Campground,46.2819444,-87.3336111,MI,Michigan,state,rustic,campsite,best_effort_confirmed,80,Imported from v22.2.1 master during Supabase wiring setup.,,,public,State / County / Town,"State, county, and town Campgrounds",,State campgrounds,,,True
s549,Little Presque Isle Cabins,46.6278133,-87.4938726,MI,Michigan,state,modern,campsite,best_effort_confirmed,80,Imported from v22.2.1 master during Supabase wiring setup.,,,public,State / County / Town,"State, county, and town Campgrounds",,State campgrounds,,,True
s551,Little Wolf Lake State Campground,44.855364,-84.2864247,MI,Michigan,state,modern,campsite,best_effort_confirmed,80,Imported from v22.2.1 master during Supabase wiring setup.,,,public,State / County / Town,"State, county, and town Campgrounds",,State campgrounds,,,True
s552,Lk Macatawa Campground,42.7793194,-86.1996015,MI,Michigan,state,modern,campsite,best_effort_confirmed,80,Imported from v22.2.1 master during Supabase wiring setup.,,,public,State / County / Town,"State, county, and town Campgrounds",,State campgrounds,,,True
s556,Log Cabin Resort & Campground,46.2190861,-85.7835761,MI,Michigan,private,modern,campsite,best_effort_confirmed,80,Imported from v22.2.1 master during Supabase wiring setup.,,,private,Private Campgrounds,Private campgrounds,,Private campgrounds,,,True
s557,Log Lake Campground,44.7491726,-85.1514254,MI,Michigan,state,modern,campsite,best_effort_confirmed,80,Imported from v22.2.1 master during Supabase wiring setup.,,,public,State / County / Town,"State, county, and town Campgrounds",,State campgrounds,,,True
s562,Long Lake (Missaukee) State Forest Campground,44.3534385,-85.2536248,MI,Michigan,state,rustic,campsite,best_effort_confirmed,80,Imported from v22.2.1 master during Supabase wiring setup.,,,public,State / County / Town,"State, county, and town Campgrounds",,State campgrounds,,,True
s563,Long Lake (Wexford) State Forest Campground,44.3331696,-85.375564,MI,Michigan,state,rustic,campsite,best_effort_confirmed,80,Imported from v22.2.1 master during Supabase wiring setup.,,,public,State / County / Town,"State, county, and town Campgrounds",,State campgrounds,,,True
s1087,Loon Call Campsite on Grand Island,46.471877,-86.654377,MI,Michigan,federal,modern,campsite,best_effort_confirmed,80,Imported from v22.2.1 master during Supabase wiring setup.,"Official Hiawatha National Forest backcountry campsite page added. Hike-in, bike-in, or boat-in site on Grand Island near Murray Bay Beach.",https://www.fs.usda.gov/r09/hiawatha/recreation/loon-call-campsite-grand-island,public,Federal Campgrounds,Federal Campgrounds,US Forest Service,Federal campground,,,True
s564,Loons Point RV Park and Campground,45.994586,-84.335653,MI,Michigan,state,modern,campsite,best_effort_confirmed,80,Imported from v22.2.1 master during Supabase wiring setup.,,,public,State / County / Town,"State, county, and town Campgrounds",,State campgrounds,,,True
s568,Lower Dam Campground,46.18688685020441,-87.66092363273724,MI,Michigan,state,modern,campsite,best_effort_confirmed,80,Imported from v22.2.1 master during Supabase wiring setup.,User-provided named state site. No amenities.,,public,State / County / Town,"State, county, and town Campgrounds",,State campgrounds,,,True
s569,Lower Tahquamenon Falls Campground,46.556,-85.26,MI,Michigan,state,modern,campsite,best_effort_confirmed,80,Imported from v22.2.1 master during Supabase wiring setup.,Starter addition in v18.5. State campground pin to verify against your master data.,https://www.michigan.gov/recsearch/parks/tahquamenonfalls,state modern,,,Michigan DNR,State campgrounds,Varies,Yes,True
s570,Luce County Park and Campground,46.2762462,-85.7267071,MI,Michigan,local,modern,campsite,best_effort_confirmed,80,Imported from v22.2.1 master during Supabase wiring setup.,,,public,State / County / Town,"State, county, and town Campgrounds",,Local campgrounds,,,True
s572,Ludington State Park and Campgrounds,44.0515325,-86.4945494,MI,Michigan,state,modern,campsite,best_effort_confirmed,80,Imported from v22.2.1 master during Supabase wiring setup.,,,public,State / County / Town,"State, county, and town Campgrounds",,State campgrounds,,,True
s573,Ludington State Park Beechwood Campground,44.039,-86.498,MI,Michigan,state,modern,campsite,best_effort_confirmed,80,Imported from v22.2.1 master during Supabase wiring setup.,Starter addition in v18.5. State campground pin to verify against your master data.,https://www.michigan.gov/recsearch/parks/ludington,state modern,,,Michigan DNR,State campgrounds,Varies,Yes,True
s574,Ludington State Park Cedar Campground,44.037,-86.494,MI,Michigan,state,modern,campsite,best_effort_confirmed,80,Imported from v22.2.1 master during Supabase wiring setup.,Starter addition in v18.5. State campground pin to verify against your master data.,https://www.michigan.gov/recsearch/parks/ludington,state modern,,,Michigan DNR,State campgrounds,Varies,Yes,True
s577,Mackinac Trail Spur Site,46.036051047140774,-84.71854443839761,MI,Michigan,boondocking,rustic,campsite,best_effort_confirmed,80,Imported from v22.2.1 master during Supabase wiring setup.,Primitive spur-road dispersed site in the Moran / St. Ignace area.,https://thedyrt.com/camping/michigan/mackinac-trail-spur-site,boondocking,,,Public-land / user-reported location,Boondocking / dispersed,Free,No,True
s578,Mackinaw Mill Creek Camping,45.750723,-84.6864169,MI,Michigan,private,modern,campsite,best_effort_confirmed,80,Imported from v22.2.1 master during Supabase wiring setup.,Major private campground just southeast of the Mackinac Bridge.,https://www.campmackinaw.com/,private modern,Private Campgrounds,Private campgrounds,Private,Private campgrounds,Varies,Yes,True
s580,Magnus Park,45.3726623,-84.9751954,MI,Michigan,state,modern,campsite,best_effort_confirmed,80,Imported from v22.2.1 master during Supabase wiring setup.,,,public,State / County / Town,"State, county, and town Campgrounds",,State campgrounds,,,True
s583,Manistee River Bridge State Forest Campground,44.6941852,-84.8468217,MI,Michigan,state,rustic,campsite,best_effort_confirmed,80,Imported from v22.2.1 master during Supabase wiring setup.,,,public,State / County / Town,"State, county, and town Campgrounds",,State campgrounds,,,True
s584,Manistique Lakeshore Campground,45.9498291,-86.2537994,MI,Michigan,state,modern,campsite,best_effort_confirmed,80,Imported from v22.2.1 master during Supabase wiring setup.,,,public,State / County / Town,"State, county, and town Campgrounds",,State campgrounds,,,True
s585,Maple Bay State Forest Campground,45.4887231,-84.7068294,MI,Michigan,state,rustic,campsite,best_effort_confirmed,80,Imported from v22.2.1 master during Supabase wiring setup.,,,public,State / County / Town,"State, county, and town Campgrounds",,State campgrounds,,,True
s588,Markin Glen Campgrounds,42.3342429,-85.5855721,MI,Michigan,state,modern,campsite,best_effort_confirmed,80,Imported from v22.2.1 master during Supabase wiring setup.,,,public,State / County / Town,"State, county, and town Campgrounds",,State campgrounds,,,True
s591,McCollum Lake State Forest Campground,44.7707562,-83.9020417,MI,Michigan,state,rustic,campsite,best_effort_confirmed,80,Imported from v22.2.1 master during Supabase wiring setup.,,,public,State / County / Town,"State, county, and town Campgrounds",,State campgrounds,,,True
s593,McLain State Park,47.2332801,-88.6159168,MI,Michigan,state,modern,campsite,best_effort_confirmed,80,Imported from v22.2.1 master during Supabase wiring setup.,,,public,State / County / Town,"State, county, and town Campgrounds",,State campgrounds,,,True
s594,Mead Creek State Forest Campground,46.1816441,-85.9879088,MI,Michigan,state,rustic,campsite,best_effort_confirmed,80,Imported from v22.2.1 master during Supabase wiring setup.,,,public,State / County / Town,"State, county, and town Campgrounds",,State campgrounds,,,True
s595,Mears State Park,43.7829978,-86.4395816,MI,Michigan,state,modern,campsite,best_effort_confirmed,80,Imported from v22.2.1 master during Supabase wiring setup.,,,public,State / County / Town,"State, county, and town Campgrounds",,State campgrounds,,,True
s596,Meinert Park,43.4583909,-86.4560645,MI,Michigan,state,modern,campsite,best_effort_confirmed,80,Imported from v22.2.1 master during Supabase wiring setup.,,,public,State / County / Town,"State, county, and town Campgrounds",,State campgrounds,,,True
s602,Merrill–Gorrel County Park,43.800554,-85.1534787,MI,Michigan,local,modern,campsite,best_effort_confirmed,80,Imported from v22.2.1 master during Supabase wiring setup.,,,public,State / County / Town,"State, county, and town Campgrounds",,Local campgrounds,,,True
s604,Merwin Creek Campground,46.0308074,-86.1223571,MI,Michigan,state,modern,campsite,best_effort_confirmed,80,Imported from v22.2.1 master during Supabase wiring setup.,,,public,State / County / Town,"State, county, and town Campgrounds",,State campgrounds,,,True
s605,Metamora Hadley Campground Store,42.9436202,-83.3524324,MI,Michigan,state,modern,campsite,best_effort_confirmed,80,Imported from v22.2.1 master during Supabase wiring setup.,,,public,State / County / Town,"State, county, and town Campgrounds",,State campgrounds,,,True
s606,Michigamme beach area campground,46.5266966,-88.1229844,MI,Michigan,state,modern,campsite,best_effort_confirmed,80,Imported from v22.2.1 master during Supabase wiring setup.,,,public,State / County / Town,"State, county, and town Campgrounds",,State campgrounds,,,True
s607,Michigamme Shores Campground,46.531763,-88.0111239,MI,Michigan,private,modern,campsite,best_effort_confirmed,80,Imported from v22.2.1 master during Supabase wiring setup.,,,private,Private Campgrounds,Private campgrounds,,Private campgrounds,,,True
s609,Milakokia Lake Campground,46.0848049,-85.7927148,MI,Michigan,state,modern,campsite,best_effort_confirmed,80,Imported from v22.2.1 master during Supabase wiring setup.,,,public,State / County / Town,"State, county, and town Campgrounds",,State campgrounds,,,True
s610,Minerva Lake Campsites,46.144479,-86.479266,MI,Michigan,federal,modern,campsite,best_effort_confirmed,80,Imported from v22.2.1 master during Supabase wiring setup.,Official Hiawatha National Forest campsites page added. Primitive campsite area; no potable water or restrooms.,https://www.fs.usda.gov/r09/hiawatha/recreation/minerva-lake-campsites,public,Federal Campgrounds,Federal Campgrounds,US Forest Service,Federal campground,,,True
s611,Minnie Pond Campground,43.62722222,-85.89888889,MI,Michigan,federal,rustic,campsite,best_effort_confirmed,80,Imported from v22.2.1 master during Supabase wiring setup.,"Federal campground on Minnie Pond, good hunting and fishing base.",https://www.fs.usda.gov/r09/huron-manistee/recreation/minnie-pond-campground,federal rustic,,,US Forest Service,Federal campgrounds,Varies,No,True
s612,Mio Pond State Forest Campground,44.6649553,-84.1467471,MI,Michigan,state,rustic,campsite,best_effort_confirmed,80,Imported from v22.2.1 master during Supabase wiring setup.,,,public,State / County / Town,"State, county, and town Campgrounds",,State campgrounds,,,True
s613,Misery Bay Boat Launch,46.9984775,-88.9794594,MI,Michigan,state,modern,campsite,best_effort_confirmed,80,Imported from v22.2.1 master during Supabase wiring setup.,There's a few spots here the MI DNR lets you camp at.  They don't encourage it but don't stop you.,,public,State / County / Town,"State, county, and town Campgrounds",,State campgrounds,,,True
s621,Mouth of the Huron,46.9116451,-88.0441042,MI,Michigan,boondocking,rustic,campsite,best_effort_confirmed,80,Imported from v22.2.1 master during Supabase wiring setup.,"Can be crowded, but it's beautiful",,boondocking,Boondocking,Boondocking places I've been,,Boondocking / dispersed,,,True
s622,Mouth of Two Hearted River State Forest Campground,46.69792807,-85.42224986,MI,Michigan,state,rustic,campsite,best_effort_confirmed,80,Imported from v22.2.1 master during Supabase wiring setup.,Official Michigan state forest campground page added. Rustic campground at the mouth of the Two Hearted River on Lake Superior.,https://www.michigan.gov/recsearch/sfcampgroundsa-m/mouthoftwoheartedriver,public,State / County / Town,"State, county, and town Campgrounds",,State campgrounds,,,True
s1083,Mowe Lake Campsites,46.144676,-86.577019,MI,Michigan,federal,modern,campsite,best_effort_confirmed,80,Imported from v22.2.1 master during Supabase wiring setup.,Official Hiawatha National Forest primitive campsites page added. Two primitive sites on Mowe Lake with no potable water.,https://www.fs.usda.gov/r09/hiawatha/recreation/mowe-lake-campsites,public,Federal Campgrounds,Federal Campgrounds,US Forest Service,Federal campground,,,True
s623,Mud Lake State Forest Campground,43.9074579,-85.077718,MI,Michigan,state,rustic,campsite,best_effort_confirmed,80,Imported from v22.2.1 master during Supabase wiring setup.,,,public,State / County / Town,"State, county, and town Campgrounds",,State campgrounds,,,True
s624,Munising Tourist Park Campground,46.4409695,-86.6773787,MI,Michigan,state,modern,campsite,best_effort_confirmed,80,Imported from v22.2.1 master during Supabase wiring setup.,,,public,State / County / Town,"State, county, and town Campgrounds",,State campgrounds,,,True
s625,Munuscong State Forest Campgrounds,46.211685,-84.2769771,MI,Michigan,state,rustic,campsite,best_effort_confirmed,80,Imported from v22.2.1 master during Supabase wiring setup.,,,public,State / County / Town,"State, county, and town Campgrounds",,State campgrounds,,,True
s626,Murray Bay Group Campsite on Grand Island,46.4719444,-86.6547222,MI,Michigan,state,modern,campsite,best_effort_confirmed,80,Imported from v22.2.1 master during Supabase wiring setup.,,,public,State / County / Town,"State, county, and town Campgrounds",,State campgrounds,,,True
s627,Murray Lake Rustic Campground,42.509111,-83.812415,MI,Michigan,state,rustic,campsite,best_effort_confirmed,80,Imported from v22.2.1 master during Supabase wiring setup.,,,public,State / County / Town,"State, county, and town Campgrounds",,State campgrounds,,,True
s628,Muskallonge Lake State Park,46.6766473,-85.6280737,MI,Michigan,state,modern,campsite,best_effort_confirmed,80,Imported from v22.2.1 master during Supabase wiring setup.,,,public,State / County / Town,"State, county, and town Campgrounds",,State campgrounds,,,True
s629,Muskallonge Lake State Park Campground,46.641,-85.428,MI,Michigan,state,modern,campsite,best_effort_confirmed,80,Imported from v22.2.1 master during Supabase wiring setup.,Starter addition in v18.5. State campground pin to verify against your master data.,https://www.michigan.gov/recsearch/parks/muskallonge,state modern,,,Michigan DNR,State campgrounds,Varies,Yes,True
s630,Muskegon State Park Beach Campground,43.2618471,-86.356554,MI,Michigan,state,modern,campsite,best_effort_confirmed,80,Imported from v22.2.1 master during Supabase wiring setup.,,,public,State / County / Town,"State, county, and town Campgrounds",,State campgrounds,,,True
s631,Muskegon State Park Campground,43.252,-86.275,MI,Michigan,state,modern,campsite,best_effort_confirmed,80,Imported from v22.2.1 master during Supabase wiring setup.,Starter addition in v18.5. State campground pin to verify against your master data.,https://www.michigan.gov/recsearch/parks/muskegon,state modern,,,Michigan DNR,State campgrounds,Varies,Yes,True
s632,Muskegon State Park Channel Campground,43.2336583,-86.3302071,MI,Michigan,state,modern,campsite,best_effort_confirmed,80,Imported from v22.2.1 master during Supabase wiring setup.,,,public,State / County / Town,"State, county, and town Campgrounds",,State campgrounds,,,True
s633,Muskrat Lake State Forest Campground,44.7517157,-84.2408104,MI,Michigan,state,rustic,campsite,best_effort_confirmed,80,Imported from v22.2.1 master during Supabase wiring setup.,,,public,State / County / Town,"State, county, and town Campgrounds",,State campgrounds,,,True
s635,Natalie State Forest Campground,46.350745,-85.5791425,MI,Michigan,state,rustic,campsite,best_effort_confirmed,80,Imported from v22.2.1 master during Supabase wiring setup.,,,public,State / County / Town,"State, county, and town Campgrounds",,State campgrounds,,,True
s637,Neebish Island Resort,46.267448,-84.1253436,MI,Michigan,state,modern,campsite,best_effort_confirmed,80,Imported from v22.2.1 master during Supabase wiring setup.,,,public,State / County / Town,"State, county, and town Campgrounds",,State campgrounds,,,True
s640,Nichols Lake South Campground,43.72305556,-85.90361111,MI,Michigan,federal,rustic,campsite,best_effort_confirmed,80,Imported from v22.2.1 master during Supabase wiring setup.,Federal campground by Nichols Lake with NCT access nearby.,https://www.fs.usda.gov/r09/huron-manistee/recreation/nichols-lake-south-campground,federal rustic,,,US Forest Service,Federal campgrounds,Varies,No,True
s643,North Gemini Lake State Forest Campground,46.4903366,-86.3060827,MI,Michigan,state,rustic,campsite,best_effort_confirmed,80,Imported from v22.2.1 master during Supabase wiring setup.,,,public,State / County / Town,"State, county, and town Campgrounds",,State campgrounds,,,True
s644,North Higgins Lake State Park,44.5134426,-84.7537537,MI,Michigan,state,modern,campsite,best_effort_confirmed,80,Imported from v22.2.1 master during Supabase wiring setup.,,,public,State / County / Town,"State, county, and town Campgrounds",,State campgrounds,,,True
s1047,Norway Lake Campground,46.41583408,-88.68205671,MI,Michigan,federal,modern,campsite,best_effort_confirmed,80,Imported from v22.2.1 master during Supabase wiring setup.,"Ottawa NF campground near Sidnaw with 27 drive-in sites, vault toilets, hand pumps, picnic shelter, and boat landing.",https://www.fs.usda.gov/r09/ottawa/recreation/norway-lake-campground,federal,Federal Campgrounds,Federal Campgrounds,,Federal campgrounds,,,True
s650,O B Fuller County Park,45.5734971,-87.2452188,MI,Michigan,local,modern,campsite,best_effort_confirmed,80,Imported from v22.2.1 master during Supabase wiring setup.,,,public,State / County / Town,"State, county, and town Campgrounds",,Local campgrounds,,,True
s653,Oak CampGround,43.502883,-85.584532,MI,Michigan,state,modern,campsite,best_effort_confirmed,80,Imported from v22.2.1 master during Supabase wiring setup.,,,public,State / County / Town,"State, county, and town Campgrounds",,State campgrounds,,,True
s657,Ocqueoc Falls Campground,45.3942333,-84.0559219,MI,Michigan,state,modern,campsite,best_effort_confirmed,80,Imported from v22.2.1 master during Supabase wiring setup.,,,public,State / County / Town,"State, county, and town Campgrounds",,State campgrounds,,,True
s658,Ojibwa Campground,46.7891667,-88.4711111,MI,Michigan,state,modern,campsite,best_effort_confirmed,80,Imported from v22.2.1 master during Supabase wiring setup.,,,public,State / County / Town,"State, county, and town Campgrounds",,State campgrounds,,,True
s1062,Ojibwa RV Park,46.77930838,-88.49834628,MI,Michigan,local,modern,campsite,best_effort_confirmed,80,Imported from v22.2.1 master during Supabase wiring setup.,Campground / RV park in Baraga near M-38 and US-41.,,local,Local Campgrounds,Local Campgrounds,,Local campgrounds,,,True
s659,Old Orchard Park,44.4458746,-83.48166,MI,Michigan,state,modern,campsite,best_effort_confirmed,80,Imported from v22.2.1 master during Supabase wiring setup.,,,public,State / County / Town,"State, county, and town Campgrounds",,State campgrounds,,,True
s661,Old US 131 State Forest Campground,44.4920399,-85.4168637,MI,Michigan,state,rustic,campsite,best_effort_confirmed,80,Imported from v22.2.1 master during Supabase wiring setup.,,,public,State / County / Town,"State, county, and town Campgrounds",,State campgrounds,,,True
s663,Onaway State Park,45.4327038,-84.2283046,MI,Michigan,state,modern,campsite,best_effort_confirmed,80,Imported from v22.2.1 master during Supabase wiring setup.,,,public,State / County / Town,"State, county, and town Campgrounds",,State campgrounds,,,True
s666,Ontonagon Township Park and Campground,46.881934,-89.3038498,MI,Michigan,local,modern,campsite,best_effort_confirmed,80,Imported from v22.2.1 master during Supabase wiring setup.,,,public,State / County / Town,"State, county, and town Campgrounds",,Local campgrounds,,,True
s667,Orchard Beach State Park,44.2817026,-86.3152884,MI,Michigan,state,modern,campsite,best_effort_confirmed,80,Imported from v22.2.1 master during Supabase wiring setup.,,,public,State / County / Town,"State, county, and town Campgrounds",,State campgrounds,,,True
s668,Ossineke State Forest Campground,44.9221652,-83.41617,MI,Michigan,state,rustic,campsite,best_effort_confirmed,80,Imported from v22.2.1 master during Supabase wiring setup.,,,public,State / County / Town,"State, county, and town Campgrounds",,State campgrounds,,,True
s669,Otsego Lake County Park,44.9657066,-84.7019982,MI,Michigan,local,modern,campsite,best_effort_confirmed,80,Imported from v22.2.1 master during Supabase wiring setup.,,,public,State / County / Town,"State, county, and town Campgrounds",,Local campgrounds,,,True
s670,Otsego Lake State Park,44.9284768,-84.6894768,MI,Michigan,state,modern,campsite,best_effort_confirmed,80,Imported from v22.2.1 master during Supabase wiring setup.,,,public,State / County / Town,"State, county, and town Campgrounds",,State campgrounds,,,True
s671,Otter Lake Campground,46.3104209,-86.7218557,MI,Michigan,state,modern,campsite,best_effort_confirmed,80,Imported from v22.2.1 master during Supabase wiring setup.,,,public,State / County / Town,"State, county, and town Campgrounds",,State campgrounds,,,True
s672,Oxbow Park,43.504153,-85.608951,MI,Michigan,state,modern,campsite,best_effort_confirmed,80,Imported from v22.2.1 master during Supabase wiring setup.,,,public,State / County / Town,"State, county, and town Campgrounds",,State campgrounds,,,True
s673,P. J. Hoffmaster Campground,43.1371892,-86.2729923,MI,Michigan,state,modern,campsite,best_effort_confirmed,80,Imported from v22.2.1 master during Supabase wiring setup.,,,public,State / County / Town,"State, county, and town Campgrounds",,State campgrounds,,,True
s679,Paris Park,43.7873972,-85.501934,MI,Michigan,state,modern,campsite,best_effort_confirmed,80,Imported from v22.2.1 master during Supabase wiring setup.,,,public,State / County / Town,"State, county, and town Campgrounds",,State campgrounds,,,True
s680,Parmalee Bridge State Forest Campground,44.6767319,-84.2929771,MI,Michigan,state,rustic,campsite,best_effort_confirmed,80,Imported from v22.2.1 master during Supabase wiring setup.,,,public,State / County / Town,"State, county, and town Campgrounds",,State campgrounds,,,True
s681,Peninsula Point Lighthouse Access Road Dispersed,45.68067414,-86.96643218,MI,Michigan,boondocking,rustic,campsite,best_effort_confirmed,80,Imported from v22.2.1 master during Supabase wiring setup.,Two dispersed lakeshore sites are reported along the Peninsula Point Lighthouse access road near the tip of the Stonington Peninsula.,https://thedyrt.com/camping/michigan/peninsula-point-lighthouse-access-road-hiawatha-forest,boondocking,,,Hiawatha National Forest / user-reported location,Boondocking / dispersed,Free,No,True
s682,Pentoga Park,46.0400757,-88.510487,MI,Michigan,local,modern,campsite,best_effort_confirmed,80,Imported from v22.2.1 master during Supabase wiring setup.,,https://ironmi.com/county-departments-directory,public,State / County / Town,"State, county, and town Campgrounds",Iron County,Local campgrounds,,,True
s684,Perch Lake State Forest Campgound,46.6293444,-85.6026082,MI,Michigan,state,modern,campsite,best_effort_confirmed,80,Imported from v22.2.1 master during Supabase wiring setup.,,,public,State / County / Town,"State, county, and town Campgrounds",,State campgrounds,,,True
s685,Pere Marquette State Forest dispersed area - Muncie Lakes unit,44.65728,-85.44774,MI,Michigan,boondocking,rustic,campsite,best_effort_confirmed,80,Imported from v22.2.1 master during Supabase wiring setup.,Provisional dispersed/public-land camping pin in the Muncie Lakes area. DNR allows backpacking or car camping on state forest land when the site is more than 1 mile from a state forest campground and otherwise follows posted rules.,https://www.michigan.gov/dnr/things-to-do/camping-and-lodging/backpack,boondocking dispersed,,,Michigan DNR,Boondocking / dispersed,Free,No,True
s687,Perkins Park,46.8131144,-87.7263906,MI,Michigan,state,modern,campsite,best_effort_confirmed,80,Imported from v22.2.1 master during Supabase wiring setup.,,,public,State / County / Town,"State, county, and town Campgrounds",,State campgrounds,,,True
s688,Perrault Lake Campground,47.0296262,-88.7310288,MI,Michigan,state,modern,campsite,best_effort_confirmed,80,Imported from v22.2.1 master during Supabase wiring setup.,,,public,State / County / Town,"State, county, and town Campgrounds",,State campgrounds,,,True
s690,Pete's Lake Campground,46.2293431,-86.6016145,MI,Michigan,state,modern,campsite,best_effort_confirmed,80,Imported from v22.2.1 master during Supabase wiring setup.,,,public,State / County / Town,"State, county, and town Campgrounds",,State campgrounds,,,True
s692,Petoskey State Park Campground,45.3942711,-84.9119672,MI,Michigan,state,modern,campsite,best_effort_confirmed,80,Imported from v22.2.1 master during Supabase wiring setup.,,,public,State / County / Town,"State, county, and town Campgrounds",,State campgrounds,,,True
s693,Petoskey State Park Tannery Creek Campground,45.389,-84.974,MI,Michigan,state,modern,campsite,best_effort_confirmed,80,Imported from v22.2.1 master during Supabase wiring setup.,Starter addition in v18.5. State campground pin to verify against your master data.,https://www.michigan.gov/recsearch/parks/petoskey,state modern,,,Michigan DNR,State campgrounds,Varies,Yes,True
s694,Pickerel Lake State Forest Campground,45.1773807,-84.5184445,MI,Michigan,state,rustic,campsite,best_effort_confirmed,80,Imported from v22.2.1 master during Supabase wiring setup.,,,public,State / County / Town,"State, county, and town Campgrounds",,State campgrounds,,,True
s695,Pigeon Bridge State Forest Campground,45.1567468,-84.4648897,MI,Michigan,state,rustic,campsite,best_effort_confirmed,80,Imported from v22.2.1 master during Supabase wiring setup.,,,public,State / County / Town,"State, county, and town Campgrounds",,State campgrounds,,,True
s697,Pike Lake State Forest Campground,46.6439382,-85.4164707,MI,Michigan,state,rustic,campsite,best_effort_confirmed,80,Imported from v22.2.1 master during Supabase wiring setup.,,,public,State / County / Town,"State, county, and town Campgrounds",,State campgrounds,,,True
s702,Pine Grove State Forest Campground,45.2443677,-84.4464315,MI,Michigan,state,rustic,campsite,best_effort_confirmed,80,Imported from v22.2.1 master during Supabase wiring setup.,,,public,State / County / Town,"State, county, and town Campgrounds",,State campgrounds,,,True
s706,Pines Campground,44.0361158,-86.5064831,MI,Michigan,state,modern,campsite,best_effort_confirmed,80,Imported from v22.2.1 master during Supabase wiring setup.,,,public,State / County / Town,"State, county, and town Campgrounds",,State campgrounds,,,True
s713,Pinnacle Falls lot,46.7111579,-87.8065897,MI,Michigan,boondocking,rustic,campsite,best_effort_confirmed,80,Imported from v22.2.1 master during Supabase wiring setup.,There's a short side road from the parking area for the trail to Pinnacle Falls.,,boondocking,Boondocking,Boondocking places I've been,,Boondocking / dispersed,,,True
s714,Pinney Bridge State Forest Campground,45.0167544,-85.0284826,MI,Michigan,state,rustic,campsite,best_effort_confirmed,80,Imported from v22.2.1 master during Supabase wiring setup.,,,public,State / County / Town,"State, county, and town Campgrounds",,State campgrounds,,,True
s715,Pioneer Park Campground,43.2822376,-86.365353,MI,Michigan,state,modern,campsite,best_effort_confirmed,80,Imported from v22.2.1 master during Supabase wiring setup.,,,public,State / County / Town,"State, county, and town Campgrounds",,State campgrounds,,,True
s716,Pioneer Trail Park,45.7947063,-87.0716603,MI,Michigan,state,modern,campsite,best_effort_confirmed,80,Imported from v22.2.1 master during Supabase wiring setup.,,,public,State / County / Town,"State, county, and town Campgrounds",,State campgrounds,,,True
s718,Platte River Campground,44.7156217,-86.1160284,MI,Michigan,federal,modern,campsite,best_effort_confirmed,80,Imported from v22.2.1 master during Supabase wiring setup.,"Sleeping Bear Dunes campground with electric hook-ups, hot showers, and modern restrooms.",https://www.nps.gov/slbe/planyourvisit/platterivercamp.htm,federal modern,State / County / Town,"State, county, and town Campgrounds",National Park Service,Federal campgrounds,$22-$50/night,Yes,True
s719,Platte River State Forest Campground,44.6460514,-85.9783882,MI,Michigan,state,rustic,campsite,best_effort_confirmed,80,Imported from v22.2.1 master during Supabase wiring setup.,Rustic state forest campground on the Platte River near Honor with paddling and fishing access.,https://www.michigan.gov/recsearch/sfcampgroundsn-z/platteriver,state rustic,State / County / Town,"State, county, and town Campgrounds",Michigan DNR,State campgrounds,Varies,No,True
s727,Point Abbeye,46.9639027,-88.1396852,MI,Michigan,boondocking,rustic,campsite,best_effort_confirmed,80,Imported from v22.2.1 master during Supabase wiring setup.,There's a few places along the road you can turn off on and set up a tent,,boondocking,Boondocking,Boondocking places I've been,,Boondocking / dispersed,,,True
s728,Point Au Gres Park & Campground,43.9931607,-83.6803885,MI,Michigan,state,modern,campsite,best_effort_confirmed,80,Imported from v22.2.1 master during Supabase wiring setup.,,,public,State / County / Town,"State, county, and town Campgrounds",,State campgrounds,,,True
s730,Point Detour boondocking,45.601745537461625,-86.6147502928866,MI,Michigan,boondocking,rustic,campsite,best_effort_confirmed,80,Imported from v22.2.1 master during Supabase wiring setup.,User-provided boondocking site at Point Detour. No amenities.,,boondocking,Boondocking,User-provided boondocking places,,Boondocking / dispersed,,,True
s735,Pontiac Lake State Recreation Area Campground,42.6859718,-83.4725745,MI,Michigan,state,modern,campsite,best_effort_confirmed,80,Imported from v22.2.1 master during Supabase wiring setup.,,,public,State / County / Town,"State, county, and town Campgrounds",,State campgrounds,,,True
s737,Poplar Campground,43.504505,-85.590069,MI,Michigan,state,modern,campsite,best_effort_confirmed,80,Imported from v22.2.1 master during Supabase wiring setup.,,,public,State / County / Town,"State, county, and town Campgrounds",,State campgrounds,,,True
s738,Porcupine Mountains Union Bay Campground,46.764,-89.742,MI,Michigan,state,modern,campsite,best_effort_confirmed,80,Imported from v22.2.1 master during Supabase wiring setup.,Starter addition in v18.5. State campground pin to verify against your master data.,https://www.michigan.gov/recsearch/parks/porkies,state modern,,,Michigan DNR,State campgrounds,Varies,Yes,True
s739,Port Crescent State Park Campsite,44.0075254,-83.0524005,MI,Michigan,state,modern,campsite,best_effort_confirmed,80,Imported from v22.2.1 master during Supabase wiring setup.,,,public,State / County / Town,"State, county, and town Campgrounds",,State campgrounds,,,True
s740,Portage Bay State Campground,45.726848612786206,-86.53527673314433,MI,Michigan,state,modern,campsite,best_effort_confirmed,80,Imported from v22.2.1 master during Supabase wiring setup.,Official Michigan state forest campground page added.,https://www.michigan.gov/recsearch/sfcampgroundsn-z/portagebay,public,State / County / Town,"State, county, and town Campgrounds",,State campgrounds,,,True
s741,Portage Lake Campground,42.3289483,-84.2366057,MI,Michigan,state,modern,campsite,best_effort_confirmed,80,Imported from v22.2.1 master during Supabase wiring setup.,,,public,State / County / Town,"State, county, and town Campgrounds",,State campgrounds,,,True
s742,"Portage Lake Campground, Waterloo Recreation Area",42.3281153,-84.2416184,MI,Michigan,state,modern,campsite,best_effort_confirmed,80,Imported from v22.2.1 master during Supabase wiring setup.,,,public,State / County / Town,"State, county, and town Campgrounds",,State campgrounds,,,True
s749,Presque Isle State Park Campground,45.329,-83.487,MI,Michigan,state,modern,campsite,best_effort_confirmed,80,Imported from v22.2.1 master during Supabase wiring setup.,Starter addition in v18.5. State campground pin to verify against your master data.,https://www.michigan.gov/recsearch/parks/presqueisle,state modern,,,Michigan DNR,State campgrounds,Varies,Yes,True
s750,Pretty Lake State Forest Campground,46.6041665,-85.6579576,MI,Michigan,state,rustic,campsite,best_effort_confirmed,80,Imported from v22.2.1 master during Supabase wiring setup.,,,public,State / County / Town,"State, county, and town Campgrounds",,State campgrounds,,,True
s753,Proud Lake Rec Area - Modern Campground,42.5632851,-83.5277624,MI,Michigan,state,modern,campsite,best_effort_confirmed,80,Imported from v22.2.1 master during Supabase wiring setup.,,,public,State / County / Town,"State, county, and town Campgrounds",,State campgrounds,,,True
s754,Proud Lake State Park - Organizational Campground,42.5740746,-83.5554242,MI,Michigan,state,modern,campsite,best_effort_confirmed,80,Imported from v22.2.1 master during Supabase wiring setup.,,,public,State / County / Town,"State, county, and town Campgrounds",,State campgrounds,,,True
s758,Rainbow Bend State Forest Campground,44.6697377,-84.4177964,MI,Michigan,state,rustic,campsite,best_effort_confirmed,80,Imported from v22.2.1 master during Supabase wiring setup.,,,public,State / County / Town,"State, county, and town Campgrounds",,State campgrounds,,,True
s760,Rally Point Veterans Camp Ground,44.2781278,-86.1445169,MI,Michigan,private,modern,campsite,best_effort_confirmed,80,Imported from v22.2.1 master during Supabase wiring setup.,,,private,Private Campgrounds,Private campgrounds,,Private campgrounds,,,True
s763,Rapid River Trail Camp,44.7532936,-85.1942083,MI,Michigan,state,rustic,campsite,best_effort_confirmed,80,Imported from v22.2.1 master during Supabase wiring setup.,,,public,State / County / Town,"State, county, and town Campgrounds",,State campgrounds,,,True
s764,Readmond Township Park,45.5738171,-85.1181938,MI,Michigan,local,modern,campsite,best_effort_confirmed,80,Imported from v22.2.1 master during Supabase wiring setup.,,,public,State / County / Town,"State, county, and town Campgrounds",,Local campgrounds,,,True
s766,Reed & Green Campground,46.6613987,-85.5229102,MI,Michigan,state,modern,campsite,best_effort_confirmed,80,Imported from v22.2.1 master during Supabase wiring setup.,,,public,State / County / Town,"State, county, and town Campgrounds",,State campgrounds,,,True
s767,Reedsburg Dam State Forest Campground,44.359843,-84.856857,MI,Michigan,state,rustic,campsite,best_effort_confirmed,80,Imported from v22.2.1 master during Supabase wiring setup.,,,public,State / County / Town,"State, county, and town Campgrounds",,State campgrounds,,,True
s772,Rifle River Campground & Canoe Livery,44.0839372,-84.0398037,MI,Michigan,state,modern,campsite,best_effort_confirmed,80,Imported from v22.2.1 master during Supabase wiring setup.,,,public,State / County / Town,"State, county, and town Campgrounds",,State campgrounds,,,True
s774,Rippling River Resort,46.5093663,-87.4146899,MI,Michigan,private,modern,campsite,best_effort_confirmed,80,Imported from v22.2.1 master during Supabase wiring setup.,,,private,Private Campgrounds,Private campgrounds,,Private campgrounds,,,True
s777,River Park Campground,44.720078,-84.6411613,MI,Michigan,private,modern,campsite,best_effort_confirmed,80,Imported from v22.2.1 master during Supabase wiring setup.,,,private,Private Campgrounds,Private campgrounds,,Private campgrounds,,,True
s1049,River Road RV Park & Campground,46.865565,-89.317878,MI,Michigan,private,modern,campsite,best_effort_confirmed,80,Imported from v22.2.1 master during Supabase wiring setup.,"Private campground in Ontonagon with full-hookup pull-through RV sites, tent sites, showers, laundry, and Wi-Fi.",https://riverroadrvpark.net,private,Private Campgrounds,Private Campgrounds,,Private campgrounds,,,True
s780,Riverside Park,43.9437111,-86.278726,MI,Michigan,state,modern,campsite,best_effort_confirmed,80,Imported from v22.2.1 master during Supabase wiring setup.,,,public,State / County / Town,"State, county, and town Campgrounds",,State campgrounds,,,True
s783,Road's End Campsite,46.494843,-86.6448526,MI,Michigan,state,modern,campsite,best_effort_confirmed,80,Imported from v22.2.1 master during Supabase wiring setup.,,,public,State / County / Town,"State, county, and town Campgrounds",,State campgrounds,,,True
s785,Robert Doerr Park,44.7071265,-85.7398218,MI,Michigan,state,modern,campsite,best_effort_confirmed,80,Imported from v22.2.1 master during Supabase wiring setup.,,,public,State / County / Town,"State, county, and town Campgrounds",,State campgrounds,,,True
s786,Roberts Landing Campground,45.7226452,-84.6081804,MI,Michigan,state,modern,campsite,best_effort_confirmed,80,Imported from v22.2.1 master during Supabase wiring setup.,,,public,State / County / Town,"State, county, and town Campgrounds",,State campgrounds,,,True
s791,Ross Lake State Campground,46.4847965,-86.2663087,MI,Michigan,state,modern,campsite,best_effort_confirmed,80,Imported from v22.2.1 master during Supabase wiring setup.,,,public,State / County / Town,"State, county, and town Campgrounds",,State campgrounds,,,True
s792,Round Lake State Forest Campground,45.1365893,-84.4534063,MI,Michigan,state,rustic,campsite,best_effort_confirmed,80,Imported from v22.2.1 master during Supabase wiring setup.,,,public,State / County / Town,"State, county, and town Campgrounds",,State campgrounds,,,True
s794,Rustic Peshekee Cabin - Van Riper State Park,46.5293304,-88.0017851,MI,Michigan,state,rustic,campsite,best_effort_confirmed,80,Imported from v22.2.1 master during Supabase wiring setup.,,,public,State / County / Town,"State, county, and town Campgrounds",,State campgrounds,,,True
s804,Sand Lake Campground,42.8078397,-83.6552554,MI,Michigan,state,modern,campsite,best_effort_confirmed,80,Imported from v22.2.1 master during Supabase wiring setup.,,,public,State / County / Town,"State, county, and town Campgrounds",,State campgrounds,,,True
s808,Sanilac County Evergreen Park,43.5519025,-83.09552,MI,Michigan,local,modern,campsite,best_effort_confirmed,80,Imported from v22.2.1 master during Supabase wiring setup.,,,public,State / County / Town,"State, county, and town Campgrounds",,Local campgrounds,,,True
s809,Sanilac County Forester Campground,43.5117073,-82.5742618,MI,Michigan,local,modern,campsite,best_effort_confirmed,80,Imported from v22.2.1 master during Supabase wiring setup.,,,public,State / County / Town,"State, county, and town Campgrounds",,Local campgrounds,,,True
s810,Sanilac County Lexington Park,43.3154876,-82.5338526,MI,Michigan,local,modern,campsite,best_effort_confirmed,80,Imported from v22.2.1 master during Supabase wiring setup.,,,public,State / County / Town,"State, county, and town Campgrounds",,Local campgrounds,,,True
s811,Sawdust Hole River Access Camping,44.26931244,-85.95168475,MI,Michigan,boondocking,rustic,campsite,best_effort_confirmed,80,Imported from v22.2.1 master during Supabase wiring setup.,Primitive riverside camping / access area on the Manistee National Recreation River corridor.,https://www.fs.usda.gov/r09/huron-manistee/recreation/sawdust-hole-river-access,boondocking,,,US Forest Service,Boondocking / dispersed,Varies,No,True
s812,Sawkaw Lake Dispersed Camping,43.76294101,-85.89773036,MI,Michigan,boondocking,rustic,campsite,best_effort_confirmed,80,Imported from v22.2.1 master during Supabase wiring setup.,Primitive dispersed camping area used as a Baldwin-area boondocking option.,https://thedyrt.com/camping/michigan/sawkaw-lake,boondocking,,,Public Land,Boondocking / dispersed,Free,No,True
s813,Sawmill Creek Boondock,46.129800551910414,-87.39783610286325,MI,Michigan,boondocking,rustic,campsite,best_effort_confirmed,80,Imported from v22.2.1 master during Supabase wiring setup.,User-provided boondocking site. No amenities.,,boondocking,Boondocking,User-provided boondocking places,,Boondocking / dispersed,,,True
s817,Scheck's Place State Forest Campground,44.6523552,-85.4555019,MI,Michigan,state,rustic,campsite,best_effort_confirmed,80,Imported from v22.2.1 master during Supabase wiring setup.,Rustic state forest campground on the Boardman River and Shore-to-Shore Trail corridor east of Traverse City.,https://www.michigan.gov/recsearch/sfcampgroundsn-z/schecksplace,state rustic,State / County / Town,"State, county, and town Campgrounds",Michigan DNR,State campgrounds,Varies,No,True
s818,Schecks Place Trail Camp,44.654486,-85.45025,MI,Michigan,state,rustic,campsite,best_effort_confirmed,80,Imported from v22.2.1 master during Supabase wiring setup.,Large group/equestrian trail camp on the Boardman River and Shore-to-Shore Trail.,https://www.michigan.gov/recsearch/sfcampgroundsn-z/schecksplacetrail,state rustic,,,Michigan DNR,State campgrounds,Varies,No,True
s820,School Section Lake Veteran's Park,43.597875,-85.265172,MI,Michigan,state,modern,campsite,best_effort_confirmed,80,Imported from v22.2.1 master during Supabase wiring setup.,,,public,State / County / Town,"State, county, and town Campgrounds",,State campgrounds,,,True
s821,Schoolcraft Township Park,47.1797402,-88.2413117,MI,Michigan,local,modern,campsite,best_effort_confirmed,80,Imported from v22.2.1 master during Supabase wiring setup.,,,public,State / County / Town,"State, county, and town Campgrounds",,Local campgrounds,,,True
s1067,Schoolcraft Township Rustic Campground,47.17331606576379,-88.24208889396004,MI,Michigan,local,rustic,campsite,best_effort_confirmed,80,Imported from v22.2.1 master during Supabase wiring setup.,Township rustic campground on S Big Traverse Road with a handful of shoreline campsites on Big Traverse Bay.,https://www.visitkeweenaw.com/listing/schoolcraft-township-rustic-campground/389/,local rustic,Local Campgrounds,Local Campgrounds,,Local campgrounds,,,True
s823,Search Bay Dispersed Camping,45.99355121693662,-84.51579533948188,MI,Michigan,boondocking,rustic,campsite,best_effort_confirmed,80,Imported from v22.2.1 master during Supabase wiring setup.,Primitive waterfront dispersed camping east of the bridge area.,https://thedyrt.com/camping/michigan/search-bay-dispersed,boondocking,,,Public Land,Boondocking / dispersed,Free,No,True
s824,Seaton Creek Campground,44.3577778,-85.8091667,MI,Michigan,federal,rustic,campsite,best_effort_confirmed,80,Imported from v22.2.1 master during Supabase wiring setup.,Rustic Forest Service campground on Seaton Creek with connector access to the Manistee River Trail.,https://www.fs.usda.gov/r09/huron-manistee/recreation/seaton-creek-campground,federal rustic,,,US Forest Service,Federal campgrounds,$30/night,No,True
s825,Seney Township Campground,46.3539575,-85.9631114,MI,Michigan,local,modern,campsite,best_effort_confirmed,80,Imported from v22.2.1 master during Supabase wiring setup.,,,public,State / County / Town,"State, county, and town Campgrounds",,Local campgrounds,,,True
s826,Seven Lakes State Park,42.8106482,-83.6674177,MI,Michigan,state,modern,campsite,best_effort_confirmed,80,Imported from v22.2.1 master during Supabase wiring setup.,,,public,State / County / Town,"State, county, and town Campgrounds",,State campgrounds,,,True
s831,Shamrock Park,41.9519924,-86.3344904,MI,Michigan,private,modern,campsite,best_effort_confirmed,80,Imported from v22.2.1 master during Supabase wiring setup.,,,private,Private Campgrounds,Private campgrounds,,Private campgrounds,,,True
s834,Shoepac Lake State Forest Campground,45.2397111,-84.170481,MI,Michigan,state,rustic,campsite,best_effort_confirmed,80,Imported from v22.2.1 master during Supabase wiring setup.,,,public,State / County / Town,"State, county, and town Campgrounds",,State campgrounds,,,True
s835,Shupac Lake State Forest Campground,44.8238182,-84.4794755,MI,Michigan,state,rustic,campsite,best_effort_confirmed,80,Imported from v22.2.1 master during Supabase wiring setup.,,,public,State / County / Town,"State, county, and town Campgrounds",,State campgrounds,,,True
s838,Silver Creek State Forest Campground,44.1173652,-85.6848632,MI,Michigan,state,rustic,campsite,best_effort_confirmed,80,Imported from v22.2.1 master during Supabase wiring setup.,,,public,State / County / Town,"State, county, and town Campgrounds",,State campgrounds,,,True
s839,Silver Lake - Boat in,46.6664939,-87.8529904,MI,Michigan,boondocking,rustic,campsite,best_effort_confirmed,80,Imported from v22.2.1 master during Supabase wiring setup.,,,boondocking,Boondocking,places from others,,Boondocking / dispersed,,,True
s840,Silver Lake 1,46.6612423,-87.8371345,MI,Michigan,boondocking,rustic,campsite,best_effort_confirmed,80,Imported from v22.2.1 master during Supabase wiring setup.,,,boondocking,Boondocking,Boondocking places I've been,,Boondocking / dispersed,,,True
s841,Silver Lake 2,46.650547,-87.8510469,MI,Michigan,boondocking,rustic,campsite,best_effort_confirmed,80,Imported from v22.2.1 master during Supabase wiring setup.,,,boondocking,Boondocking,Boondocking places I've been,,Boondocking / dispersed,,,True
s842,Silver Lake 3,46.6542482,-87.8143247,MI,Michigan,boondocking,rustic,campsite,best_effort_confirmed,80,Imported from v22.2.1 master during Supabase wiring setup.,,,boondocking,Boondocking,Boondocking places I've been,,Boondocking / dispersed,,,True
s843,Silver Lake State Park Campground,43.6614548,-86.4949624,MI,Michigan,state,modern,campsite,best_effort_confirmed,80,Imported from v22.2.1 master during Supabase wiring setup.,,,public,State / County / Town,"State, county, and town Campgrounds",,State campgrounds,,,True
s849,Sleeper State Park,43.9789761,-83.2102189,MI,Michigan,state,modern,campsite,best_effort_confirmed,80,Imported from v22.2.1 master during Supabase wiring setup.,,,public,State / County / Town,"State, county, and town Campgrounds",,State campgrounds,,,True
s850,Sleeper State Park Campground,43.83,-83.1,MI,Michigan,state,modern,campsite,best_effort_confirmed,80,Imported from v22.2.1 master during Supabase wiring setup.,Starter addition in v18.5. State campground pin to verify against your master data.,https://www.michigan.gov/recsearch/parks/sleeper,state modern,,,Michigan DNR,State campgrounds,Varies,Yes,True
s852,Sleepy Hollow State Park,42.9252559,-84.4094207,MI,Michigan,state,modern,campsite,best_effort_confirmed,80,Imported from v22.2.1 master during Supabase wiring setup.,,,public,State / County / Town,"State, county, and town Campgrounds",,State campgrounds,,,True
s858,South Gemini Lake State Forest Campground,46.4812012,-86.3043218,MI,Michigan,state,rustic,campsite,best_effort_confirmed,80,Imported from v22.2.1 master during Supabase wiring setup.,,,public,State / County / Town,"State, county, and town Campgrounds",,State campgrounds,,,True
s859,South Higgins Lake Camping,44.4235184,-84.6845567,MI,Michigan,state,modern,campsite,best_effort_confirmed,80,Imported from v22.2.1 master during Supabase wiring setup.,,,public,State / County / Town,"State, county, and town Campgrounds",,State campgrounds,,,True
s860,South Higgins Lake State Park Campground,44.477,-84.69,MI,Michigan,state,modern,campsite,best_effort_confirmed,80,Imported from v22.2.1 master during Supabase wiring setup.,Starter addition in v18.5. State campground pin to verify against your master data.,https://www.michigan.gov/recsearch/parks/southhigginslake,state modern,,,Michigan DNR,State campgrounds,Varies,Yes,True
s862,South Manistique Lake Campground,46.1760957,-85.791507,MI,Michigan,state,modern,campsite,best_effort_confirmed,80,Imported from v22.2.1 master during Supabase wiring setup.,,,public,State / County / Town,"State, county, and town Campgrounds",,State campgrounds,,,True
s1048,Sparrow Rapids Campground,46.50477544,-88.94735023,MI,Michigan,federal,rustic,campsite,best_effort_confirmed,80,Imported from v22.2.1 master during Supabase wiring setup.,Limited-service Ottawa NF campground with 6 sites near the East Branch Ontonagon River; no potable water.,https://www.fs.usda.gov/r09/ottawa/recreation/sparrow-rapids-campground,federal rustic,Federal Campgrounds,Federal Campgrounds,,Federal campgrounds,,,True
s869,Spring Lake State Forest Campground,44.563385,-85.366276,MI,Michigan,state,rustic,campsite,best_effort_confirmed,80,Imported from v22.2.1 master during Supabase wiring setup.,,,public,State / County / Town,"State, county, and town Campgrounds",,State campgrounds,,,True
s870,Spruce Campground,44.3887337,-84.0330264,MI,Michigan,state,modern,campsite,best_effort_confirmed,80,Imported from v22.2.1 master during Supabase wiring setup.,,,public,State / County / Town,"State, county, and town Campgrounds",,State campgrounds,,,True
s873,Stafford County Park,43.9435442,-82.7098702,MI,Michigan,local,modern,campsite,best_effort_confirmed,80,Imported from v22.2.1 master during Supabase wiring setup.,,,public,State / County / Town,"State, county, and town Campgrounds",,Local campgrounds,,,True
s875,Stannard Township RV Campground,46.5370354,-89.1770282,MI,Michigan,local,modern,campsite,best_effort_confirmed,80,Imported from v22.2.1 master during Supabase wiring setup.,,,public,State / County / Town,"State, county, and town Campgrounds",,Local campgrounds,,,True
s879,Steuben Lake - Manistique Rapid River Dispersed,46.2024167,-86.42781518,MI,Michigan,boondocking,rustic,campsite,best_effort_confirmed,80,Imported from v22.2.1 master during Supabase wiring setup.,Primitive dispersed campsite in the Escanaba River / Manistique Rapid River district.,https://thedyrt.com/camping/michigan/crooked-lake-dispersed-campsite,boondocking,,,Hiawatha National Forest / user-reported location,Boondocking / dispersed,Free,No,True
s1082,Steuben Lake Campsites,46.19676027,-86.42600861,MI,Michigan,federal,modern,campsite,best_effort_confirmed,80,Imported from v22.2.1 master during Supabase wiring setup.,Official Hiawatha National Forest primitive campsites page added. Two primitive sites on Steuben Lake.,https://www.fs.usda.gov/r09/hiawatha/recreation/steuben-lake-campsites,public,Federal Campgrounds,Federal Campgrounds,US Forest Service,Federal campground,,,True
s882,Stoney Creek Trail Camp,45.4065622,-84.4399028,MI,Michigan,state,rustic,campsite,best_effort_confirmed,80,Imported from v22.2.1 master during Supabase wiring setup.,,,public,State / County / Town,"State, county, and town Campgrounds",,State campgrounds,,,True
s883,Straits State Park,45.85507,-84.719492,MI,Michigan,state,modern,campsite,best_effort_confirmed,80,Imported from v22.2.1 master during Supabase wiring setup.,,,public,State / County / Town,"State, county, and town Campgrounds",,State campgrounds,,,True
s884,Straits State Park Campground,45.851,-84.72,MI,Michigan,state,modern,campsite,best_effort_confirmed,80,Imported from v22.2.1 master during Supabase wiring setup.,Starter addition in v18.5. State campground pin to verify against your master data.,https://www.michigan.gov/recsearch/parks/straits,state modern,,,Michigan DNR,State campgrounds,Varies,Yes,True
s887,Sturgeon Gorge Boondocking,46.5737562,-88.6635304,MI,Michigan,boondocking,rustic,campsite,best_effort_confirmed,80,Imported from v22.2.1 master during Supabase wiring setup.,Just down from the campground there's 3 or 4 pullouts along the river you can boondock at.,,boondocking,Boondocking,Boondocking places I've been,,Boondocking / dispersed,,,True
s888,Sturgeon River bridge,46.6147989,-88.4526484,MI,Michigan,boondocking,rustic,campsite,best_effort_confirmed,80,Imported from v22.2.1 master during Supabase wiring setup.,The road no longer goes all the way through so there's not much traffic.  But the North Country Trail does go through here.,,boondocking,Boondocking,Boondocking places I've been,,Boondocking / dispersed,,,True
s889,Sturgeon River Campground,46.570036,-88.656507,MI,Michigan,federal,modern,campsite,best_effort_confirmed,80,Imported from v22.2.1 master during Supabase wiring setup.,Ottawa National Forest campground near Sturgeon River Gorge Wilderness with 9 sites and no potable water. OHV-friendly area and useful dispersed-camping anchor.,https://www.fs.usda.gov/r09/ottawa/recreation/sturgeon-river-campground,federal,Federal Campgrounds,Federal Campgrounds,,Federal campgrounds,,,True
s891,Sugarloaf Lake Campground,42.3419643,-84.121542,MI,Michigan,state,modern,campsite,best_effort_confirmed,80,Imported from v22.2.1 master during Supabase wiring setup.,,,public,State / County / Town,"State, county, and town Campgrounds",,State campgrounds,,,True
s892,Sulak Campground,43.923778,-86.013254,MI,Michigan,federal,rustic,campsite,best_effort_confirmed,80,Imported from v22.2.1 master during Supabase wiring setup.,No-fee federal campground near the North Country Trail west of Baldwin.,https://www.fs.usda.gov/r09/huron-manistee/recreation/sulak-campground,federal rustic,,,US Forest Service,Federal campgrounds,Free,No,True
s894,Sunken Lake Park,45.2092606,-83.7240622,MI,Michigan,state,modern,campsite,best_effort_confirmed,80,Imported from v22.2.1 master during Supabase wiring setup.,,,public,State / County / Town,"State, county, and town Campgrounds",,State campgrounds,,,True
s896,Sunrise Lake State Forest Campground,44.0284151,-85.3330837,MI,Michigan,state,rustic,campsite,best_effort_confirmed,80,Imported from v22.2.1 master during Supabase wiring setup.,,,public,State / County / Town,"State, county, and town Campgrounds",,State campgrounds,,,True
s1069,Sunset Bay RV Resort and Campground,47.38486516,-88.38436882,MI,Michigan,private,modern,campsite,best_effort_confirmed,80,Imported from v22.2.1 master during Supabase wiring setup.,Private RV resort/campground on Lake Superior in Allouez Township.,,private modern,Private Campgrounds,Private Campgrounds,,Private campgrounds,,,True
s1073,Swan Lake Campsites,46.16521194,-86.57843611,MI,Michigan,federal,modern,campsite,best_effort_confirmed,80,Imported from v22.2.1 master during Supabase wiring setup.,Official Hiawatha National Forest primitive campsites page added. Four primitive sites on Swan Lake along Pine Marten Run Trail.,https://www.fs.usda.gov/r09/hiawatha/recreation/swan-lake-campsites,public,Federal Campgrounds,Federal Campgrounds,US Forest Service,Federal campground,,,True
s901,Tahquamenon Falls State Park - Lower Falls Portage Campground,46.6031919,-85.1978829,MI,Michigan,state,modern,campsite,best_effort_confirmed,80,Imported from v22.2.1 master during Supabase wiring setup.,,,public,State / County / Town,"State, county, and town Campgrounds",,State campgrounds,,,True
s902,Tahquamenon Falls State Park Rivermouth Campgrounds,46.5562704,-85.035522,MI,Michigan,state,modern,campsite,best_effort_confirmed,80,Imported from v22.2.1 master during Supabase wiring setup.,,,public,State / County / Town,"State, county, and town Campgrounds",,State campgrounds,,,True
s903,Tahquamenon River Mouth Campground,46.559,-85.0351,MI,Michigan,state,modern,campsite,best_effort_confirmed,80,Imported from v22.2.1 master during Supabase wiring setup.,"Rivermouth campground area at Tahquamenon Falls State Park near 32130 W. South River Road, Paradise.",https://www.michigan.gov/tahquamenonfalls,state modern,,,Michigan DNR,State campgrounds,Varies,Yes,True
s905,Tank Lake,46.6024279,-85.7434578,MI,Michigan,boondocking,rustic,campsite,best_effort_confirmed,80,Imported from v22.2.1 master during Supabase wiring setup.,There's a spot for a pop up or two,,boondocking,Boondocking,Boondocking places I've been,,Boondocking / dispersed,,,True
s906,Tawas Point Campground,44.2577044,-83.4448277,MI,Michigan,state,modern,campsite,best_effort_confirmed,80,Imported from v22.2.1 master during Supabase wiring setup.,,,public,State / County / Town,"State, county, and town Campgrounds",,State campgrounds,,,True
s907,Tee Pee Campgrounds,45.7649205,-84.7158295,MI,Michigan,state,modern,campsite,best_effort_confirmed,80,Imported from v22.2.1 master during Supabase wiring setup.,,,public,State / County / Town,"State, county, and town Campgrounds",,State campgrounds,,,True
s913,Thunder Bay River State Forest,45.0897361,-83.3238602,MI,Michigan,state,modern,campsite,best_effort_confirmed,80,Imported from v22.2.1 master during Supabase wiring setup.,,,public,State / County / Town,"State, county, and town Campgrounds",,State campgrounds,,,True
s914,Thunder Bay RV Park & Camp,45.0147015,-83.4647396,MI,Michigan,private,modern,campsite,best_effort_confirmed,80,Imported from v22.2.1 master during Supabase wiring setup.,,,private,Private Campgrounds,Private campgrounds,,Private campgrounds,,,True
s915,Tiki RV Park,45.8825111,-84.72863,MI,Michigan,state,modern,campsite,best_effort_confirmed,80,Imported from v22.2.1 master during Supabase wiring setup.,,,public,State / County / Town,"State, county, and town Campgrounds",,State campgrounds,,,True
s916,Timberline Campground,44.5900176,-86.0993441,MI,Michigan,private,modern,campsite,best_effort_confirmed,80,Imported from v22.2.1 master during Supabase wiring setup.,,,private,Private Campgrounds,Private campgrounds,,Private campgrounds,,,True
s917,Tioga campground,46.51352,-87.0265277,MI,Michigan,state,modern,campsite,best_effort_confirmed,80,Imported from v22.2.1 master during Supabase wiring setup.,There's a trail here through the remains of an old logging ghost town (no standing buildings) with a few campsites with fire rings and picnic tables.  There's a portable outhouse.,,public,State / County / Town,"State, county, and town Campgrounds",,State campgrounds,,,True
s918,Tippy Dam Campground,44.2544673,-85.9436416,MI,Michigan,private,modern,campsite,best_effort_confirmed,80,Imported from v22.2.1 master during Supabase wiring setup.,,,private,Private Campgrounds,Private campgrounds,,Private campgrounds,,,True
s919,Tippy Dam Campground-MDNR,44.264781,-85.9390709,MI,Michigan,state,modern,campsite,best_effort_confirmed,80,Imported from v22.2.1 master during Supabase wiring setup.,,,public,State / County / Town,"State, county, and town Campgrounds",,State campgrounds,,,True
s921,Tomahawk Lake State Forest Campground,45.2310387,-84.1652869,MI,Michigan,state,rustic,campsite,best_effort_confirmed,80,Imported from v22.2.1 master during Supabase wiring setup.,,,public,State / County / Town,"State, county, and town Campgrounds",,State campgrounds,,,True
s922,Tourist Park,46.5689429,-87.4066982,MI,Michigan,state,modern,campsite,best_effort_confirmed,80,Imported from v22.2.1 master during Supabase wiring setup.,,,public,State / County / Town,"State, county, and town Campgrounds",,State campgrounds,,,True
s925,Town Corner Lake State Forest Campground,45.115005,-84.3620389,MI,Michigan,state,rustic,campsite,best_effort_confirmed,80,Imported from v22.2.1 master during Supabase wiring setup.,,,public,State / County / Town,"State, county, and town Campgrounds",,State campgrounds,,,True
s926,Township Park,45.9938367,-83.7859154,MI,Michigan,local,modern,campsite,best_effort_confirmed,80,Imported from v22.2.1 master during Supabase wiring setup.,,,public,State / County / Town,"State, county, and town Campgrounds",,Local campgrounds,,,True
s927,Township Park,45.6853562,-84.9679155,MI,Michigan,local,modern,campsite,best_effort_confirmed,80,Imported from v22.2.1 master during Supabase wiring setup.,,,public,State / County / Town,"State, county, and town Campgrounds",,Local campgrounds,,,True
s930,Trails Campground,44.7438255,-84.7508651,MI,Michigan,private,modern,campsite,best_effort_confirmed,80,Imported from v22.2.1 master during Supabase wiring setup.,,,private,Private Campgrounds,Private campgrounds,,Private campgrounds,,,True
s931,Trails End Campground,47.4727408,-87.9104344,MI,Michigan,private,modern,campsite,best_effort_confirmed,80,Imported from v22.2.1 master during Supabase wiring setup.,,,private,Private Campgrounds,Private campgrounds,,Private campgrounds,,,True
s933,Traverse City KOA,44.54485,-85.67634,MI,Michigan,private,modern,campsite,best_effort_confirmed,80,Imported from v22.2.1 master during Supabase wiring setup.,"Private KOA south of Traverse City with RV, tent, and cabin options.",https://koa.com/campgrounds/traverse-city/,private campground,,,Private,Private campgrounds,From about $49/night,Yes,True
s934,Traverse City State Park Campground,44.7479384,-85.5538382,MI,Michigan,state,modern,campsite,best_effort_confirmed,80,Imported from v22.2.1 master during Supabase wiring setup.,,,public,State / County / Town,"State, county, and town Campgrounds",,Local campgrounds,,,True
s935,Triangle Lake - Manistique Rapid River Dispersed,46.16667858,-86.49723918,MI,Michigan,boondocking,rustic,campsite,best_effort_confirmed,80,Imported from v22.2.1 master during Supabase wiring setup.,Primitive dispersed campsite in the Escanaba River / Manistique Rapid River district.,https://thedyrt.com/camping/michigan/east-lake-dispersed-campsite,boondocking,,,Hiawatha National Forest / user-reported location,Boondocking / dispersed,Free,No,True
s1081,Triangle Lake Campsite,46.1663,-86.49765305,MI,Michigan,federal,modern,campsite,best_effort_confirmed,80,Imported from v22.2.1 master during Supabase wiring setup.,Official Hiawatha National Forest primitive campsite page added. Primitive sites in the Ironjaw Semi-Primitive Area on Triangle Lake.,https://www.fs.usda.gov/r09/hiawatha/recreation/triangle-lake-campsite,public,Federal Campgrounds,Federal Campgrounds,US Forest Service,Federal campground,,,True
s936,Trout Lake State Forest Campground,44.1341571,-84.565066,MI,Michigan,state,rustic,campsite,best_effort_confirmed,80,Imported from v22.2.1 master during Supabase wiring setup.,,,public,State / County / Town,"State, county, and town Campgrounds",,State campgrounds,,,True
s937,Trout Lake Township Campground,46.1921967,-85.0427242,MI,Michigan,local,modern,campsite,best_effort_confirmed,80,Imported from v22.2.1 master during Supabase wiring setup.,,,public,State / County / Town,"State, county, and town Campgrounds",,Local campgrounds,,,True
s942,Twelvemile Beach Campground,46.6398017,-86.2156923,MI,Michigan,federal,rustic,campsite,best_effort_confirmed,80,Imported from v22.2.1 master during Supabase wiring setup.,Starter addition in v18.5. Rustic drive-in campground at Pictured Rocks.,https://www.nps.gov/piro/planyourvisit/camping.htm,federal rustic,State / County / Town,"State, county, and town Campgrounds",National Park Service,Federal campgrounds,$25-$35/night,No,True
s943,Twin Lakes State Forest Campground,45.5368481,-84.2897835,MI,Michigan,state,rustic,campsite,best_effort_confirmed,80,Imported from v22.2.1 master during Supabase wiring setup.,,,public,State / County / Town,"State, county, and town Campgrounds",,State campgrounds,,,True
s1064,Twin Lakes State Park,46.8909,-88.8577,MI,Michigan,state,modern,campsite,best_effort_confirmed,80,Imported from v22.2.1 master during Supabase wiring setup.,Michigan state park campground on Lake Roland near Toivola / Twin Lakes.,https://www.michigan.gov/recsearch/parks/twinlakes,state modern,State Campgrounds,State Campgrounds,,State campgrounds,,,True
s945,Two Hearted River State Forest Campground,46.6980671,-85.4226295,MI,Michigan,state,rustic,campsite,best_effort_confirmed,80,Imported from v22.2.1 master during Supabase wiring setup.,,,public,State / County / Town,"State, county, and town Campgrounds",,State campgrounds,,,True
s947,Union Bay Campground,46.8198972,-89.6400293,MI,Michigan,state,modern,campsite,best_effort_confirmed,80,Imported from v22.2.1 master during Supabase wiring setup.,,,public,State / County / Town,"State, county, and town Campgrounds",,State campgrounds,,,True
s949,Upper Manistee Backcountry Campsites - Red Bridge,44.283861,-85.861844,MI,Michigan,boondocking,rustic,campsite,best_effort_confirmed,80,Imported from v22.2.1 master during Supabase wiring setup.,Walk-in primitive campsites at Red Bridge on the Upper Manistee backwaters system.,https://www.fs.usda.gov/r09/huron-manistee/recreation/upper-manistee-river-backcountry-campsites,boondocking,,,US Forest Service,Boondocking / dispersed,Varies,No,True
s950,Upper Manistee River State Forest Campground,44.7502645,-84.8393612,MI,Michigan,state,rustic,campsite,best_effort_confirmed,80,Imported from v22.2.1 master during Supabase wiring setup.,,,public,State / County / Town,"State, county, and town Campgrounds",,State campgrounds,,,True
s955,USFS 3536 Dispersed Site,46.35276778604294,-84.82903811659388,MI,Michigan,boondocking,rustic,campsite,best_effort_confirmed,80,Imported from v22.2.1 master during Supabase wiring setup.,"Provisional dispersed site on Forest Service Road 3536, described as an old-airfield / pull-off style boondocking area.",https://thedyrt.com/camping/michigan/usfs-3536,boondocking,,,Hiawatha National Forest / user-reported location,Boondocking / dispersed,Free,No,True
s956,Van Buren State Park,42.3345576,-86.3005955,MI,Michigan,state,modern,campsite,best_effort_confirmed,80,Imported from v22.2.1 master during Supabase wiring setup.,,,public,State / County / Town,"State, county, and town Campgrounds",,State campgrounds,,,True
s958,Van Etten Lake State Forest Campground,44.4714817,-83.3743355,MI,Michigan,state,rustic,campsite,best_effort_confirmed,80,Imported from v22.2.1 master during Supabase wiring setup.,,,public,State / County / Town,"State, county, and town Campgrounds",,State campgrounds,,,True
s959,Van Riper State Park,46.5180115,-87.9896908,MI,Michigan,state,modern,campsite,best_effort_confirmed,80,Imported from v22.2.1 master during Supabase wiring setup.,,,public,State / County / Town,"State, county, and town Campgrounds",,State campgrounds,,,True
s960,Van Riper State Park Campground,46.346,-87.981,MI,Michigan,state,modern,campsite,best_effort_confirmed,80,Imported from v22.2.1 master during Supabase wiring setup.,Starter addition in v18.5. State campground pin to verify against your master data.,https://www.michigan.gov/recsearch/parks/vanriper,state modern,,,Michigan DNR,State campgrounds,Varies,Yes,True
s961,Veterans Memorial State Forest Campground,44.6593266,-85.9445077,MI,Michigan,state,rustic,campsite,best_effort_confirmed,80,Imported from v22.2.1 master during Supabase wiring setup.,Rustic state forest campground on the Platte River east of Honor.,https://www.michigan.gov/recsearch/sfcampgroundsn-z/veteransmemorial,state rustic,State / County / Town,"State, county, and town Campgrounds",Michigan DNR,State campgrounds,Varies,No,True
s1070,Village Park Camping,47.18900032,-88.40400028,MI,Michigan,local,modern,campsite,best_effort_confirmed,80,Imported from v22.2.1 master during Supabase wiring setup.,Public village park camping area in Hubbell / Lake Linden area.,,local,Local Campgrounds,Local Campgrounds,,Local campgrounds,,,True
s964,Wabasis Lake Park Beach,43.1369889,-85.3895267,MI,Michigan,state,modern,campsite,best_effort_confirmed,80,Imported from v22.2.1 master during Supabase wiring setup.,,,public,State / County / Town,"State, county, and town Campgrounds",,State campgrounds,,,True
s968,Walkup Lake Campground,43.73472222,-85.90472222,MI,Michigan,federal,rustic,campsite,best_effort_confirmed,80,Imported from v22.2.1 master during Supabase wiring setup.,Small federal campground on Walkup Lake.,https://www.fs.usda.gov/r09/huron-manistee/recreation/walkup-lake-campground,federal rustic,,,US Forest Service,Federal campgrounds,Varies,No,True
s972,Walsh Road Equestrian State Forest Campground and Trail Camp,44.783791,-84.3708992,MI,Michigan,state,rustic,campsite,best_effort_confirmed,80,Imported from v22.2.1 master during Supabase wiring setup.,,,public,State / County / Town,"State, county, and town Campgrounds",,State campgrounds,,,True
s973,Warren Dunes State Park Campground,41.9099592,-86.5871294,MI,Michigan,state,modern,campsite,best_effort_confirmed,80,Imported from v22.2.1 master during Supabase wiring setup.,,https://www.michigan.gov/recsearch/parks/warrendunes,public,State / County / Town,"State, county, and town Campgrounds",Michigan DNR,State campgrounds,,,True
s975,Waterloo State Recreation Area,42.336258,-84.1706505,MI,Michigan,state,modern,campsite,best_effort_confirmed,80,Imported from v22.2.1 master during Supabase wiring setup.,,,public,State / County / Town,"State, county, and town Campgrounds",,State campgrounds,,,True
s976,Waterways Campground,45.5960848,-84.4749504,MI,Michigan,private,modern,campsite,best_effort_confirmed,80,Imported from v22.2.1 master during Supabase wiring setup.,,,private,Private Campgrounds,Private campgrounds,,Private campgrounds,,,True
s981,Weber Lake State Forest Campground,45.2963192,-84.7216932,MI,Michigan,state,rustic,campsite,best_effort_confirmed,80,Imported from v22.2.1 master during Supabase wiring setup.,,,public,State / County / Town,"State, county, and town Campgrounds",,State campgrounds,,,True
s986,West Branch State Forest Campground,46.18731712595539,-87.74713141313383,MI,Michigan,state,rustic,campsite,best_effort_confirmed,80,Imported from v22.2.1 master during Supabase wiring setup.,User-provided named state site. No amenities.,,public,State / County / Town,"State, county, and town Campgrounds",,State campgrounds,,,True
s990,Whispering Oaks Campground,43.863276,-85.850686,MI,Michigan,private,modern,campsite,best_effort_confirmed,80,Imported from v22.2.1 master during Supabase wiring setup.,"Private Baldwin campground with RV sites, cabins, and primitive tent sites.",https://michigancampground.com/,private modern,,,Private,Private campgrounds,Varies,Yes,True
s992,White Pine Backcountry Campground,44.73794,-86.08566,MI,Michigan,federal,rustic,campsite,best_effort_confirmed,80,Imported from v22.2.1 master during Supabase wiring setup.,Primitive hike-in backcountry campground in Sleeping Bear Dunes off the Platte Plains trail system.,https://www.nps.gov/slbe/planyourvisit/white-pine-backcountry-campground.htm,federal rustic,,,National Park Service,Federal campgrounds,$13/night,No,True
s993,White Pine Canoe Campground,44.6564048,-84.475576,MI,Michigan,state,rustic,campsite,best_effort_confirmed,80,Imported from v22.2.1 master during Supabase wiring setup.,,,public,State / County / Town,"State, county, and town Campgrounds",,State campgrounds,,,True
s995,Whitefish river site,46.09043141144254,-86.84924825917933,MI,Michigan,boondocking,rustic,campsite,best_effort_confirmed,80,Imported from v22.2.1 master during Supabase wiring setup.,User-provided boondocking site on the Whitefish River. No amenities.,,boondocking,Boondocking,User-provided boondocking places,,Boondocking / dispersed,,,True
s997,Whitewater Township Park and Campground,44.8162864,-85.3882439,MI,Michigan,local,modern,campsite,best_effort_confirmed,80,Imported from v22.2.1 master during Supabase wiring setup.,,,public,State / County / Town,"State, county, and town Campgrounds",,Local campgrounds,,,True
s998,Wide Waters Dispersed Camping,46.6410352,-85.12638008,MI,Michigan,boondocking,rustic,campsite,best_effort_confirmed,80,Imported from v22.2.1 master during Supabase wiring setup.,Provisional dispersed camping pull-off in the Whitefish Point / Paradise area. Added from a named public camping listing with posted coordinates.,https://thedyrt.com/camping/michigan/wide-waters-dispersed-camping,boondocking,,,Hiawatha National Forest / user-reported location,Boondocking / dispersed,Free,No,True
s999,Widewaters Campground,46.2194444,-86.6283333,MI,Michigan,state,modern,campsite,best_effort_confirmed,80,Imported from v22.2.1 master during Supabase wiring setup.,,,public,State / County / Town,"State, county, and town Campgrounds",,State campgrounds,,,True
s1002,Wilderness Campground,41.9359179,-83.6137788,MI,Michigan,private,modern,campsite,best_effort_confirmed,80,Imported from v22.2.1 master during Supabase wiring setup.,,,private,Private Campgrounds,Private campgrounds,,Private campgrounds,,,True
s1003,Wilderness State Park,45.7390953,-84.9220769,MI,Michigan,state,modern,campsite,best_effort_confirmed,80,Imported from v22.2.1 master during Supabase wiring setup.,,,public,State / County / Town,"State, county, and town Campgrounds",,State campgrounds,,,True
s1004,Wilderness State Park Campground,45.75475254,-84.92570418,MI,Michigan,state,modern,campsite,best_effort_confirmed,80,Imported from v22.2.1 master during Supabase wiring setup.,Large state park campground west of Mackinaw City with bridge-area access.,https://www.michigan.gov/recsearch/parks/wilderness,state modern,,,Michigan DNR,State campgrounds,Varies,Yes,True
s1005,Wilderness State Park Lakeshore Campground,45.767,-84.967,MI,Michigan,state,modern,campsite,best_effort_confirmed,80,Imported from v22.2.1 master during Supabase wiring setup.,Starter addition in v18.5. State campground pin to verify against your master data.,https://www.michigan.gov/recsearch/parks/wilderness,state modern,,,Michigan DNR,State campgrounds,Varies,Yes,True
s1006,Wilderness State Park Pines Campground,45.772,-84.969,MI,Michigan,state,modern,campsite,best_effort_confirmed,80,Imported from v22.2.1 master during Supabase wiring setup.,Starter addition in v18.5. State campground pin to verify against your master data.,https://www.michigan.gov/recsearch/parks/wilderness,state modern,,,Michigan DNR,State campgrounds,Varies,Yes,True
s1009,Wilkins state park west camping ground,47.4663134,-87.8700101,MI,Michigan,state,modern,campsite,best_effort_confirmed,80,Imported from v22.2.1 master during Supabase wiring setup.,,,public,State / County / Town,"State, county, and town Campgrounds",,State campgrounds,,,True
s1010,William C. Sterling State Park Campgrounds,41.9065545,-83.3376647,MI,Michigan,state,modern,campsite,best_effort_confirmed,80,Imported from v22.2.1 master during Supabase wiring setup.,,,public,State / County / Town,"State, county, and town Campgrounds",,State campgrounds,,,True
s1011,William Mitchell State Park Campground,44.2374914,-85.4523849,MI,Michigan,state,modern,campsite,best_effort_confirmed,80,Imported from v22.2.1 master during Supabase wiring setup.,,,public,State / County / Town,"State, county, and town Campgrounds",,State campgrounds,,,True
s1014,Wilson State Park,44.0294049,-84.8037457,MI,Michigan,state,modern,campsite,best_effort_confirmed,80,Imported from v22.2.1 master during Supabase wiring setup.,,,public,State / County / Town,"State, county, and town Campgrounds",,State campgrounds,,,True
s1018,Witz marine and campground,46.8871116,-88.2083892,MI,Michigan,state,modern,campsite,best_effort_confirmed,80,Imported from v22.2.1 master during Supabase wiring setup.,,,public,State / County / Town,"State, county, and town Campgrounds",,State campgrounds,,,True
s1021,Woodland Park Campground,46.6733343,-85.9910552,MI,Michigan,state,modern,campsite,best_effort_confirmed,80,Imported from v22.2.1 master during Supabase wiring setup.,,,public,State / County / Town,"State, county, and town Campgrounds",,State campgrounds,,,True
s1025,Yankee Springs Deep Lake Rustic Campground,42.6176968,-85.4540204,MI,Michigan,state,rustic,campsite,best_effort_confirmed,80,Imported from v22.2.1 master during Supabase wiring setup.,,,public,State / County / Town,"State, county, and town Campgrounds",,State campgrounds,,,True
s1026,Yellow Dog #2,46.7156626,-87.8410567,MI,Michigan,boondocking,rustic,campsite,best_effort_confirmed,80,Imported from v22.2.1 master during Supabase wiring setup.,Nice little meadow here above the river.,,boondocking,Boondocking,Boondocking places I've been,,Boondocking / dispersed,,,True
s1027,Yellow Dog 3,46.7116544,-87.8190803,MI,Michigan,boondocking,rustic,campsite,best_effort_confirmed,80,Imported from v22.2.1 master during Supabase wiring setup.,,,boondocking,Boondocking,Boondocking places I've been,,Boondocking / dispersed,,,True
s1029,Young State Park,45.2356058,-85.0438098,MI,Michigan,state,modern,campsite,best_effort_confirmed,80,Imported from v22.2.1 master during Supabase wiring setup.,,,public,State / County / Town,"State, county, and town Campgrounds",,State campgrounds,,,True
s46,Baker Campground,45.01647,-93.639586,MN,Minnesota,private,modern,campsite,best_effort_confirmed,80,Imported from v22.2.1 master during Supabase wiring setup.,,,private,Private Campgrounds,Private campgrounds,,Private campgrounds,,,True
s162,Cannon Falls Campground,44.508561,-92.8759788,MN,Minnesota,private,modern,campsite,best_effort_confirmed,80,Imported from v22.2.1 master during Supabase wiring setup.,,http://cannonfallscampground.com/,private,Private Campgrounds,Private campgrounds,Cannon Falls Campground,Private campgrounds,,,True
s190,Chippewa National Forest,47.5832825,-93.9002121,MN,Minnesota,federal,rustic,campsite,best_effort_confirmed,80,Imported from v22.2.1 master during Supabase wiring setup.,,https://www.fs.usda.gov/recarea/chippewa/recarea/?recid=26780,federal,Federal Lands,Federal Lands,,Federal campgrounds,,,True
s216,Country Campground,46.7695,-95.8567708,MN,Minnesota,private,modern,campsite,best_effort_confirmed,80,Imported from v22.2.1 master during Supabase wiring setup.,,,private,Private Campgrounds,Private campgrounds,,Private campgrounds,,,True
s217,Country Camping Tent & RV Park,45.4680957,-93.2862552,MN,Minnesota,private,modern,campsite,best_effort_confirmed,80,Imported from v22.2.1 master during Supabase wiring setup.,,,private,Private Campgrounds,Private campgrounds,,Private campgrounds,,,True
s242,Deparcq Woods Campground,46.0767995,-94.3364572,MN,Minnesota,private,modern,campsite,best_effort_confirmed,80,Imported from v22.2.1 master during Supabase wiring setup.,,,private,Private Campgrounds,Private campgrounds,,Private campgrounds,,,True
s295,Fish Lake Acres Campground,44.646131,-93.4602461,MN,Minnesota,private,modern,campsite,best_effort_confirmed,80,Imported from v22.2.1 master during Supabase wiring setup.,,,private,Private Campgrounds,Private campgrounds,,Private campgrounds,,,True
s303,Fond du Lac Campground,46.660696,-92.280167,MN,Minnesota,private,modern,campsite,best_effort_confirmed,80,Imported from v22.2.1 master during Supabase wiring setup.,,https://www.fonddulaccampground.com/,private,Private Campgrounds,Private campgrounds,Fond du Lac Campground,Private campgrounds,,,True
s369,Hay Creek Valley Campground and Old Western Saloon,44.4897431,-92.5477693,MN,Minnesota,private,modern,campsite,best_effort_confirmed,80,Imported from v22.2.1 master during Supabase wiring setup.,,https://haycreekcampground.com/,private,Private Campgrounds,Private campgrounds,Hay Creek Valley Campground,Private campgrounds,,,True
s422,Indian Point Campground,46.7217837,-92.1848823,MN,Minnesota,private,modern,campsite,best_effort_confirmed,80,Imported from v22.2.1 master during Supabase wiring setup.,,https://visitduluth.com/listings/duluth-indian-point-campground/,private,Private Campgrounds,Private campgrounds,Indian Point Campground,Private campgrounds,,,True
s1097,Jay Cook State Park Campground,46.6572204,-92.3733788,MN,Minnesota,state,modern,campsite,best_effort_confirmed,80,Imported from v22.2.1 master during Supabase wiring setup.,Imported from user-verified KML (name and location trusted).,,state modern,,User verified KML import,Minnesota State Parks,State campgrounds,,,True
s442,Jay Cooke State Park,46.6523325,-92.3503332,MN,Minnesota,state,modern,campsite,best_effort_confirmed,80,Imported from v22.2.1 master during Supabase wiring setup.,One of the cleanest and nicest we stayed at.,,public,State / County / Town,"State, county, and town Campgrounds",,State campgrounds,,,True
s470,Knife Island Campground by Minardi Outdoors,46.703173,-92.416176,MN,Minnesota,private,modern,campsite,best_effort_confirmed,80,Imported from v22.2.1 master during Supabase wiring setup.,,https://knifeislandmn.com/,private,Private Campgrounds,Private campgrounds,Knife Island Campground,Private campgrounds,,,True
s528,Lebanon Hills Campground,44.7743585,-93.186401,MN,Minnesota,state,modern,campsite,best_effort_confirmed,80,Imported from v22.2.1 master during Supabase wiring setup.,,,public,State / County / Town,"State, county, and town Campgrounds",,State campgrounds,,,True
s538,Lindenwood Campground,46.8493705,-96.7812849,ND,North Dakota,state,modern,campsite,best_effort_confirmed,80,Imported from v22.2.1 master during Supabase wiring setup.,,,public,State / County / Town,"State, county, and town Campgrounds",,State campgrounds,,,True
s654,Oak Park kampground,45.9060081,-95.5184821,MN,Minnesota,private,modern,campsite,best_effort_confirmed,80,Imported from v22.2.1 master during Supabase wiring setup.,,,private,Private Campgrounds,Private campgrounds,,Private campgrounds,,,True
s745,Prairie Campground,44.1062888,-95.6972466,MN,Minnesota,state,modern,campsite,best_effort_confirmed,80,Imported from v22.2.1 master during Supabase wiring setup.,,,public,State / County / Town,"State, county, and town Campgrounds",,State campgrounds,,,True
s768,Rice Creek Campgrounds,45.168611,-93.0809345,MN,Minnesota,state,modern,campsite,best_effort_confirmed,80,Imported from v22.2.1 master during Supabase wiring setup.,,,public,State / County / Town,"State, county, and town Campgrounds",,State campgrounds,,,True
s781,Riverway Campground,45.2203968,-92.7564707,MN,Minnesota,state,modern,campsite,best_effort_confirmed,80,Imported from v22.2.1 master during Supabase wiring setup.,,,public,State / County / Town,"State, county, and town Campgrounds",,State campgrounds,,,True
s793,Rum River Campground LLC,45.944243,-93.660952,MN,Minnesota,private,modern,campsite,best_effort_confirmed,80,Imported from v22.2.1 master during Supabase wiring setup.,,,private,Private Campgrounds,Private campgrounds,,Private campgrounds,,,True
s855,Snake River Campground,45.8227778,-92.7805556,MN,Minnesota,state,modern,campsite,best_effort_confirmed,80,Imported from v22.2.1 master during Supabase wiring setup.,,,public,State / County / Town,"State, county, and town Campgrounds",,State campgrounds,,,True
s861,South Isle Family Campground,46.116603,-93.4317339,MN,Minnesota,private,modern,campsite,best_effort_confirmed,80,Imported from v22.2.1 master during Supabase wiring setup.,,,private,Private Campgrounds,Private campgrounds,,Private campgrounds,,,True
s877,State and National forests,46.3523692,-94.6697496,MN,Minnesota,info,modern,campsite,best_effort_confirmed,80,Imported from v22.2.1 master during Supabase wiring setup.,Camping allowed in State and National Forests if you are more than a mile from a Designated site.,,info,Info / Reference,Misc Info and websites,,Info / reference,,,True
s898,Superior National Forest,47.7501829,-91.5004177,MN,Minnesota,federal,rustic,campsite,best_effort_confirmed,80,Imported from v22.2.1 master during Supabase wiring setup.,,https://www.fs.usda.gov/activity/superior/recreation/camping-cabins/?recid=36905&actid=34,federal,Federal Lands,Federal Lands,,Federal campgrounds,,,True
s924,Town & Country RV Park and Campground,44.7749339,-93.3893313,MN,Minnesota,private,modern,campsite,best_effort_confirmed,80,Imported from v22.2.1 master during Supabase wiring setup.,,,private,Private Campgrounds,Private campgrounds,,Private campgrounds,,,True
s1008,Wildwood RV Park & Campground,45.385498,-92.696398,MN,Minnesota,private,modern,campsite,best_effort_confirmed,80,Imported from v22.2.1 master during Supabase wiring setup.,,,private,Private Campgrounds,Private campgrounds,,Private campgrounds,,,True
s1013,Willow River State Park Campground,45.0159346,-92.6785666,WI,Wisconsin,state,modern,campsite,best_effort_confirmed,80,Imported from v22.2.1 master during Supabase wiring setup.,,,public,State / County / Town,"State, county, and town Campgrounds",,State campgrounds,,,True
s19,Annie and Abel Van Meter State Park,39.2583056,-93.2623605,MO,Missouri,state,modern,campsite,best_effort_confirmed,80,Imported from v22.2.1 master during Supabase wiring setup.,,,public,State / County / Town,"State, county, and town Campgrounds",,State campgrounds,,,True
s28,Arrow Rock State Historic Site,39.066314,-92.948842,MO,Missouri,state,modern,campsite,best_effort_confirmed,80,Imported from v22.2.1 master during Supabase wiring setup.,,,public,State / County / Town,"State, county, and town Campgrounds",,State campgrounds,,,True
s37,Babler State Park,38.6174567,-90.6902843,MO,Missouri,state,modern,campsite,best_effort_confirmed,80,Imported from v22.2.1 master during Supabase wiring setup.,,,public,State / County / Town,"State, county, and town Campgrounds",,State campgrounds,,,True
s38,Babler State Park Campground,38.6100216,-90.6863347,MO,Missouri,state,modern,campsite,best_effort_confirmed,80,Imported from v22.2.1 master during Supabase wiring setup.,,,public,State / County / Town,"State, county, and town Campgrounds",,State campgrounds,,,True
s71,Bennett Spring State Park,37.7306627,-92.8588647,MO,Missouri,state,modern,campsite,best_effort_confirmed,80,Imported from v22.2.1 master during Supabase wiring setup.,,,public,State / County / Town,"State, county, and town Campgrounds",,State campgrounds,,,True
s89,Big Lake State Park Campground,40.0862149,-95.3425882,MO,Missouri,state,modern,campsite,best_effort_confirmed,80,Imported from v22.2.1 master during Supabase wiring setup.,,https://mostateparks.com/park/big-lake-state-park/camping,public,State / County / Town,"State, county, and town Campgrounds",Missouri State Parks,State campgrounds,,,True
s228,Cuivre River State Park,39.0367314,-90.9329444,MO,Missouri,state,modern,campsite,best_effort_confirmed,80,Imported from v22.2.1 master during Supabase wiring setup.,,,public,State / County / Town,"State, county, and town Campgrounds",,State campgrounds,,,True
s272,Echo Bluff State Park,37.3120122,-91.404816,MO,Missouri,state,modern,campsite,best_effort_confirmed,80,Imported from v22.2.1 master during Supabase wiring setup.,,,public,State / County / Town,"State, county, and town Campgrounds",,State campgrounds,,,True
s292,Finger Lakes State Park,39.0808638,-92.313432,MO,Missouri,state,modern,campsite,best_effort_confirmed,80,Imported from v22.2.1 master during Supabase wiring setup.,,,public,State / County / Town,"State, county, and town Campgrounds",,State campgrounds,,,True
s342,Graham Cave State Park,38.9065155,-91.5784385,MO,Missouri,state,modern,campsite,best_effort_confirmed,80,Imported from v22.2.1 master during Supabase wiring setup.,,,public,State / County / Town,"State, county, and town Campgrounds",,State campgrounds,,,True
s365,Harry S. Truman State Park,38.277669,-93.4436004,MO,Missouri,state,modern,campsite,best_effort_confirmed,80,Imported from v22.2.1 master during Supabase wiring setup.,,,public,State / County / Town,"State, county, and town Campgrounds",,State campgrounds,,,True
s513,Lake of the Ozarks State Park Campgrounds,38.07678,-92.5708162,MO,Missouri,state,modern,campsite,best_effort_confirmed,80,Imported from v22.2.1 master during Supabase wiring setup.,,,public,State / County / Town,"State, county, and town Campgrounds",,State campgrounds,,,True
s533,Lewis and Clark State Park,39.5380764,-95.0579002,MO,Missouri,state,modern,campsite,best_effort_confirmed,80,Imported from v22.2.1 master during Supabase wiring setup.,,,public,State / County / Town,"State, county, and town Campgrounds",,State campgrounds,,,True
s554,Locust Creek Covered Bridge State Historic Site,39.7925446,-93.2390467,MO,Missouri,state,modern,campsite,best_effort_confirmed,80,Imported from v22.2.1 master during Supabase wiring setup.,,,public,State / County / Town,"State, county, and town Campgrounds",,State campgrounds,,,True
s560,Long Branch State Park,39.7717017,-92.5234638,MO,Missouri,state,modern,campsite,best_effort_confirmed,80,Imported from v22.2.1 master during Supabase wiring setup.,,,public,State / County / Town,"State, county, and town Campgrounds",,State campgrounds,,,True
s587,Mark Twain State Park,39.4875007,-91.79071,MO,Missouri,state,modern,campsite,best_effort_confirmed,80,Imported from v22.2.1 master during Supabase wiring setup.,,,public,State / County / Town,"State, county, and town Campgrounds",,State campgrounds,,,True
s597,Meramec Campground,38.2732082,-91.1024335,MO,Missouri,private,modern,campsite,best_effort_confirmed,80,Imported from v22.2.1 master during Supabase wiring setup.,,,private,Private Campgrounds,Private campgrounds,,Private campgrounds,,,True
s598,Meramec Caverns Natural Campground,38.2450891,-91.0882604,MO,Missouri,private,modern,campsite,best_effort_confirmed,80,Imported from v22.2.1 master during Supabase wiring setup.,,,private,Private Campgrounds,Private campgrounds,,Private campgrounds,,,True
s599,Meramec State Park,38.205596,-91.0970328,MO,Missouri,state,modern,campsite,best_effort_confirmed,80,Imported from v22.2.1 master during Supabase wiring setup.,,,public,State / County / Town,"State, county, and town Campgrounds",,State campgrounds,,,True
s639,Nemo Campground,37.8631418,-93.2749841,MO,Missouri,federal,rustic,campsite,best_effort_confirmed,80,Imported from v22.2.1 master during Supabase wiring setup.,,,federal,Federal Lands,Federal Lands,,Federal campgrounds,,,True
s665,Onondaga Cave State Park,38.0619594,-91.2361714,MO,Missouri,state,modern,campsite,best_effort_confirmed,80,Imported from v22.2.1 master during Supabase wiring setup.,,,public,State / County / Town,"State, county, and town Campgrounds",,State campgrounds,,,True
s689,Pershing State Park Campground,39.7581295,-93.2147904,MO,Missouri,state,modern,campsite,best_effort_confirmed,80,Imported from v22.2.1 master during Supabase wiring setup.,,,public,State / County / Town,"State, county, and town Campgrounds",,State campgrounds,,,True
s717,Pittsburg Campground,37.8754238,-93.323153,MO,Missouri,state,modern,campsite,best_effort_confirmed,80,Imported from v22.2.1 master during Supabase wiring setup.,,,public,State / County / Town,"State, county, and town Campgrounds",,State campgrounds,,,True
s734,Pomme de Terre State Park,37.8685531,-93.2989805,MO,Missouri,state,modern,campsite,best_effort_confirmed,80,Imported from v22.2.1 master during Supabase wiring setup.,,,public,State / County / Town,"State, county, and town Campgrounds",,State campgrounds,,,True
s746,Prairie State Park Campground,37.532269,-94.5719114,MO,Missouri,state,modern,campsite,best_effort_confirmed,80,Imported from v22.2.1 master during Supabase wiring setup.,,,public,State / County / Town,"State, county, and town Campgrounds",,State campgrounds,,,True
s787,Robertsville State Park,38.4271338,-90.8119258,MO,Missouri,state,modern,campsite,best_effort_confirmed,80,Imported from v22.2.1 master during Supabase wiring setup.,,,public,State / County / Town,"State, county, and town Campgrounds",,State campgrounds,,,True
s799,Sam A. Baker State Park,37.2597334,-90.5249952,MO,Missouri,state,modern,campsite,best_effort_confirmed,80,Imported from v22.2.1 master during Supabase wiring setup.,,,public,State / County / Town,"State, county, and town Campgrounds",,State campgrounds,,,True
s871,St. Francois State Park Campground,37.9560555,-90.5343936,MO,Missouri,state,modern,campsite,best_effort_confirmed,80,Imported from v22.2.1 master during Supabase wiring setup.,,,public,State / County / Town,"State, county, and town Campgrounds",,State campgrounds,,,True
s872,St. Joe State Park,37.8073805,-90.5068828,MO,Missouri,state,modern,campsite,best_effort_confirmed,80,Imported from v22.2.1 master during Supabase wiring setup.,,,public,State / County / Town,"State, county, and town Campgrounds",,State campgrounds,,,True
s880,Stockton State Park,37.6065208,-93.7489705,MO,Missouri,state,modern,campsite,best_effort_confirmed,80,Imported from v22.2.1 master during Supabase wiring setup.,,,public,State / County / Town,"State, county, and town Campgrounds",,State campgrounds,,,True
s911,Thousand Hills State Park,40.1853792,-92.646778,MO,Missouri,state,modern,campsite,best_effort_confirmed,80,Imported from v22.2.1 master during Supabase wiring setup.,,,public,State / County / Town,"State, county, and town Campgrounds",,State campgrounds,,,True
s929,Trail of Tears State Park,37.4388065,-89.481025,MO,Missouri,state,modern,campsite,best_effort_confirmed,80,Imported from v22.2.1 master during Supabase wiring setup.,,,public,State / County / Town,"State, county, and town Campgrounds",,State campgrounds,,,True
s970,Wallace State Park,39.6559094,-94.2166043,MO,Missouri,state,modern,campsite,best_effort_confirmed,80,Imported from v22.2.1 master during Supabase wiring setup.,,,public,State / County / Town,"State, county, and town Campgrounds",,State campgrounds,,,True
s974,Washington State Park,38.0841188,-90.6883623,MO,Missouri,state,modern,campsite,best_effort_confirmed,80,Imported from v22.2.1 master during Supabase wiring setup.,,,public,State / County / Town,"State, county, and town Campgrounds",,State campgrounds,,,True
s977,Watkins Woolen Mill State Park and State Historic Site,39.4033846,-94.2598771,MO,Missouri,state,modern,campsite,best_effort_confirmed,80,Imported from v22.2.1 master during Supabase wiring setup.,,,public,State / County / Town,"State, county, and town Campgrounds",,State campgrounds,,,True
s989,Weston Bend State Park,39.3922541,-94.8656556,MO,Missouri,state,modern,campsite,best_effort_confirmed,80,Imported from v22.2.1 master during Supabase wiring setup.,,,public,State / County / Town,"State, county, and town Campgrounds",,State campgrounds,,,True
s443,Jeff Busby Campground,33.417583,-89.2679427,MS,Mississippi,federal,rustic,campsite,best_effort_confirmed,80,Imported from v22.2.1 master during Supabase wiring setup.,,,public,State / County / Town,"State, county, and town Campgrounds",National Park Service,Federal campgrounds,,,True
s790,Rocky Springs Campground,32.088662,-90.7988195,MS,Mississippi,federal,rustic,campsite,best_effort_confirmed,80,Imported from v22.2.1 master during Supabase wiring setup.,Might have free camping also,,public,State / County / Town,"State, county, and town Campgrounds",National Park Service,Federal campgrounds,,,True
s187,Cherry Creek Campground,44.750939,-111.2639046,MT,Montana,federal,rustic,campsite,best_effort_confirmed,80,Imported from v22.2.1 master during Supabase wiring setup.,,,federal,Federal Lands,Federal Lands,,Federal campgrounds,,,True
s559,Lonesomehurst Campground,44.7354859,-111.2313429,MT,Montana,federal,rustic,campsite,best_effort_confirmed,80,Imported from v22.2.1 master during Supabase wiring setup.,,,federal,Federal Lands,Federal Lands,,Federal campgrounds,,,True
s726,Point 26,44.9582021,-109.8107392,WY,Wyoming,federal,rustic,campsite,best_effort_confirmed,80,Imported from v22.2.1 master during Supabase wiring setup.,"Free camping on BLM land, approximately 9 miles SE of Cooke City, MT (20 min from the NE entrance to Yellowstone. Big area with lots of spots to have your own piece of heaven!! Pit toilet. We found the best spot, right next to the river with the most amazing views of the mountains. 
(GPS coordinates 44.9560127, -109.8090245)",,federal,Federal Lands,Federal Lands,,Federal campgrounds,,,True
s759,Rainbow Point Campground,44.7791667,-111.1802778,MT,Montana,federal,rustic,campsite,best_effort_confirmed,80,Imported from v22.2.1 master during Supabase wiring setup.,,,federal,Federal Lands,Federal Lands,,Federal campgrounds,,,True
s867,Spring Creek Campground,44.78449,-111.27516,MT,Montana,federal,rustic,campsite,best_effort_confirmed,80,Imported from v22.2.1 master during Supabase wiring setup.,,,federal,Federal Lands,Federal Lands,,Federal campgrounds,,,True
s966,Wagon Wheel Campground,46.2625695,-106.658919,MT,Montana,state,modern,campsite,best_effort_confirmed,80,Imported from v22.2.1 master during Supabase wiring setup.,Someone's front yard converted to make money.  Not a bad place but the neighbor's dogs barked a lot.,,public,State / County / Town,"State, county, and town Campgrounds",,State campgrounds,,,True
s987,West Fork Denny Creek,44.6937371,-111.2645775,MT,Montana,boondocking,rustic,campsite,best_effort_confirmed,80,Imported from v22.2.1 master during Supabase wiring setup.,,,boondocking,Boondocking,places from others,,Boondocking / dispersed,,,True
s1102,Campsite #2,46.9544189,-103.5353013,ND,North Dakota,boondocking,rustic,campsite,best_effort_confirmed,80,Imported from v22.2.1 master during Supabase wiring setup.,Imported from user-verified KML (name and location trusted).,,boondocking rustic,,User verified KML import,Imported from user KML,Boondocking / dispersed,,,True
s1095,Theodore Roosevelt National Park,46.9521951,-103.5313075,ND,North Dakota,federal,rustic,campsite,best_effort_confirmed,80,Imported from v22.2.1 master during Supabase wiring setup.,Imported from user-verified KML (name and location trusted).,,federal rustic,,User verified KML import,National Park Service,Federal campgrounds,,,True
s15,Anderson Bridge State Wildlife Management Area,42.7866956,-100.9365572,NE,Nebraska,state,modern,campsite,best_effort_confirmed,80,Imported from v22.2.1 master during Supabase wiring setup.,,,public,State / County / Town,"State, county, and town Campgrounds",,State campgrounds,,,True
s56,Bayard City Park,41.7621727,-103.3220215,NE,Nebraska,local,modern,campsite,best_effort_confirmed,80,Imported from v22.2.1 master during Supabase wiring setup.,Free camping in Bayard city park with electricity,,public,State / County / Town,"State, county, and town Campgrounds",,Local campgrounds,,,True
s74,Bessey Recreation Complex Campground,41.8999997,-100.2976362,NE,Nebraska,state,modern,campsite,best_effort_confirmed,80,Imported from v22.2.1 master during Supabase wiring setup.,Has Boondocking nearby in N.F.,,public,State / County / Town,"State, county, and town Campgrounds",,State campgrounds,,,True
s113,Blue Hole State Wildlife Management Area,40.6871906,-99.3875145,NE,Nebraska,boondocking,rustic,campsite,best_effort_confirmed,80,Imported from v22.2.1 master during Supabase wiring setup.,,,boondocking,Boondocking,places from others,,Boondocking / dispersed,,,True
s129,Bow Creek Recreation Area,42.7775913,-97.1481181,NE,Nebraska,federal,rustic,campsite,best_effort_confirmed,80,Imported from v22.2.1 master during Supabase wiring setup.,"This is bowcreek Nebraska almost nobody spends the weekend here and it's free.
Might be different Bow Creek stop?  Somewhere near here though....",,federal,Federal Lands,Federal Lands,,Federal campgrounds,,,True
s143,Buffalo Creek Wildlife Management Area,41.7028324,-103.5748979,NE,Nebraska,state,modern,campsite,best_effort_confirmed,80,Imported from v22.2.1 master during Supabase wiring setup.,,,public,State / County / Town,"State, county, and town Campgrounds",,State campgrounds,,,True
s180,Chadron State Park,42.7080981,-103.0090292,NE,Nebraska,state,modern,campsite,best_effort_confirmed,80,Imported from v22.2.1 master during Supabase wiring setup.,,https://outdoornebraska.gov/location/chadron/,public,State / County / Town,"State, county, and town Campgrounds",Nebraska Game and Parks,State campgrounds,,,True
s184,Chat Canyon Wildlife Management Area,42.7890744,-101.0614702,NE,Nebraska,boondocking,rustic,campsite,best_effort_confirmed,80,Imported from v22.2.1 master during Supabase wiring setup.,,,boondocking,Boondocking,places from others,,Boondocking / dispersed,,,True
s356,Grove Lake Wildlife Management Area,42.3755417,-98.1181547,NE,Nebraska,boondocking,rustic,campsite,best_effort_confirmed,80,Imported from v22.2.1 master during Supabase wiring setup.,,,boondocking,Boondocking,places from others,,Boondocking / dispersed,,,True
s641,Niobrara River,42.7746406,-98.4422631,NE,Nebraska,boondocking,rustic,campsite,best_effort_confirmed,80,Imported from v22.2.1 master during Supabase wiring setup.,,https://www.ci.lynch.ne.us/Recreate.htm,boondocking,Boondocking,places from others,,Boondocking / dispersed,,,True
s725,Point 21,41.2064355,-101.6765766,NE,Nebraska,boondocking,rustic,campsite,best_effort_confirmed,80,Imported from v22.2.1 master during Supabase wiring setup.,Free camping around Lake McConaughy near Ogallala. Enjoy!,,boondocking,Boondocking,places from others,,Boondocking / dispersed,,,True
s822,Scouts Rest Campground,41.9461649,-103.5039638,NE,Nebraska,state,modern,campsite,best_effort_confirmed,80,Imported from v22.2.1 master during Supabase wiring setup.,,,public,State / County / Town,"State, county, and town Campgrounds",,State campgrounds,,,True
s886,Streeter Park Campground,40.8730679,-98.0031102,NE,Nebraska,state,modern,campsite,best_effort_confirmed,80,Imported from v22.2.1 master during Supabase wiring setup.,Or maybe one of the other parks in town.,,public,State / County / Town,"State, county, and town Campgrounds",,State campgrounds,,,True
s897,Sunshine Bottom Boat Ramp,42.9214399,-98.4076609,NE,Nebraska,boondocking,rustic,campsite,best_effort_confirmed,80,Imported from v22.2.1 master during Supabase wiring setup.,,https://www.ci.lynch.ne.us/Recreate.htm,boondocking,Boondocking,places from others,,Boondocking / dispersed,,,True
s920,Toadstool Geological Park and Campground,42.8576672,-103.5839159,NE,Nebraska,federal,rustic,campsite,best_effort_confirmed,80,Imported from v22.2.1 master during Supabase wiring setup.,,https://www.fs.usda.gov/r02/nebraska/recreation/toadstool-geological-park-and-campground,public,State / County / Town,"State, county, and town Campgrounds",U.S. Forest Service,Federal campgrounds,,,True
s944,Twin Lakes State Wildlife Management Area,40.8284538,-96.944732,NE,Nebraska,federal,rustic,campsite,best_effort_confirmed,80,Imported from v22.2.1 master during Supabase wiring setup.,,,federal,Federal Lands,Federal Lands,,Federal campgrounds,,,True
s1024,Yankee Hill State Wildlife Management Area,40.7288236,-96.7964571,NE,Nebraska,federal,rustic,campsite,best_effort_confirmed,80,Imported from v22.2.1 master during Supabase wiring setup.,,,federal,Federal Lands,Federal Lands,,Federal campgrounds,,,True
s1028,Yellowthroat Wildlife Management Area,42.3611103,-99.8497572,NE,Nebraska,boondocking,rustic,campsite,best_effort_confirmed,80,Imported from v22.2.1 master during Supabase wiring setup.,,,boondocking,Boondocking,places from others,,Boondocking / dispersed,,,True
s616,Moose Alley,45.1207188,-71.2481822,NH,New Hampshire,boondocking,rustic,campsite,best_effort_confirmed,80,Imported from v22.2.1 master during Supabase wiring setup.,Free Camping supposed to be here,,boondocking,Boondocking,places from others,,Boondocking / dispersed,,,True
s957,Van Buren State Park Campground,41.1374209,-83.6191305,OH,Ohio,state,modern,campsite,best_effort_confirmed,80,Imported from v22.2.1 master during Supabase wiring setup.,,,public,State / County / Town,"State, county, and town Campgrounds",,State campgrounds,,,True
s41,Badlands Boondocking,43.9004498,-102.2305042,SD,South Dakota,boondocking,rustic,campsite,best_effort_confirmed,80,Imported from v22.2.1 master during Supabase wiring setup.,Simply amazing,,boondocking,Boondocking,Boondocking places I've been,,Boondocking / dispersed,,,True
s1093,Bismark Lake Campground,43.7747959,-103.511449,SD,South Dakota,federal,rustic,campsite,best_effort_confirmed,80,Imported from v22.2.1 master during Supabase wiring setup.,Imported from user-verified KML (name and location trusted).,,federal rustic,,User verified KML import,Black Hills National Forest,Federal campgrounds,,,True
s125,Boondocking room for 3-5 campers,44.387081,-103.760583,SD,South Dakota,boondocking,rustic,campsite,best_effort_confirmed,80,Imported from v22.2.1 master during Supabase wiring setup.,,,boondocking,Boondocking,places from others,,Boondocking / dispersed,,,True
s152,Camp 5 Road,44.3659879,-103.5944641,SD,South Dakota,boondocking,rustic,campsite,best_effort_confirmed,80,Imported from v22.2.1 master during Supabase wiring setup.,Boondocking,,boondocking,Boondocking,places from others,,Boondocking / dispersed,,,True
s256,Dude Ranch stop over,43.7810921,-99.4255345,SD,South Dakota,state,modern,campsite,best_effort_confirmed,80,Imported from v22.2.1 master during Supabase wiring setup.,,,public,State / County / Town,"State, county, and town Campgrounds",,State campgrounds,,,True
s1096,Either Creekside (this?) or Hidden Valley Campground,44.2975675,-103.6786634,SD,South Dakota,federal,rustic,campsite,best_effort_confirmed,80,Imported from v22.2.1 master during Supabase wiring setup.,Imported from user-verified KML (name and location trusted).,,federal rustic,,User verified KML import,,Federal campgrounds,,,True
s675,Palisades State Park,43.6907022,-96.5126387,SD,South Dakota,state,modern,campsite,best_effort_confirmed,80,Imported from v22.2.1 master during Supabase wiring setup.,,https://gfp.sd.gov/parks/detail/Palisades-State-Park,public,State / County / Town,"State, county, and town Campgrounds","South Dakota Game, Fish and Parks",State campgrounds,,,True
s857,South Dakota State Park APP,44.0390684,-100.1592755,SD,South Dakota,info,modern,campsite,best_effort_confirmed,80,Imported from v22.2.1 master during Supabase wiring setup.,Look for it,,info,Info / Reference,Misc Info and websites,,Info / reference,,,True
s17,Anderson Road Campground,36.1072654,-86.6073489,TN,Tennessee,federal,rustic,campsite,best_effort_confirmed,80,Imported from v22.2.1 master during Supabase wiring setup.,,,federal,Federal Lands,Federal Lands,,Federal campgrounds,,,True
s68,Beech Lake Family Camping Resort,35.6936942,-88.41537,TN,Tennessee,private,modern,campsite,best_effort_confirmed,80,Imported from v22.2.1 master during Supabase wiring setup.,,,private,Private Campgrounds,Private campgrounds,,Private campgrounds,,,True
s151,Cages Bend Campground,36.3038408,-86.5145679,TN,Tennessee,federal,rustic,campsite,best_effort_confirmed,80,Imported from v22.2.1 master during Supabase wiring setup.,,,federal,Federal Lands,Federal Lands,,Federal campgrounds,,,True
s175,Cedar Creek Campground,36.2769498,-86.5108303,TN,Tennessee,federal,rustic,campsite,best_effort_confirmed,80,Imported from v22.2.1 master during Supabase wiring setup.,,,federal,Federal Lands,Federal Lands,,Federal campgrounds,,,True
s218,Cowford Campground,34.6858061,-87.0703252,AL,Alabama,local,modern,campsite,best_effort_confirmed,80,Imported from v22.2.1 master during Supabase wiring setup.,,https://www.limestonecounty-al.gov/community/cowford-campground,private,Local Campgrounds,Private campgrounds,Limestone County,Local campgrounds,,,True
s276,Elm Hill RV Resort,36.1282635,-86.6213112,TN,Tennessee,private,modern,campsite,best_effort_confirmed,80,Imported from v22.2.1 master during Supabase wiring setup.,,,private,Private Campgrounds,Private campgrounds,,Private campgrounds,,,True
s313,Four Corners RV Resort,36.0536255,-86.5688038,TN,Tennessee,private,modern,campsite,best_effort_confirmed,80,Imported from v22.2.1 master during Supabase wiring setup.,,,private,Private Campgrounds,Private campgrounds,,Private campgrounds,,,True
s343,Grand Ole RV Resort and Market,36.3378299,-86.718115,TN,Tennessee,private,modern,campsite,best_effort_confirmed,80,Imported from v22.2.1 master during Supabase wiring setup.,,,private,Private Campgrounds,Private campgrounds,,Private campgrounds,,,True
s363,Harpeth River Bridge Campsite,36.284395,-87.1436796,TN,Tennessee,federal,rustic,campsite,best_effort_confirmed,80,Imported from v22.2.1 master during Supabase wiring setup.,,,federal,Federal Lands,Federal Lands,,Federal campgrounds,,,True
s389,Hidden Creek Camp Ground,36.37642,-88.127439,TN,Tennessee,private,modern,campsite,best_effort_confirmed,80,Imported from v22.2.1 master during Supabase wiring setup.,,,private,Private Campgrounds,Private campgrounds,,Private campgrounds,,,True
s553,Lock A Campground,36.316593,-87.1941696,TN,Tennessee,federal,rustic,campsite,best_effort_confirmed,80,Imported from v22.2.1 master during Supabase wiring setup.,,,federal,Federal Lands,Federal Lands,,Federal campgrounds,,,True
s561,Long Hunter State Park,36.0925992,-86.5558534,TN,Tennessee,state,modern,campsite,best_effort_confirmed,80,Imported from v22.2.1 master during Supabase wiring setup.,,,public,State / County / Town,"State, county, and town Campgrounds",,State campgrounds,,,True
s600,Meriwether Lewis Campground- Natchez Trace,35.5232072,-87.4544098,TN,Tennessee,state,modern,campsite,best_effort_confirmed,80,Imported from v22.2.1 master during Supabase wiring setup.,,,public,State / County / Town,"State, county, and town Campgrounds",,State campgrounds,,,True
s615,Montgomery Bell Campground,36.0971324,-87.2863626,TN,Tennessee,state,modern,campsite,best_effort_confirmed,80,Imported from v22.2.1 master during Supabase wiring setup.,,,public,State / County / Town,"State, county, and town Campgrounds",,State campgrounds,,,True
s678,Paris Landing State Park Campground,36.4399768,-88.0846349,TN,Tennessee,state,modern,campsite,best_effort_confirmed,80,Imported from v22.2.1 master during Supabase wiring setup.,,,public,State / County / Town,"State, county, and town Campgrounds",,State campgrounds,,,True
s699,Pikes Peak Campground,35.6316418,-88.0480725,TN,Tennessee,private,modern,campsite,best_effort_confirmed,80,Imported from v22.2.1 master during Supabase wiring setup.,,,private,Private Campgrounds,Private campgrounds,,Private campgrounds,,,True
s732,Point Mallard Campground,34.5759361,-86.9338889,AL,Alabama,local,modern,campsite,best_effort_confirmed,80,Imported from v22.2.1 master during Supabase wiring setup.,,https://pointmallardpark.com/camp-ground/,private,Local Campgrounds,Private campgrounds,Point Mallard Park / City of Decatur,Local campgrounds,,,True
s736,Poole Knobs Campground,36.0543672,-86.5147795,TN,Tennessee,federal,rustic,campsite,best_effort_confirmed,80,Imported from v22.2.1 master during Supabase wiring setup.,,,federal,Federal Lands,Federal Lands,,Federal campgrounds,,,True
s827,Seven Points Campground,36.133042,-86.5726342,TN,Tennessee,federal,rustic,campsite,best_effort_confirmed,80,Imported from v22.2.1 master during Supabase wiring setup.,,,federal,Federal Lands,Federal Lands,,Federal campgrounds,,,True
s868,Spring Creek Campground,36.6130561,-87.2630327,TN,Tennessee,private,modern,campsite,best_effort_confirmed,80,Imported from v22.2.1 master during Supabase wiring setup.,,,private,Private Campgrounds,Private campgrounds,,Private campgrounds,,,True
s904,Tanbark Campground,35.9818523,-87.486856,TN,Tennessee,private,modern,campsite,best_effort_confirmed,80,Imported from v22.2.1 master during Supabase wiring setup.,,,private,Private Campgrounds,Private campgrounds,,Private campgrounds,,,True
s321,Fritch Fortress Campground,35.6808607,-101.5985578,TX,Texas,federal,rustic,campsite,best_effort_confirmed,80,Imported from v22.2.1 master during Supabase wiring setup.,Lake Meredith NRA caprock campground at Fritch Fortress.,https://www.nps.gov/lamr/planyourvisit/camping.htm,public,State / County / Town,"State, county, and town Campgrounds",National Park Service,Federal campgrounds,,,True
s108,BLM Land,36.8658388,-111.6461599,AZ,Arizona,federal,rustic,campsite,best_effort_confirmed,80,Imported from v22.2.1 master during Supabase wiring setup.,In this general area,,federal,Federal Lands,Federal Lands,,Federal campgrounds,,,True
s329,General area has red rock canyons,37.3127776,-109.5189257,UT,Utah,boondocking,rustic,campsite,best_effort_confirmed,80,Imported from v22.2.1 master during Supabase wiring setup.,some places to boondock,,boondocking,Boondocking,places from others,,Boondocking / dispersed,,,True
s482,Lagoon RV Park & Campground,40.982772,-111.8964622,UT,Utah,private,modern,campsite,best_effort_confirmed,80,Imported from v22.2.1 master during Supabase wiring setup.,,,private,Private Campgrounds,Private campgrounds,,Private campgrounds,,,True
s531,Lees Ferry Campground,36.8593798,-111.6062933,AZ,Arizona,federal,modern,campsite,best_effort_confirmed,80,Imported from v22.2.1 master during Supabase wiring setup.,,https://www.nps.gov/glca/planyourvisit/lees-ferry-campground.htm,public,Federal Campgrounds,"State, county, and town Campgrounds",National Park Service,Federal campgrounds,,,True
s723,Point 17,36.7525394,-111.717755,AZ,Arizona,boondocking,rustic,campsite,best_effort_confirmed,80,Imported from v22.2.1 master during Supabase wiring setup.,,,boondocking,Boondocking,places from others,,Boondocking / dispersed,,,True
s724,Point 18,36.7233319,-111.7595565,AZ,Arizona,boondocking,rustic,campsite,best_effort_confirmed,80,Imported from v22.2.1 master during Supabase wiring setup.,,,boondocking,Boondocking,places from others,,Boondocking / dispersed,,,True
s856,Snow Canyon State Park,37.2178145,-113.6395961,UT,Utah,state,modern,campsite,best_effort_confirmed,80,Imported from v22.2.1 master during Supabase wiring setup.,,https://stateparks.utah.gov/parks/snow-canyon/campground/,info,Info / Reference,Parks and other places to see - not camping,Utah State Parks,State campgrounds,,,True
s885,Strawberry Bay Campground,40.1780825,-111.1711092,UT,Utah,state,modern,campsite,best_effort_confirmed,80,Imported from v22.2.1 master during Supabase wiring setup.,,,public,State / County / Town,"State, county, and town Campgrounds",,State campgrounds,,,True
s908,Temple Mountain,38.6885833,-110.681825,UT,Utah,boondocking,rustic,campsite,best_effort_confirmed,80,Imported from v22.2.1 master during Supabase wiring setup.,"When we went to Goblin Valley a couple of years ago, we stayed in a dispersed camping spot near Temple Mountain. We were able to find a spot where the rocks gave us plenty of shade. It's super pretty in that area too!",,boondocking,Boondocking,places from others,,Boondocking / dispersed,,,True
s4,Ada Lake Campground,45.3696,-88.7315,WI,Wisconsin,private,modern,campsite,best_effort_confirmed,80,Imported from v22.2.1 master during Supabase wiring setup.,,,private,Private Campgrounds,Private campgrounds,,Private campgrounds,,,True
s5,Ada Lake Recreation Area,45.3696,-88.7315,WI,Wisconsin,federal,modern,campsite,best_effort_confirmed,80,Imported from v22.2.1 master during Supabase wiring setup.,Official Chequamegon-Nicolet National Forest recreation area page added. 19-site campground with potable water and vault toilets.,https://www.fs.usda.gov/r09/chequamegon-nicolet/recreation/ada-lake-recreation-area,public,Federal Campgrounds,Federal Campgrounds,US Forest Service,Federal campground,,,True
s13,Alpine Campground & RV Park,46.483481,-90.001755,MI,Michigan,private,modern,campsite,best_effort_confirmed,80,Imported from v22.2.1 master during Supabase wiring setup.,,https://www.alpinecampgroundup.com/,public,Private Campgrounds,"State, county, and town Campgrounds",Alpine Campground & RV Park,Private campgrounds,,,True
s21,Anvil Lake Campground,45.9375,-89.0596,WI,Wisconsin,private,modern,campsite,best_effort_confirmed,80,Imported from v22.2.1 master during Supabase wiring setup.,,,private,Private Campgrounds,Private campgrounds,,Private campgrounds,,,True
s22,Apple Creek Campground,44.3558044,-88.1903146,WI,Wisconsin,private,modern,campsite,best_effort_confirmed,80,Imported from v22.2.1 master during Supabase wiring setup.,,,private,Private Campgrounds,Private campgrounds,,Private campgrounds,,,True
s32,Audie Flowage-Perch Lake Campground,45.5518085,-91.4242721,WI,Wisconsin,state,modern,campsite,best_effort_confirmed,80,Imported from v22.2.1 master during Supabase wiring setup.,,,public,State / County / Town,"State, county, and town Campgrounds",,State campgrounds,,,True
s40,Badgerland Campground,42.9745268,-89.2133488,WI,Wisconsin,private,modern,campsite,best_effort_confirmed,80,Imported from v22.2.1 master during Supabase wiring setup.,,,private,Private Campgrounds,Private campgrounds,,Private campgrounds,,,True
s42,Bagley Rapids Campground,45.1575,-88.4659,WI,Wisconsin,state,modern,campsite,best_effort_confirmed,80,Imported from v22.2.1 master during Supabase wiring setup.,,,public,State / County / Town,"State, county, and town Campgrounds",,State campgrounds,,,True
s43,Bagley Rapids Recreation Area,45.1575,-88.4659,WI,Wisconsin,federal,modern,campsite,best_effort_confirmed,80,Imported from v22.2.1 master during Supabase wiring setup.,"Official Chequamegon-Nicolet National Forest recreation area page added. Campground with potable water near Mountain, Wisconsin.",https://www.fs.usda.gov/r09/chequamegon-nicolet/recreation/bagley-rapids-recreation-area,public,Federal Campgrounds,Federal Campgrounds,US Forest Service,Federal campground,,,True
s44,Baileys Grove Campground,45.07181,-87.135335,WI,Wisconsin,private,modern,campsite,best_effort_confirmed,80,Imported from v22.2.1 master during Supabase wiring setup.,,,private,Private Campgrounds,Private campgrounds,,Private campgrounds,,,True
s45,Baileys Woods Campground,45.071147,-87.1444256,WI,Wisconsin,private,modern,campsite,best_effort_confirmed,80,Imported from v22.2.1 master during Supabase wiring setup.,,,private,Private Campgrounds,Private campgrounds,,Private campgrounds,,,True
s59,Bear Lake Campground,45.513198,-88.5301052,WI,Wisconsin,federal,rustic,campsite,best_effort_confirmed,80,Imported from v22.2.1 master during Supabase wiring setup.,,,federal,Federal Lands,Federal Lands,,Federal campgrounds,,,True
s60,Bear Lake Campground,44.4109896,-88.9370834,WI,Wisconsin,private,modern,campsite,best_effort_confirmed,80,Imported from v22.2.1 master during Supabase wiring setup.,,,private,Private Campgrounds,Private campgrounds,,Private campgrounds,,,True
s67,Beaver's Resort,46.1629591,-90.1654376,WI,Wisconsin,private,modern,campsite,best_effort_confirmed,80,Imported from v22.2.1 master during Supabase wiring setup.,,,private,Private Campgrounds,Private campgrounds,,Private campgrounds,,,True
s73,Bergland Township Park,46.5914451,-89.5743169,MI,Michigan,local,modern,campsite,best_effort_confirmed,80,Imported from v22.2.1 master during Supabase wiring setup.,,https://www.bergland.org/township-park.html,public,Local Campgrounds,"State, county, and town Campgrounds",,Local campgrounds,,,True
s1054,Bergland Township Park Campground,46.59100087,-89.57400055,MI,Michigan,local,modern,campsite,best_effort_confirmed,80,Imported from v22.2.1 master during Supabase wiring setup.,"Municipal campground in Bergland on Lake Gogebic with 28 campsites, including lower 30-amp sites and upper full-hookup sites.",https://berglandmi.gov/campground,local modern,Local Campgrounds,Local Campgrounds,,Local campgrounds,,,True
s80,Big Bay State Park,46.7881132,-90.6737266,WI,Wisconsin,state,modern,campsite,best_effort_confirmed,80,Imported from v22.2.1 master during Supabase wiring setup.,,,public,State / County / Town,"State, county, and town Campgrounds",,State campgrounds,,,True
s94,Black Lake Campground,45.9877328,-90.9298971,WI,Wisconsin,federal,rustic,campsite,best_effort_confirmed,80,Imported from v22.2.1 master during Supabase wiring setup.,,,federal,Federal Lands,Federal Lands,,Federal campgrounds,,,True
s1043,Black River / Bessemer Dispersed Camping Anchor,46.617,-90.001,MI,Michigan,boondocking,rustic,campsite,best_effort_confirmed,80,Imported from v22.2.1 master during Supabase wiring setup.,Boondocking search anchor in Ottawa National Forest west-end road country near Black River Harbor and Bessemer district access.,https://www.fs.usda.gov/r09/ottawa/recreation/opportunities/highway-vehicles-ohv,boondocking,Boondocking,Boondocking,,Boondocking / dispersed,,,True
s1040,Black River Harbor Campground,46.66416323,-90.05190622,MI,Michigan,federal,modern,campsite,best_effort_confirmed,80,Imported from v22.2.1 master during Supabase wiring setup.,"Major Ottawa National Forest campground on Lake Superior at Black River Harbor with waterfall trail access, harbor access, and OHV-friendly spur roads.",https://www.fs.usda.gov/r09/ottawa/recreation/black-river-harbor-recreation-area,federal,Federal Campgrounds,Federal Campgrounds,,Federal campgrounds,,,True
s96,Black River NFCG,46.6633688,-90.0521421,MI,Michigan,federal,rustic,campsite,best_effort_confirmed,80,Imported from v22.2.1 master during Supabase wiring setup.,,,federal,Federal Lands,Federal Lands,,Federal campgrounds,,,True
s97,Black River State Forest,44.3266284,-90.6604152,WI,Wisconsin,state,modern,campsite,best_effort_confirmed,80,Imported from v22.2.1 master during Supabase wiring setup.,,,public,State / County / Town,"State, county, and town Campgrounds",,State campgrounds,,,True
s100,Blackhawk Campground,43.4586184,-91.2257143,WI,Wisconsin,private,modern,campsite,best_effort_confirmed,80,Imported from v22.2.1 master during Supabase wiring setup.,,,private,Private Campgrounds,Private campgrounds,,Private campgrounds,,,True
s99,Blackhawk Campground,42.7966918,-88.9789072,WI,Wisconsin,private,modern,campsite,best_effort_confirmed,80,Imported from v22.2.1 master during Supabase wiring setup.,,,private,Private Campgrounds,Private campgrounds,,Private campgrounds,,,True
s116,Blue Mound Campground,43.0224674,-89.8499399,WI,Wisconsin,private,modern,campsite,best_effort_confirmed,80,Imported from v22.2.1 master during Supabase wiring setup.,,,private,Private Campgrounds,Private campgrounds,,Private campgrounds,,,True
s117,Bobcat Campground,46.2355043,-89.2793081,MI,Michigan,state,modern,campsite,best_effort_confirmed,80,Imported from v22.2.1 master during Supabase wiring setup.,,,public,State / County / Town,"State, county, and town Campgrounds",,State campgrounds,,,True
s118,Bobcat Lake Campground,46.35924,-89.672941,MI,Michigan,federal,rustic,campsite,best_effort_confirmed,80,Imported from v22.2.1 master during Supabase wiring setup.,,https://www.fs.usda.gov/recarea/ottawa/recarea/?recid=12331,public,Federal Campgrounds,"State, county, and town Campgrounds",Ottawa National Forest,Federal campgrounds,,,True
s120,Bois Brule Campground,46.5400273,-91.5892442,WI,Wisconsin,state,modern,campsite,best_effort_confirmed,80,Imported from v22.2.1 master during Supabase wiring setup.,,,public,State / County / Town,"State, county, and town Campgrounds",,State campgrounds,,,True
s126,Boot Lake Recreation Area,45.2684,-88.6456,WI,Wisconsin,federal,modern,campsite,best_effort_confirmed,80,Imported from v22.2.1 master during Supabase wiring setup.,Official Chequamegon-Nicolet National Forest recreation area page added. 36-site developed campground with potable water.,https://www.fs.usda.gov/r09/chequamegon-nicolet/recreation/boot-lake-recreation-area,public,Federal Campgrounds,Federal Campgrounds,US Forest Service,Federal campground,,,True
s128,Boulder Lake Recreation Area,45.1411,-88.6344,WI,Wisconsin,federal,modern,campsite,best_effort_confirmed,80,Imported from v22.2.1 master during Supabase wiring setup.,"Official Chequamegon-Nicolet National Forest recreation area page added. Large developed campground with showers, some electric sites, and potable water.",https://www.fs.usda.gov/r09/chequamegon-nicolet/recreation/boulder-lake-recreation-area,public,Federal Campgrounds,Federal Campgrounds,US Forest Service,Federal campground,,,True
s133,Breezy Hill Campground,43.694322,-88.409933,WI,Wisconsin,private,modern,campsite,best_effort_confirmed,80,Imported from v22.2.1 master during Supabase wiring setup.,,,private,Private Campgrounds,Private campgrounds,,Private campgrounds,,,True
s137,Broken Bow Campground,45.9253408,-89.951558,WI,Wisconsin,private,modern,campsite,best_effort_confirmed,80,Imported from v22.2.1 master during Supabase wiring setup.,,,private,Private Campgrounds,Private campgrounds,,Private campgrounds,,,True
s140,Brule River State Forest,46.5373987,-91.5927162,WI,Wisconsin,state,modern,campsite,best_effort_confirmed,80,Imported from v22.2.1 master during Supabase wiring setup.,,,public,State / County / Town,"State, county, and town Campgrounds",,State campgrounds,,,True
s141,Brunet Island State Park,45.1799484,-91.1613807,WI,Wisconsin,state,modern,campsite,best_effort_confirmed,80,Imported from v22.2.1 master during Supabase wiring setup.,,,public,State / County / Town,"State, county, and town Campgrounds",,State campgrounds,,,True
s142,Buckhorn State Park,43.9457623,-90.0036019,WI,Wisconsin,state,modern,campsite,best_effort_confirmed,80,Imported from v22.2.1 master during Supabase wiring setup.,,,public,State / County / Town,"State, county, and town Campgrounds",,State campgrounds,,,True
s144,Buffalo Lake Camping Resort,43.7914066,-89.3450745,WI,Wisconsin,private,modern,campsite,best_effort_confirmed,80,Imported from v22.2.1 master during Supabase wiring setup.,,,private,Private Campgrounds,Private campgrounds,,Private campgrounds,,,True
s1045,Burned Dam Campground,46.31379535,-89.05313987,MI,Michigan,federal,rustic,campsite,best_effort_confirmed,80,Imported from v22.2.1 master during Supabase wiring setup.,"Free developed dispersed campground on the Middle Branch Ontonagon River near Mex-i-mine Falls; vault toilet, no potable water.",https://www.fs.usda.gov/r09/ottawa/recreation/burned-dam-campground,federal rustic,Federal Campgrounds,Federal Campgrounds,,Federal campgrounds,,,True
s155,Camp Holiday Campground,46.0939318,-89.7168089,WI,Wisconsin,private,modern,campsite,best_effort_confirmed,80,Imported from v22.2.1 master during Supabase wiring setup.,,,private,Private Campgrounds,Private campgrounds,,Private campgrounds,,,True
s156,Camp New Wood County Park,45.2868323,-89.7920463,WI,Wisconsin,local,modern,campsite,best_effort_confirmed,80,Imported from v22.2.1 master during Supabase wiring setup.,,,public,State / County / Town,"State, county, and town Campgrounds",,Local campgrounds,,,True
s160,Campsite U,43.6787827,-90.6075299,WI,Wisconsin,state,modern,campsite,best_effort_confirmed,80,Imported from v22.2.1 master during Supabase wiring setup.,,,public,State / County / Town,"State, county, and town Campgrounds",,State campgrounds,,,True
s168,Castle Mound Campground,44.2843582,-90.8296662,WI,Wisconsin,private,modern,campsite,best_effort_confirmed,80,Imported from v22.2.1 master during Supabase wiring setup.,,,private,Private Campgrounds,Private campgrounds,,Private campgrounds,,,True
s176,Cedar Hills Campground,43.2089794,-89.7478245,WI,Wisconsin,private,modern,campsite,best_effort_confirmed,80,Imported from v22.2.1 master during Supabase wiring setup.,,,private,Private Campgrounds,Private campgrounds,,Private campgrounds,,,True
s181,Chain O' Lakes Camping Resort,45.9121067,-89.1522674,WI,Wisconsin,private,modern,campsite,best_effort_confirmed,80,Imported from v22.2.1 master during Supabase wiring setup.,,,private,Private Campgrounds,Private campgrounds,,Private campgrounds,,,True
s183,Chalk Hills Campground,45.5162999,-87.7990342,MI,Michigan,private,modern,campsite,best_effort_confirmed,80,Imported from v22.2.1 master during Supabase wiring setup.,,,private,Private Campgrounds,Private campgrounds,,Private campgrounds,,,True
s186,Chequamegon-Nicolet National Forest,45.9200903,-90.4517829,WI,Wisconsin,federal,rustic,campsite,best_effort_confirmed,80,Imported from v22.2.1 master during Supabase wiring setup.,,,federal,Federal Lands,Federal Lands,,Federal campgrounds,,,True
s189,Chipmunk Rapids Campground,45.8925,-88.5568,WI,Wisconsin,private,modern,campsite,best_effort_confirmed,80,Imported from v22.2.1 master during Supabase wiring setup.,,,private,Private Campgrounds,Private campgrounds,,Private campgrounds,,,True
s192,Circle K Campground,42.9042494,-88.6037845,WI,Wisconsin,private,modern,campsite,best_effort_confirmed,80,Imported from v22.2.1 master during Supabase wiring setup.,,,private,Private Campgrounds,Private campgrounds,,Private campgrounds,,,True
s199,Cliffside Park Campgrounds,42.8196479,-87.8233787,WI,Wisconsin,private,modern,campsite,best_effort_confirmed,80,Imported from v22.2.1 master during Supabase wiring setup.,,,private,Private Campgrounds,Private campgrounds,,Private campgrounds,,,True
s207,Connors Lake State Campground,45.739997,-90.7459921,WI,Wisconsin,state,modern,campsite,best_effort_confirmed,80,Imported from v22.2.1 master during Supabase wiring setup.,,,public,State / County / Town,"State, county, and town Campgrounds",,State campgrounds,,,True
s208,Copper Falls State Park,46.3761555,-90.6439684,WI,Wisconsin,state,modern,campsite,best_effort_confirmed,80,Imported from v22.2.1 master during Supabase wiring setup.,,,public,State / County / Town,"State, county, and town Campgrounds",,State campgrounds,,,True
s209,Copper Range Campground,46.6105723,-91.5811011,WI,Wisconsin,state,modern,campsite,best_effort_confirmed,80,Imported from v22.2.1 master during Supabase wiring setup.,,,public,State / County / Town,"State, county, and town Campgrounds",,State campgrounds,,,True
s222,Crazy Horse Campground,42.6183638,-89.3992506,WI,Wisconsin,private,modern,campsite,best_effort_confirmed,80,Imported from v22.2.1 master during Supabase wiring setup.,,https://www.crazyhorsewi.com/,private,Private Campgrounds,Private campgrounds,Crazy Horse Campground,Private campgrounds,,,True
s227,Crystal Lake Campground and RV Park,43.294975,-89.633128,WI,Wisconsin,private,modern,campsite,best_effort_confirmed,80,Imported from v22.2.1 master during Supabase wiring setup.,,,private,Private Campgrounds,Private campgrounds,,Private campgrounds,,,True
s1051,Curry Park Campground,46.46347091,-90.18502928,MI,Michigan,local,modern,campsite,best_effort_confirmed,80,Imported from v22.2.1 master during Supabase wiring setup.,"City-run Ironwood campground with electric and some full-hookup sites, modern restroom/shower building, water fill, and dump station.",https://ironwoodmi.gov/curry-park-campground/,local,Local Campgrounds,Local Campgrounds,,Local campgrounds,,,True
s235,Deep Lake Campground,43.7793335,-89.6481924,WI,Wisconsin,private,modern,campsite,best_effort_confirmed,80,Imported from v22.2.1 master during Supabase wiring setup.,,,private,Private Campgrounds,Private campgrounds,,Private campgrounds,,,True
s243,Derge County Park,43.4980896,-88.88079,WI,Wisconsin,local,modern,campsite,best_effort_confirmed,80,Imported from v22.2.1 master during Supabase wiring setup.,,,public,State / County / Town,"State, county, and town Campgrounds",,Local campgrounds,,,True
s246,Devil's Lake State Park,43.4284471,-89.7313678,WI,Wisconsin,state,modern,campsite,best_effort_confirmed,80,Imported from v22.2.1 master during Supabase wiring setup.,,,public,State / County / Town,"State, county, and town Campgrounds",,State campgrounds,,,True
s247,Devils Lake Group Camp,43.4107346,-89.7119274,WI,Wisconsin,private,modern,campsite,best_effort_confirmed,80,Imported from v22.2.1 master during Supabase wiring setup.,,,private,Private Campgrounds,Private campgrounds,,Private campgrounds,,,True
s248,Devils River Campground,44.2986742,-87.7769526,WI,Wisconsin,private,modern,campsite,best_effort_confirmed,80,Imported from v22.2.1 master during Supabase wiring setup.,,,private,Private Campgrounds,Private campgrounds,,Private campgrounds,,,True
s250,Diamond Lake Campground,45.1710664,-87.8702429,WI,Wisconsin,private,modern,campsite,best_effort_confirmed,80,Imported from v22.2.1 master during Supabase wiring setup.,,,private,Private Campgrounds,Private campgrounds,,Private campgrounds,,,True
s255,Duck Creek Campground & Du Duck Inn Grill and Bar,43.4996796,-89.3286514,WI,Wisconsin,private,modern,campsite,best_effort_confirmed,80,Imported from v22.2.1 master during Supabase wiring setup.,,,private,Private Campgrounds,Private campgrounds,,Private campgrounds,,,True
s263,Eagle Cliff Campground,43.7450195,-91.9381468,MN,Minnesota,state,modern,campsite,best_effort_confirmed,80,Imported from v22.2.1 master during Supabase wiring setup.,,,public,State / County / Town,"State, county, and town Campgrounds",,State campgrounds,,,True
s267,East Fork campground,44.421461,-90.678477,WI,Wisconsin,private,modern,campsite,best_effort_confirmed,80,Imported from v22.2.1 master during Supabase wiring setup.,,,private,Private Campgrounds,Private campgrounds,,Private campgrounds,,,True
s279,End of The Trail Equine Campground,43.6831016,-90.5711135,WI,Wisconsin,state,modern,campsite,best_effort_confirmed,80,Imported from v22.2.1 master during Supabase wiring setup.,,,public,State / County / Town,"State, county, and town Campgrounds",,State campgrounds,,,True
s284,Evergreen Campsites & Resort,44.1721396,-89.1530656,WI,Wisconsin,private,modern,campsite,best_effort_confirmed,80,Imported from v22.2.1 master during Supabase wiring setup.,,,private,Private Campgrounds,Private campgrounds,,Private campgrounds,,,True
s293,Fireside Campground,43.211681,-90.271568,WI,Wisconsin,private,modern,campsite,best_effort_confirmed,80,Imported from v22.2.1 master during Supabase wiring setup.,,,private,Private Campgrounds,Private campgrounds,,Private campgrounds,,,True
s1098,"First time to this area, it wasn't the last",46.7716356,-91.4569607,WI,Wisconsin,boondocking,rustic,campsite,best_effort_confirmed,80,Imported from v22.2.1 master during Supabase wiring setup.,Imported from user-verified KML (name and location trusted).,,boondocking rustic,,User verified KML import,Imported from user KML,Boondocking / dispersed,,,True
s294,Fish Creek Campground,45.1215566,-87.2158391,WI,Wisconsin,private,modern,campsite,best_effort_confirmed,80,Imported from v22.2.1 master during Supabase wiring setup.,,,private,Private Campgrounds,Private campgrounds,,Private campgrounds,,,True
s296,Fisher Campground,46.2179223,-89.282588,MI,Michigan,state,modern,campsite,best_effort_confirmed,80,Imported from v22.2.1 master during Supabase wiring setup.,,,public,State / County / Town,"State, county, and town Campgrounds",,State campgrounds,,,True
s301,Flambeau River State Forest,45.6791306,-90.7801514,WI,Wisconsin,state,modern,campsite,best_effort_confirmed,80,Imported from v22.2.1 master during Supabase wiring setup.,,,public,State / County / Town,"State, county, and town Campgrounds",,State campgrounds,,,True
s316,Franklin Lake (WI),45.9247322,-89.0079882,WI,Wisconsin,state,modern,campsite,best_effort_confirmed,80,Imported from v22.2.1 master during Supabase wiring setup.,,,public,State / County / Town,"State, county, and town Campgrounds",,State campgrounds,,,True
s317,Franklin Lake Campground,45.931804,-88.9934098,WI,Wisconsin,state,modern,campsite,best_effort_confirmed,80,Imported from v22.2.1 master during Supabase wiring setup.,,,public,State / County / Town,"State, county, and town Campgrounds",,State campgrounds,,,True
s322,Frontier Bar & Campground,46.5112802,-90.5074112,WI,Wisconsin,private,modern,campsite,best_effort_confirmed,80,Imported from v22.2.1 master during Supabase wiring setup.,,,private,Private Campgrounds,Private campgrounds,,Private campgrounds,,,True
s334,Gile Park,46.4253805,-90.2235903,WI,Wisconsin,state,modern,campsite,best_effort_confirmed,80,Imported from v22.2.1 master during Supabase wiring setup.,,,public,State / County / Town,"State, county, and town Campgrounds",,State campgrounds,,,True
s336,Glacier Valley Campground,43.5746272,-89.1892402,WI,Wisconsin,private,modern,campsite,best_effort_confirmed,80,Imported from v22.2.1 master during Supabase wiring setup.,,,private,Private Campgrounds,Private campgrounds,,Private campgrounds,,,True
s1036,Golden Lake Campground,46.17160677,-88.88275779,MI,Michigan,federal,modern,campsite,best_effort_confirmed,80,Imported from v22.2.1 master during Supabase wiring setup.,Ottawa National Forest campground near Watersmeet. Fee campground and useful anchor for the surrounding dispersed-camping road network.,https://www.fs.usda.gov/r09/ottawa/recreation/golden-lake-campground,federal,Federal Campgrounds,Federal Campgrounds,,Federal campgrounds,,,True
s341,Governor Dodge State Park,43.0169077,-90.1413105,WI,Wisconsin,state,modern,campsite,best_effort_confirmed,80,Imported from v22.2.1 master during Supabase wiring setup.,,,public,State / County / Town,"State, county, and town Campgrounds",,State campgrounds,,,True
s346,Great Northern Campground,45.2500526,-89.3249564,WI,Wisconsin,private,modern,campsite,best_effort_confirmed,80,Imported from v22.2.1 master during Supabase wiring setup.,,,private,Private Campgrounds,Private campgrounds,,Private campgrounds,,,True
s347,Green Lake Campground,43.84007,-88.9998908,WI,Wisconsin,private,modern,campsite,best_effort_confirmed,80,Imported from v22.2.1 master during Supabase wiring setup.,,,private,Private Campgrounds,Private campgrounds,,Private campgrounds,,,True
s352,Green Valley Campground,43.4286865,-89.7748894,WI,Wisconsin,private,modern,campsite,best_effort_confirmed,80,Imported from v22.2.1 master during Supabase wiring setup.,,,private,Private Campgrounds,Private campgrounds,,Private campgrounds,,,True
s353,Greenbush Campground,43.7497157,-88.1053747,WI,Wisconsin,private,modern,campsite,best_effort_confirmed,80,Imported from v22.2.1 master during Supabase wiring setup.,,,private,Private Campgrounds,Private campgrounds,,Private campgrounds,,,True
s362,Happy Acres Kampground,42.6007933,-88.0781504,WI,Wisconsin,private,modern,campsite,best_effort_confirmed,80,Imported from v22.2.1 master during Supabase wiring setup.,,,private,Private Campgrounds,Private campgrounds,,Private campgrounds,,,True
s366,Hartman Creek Group Campground,44.3228928,-89.2283523,WI,Wisconsin,state,modern,campsite,best_effort_confirmed,80,Imported from v22.2.1 master during Supabase wiring setup.,,,public,State / County / Town,"State, county, and town Campgrounds",,State campgrounds,,,True
s367,Hartman Creek State Park Family Campground,44.3235295,-89.2164262,WI,Wisconsin,state,modern,campsite,best_effort_confirmed,80,Imported from v22.2.1 master during Supabase wiring setup.,,,public,State / County / Town,"State, county, and town Campgrounds",,State campgrounds,,,True
s374,Headwaters Wilderness,45.81458,-88.9479,WI,Wisconsin,federal,rustic,campsite,best_effort_confirmed,80,Imported from v22.2.1 master during Supabase wiring setup.,,,federal,Federal Lands,Federal Lands,,Federal campgrounds,,,True
s376,Heavens Up North Campground,45.342725,-88.484335,WI,Wisconsin,private,modern,campsite,best_effort_confirmed,80,Imported from v22.2.1 master during Supabase wiring setup.,,,private,Private Campgrounds,Private campgrounds,,Private campgrounds,,,True
s381,Henry Lake Campground,46.3305041,-89.7921041,MI,Michigan,state,modern,campsite,best_effort_confirmed,80,Imported from v22.2.1 master during Supabase wiring setup.,,,public,State / County / Town,"State, county, and town Campgrounds",,State campgrounds,,,True
s384,Hi Pines Campground,45.945105,-89.248831,WI,Wisconsin,private,modern,campsite,best_effort_confirmed,80,Imported from v22.2.1 master during Supabase wiring setup.,,,private,Private Campgrounds,Private campgrounds,,Private campgrounds,,,True
s387,Hickory Oaks Campground,44.0642698,-88.5545625,WI,Wisconsin,private,modern,campsite,best_effort_confirmed,80,Imported from v22.2.1 master during Supabase wiring setup.,,,private,Private Campgrounds,Private campgrounds,,Private campgrounds,,,True
s390,Hidden Valley R.V. Resort & Campground,42.823553,-89.0159999,WI,Wisconsin,private,modern,campsite,best_effort_confirmed,80,Imported from v22.2.1 master during Supabase wiring setup.,,,private,Private Campgrounds,Private campgrounds,,Private campgrounds,,,True
s393,Highland Ridge Campground,44.8725909,-92.2432709,WI,Wisconsin,federal,rustic,campsite,best_effort_confirmed,80,Imported from v22.2.1 master during Supabase wiring setup.,,,federal,Federal Lands,Federal Lands,,Federal campgrounds,,,True
s398,Hoeft's Resort & Campground,43.6245448,-88.1538355,WI,Wisconsin,private,modern,campsite,best_effort_confirmed,80,Imported from v22.2.1 master during Supabase wiring setup.,,,private,Private Campgrounds,Private campgrounds,,Private campgrounds,,,True
s400,Holiday Shores Campground & Resort,43.6833701,-89.8061581,WI,Wisconsin,private,modern,campsite,best_effort_confirmed,80,Imported from v22.2.1 master during Supabase wiring setup.,,,private,Private Campgrounds,Private campgrounds,,Private campgrounds,,,True
s413,HTR Door County Campground & RV Resort,45.0667253,-87.2621039,WI,Wisconsin,private,modern,campsite,best_effort_confirmed,80,Imported from v22.2.1 master during Supabase wiring setup.,,,private,Private Campgrounds,Private campgrounds,,Private campgrounds,,,True
s1046,Imp Lake Campground,46.21766654,-89.070557,MI,Michigan,federal,modern,campsite,best_effort_confirmed,80,Imported from v22.2.1 master during Supabase wiring setup.,"Ottawa NF campground with 22 sites, vault toilets, hand pumps, boat launch, and nearby Imp Lake Trail.",https://www.fs.usda.gov/r09/ottawa/recreation/imp-lake-campground,federal,Federal Campgrounds,Federal Campgrounds,,Federal campgrounds,,,True
s423,Indian Trails Campground,43.554963,-89.323879,WI,Wisconsin,private,modern,campsite,best_effort_confirmed,80,Imported from v22.2.1 master during Supabase wiring setup.,,,private,Private Campgrounds,Private campgrounds,,Private campgrounds,,,True
s429,Iola Pines Campground,44.5172239,-89.1147375,WI,Wisconsin,private,modern,campsite,best_effort_confirmed,80,Imported from v22.2.1 master during Supabase wiring setup.,,,private,Private Campgrounds,Private campgrounds,,Private campgrounds,,,True
s444,"Jellystone Park Camp-Resort in Caledonia, WI",42.8345412,-87.9139957,WI,Wisconsin,private,modern,campsite,best_effort_confirmed,80,Imported from v22.2.1 master during Supabase wiring setup.,,,private,Private Campgrounds,Private campgrounds,,Private campgrounds,,,True
s446,Joe Miller's Resort & Campground,46.0865154,-90.2643339,WI,Wisconsin,private,modern,campsite,best_effort_confirmed,80,Imported from v22.2.1 master during Supabase wiring setup.,,,private,Private Campgrounds,Private campgrounds,,Private campgrounds,,,True
s460,Kettle Moraine State Forest,43.4986087,-88.1884285,WI,Wisconsin,state,modern,campsite,best_effort_confirmed,80,Imported from v22.2.1 master during Supabase wiring setup.,,,public,State / County / Town,"State, county, and town Campgrounds",,State campgrounds,,,True
s461,Kettle Moraine State Forest - Northern Unit,43.6178707,-88.1535352,WI,Wisconsin,state,modern,campsite,best_effort_confirmed,80,Imported from v22.2.1 master during Supabase wiring setup.,,,public,State / County / Town,"State, county, and town Campgrounds",,State campgrounds,,,True
s462,Keyes Lake Campground,45.8936479,-88.2996512,WI,Wisconsin,private,modern,campsite,best_effort_confirmed,80,Imported from v22.2.1 master during Supabase wiring setup.,,https://www.keyeslakecampground.com/,private,Private Campgrounds,Private campgrounds,Keyes Lake Campground,Private campgrounds,,,True
s468,Kinney Lake Campground,44.6537828,-88.9673146,WI,Wisconsin,private,modern,campsite,best_effort_confirmed,80,Imported from v22.2.1 master during Supabase wiring setup.,,,private,Private Campgrounds,Private campgrounds,,Private campgrounds,,,True
s471,KVR Campsite E,43.6107503,-90.6297856,WI,Wisconsin,state,modern,campsite,best_effort_confirmed,80,Imported from v22.2.1 master during Supabase wiring setup.,,,public,State / County / Town,"State, county, and town Campgrounds",,State campgrounds,,,True
s472,KVR Campsite I,43.6216798,-90.6239837,WI,Wisconsin,state,modern,campsite,best_effort_confirmed,80,Imported from v22.2.1 master during Supabase wiring setup.,,,public,State / County / Town,"State, county, and town Campgrounds",,State campgrounds,,,True
s473,KVR Campsite J,43.6207936,-90.6136108,WI,Wisconsin,state,modern,campsite,best_effort_confirmed,80,Imported from v22.2.1 master during Supabase wiring setup.,,,public,State / County / Town,"State, county, and town Campgrounds",,State campgrounds,,,True
s474,KVR Campsite K,43.6269216,-90.5927779,WI,Wisconsin,state,modern,campsite,best_effort_confirmed,80,Imported from v22.2.1 master during Supabase wiring setup.,,,public,State / County / Town,"State, county, and town Campgrounds",,State campgrounds,,,True
s475,KVR Campsite KK,43.6286472,-90.5986031,WI,Wisconsin,state,modern,campsite,best_effort_confirmed,80,Imported from v22.2.1 master during Supabase wiring setup.,,,public,State / County / Town,"State, county, and town Campgrounds",,State campgrounds,,,True
s476,KVR Campsite O,43.6289005,-90.6360698,WI,Wisconsin,state,modern,campsite,best_effort_confirmed,80,Imported from v22.2.1 master during Supabase wiring setup.,,,public,State / County / Town,"State, county, and town Campgrounds",,State campgrounds,,,True
s477,KVR Campsite PP,43.6254994,-90.6549291,WI,Wisconsin,state,modern,campsite,best_effort_confirmed,80,Imported from v22.2.1 master during Supabase wiring setup.,,,public,State / County / Town,"State, county, and town Campgrounds",,State campgrounds,,,True
s478,KVR Campsite Q,43.6457286,-90.5877391,WI,Wisconsin,state,modern,campsite,best_effort_confirmed,80,Imported from v22.2.1 master during Supabase wiring setup.,,,public,State / County / Town,"State, county, and town Campgrounds",,State campgrounds,,,True
s479,KVR Campsite S,43.6523742,-90.5966747,WI,Wisconsin,state,modern,campsite,best_effort_confirmed,80,Imported from v22.2.1 master during Supabase wiring setup.,,,public,State / County / Town,"State, county, and town Campgrounds",,State campgrounds,,,True
s480,KVR Campsite T,43.6676683,-90.5919978,WI,Wisconsin,state,modern,campsite,best_effort_confirmed,80,Imported from v22.2.1 master during Supabase wiring setup.,,,public,State / County / Town,"State, county, and town Campgrounds",,State campgrounds,,,True
s485,Lake Arrowhead Campground,43.770714,-89.201484,WI,Wisconsin,private,modern,campsite,best_effort_confirmed,80,Imported from v22.2.1 master during Supabase wiring setup.,,,private,Private Campgrounds,Private campgrounds,,Private campgrounds,,,True
s496,Lake George Campsite,45.6022415,-89.324028,WI,Wisconsin,private,modern,campsite,best_effort_confirmed,80,Imported from v22.2.1 master during Supabase wiring setup.,,,private,Private Campgrounds,Private campgrounds,,Private campgrounds,,,True
s497,Lake Gogebic County Park,46.4105916,-89.5521294,MI,Michigan,local,modern,campsite,best_effort_confirmed,80,Imported from v22.2.1 master during Supabase wiring setup.,,,public,State / County / Town,"State, county, and town Campgrounds",,Local campgrounds,,,True
s498,Lake Gogebic State Park,46.4569939,-89.5692573,MI,Michigan,state,modern,campsite,best_effort_confirmed,80,Imported from v22.2.1 master during Supabase wiring setup.,,,public,State / County / Town,"State, county, and town Campgrounds",,State campgrounds,,,True
s1041,Lake Gogebic State Park Campground,46.5032,-89.5822,MI,Michigan,state,modern,campsite,best_effort_confirmed,80,Imported from v22.2.1 master during Supabase wiring setup.,State-park campground on Lake Gogebic. Check current status before relying on it because the campground has ongoing 2026 upgrade work.,https://www.michigan.gov/recsearch/parks/lakegogebic,state modern,State Campgrounds,State modern Campgrounds,,State campgrounds,,,True
s500,Lake Joy Campground,42.7764074,-90.2941996,WI,Wisconsin,private,modern,campsite,best_effort_confirmed,80,Imported from v22.2.1 master during Supabase wiring setup.,,,private,Private Campgrounds,Private campgrounds,,Private campgrounds,,,True
s502,Lake Lenwood Beach & Campground,43.4469361,-88.1652556,WI,Wisconsin,private,modern,campsite,best_effort_confirmed,80,Imported from v22.2.1 master during Supabase wiring setup.,,,private,Private Campgrounds,Private campgrounds,,Private campgrounds,,,True
s514,Lake of the Pines State Campground,45.7831418,-90.7156791,WI,Wisconsin,state,modern,campsite,best_effort_confirmed,80,Imported from v22.2.1 master during Supabase wiring setup.,,,public,State / County / Town,"State, county, and town Campgrounds",,State campgrounds,,,True
s515,Lake of the Woods Campground,43.9697297,-89.3472655,WI,Wisconsin,private,modern,campsite,best_effort_confirmed,80,Imported from v22.2.1 master during Supabase wiring setup.,,,private,Private Campgrounds,Private campgrounds,,Private campgrounds,,,True
s1034,Lake Ottawa Campground,46.0807608,-88.76003616,MI,Michigan,federal,modern,campsite,best_effort_confirmed,80,Imported from v22.2.1 master during Supabase wiring setup.,"Developed Ottawa National Forest campground southwest of Iron River with potable water, flush toilets, and boat launch. Open to OHVs on roadway/camping spur.",https://www.fs.usda.gov/r09/ottawa/recreation/lake-ottawa-recreation-area,federal,Federal Campgrounds,Federal Campgrounds,,Federal campgrounds,,,True
s523,"Lake Wisconsin Campground, LLC",43.391402,-89.520718,WI,Wisconsin,private,modern,campsite,best_effort_confirmed,80,Imported from v22.2.1 master during Supabase wiring setup.,,,private,Private Campgrounds,Private campgrounds,,Private campgrounds,,,True
s525,Lakeside Fire Campground,44.2697941,-89.8751722,WI,Wisconsin,private,modern,campsite,best_effort_confirmed,80,Imported from v22.2.1 master during Supabase wiring setup.,,,private,Private Campgrounds,Private campgrounds,,Private campgrounds,,,True
s545,Little Girls Point County Park,46.60387,-90.322092,MI,Michigan,local,modern,campsite,best_effort_confirmed,80,Imported from v22.2.1 master during Supabase wiring setup.,,https://www.gogebiccountymi.gov/little_girls_point_county_park.php,public,State / County / Town,"State, county, and town Campgrounds",Gogebic County,Local campgrounds,,,True
s550,Little Sand Bay Campground,46.9453437,-90.8871891,WI,Wisconsin,state,modern,campsite,best_effort_confirmed,80,Imported from v22.2.1 master during Supabase wiring setup.,,,public,State / County / Town,"State, county, and town Campgrounds",,State campgrounds,,,True
s565,Lost Falls Campground,44.1760596,-90.9159016,WI,Wisconsin,private,modern,campsite,best_effort_confirmed,80,Imported from v22.2.1 master during Supabase wiring setup.,,,private,Private Campgrounds,Private campgrounds,,Private campgrounds,,,True
s566,Lost Lake Campground,45.8835,-88.5588,WI,Wisconsin,federal,rustic,campsite,best_effort_confirmed,80,Imported from v22.2.1 master during Supabase wiring setup.,,,federal,Federal Lands,Federal Lands,,Federal campgrounds,,,True
s571,Lucius Woods County Campground,46.35042,-91.8181398,WI,Wisconsin,local,modern,campsite,best_effort_confirmed,80,Imported from v22.2.1 master during Supabase wiring setup.,,,public,State / County / Town,"State, county, and town Campgrounds",,Local campgrounds,,,True
s575,Lynn Ann's Campground,45.9255799,-89.5199389,WI,Wisconsin,private,modern,campsite,best_effort_confirmed,80,Imported from v22.2.1 master during Supabase wiring setup.,,,private,Private Campgrounds,Private campgrounds,,Private campgrounds,,,True
s579,Madison Campground,43.2486748,-89.3700138,WI,Wisconsin,private,modern,campsite,best_effort_confirmed,80,Imported from v22.2.1 master during Supabase wiring setup.,,,private,Private Campgrounds,Private campgrounds,,Private campgrounds,,,True
s586,Maple Heights Campground,45.3057272,-88.561027,WI,Wisconsin,private,modern,campsite,best_effort_confirmed,80,Imported from v22.2.1 master during Supabase wiring setup.,,,private,Private Campgrounds,Private campgrounds,,Private campgrounds,,,True
s1037,Marion Lake Campground,46.269137,-89.086584,MI,Michigan,federal,modern,campsite,best_effort_confirmed,80,Imported from v22.2.1 master during Supabase wiring setup.,"Ottawa National Forest campground east of Watersmeet with developed sites, potable water, beach, and boat access.",https://www.fs.usda.gov/r09/ottawa/recreation/marion-lake-campground,federal,Federal Campgrounds,Federal Campgrounds,,Federal campgrounds,,,True
s590,McCaslin Mountain Campground,45.3781423,-88.3896214,WI,Wisconsin,private,modern,campsite,best_effort_confirmed,80,Imported from v22.2.1 master during Supabase wiring setup.,,,private,Private Campgrounds,Private campgrounds,,Private campgrounds,,,True
s592,McKinley Lake Campsite,45.918733,-88.9722966,WI,Wisconsin,federal,rustic,campsite,best_effort_confirmed,80,Imported from v22.2.1 master during Supabase wiring setup.,,,federal,Federal Lands,Federal Lands,,Federal campgrounds,,,True
s601,Merrick State Park Upper Campground Boat Mooring,44.159453,-91.76355,WI,Wisconsin,state,modern,campsite,best_effort_confirmed,80,Imported from v22.2.1 master during Supabase wiring setup.,,,public,State / County / Town,"State, county, and town Campgrounds",,State campgrounds,,,True
s603,Merry Macs Campground,43.3942967,-89.6765684,WI,Wisconsin,private,modern,campsite,best_effort_confirmed,80,Imported from v22.2.1 master during Supabase wiring setup.,,,private,Private Campgrounds,Private campgrounds,,Private campgrounds,,,True
s1039,Moosehead Lake Campground,46.2367,-89.4681,MI,Michigan,federal,rustic,campsite,best_effort_confirmed,80,Imported from v22.2.1 master during Supabase wiring setup.,Small Ottawa National Forest campground southeast of Marenisco with vault toilets and pressurized water.,https://www.fs.usda.gov/r09/ottawa/recreation/moosehead-lake-campground,federal rustic,Federal Campgrounds,Federal Campgrounds,,Federal campgrounds,,,True
s645,North Muskellunge Lake Group Campground,46.0243179,-89.5978837,WI,Wisconsin,private,modern,campsite,best_effort_confirmed,80,Imported from v22.2.1 master during Supabase wiring setup.,,,private,Private Campgrounds,Private campgrounds,,Private campgrounds,,,True
s646,North Park RV Campground,45.3196124,-92.3598071,WI,Wisconsin,local,modern,campsite,best_effort_confirmed,80,Imported from v22.2.1 master during Supabase wiring setup.,,https://www.amerywi.gov/622/North-Park-RV-Campground,public,State / County / Town,"State, county, and town Campgrounds",City of Amery,Local campgrounds,,,True
s648,North Wood County Park & Campground,44.5197328,-90.1401611,WI,Wisconsin,local,modern,campsite,best_effort_confirmed,80,Imported from v22.2.1 master during Supabase wiring setup.,,,public,State / County / Town,"State, county, and town Campgrounds",,Local campgrounds,,,True
s649,Northern Highland–American Legion State Forest,45.7980901,-89.4301659,WI,Wisconsin,state,modern,campsite,best_effort_confirmed,80,Imported from v22.2.1 master during Supabase wiring setup.,,,public,State / County / Town,"State, county, and town Campgrounds",,State campgrounds,,,True
s651,O'Neil Creek Campground,44.9970812,-91.3657024,WI,Wisconsin,private,modern,campsite,best_effort_confirmed,80,Imported from v22.2.1 master during Supabase wiring setup.,,,private,Private Campgrounds,Private campgrounds,,Private campgrounds,,,True
s656,Oasis Campground,44.1366979,-89.5358387,WI,Wisconsin,private,modern,campsite,best_effort_confirmed,80,Imported from v22.2.1 master during Supabase wiring setup.,,,private,Private Campgrounds,Private campgrounds,,Private campgrounds,,,True
s662,Old Veteran's Lake Campground,45.3470751,-88.1997247,WI,Wisconsin,private,modern,campsite,best_effort_confirmed,80,Imported from v22.2.1 master during Supabase wiring setup.,,,private,Private Campgrounds,Private campgrounds,,Private campgrounds,,,True
s1056,Ontonagon County Park on Lake Gogebic,46.5499474,-89.6246008,MI,Michigan,local,modern,campsite,best_effort_confirmed,80,Imported from v22.2.1 master during Supabase wiring setup.,County campground on the west shore of Lake Gogebic with 43 campsites and 15 tent sites per Ontonagon county/tourism listings.,https://ontonagonmi.org/explore-ontonagon/camping/,local,Local Campgrounds,Local Campgrounds,,Local campgrounds,,,True
s1042,Ottawa NF West Dispersed Camping Anchor,46.454,-89.42,MI,Michigan,boondocking,rustic,campsite,best_effort_confirmed,80,Imported from v22.2.1 master during Supabase wiring setup.,Broad Ottawa National Forest dispersed-camping anchor for the Ontonagon-to-Wisconsin-border corridor. Use MVUM/OHV-open roads and follow Ottawa dispersed-camping rules.,https://www.fs.usda.gov/r09/ottawa/recreation/opportunities/highway-vehicles-ohv,boondocking,Boondocking,Boondocking,,Boondocking / dispersed,,,True
s1035,Paint River Forks Campground,46.1887,-88.7662,MI,Michigan,federal,rustic,campsite,best_effort_confirmed,80,Imported from v22.2.1 master during Supabase wiring setup.,Free rustic Ottawa National Forest campground at the Paint River forks. Year-round and a useful remote-camping anchor.,https://www.fs.usda.gov/r09/ottawa/recreation/paint-river-forks-campground,federal rustic,Federal Campgrounds,Federal Campgrounds,,Federal campgrounds,,,True
s683,Perch Lake Campground,46.4044869,-91.2710801,WI,Wisconsin,state,modern,campsite,best_effort_confirmed,80,Imported from v22.2.1 master during Supabase wiring setup.,,,public,State / County / Town,"State, county, and town Campgrounds",,State campgrounds,,,True
s696,Pigeon Creek Campground,44.215362,-90.6161755,WI,Wisconsin,state,modern,campsite,best_effort_confirmed,80,Imported from v22.2.1 master during Supabase wiring setup.,,,public,State / County / Town,"State, county, and town Campgrounds",,State campgrounds,,,True
s701,Pine Grove Campground,44.808286,-88.868738,WI,Wisconsin,private,modern,campsite,best_effort_confirmed,80,Imported from v22.2.1 master during Supabase wiring setup.,,,private,Private Campgrounds,Private campgrounds,,Private campgrounds,,,True
s705,Pineland Camping Park,44.1243813,-89.8076825,WI,Wisconsin,private,modern,campsite,best_effort_confirmed,80,Imported from v22.2.1 master during Supabase wiring setup.,,,private,Private Campgrounds,Private campgrounds,,Private campgrounds,,,True
s707,Pinewoods Campground,42.9596506,-88.4397841,WI,Wisconsin,state,modern,campsite,best_effort_confirmed,80,Imported from v22.2.1 master during Supabase wiring setup.,,,public,State / County / Town,"State, county, and town Campgrounds",,State campgrounds,,,True
s708,Pinewoods Campground - Group Campsite A,42.9621683,-88.4547103,WI,Wisconsin,state,modern,campsite,best_effort_confirmed,80,Imported from v22.2.1 master during Supabase wiring setup.,,,public,State / County / Town,"State, county, and town Campgrounds",,State campgrounds,,,True
s709,Pinewoods Campground - Group Site C,42.9609516,-88.454098,WI,Wisconsin,state,modern,campsite,best_effort_confirmed,80,Imported from v22.2.1 master during Supabase wiring setup.,,,public,State / County / Town,"State, county, and town Campgrounds",,State campgrounds,,,True
s710,Pinewoods Campgrounds,42.9626043,-88.4473359,WI,Wisconsin,state,modern,campsite,best_effort_confirmed,80,Imported from v22.2.1 master during Supabase wiring setup.,,,public,State / County / Town,"State, county, and town Campgrounds",,State campgrounds,,,True
s720,Plum Lake Campground,45.994447,-89.554738,WI,Wisconsin,state,modern,campsite,best_effort_confirmed,80,Imported from v22.2.1 master during Supabase wiring setup.,,,public,State / County / Town,"State, county, and town Campgrounds",,State campgrounds,,,True
s721,"Plum Lake Campground, Northern Highland American Legion State Forest",45.9926858,-89.5556663,WI,Wisconsin,state,modern,campsite,best_effort_confirmed,80,Imported from v22.2.1 master during Supabase wiring setup.,,,public,State / County / Town,"State, county, and town Campgrounds",,State campgrounds,,,True
s722,Plymouth Rock Campground,43.8029209,-87.9791497,WI,Wisconsin,private,modern,campsite,best_effort_confirmed,80,Imported from v22.2.1 master during Supabase wiring setup.,,,private,Private Campgrounds,Private campgrounds,,Private campgrounds,,,True
s729,Point Beach State Forest,44.1918378,-87.5192908,WI,Wisconsin,state,modern,campsite,best_effort_confirmed,80,Imported from v22.2.1 master during Supabase wiring setup.,,,public,State / County / Town,"State, county, and town Campgrounds",,State campgrounds,,,True
s731,Point Detour Campground,46.9590346,-90.8748941,WI,Wisconsin,state,modern,campsite,best_effort_confirmed,80,Imported from v22.2.1 master during Supabase wiring setup.,,,public,State / County / Town,"State, county, and town Campgrounds",,State campgrounds,,,True
s733,Pomeroy Lake Campground,46.281465,-89.573967,MI,Michigan,federal,modern,campsite,best_effort_confirmed,80,Imported from v22.2.1 master during Supabase wiring setup.,"Ottawa National Forest campground near Marenisco with 11 sites, potable water, and OHV-friendly access on roadway and camping spur.",https://www.fs.usda.gov/r09/ottawa/recreation/pomeroy-lake-campground,federal,Federal Campgrounds,Federal Campgrounds,,Federal campgrounds,,,True
s1030,Porcupine Mountains Union Bay Campground,46.83267,-89.74551,MI,Michigan,state,modern,campsite,best_effort_confirmed,80,Imported from v22.2.1 master during Supabase wiring setup.,Modern state-park campground on Union Bay in the Porcupine Mountains. Large developed campground with park amenities.,https://www.michigan.gov/recsearch/parks/porkies,state modern,State Campgrounds,State modern Campgrounds,,State campgrounds,,,True
s744,Potato River Falls Campground,46.4626776,-90.5295127,WI,Wisconsin,state,modern,campsite,best_effort_confirmed,80,Imported from v22.2.1 master during Supabase wiring setup.,,,public,State / County / Town,"State, county, and town Campgrounds",,State campgrounds,,,True
s747,Presque Isle Campground,46.2584492,-89.7183449,WI,Wisconsin,private,modern,campsite,best_effort_confirmed,80,Imported from v22.2.1 master during Supabase wiring setup.,,,private,Private Campgrounds,Private campgrounds,,Private campgrounds,,,True
s748,Presque Isle Campground,46.7062968,-89.9790469,MI,Michigan,state,modern,campsite,best_effort_confirmed,80,Imported from v22.2.1 master during Supabase wiring setup.,,https://www.michigan.org/property/presque-isle-campground,public,State / County / Town,"State, county, and town Campgrounds",,State campgrounds,,,True
s751,Pride of America Camping Resort,43.5227564,-89.3756595,WI,Wisconsin,private,modern,campsite,best_effort_confirmed,80,Imported from v22.2.1 master during Supabase wiring setup.,,,private,Private Campgrounds,Private campgrounds,,Private campgrounds,,,True
s770,Richardson Lake Campground,45.4415,-88.7153,WI,Wisconsin,federal,rustic,campsite,best_effort_confirmed,80,Imported from v22.2.1 master during Supabase wiring setup.,,,federal,Federal Lands,Federal Lands,,Federal campgrounds,,,True
s771,Richardson Lake Recreation Area,45.4415,-88.7153,WI,Wisconsin,federal,modern,campsite,best_effort_confirmed,80,Imported from v22.2.1 master during Supabase wiring setup.,Official Chequamegon-Nicolet National Forest recreation area page added. 26 wooded sites with potable water.,https://www.fs.usda.gov/r09/chequamegon-nicolet/recreation/richardson-lake-recreation-area,public,Federal Campgrounds,Federal Campgrounds,US Forest Service,Federal campground,,,True
s775,River Bay Premier Camping Resort,43.6857489,-89.8282388,WI,Wisconsin,private,modern,campsite,best_effort_confirmed,80,Imported from v22.2.1 master during Supabase wiring setup.,,,private,Private Campgrounds,Private campgrounds,,Private campgrounds,,,True
s776,River Forest Campground,45.12946,-88.6625862,WI,Wisconsin,state,modern,campsite,best_effort_confirmed,80,Imported from v22.2.1 master during Supabase wiring setup.,,,public,State / County / Town,"State, county, and town Campgrounds",,State campgrounds,,,True
s778,River's Edge Campground,44.6326819,-89.6371302,WI,Wisconsin,private,modern,campsite,best_effort_confirmed,80,Imported from v22.2.1 master during Supabase wiring setup.,,,private,Private Campgrounds,Private campgrounds,,Private campgrounds,,,True
s782,Riviera Resort and Campground,44.4552298,-90.6860707,WI,Wisconsin,private,modern,campsite,best_effort_confirmed,80,Imported from v22.2.1 master during Supabase wiring setup.,,,private,Private Campgrounds,Private campgrounds,,Private campgrounds,,,True
s1089,Robbins Pond Campground,46.38084842,-89.22795977,MI,Michigan,federal,modern,campsite,best_effort_confirmed,80,Imported from v22.2.1 master during Supabase wiring setup.,Official Ottawa National Forest no-fee campground page added. Rustic public campground near Watersmeet.,https://www.fs.usda.gov/r09/ottawa/recreation/robbins-pond-campground,public,Federal Campgrounds,Federal Campgrounds,US Forest Service,Federal campground,,,True
s795,Rustic Woods Campground,44.275585,-89.099736,WI,Wisconsin,private,rustic,campsite,best_effort_confirmed,80,Imported from v22.2.1 master during Supabase wiring setup.,,,private,Private Campgrounds,Private campgrounds,,Private campgrounds,,,True
s803,Sand Haven Campground,45.2875149,-91.3698936,WI,Wisconsin,private,modern,campsite,best_effort_confirmed,80,Imported from v22.2.1 master during Supabase wiring setup.,,,private,Private Campgrounds,Private campgrounds,,Private campgrounds,,,True
s806,Sandhill Station Campground,43.0478966,-88.909962,WI,Wisconsin,private,modern,campsite,best_effort_confirmed,80,Imported from v22.2.1 master during Supabase wiring setup.,,,private,Private Campgrounds,Private campgrounds,,Private campgrounds,,,True
s807,Sandy Beach Campground,46.1017772,-89.9682795,WI,Wisconsin,state,modern,campsite,best_effort_confirmed,80,Imported from v22.2.1 master during Supabase wiring setup.,,,public,State / County / Town,"State, county, and town Campgrounds",,State campgrounds,,,True
s814,Saxon Harbor Park,46.5604141,-90.4396747,WI,Wisconsin,state,modern,campsite,best_effort_confirmed,80,Imported from v22.2.1 master during Supabase wiring setup.,,,public,State / County / Town,"State, county, and town Campgrounds",,State campgrounds,,,True
s816,Scenic Ridge Campground,42.755367,-88.69657,WI,Wisconsin,private,modern,campsite,best_effort_confirmed,80,Imported from v22.2.1 master during Supabase wiring setup.,,,private,Private Campgrounds,Private campgrounds,,Private campgrounds,,,True
s819,Schomberg County Park Campground,46.3266256,-90.1550267,WI,Wisconsin,local,modern,campsite,best_effort_confirmed,80,Imported from v22.2.1 master during Supabase wiring setup.,,,public,State / County / Town,"State, county, and town Campgrounds",,Local campgrounds,,,True
s832,Shangri-La Campground,43.6743445,-89.8416277,WI,Wisconsin,private,modern,campsite,best_effort_confirmed,80,Imported from v22.2.1 master during Supabase wiring setup.,,,private,Private Campgrounds,Private campgrounds,,Private campgrounds,,,True
s844,Silver Springs Campground LLC,43.4640885,-89.1736523,WI,Wisconsin,private,modern,campsite,best_effort_confirmed,80,Imported from v22.2.1 master during Supabase wiring setup.,,,private,Private Campgrounds,Private campgrounds,,Private campgrounds,,,True
s845,Site 1 Lake of the Falls Campground,46.1494974,-90.1621896,WI,Wisconsin,state,modern,campsite,best_effort_confirmed,80,Imported from v22.2.1 master during Supabase wiring setup.,,,public,State / County / Town,"State, county, and town Campgrounds",,State campgrounds,,,True
s847,Skillet Creek Campground,43.4371376,-89.7570546,WI,Wisconsin,private,modern,campsite,best_effort_confirmed,80,Imported from v22.2.1 master during Supabase wiring setup.,,,private,Private Campgrounds,Private campgrounds,,Private campgrounds,,,True
s848,Sky High Camping Resort,43.4836093,-89.5149579,WI,Wisconsin,private,modern,campsite,best_effort_confirmed,80,Imported from v22.2.1 master during Supabase wiring setup.,,,private,Private Campgrounds,Private campgrounds,,Private campgrounds,,,True
s851,Sleepy Dragon Campground,43.4209381,-89.3069997,WI,Wisconsin,private,modern,campsite,best_effort_confirmed,80,Imported from v22.2.1 master during Supabase wiring setup.,,,private,Private Campgrounds,Private campgrounds,,Private campgrounds,,,True
s853,Smith Rapids Recreation Area,45.9103583,-90.1729059,WI,Wisconsin,state,modern,campsite,best_effort_confirmed,80,Imported from v22.2.1 master during Supabase wiring setup.,,,public,State / County / Town,"State, county, and town Campgrounds",,State campgrounds,,,True
s854,Smokey Hollow Campground,43.368421,-89.494207,WI,Wisconsin,private,modern,campsite,best_effort_confirmed,80,Imported from v22.2.1 master during Supabase wiring setup.,,,private,Private Campgrounds,Private campgrounds,,Private campgrounds,,,True
s863,Spearhead Point Campground,45.3269572,-90.443573,WI,Wisconsin,federal,rustic,campsite,best_effort_confirmed,80,Imported from v22.2.1 master during Supabase wiring setup.,,,federal,Federal Lands,Federal Lands,,Federal campgrounds,,,True
s864,Spectacle Lake Campground,46.0091,-89.0097,WI,Wisconsin,federal,rustic,campsite,best_effort_confirmed,80,Imported from v22.2.1 master during Supabase wiring setup.,,,federal,Federal Lands,Federal Lands,,Federal campgrounds,,,True
s874,Stand Rock Campground,43.658207,-89.8023252,WI,Wisconsin,private,modern,campsite,best_effort_confirmed,80,Imported from v22.2.1 master during Supabase wiring setup.,,,private,Private Campgrounds,Private campgrounds,,Private campgrounds,,,True
s1050,Stargazers U.P. Campground,46.5453,-90.08358,MI,Michigan,private,modern,campsite,best_effort_confirmed,80,Imported from v22.2.1 master during Supabase wiring setup.,"New full-hookup private campground at North Ironwood Acres on Black River Road with bathhouse, showers, and playground.",https://www.stargazerscampground.com/,private,Private Campgrounds,Private Campgrounds,,Private campgrounds,,,True
s881,Stoney Creek RV Resort,44.573697,-91.193836,WI,Wisconsin,federal,rustic,campsite,best_effort_confirmed,80,Imported from v22.2.1 master during Supabase wiring setup.,,,federal,Federal Lands,Federal Lands,,Federal campgrounds,,,True
s899,Sylvan Park & Riverview Campgrounds,43.71828,-91.974315,MN,Minnesota,state,modern,campsite,best_effort_confirmed,80,Imported from v22.2.1 master during Supabase wiring setup.,,,public,State / County / Town,"State, county, and town Campgrounds",,State campgrounds,,,True
s1038,Sylvania (Clark Lake) Campground,46.24029372,-89.3223604,MI,Michigan,federal,modern,campsite,best_effort_confirmed,80,Imported from v22.2.1 master during Supabase wiring setup.,Drive-in campground in the Sylvania Recreation Area. Developed federal campground; surrounding wilderness camping is designated-site-only.,https://www.fs.usda.gov/r09/ottawa/recreation/sylvania-clark-lake-campground,federal,Federal Campgrounds,Federal Campgrounds,,Federal campgrounds,,,True
s909,The Driftwood Bar & Campground,46.5536384,-90.4356281,WI,Wisconsin,private,modern,campsite,best_effort_confirmed,80,Imported from v22.2.1 master during Supabase wiring setup.,,,private,Private Campgrounds,Private campgrounds,,Private campgrounds,,,True
s910,The Playful Goose Campground of the Horicon Marsh,43.4333219,-88.639329,WI,Wisconsin,private,modern,campsite,best_effort_confirmed,80,Imported from v22.2.1 master during Supabase wiring setup.,,,private,Private Campgrounds,Private campgrounds,,Private campgrounds,,,True
s912,Three Lakes Campground,45.795253,-89.116351,WI,Wisconsin,private,modern,campsite,best_effort_confirmed,80,Imported from v22.2.1 master during Supabase wiring setup.,,,private,Private Campgrounds,Private campgrounds,,Private campgrounds,,,True
s932,Tranquil Timbers Campground,44.8478825,-87.404201,WI,Wisconsin,private,modern,campsite,best_effort_confirmed,80,Imported from v22.2.1 master during Supabase wiring setup.,,,private,Private Campgrounds,Private campgrounds,,Private campgrounds,,,True
s939,Tuckaway Campground,43.3726468,-89.8478431,WI,Wisconsin,private,modern,campsite,best_effort_confirmed,80,Imported from v22.2.1 master during Supabase wiring setup.,,,private,Private Campgrounds,Private campgrounds,,Private campgrounds,,,True
s946,Two Lakes Campground,46.2937997,-91.1975306,WI,Wisconsin,private,modern,campsite,best_effort_confirmed,80,Imported from v22.2.1 master during Supabase wiring setup.,,,private,Private Campgrounds,Private campgrounds,,Private campgrounds,,,True
s948,Upper Gresham Lake State Forest Campground,46.074873,-89.7267228,WI,Wisconsin,state,rustic,campsite,best_effort_confirmed,80,Imported from v22.2.1 master during Supabase wiring setup.,,,public,State / County / Town,"State, county, and town Campgrounds",,State campgrounds,,,True
s951,Upson Falls campground,46.3708754,-90.4132157,WI,Wisconsin,state,modern,campsite,best_effort_confirmed,80,Imported from v22.2.1 master during Supabase wiring setup.,,,public,State / County / Town,"State, county, and town Campgrounds",,State campgrounds,,,True
s952,US Army Corps of Engineers Blackhawk Park,43.4609777,-91.222484,WI,Wisconsin,federal,rustic,campsite,best_effort_confirmed,80,Imported from v22.2.1 master during Supabase wiring setup.,,,federal,Federal Lands,Federal Lands,,Federal campgrounds,,,True
s953,US Forest Service - Lakewood/Laona District,45.294858,-88.514514,WI,Wisconsin,state,modern,campsite,best_effort_confirmed,80,Imported from v22.2.1 master during Supabase wiring setup.,,,public,State / County / Town,"State, county, and town Campgrounds",,State campgrounds,,,True
s963,Vista Royalle Campground Ltd,44.3259,-89.506,WI,Wisconsin,private,modern,campsite,best_effort_confirmed,80,Imported from v22.2.1 master during Supabase wiring setup.,,,private,Private Campgrounds,Private campgrounds,,Private campgrounds,,,True
s965,Wagon Trail Campground,45.221783,-87.042743,WI,Wisconsin,private,modern,campsite,best_effort_confirmed,80,Imported from v22.2.1 master during Supabase wiring setup.,,https://www.wagontrailcampground.com/,private,Private Campgrounds,Private campgrounds,Wagon Trail Campground,Private campgrounds,,,True
s1044,Watersmeet / Marion / Golden Dispersed Camping Anchor,46.203,-89.03,MI,Michigan,boondocking,rustic,campsite,best_effort_confirmed,80,Imported from v22.2.1 master during Supabase wiring setup.,"Boondocking search anchor for Ottawa National Forest road-access country around Watersmeet, Marion Lake, and Golden Lake.",https://www.fs.usda.gov/r09/ottawa/recreation/opportunities/highway-vehicles-ohv,boondocking,Boondocking,Boondocking,,Boondocking / dispersed,,,True
s978,Waupaca S'more Fun Campground,44.342045,-89.109691,WI,Wisconsin,private,modern,campsite,best_effort_confirmed,80,Imported from v22.2.1 master during Supabase wiring setup.,,,private,Private Campgrounds,Private campgrounds,,Private campgrounds,,,True
s980,Weber Lake Campground,46.4084852,-90.3948026,WI,Wisconsin,state,modern,campsite,best_effort_confirmed,80,Imported from v22.2.1 master during Supabase wiring setup.,,,public,State / County / Town,"State, county, and town Campgrounds",,State campgrounds,,,True
s982,Weborg Point Campground,45.1342943,-87.240084,WI,Wisconsin,state,modern,campsite,best_effort_confirmed,80,Imported from v22.2.1 master during Supabase wiring setup.,,,public,State / County / Town,"State, county, and town Campgrounds",,State campgrounds,,,True
s991,Whispering Pines Campground,44.04425,-91.2922922,WI,Wisconsin,private,modern,campsite,best_effort_confirmed,80,Imported from v22.2.1 master during Supabase wiring setup.,,,private,Private Campgrounds,Private campgrounds,,Private campgrounds,,,True
s996,Whitewater Lake Campground,42.7843592,-88.6950633,WI,Wisconsin,state,modern,campsite,best_effort_confirmed,80,Imported from v22.2.1 master during Supabase wiring setup.,,,public,State / County / Town,"State, county, and town Campgrounds",,State campgrounds,,,True
s1000,Wildcat Mountain State Park,43.697627,-90.5741755,WI,Wisconsin,state,modern,campsite,best_effort_confirmed,80,Imported from v22.2.1 master during Supabase wiring setup.,,,public,State / County / Town,"State, county, and town Campgrounds",,State campgrounds,,,True
s1001,Wilderness Campground,43.6938143,-89.3264385,WI,Wisconsin,private,modern,campsite,best_effort_confirmed,80,Imported from v22.2.1 master during Supabase wiring setup.,,,private,Private Campgrounds,Private campgrounds,,Private campgrounds,,,True
s1007,Wildlife Bar & Campground,44.916045,-89.2564645,WI,Wisconsin,private,modern,campsite,best_effort_confirmed,80,Imported from v22.2.1 master during Supabase wiring setup.,,,private,Private Campgrounds,Private campgrounds,,Private campgrounds,,,True
s1012,Willow Mill Campsite,43.490345,-89.226298,WI,Wisconsin,private,modern,campsite,best_effort_confirmed,80,Imported from v22.2.1 master during Supabase wiring setup.,,,private,Private Campgrounds,Private campgrounds,,Private campgrounds,,,True
s1015,Wisconsin Dells KOA Holiday,43.6366193,-89.78713,WI,Wisconsin,private,modern,campsite,best_effort_confirmed,80,Imported from v22.2.1 master during Supabase wiring setup.,,,private,Private Campgrounds,Private campgrounds,,Private campgrounds,,,True
s1016,Wisconsin DNR Map,45.5501618,-90.6020481,WI,Wisconsin,info,modern,campsite,best_effort_confirmed,80,Imported from v22.2.1 master during Supabase wiring setup.,Public Recreation on Private forest Lands.,https://dnrmaps.wi.gov/opfl/,info,Info / Reference,Misc Info and websites,,Info / reference,,,True
s1,"42°14'44.0""N 109°26'00.8""W",42.2455555555556,-109.433555555556,WY,Wyoming,boondocking,rustic,campsite,best_effort_confirmed,80,Imported from v22.2.1 master during Supabase wiring setup.,,,boondocking,Boondocking,places from others,,Boondocking / dispersed,,,True
s29,Atlantic City Campground,42.51605,-108.72228,WY,Wyoming,federal,rustic,campsite,best_effort_confirmed,80,Imported from v22.2.1 master during Supabase wiring setup.,,,federal,Federal Lands,Federal Lands,,Federal campgrounds,,,True
s1099,Ayres #2,42.7359823,-105.6074351,WY,Wyoming,state,modern,campsite,best_effort_confirmed,80,Imported from v22.2.1 master during Supabase wiring setup.,Imported from user-verified KML (name and location trusted).,,state modern,,User verified KML import,Imported from user KML,State campgrounds,,,True
s36,Ayres Natural Bridge Park,42.7342437,-105.6115636,WY,Wyoming,state,modern,campsite,best_effort_confirmed,80,Imported from v22.2.1 master during Supabase wiring setup.,,,public,State / County / Town,"State, county, and town Campgrounds",,State campgrounds,,,True
s70,Belle Fourche River Campground,44.5815709,-104.7063097,WY,Wyoming,federal,rustic,campsite,best_effort_confirmed,80,Imported from v22.2.1 master during Supabase wiring setup.,,https://www.nps.gov/deto/planyourvisit/campgrounds.htm,public,State / County / Town,"State, county, and town Campgrounds",National Park Service,Federal campgrounds,,,True
s79,Big Atlantic Gulch Campground,42.5192252,-108.7144597,WY,Wyoming,federal,rustic,campsite,best_effort_confirmed,80,Imported from v22.2.1 master during Supabase wiring setup.,,,federal,Federal Lands,Federal Lands,,Federal campgrounds,,,True
s127,Boulder Lake Campground,42.8568051,-109.617272,WY,Wyoming,federal,rustic,campsite,best_effort_confirmed,80,Imported from v22.2.1 master during Supabase wiring setup.,,,federal,Federal Lands,Federal Lands,,Federal campgrounds,,,True
s258,Dugway Campground,41.8602647,-107.0534024,WY,Wyoming,state,modern,campsite,best_effort_confirmed,80,Imported from v22.2.1 master during Supabase wiring setup.,,,public,State / County / Town,"State, county, and town Campgrounds",,State campgrounds,,,True
s270,East Table Creek Campground,43.2116437,-110.8079775,WY,Wyoming,state,modern,campsite,best_effort_confirmed,80,Imported from v22.2.1 master during Supabase wiring setup.,,,public,State / County / Town,"State, county, and town Campgrounds",,State campgrounds,,,True
s1101,East Table Rock #2,43.2133294,-110.8063449,WY,Wyoming,state,modern,campsite,best_effort_confirmed,80,Imported from v22.2.1 master during Supabase wiring setup.,Imported from user-verified KML (name and location trusted).,,state modern,,User verified KML import,Imported from user KML,State campgrounds,,,True
s312,Fossil Butte Boondocking,41.8289314,-110.7813007,WY,Wyoming,boondocking,rustic,campsite,best_effort_confirmed,80,Imported from v22.2.1 master during Supabase wiring setup.,User-verified boondocking point near Fossil Butte area.,,boondocking,Boondocking,Boondocking places I've been,,Boondocking / dispersed,,,True
s354,Gros Ventre River,43.5947873,-110.3671976,WY,Wyoming,boondocking,rustic,campsite,best_effort_confirmed,80,Imported from v22.2.1 master during Supabase wiring setup.,This location is also used to launch watercraft by people floating the river.,,boondocking,Boondocking,Boondocking places I've been,,Boondocking / dispersed,,,True
s360,Half Moon Lake Campground,42.9369154,-109.7615449,WY,Wyoming,federal,rustic,campsite,best_effort_confirmed,80,Imported from v22.2.1 master during Supabase wiring setup.,,,federal,Federal Lands,Federal Lands,,Federal campgrounds,,,True
s548,Little Popo Agie Campground,42.60785,-108.85742,WY,Wyoming,federal,rustic,campsite,best_effort_confirmed,80,Imported from v22.2.1 master during Supabase wiring setup.,,,federal,Federal Lands,Federal Lands,,Federal campgrounds,,,True
s1094,Ponderosa Campground,44.518011,-109.0730982,WY,Wyoming,federal,rustic,campsite,best_effort_confirmed,80,Imported from v22.2.1 master during Supabase wiring setup.,Imported from user-verified KML (name and location trusted).,,federal rustic,,User verified KML import,Imported from user KML,Federal campgrounds,,,True
s815,Scab Creek Campground,42.8194663,-109.5529603,WY,Wyoming,federal,rustic,campsite,best_effort_confirmed,80,Imported from v22.2.1 master during Supabase wiring setup.,,,federal,Federal Lands,Federal Lands,,Federal campgrounds,,,True
s1100,The Butte #2,41.8303162,-110.7813963,WY,Wyoming,boondocking,rustic,campsite,best_effort_confirmed,80,Imported from v22.2.1 master during Supabase wiring setup.,Imported from user-verified KML (name and location trusted).,,boondocking rustic,,User verified KML import,Imported from user KML,Boondocking / dispersed,,,True
s983,Weeping Rock Campground (recgovnpsdata),42.02075,-110.04957,WY,Wyoming,federal,rustic,campsite,best_effort_confirmed,80,Imported from v22.2.1 master during Supabase wiring setup.,,,federal,Federal Lands,Federal Lands,,Federal campgrounds,,,True
