id,state,name,countyRegion,leadType,likelyLayer,status,priority,sourceType,coordinateConfidence,blocker,nextAction,relatedActiveOrPendingRecord,lastCheckedVersion,notes
ia-lead-bridge-view-campground-rathbun,IA,Bridge View Campground,Appanoose / Rathbun Lake,coordinate_rescue,Modern/Rustic by amenities,coordinate_rescue,High,USACE / Recreation.gov,USACE Rathbun source family; exact facility coordinate not recovered.,Avoid bridge/boat-ramp proxy.,Extract official coordinate.,,v23.1.63,https://www.recreation.gov/camping/gateways/162
ia-lead-rathbun-bridgeview-campground,IA,Bridgeview Campground,Appanoose / Rathbun Lake,coordinate_rescue,Modern Campgrounds,official USACE campground proof; coordinate extraction needed,High,USACE official page + campground map link,"Official USACE Rathbun page lists Bridgeview with 104 reservable campsites, 92 electric sites, shower houses and campground map/reservation links. Exact coordinate not extracted.",Clean modern candidate once coordinate extracted.,Open/georeference Bridgeview Campground Map or extract Rec.gov facility coordinate.,,v23.1.64,Kansas City District Rathbun Lake page
ia-lead-rathbun-buck-creek-campground,IA,Buck Creek Campground,Appanoose / Rathbun Lake,coordinate_rescue,Modern Campgrounds,official USACE campground proof; coordinate extraction needed,High,USACE official page + campground map link,Official USACE Rathbun page lists Buck Creek campground with 42 electric reservable campsites and amenities; exact coordinate not extracted.,Do not confuse with Buck Creek Marina/concession campground or Ohio Buck Creek.,Extract facility/map coordinate.,,v23.1.64,Kansas City District Rathbun Lake page
ia-lead-honey-creek-state-park-campground-coordinate-rescue,IA,Honey Creek State Park Campground,Appanoose / Rathbun Lake,coordinate_rescue,Modern Campgrounds likely,coordinate_rescue,High,Iowa DNR / ReserveAmerica,DNR all-parks listing gives official address and reservation link; exact campground coordinate not recovered.,Separate from USACE Rathbun campgrounds.,Extract DNR/ReserveAmerica coordinate and check resort vs campground split.,,v23.1.63,https://www.iowadnr.gov/places-go/state-parks/all-parks/honey-creek-state-park
ia-lead-rathbun-island-view-campground,IA,Island View Campground,Appanoose / Rathbun Lake,coordinate_rescue,Modern Campgrounds,official USACE campground proof; coordinate extraction needed,High,USACE official page + campground map link,"Official USACE Rathbun page lists Island View as largest Rathbun campground with 192 electric campsites, plus group camp within campground.",One parent Modern record likely enough; group camp can be note unless child schema desired.,Extract coordinate; capture group camp as subcomponent note.,,v23.1.64,Kansas City District Rathbun Lake page
ia-lead-rathbun-prairie-ridge-campground,IA,Prairie Ridge Campground,Appanoose / Rathbun Lake,coordinate_rescue,Modern Campgrounds with group rustic note,official USACE campground proof; coordinate extraction needed,High,USACE official page + campground map link,Official USACE Rathbun page lists Prairie Ridge with 56 electric sites and group camp; exact coordinate not extracted.,Modern parent row; group camp note or separate lead if supervisor wants component split.,Extract coordinate and decide group camp representation.,,v23.1.64,Kansas City District Rathbun Lake page
ia-lead-rathbun-rathbun-marina-campground,IA,Rathbun Marina Campground,Appanoose / Rathbun Lake,coordinate_rescue,Private Campgrounds or Modern Campgrounds depending operator proof,official USACE-listed concession campground; private/operator proof needed,High,USACE official page + private concession follow-up,Rathbun USACE page lists a private concessionaire managing Buck Creek Marina campgrounds and links a Rathbun Marina Campground Map. Operator/public access and exact coordinate need proof.,Private/operator campground may be in scope if public-facing.,Open marina campground map/operator page; classify and extract coordinate.,,v23.1.64,Kansas City District Rathbun Lake page
ia-lead-littlefield-recreation-area-campground-coordinate-rescue,IA,Littlefield Recreation Area Campgrounds,Audubon / Exira,coordinate_rescue,Modern Campgrounds,`official_county_campground_coordinate_rescue`,High,Official county / MyCountyParks,DNR lake coordinate rejected; campground coordinate not extracted.,Big obvious Audubon miss.,Extract campground-section coordinates from county map.,,v23.1.63,"Littlefield has 100 modern sites with electricity/water, 15 full-sewer hookups, flush toilets, shower, and multiple campground sections. ([My County Parks][46])"
ia-lead-hannen-lake-park-campground,IA,Hannen Lake Park Campground,Benton,coordinate_rescue,Modern/Rustic by amenities,coordinate_rescue,High,Benton County Conservation,Official county conservation campground source needed.,Obvious Benton County miss.,Extract reservation/map coordinate.,,v23.1.63,https://www.mycountyparks.com/County/Benton/Park/Hannen-Lake-Park.aspx
ia-lead-roddgers-park-campground,IA,Rodgers Park Campground,Benton,coordinate_rescue,Modern/Rustic by amenities,coordinate_rescue,High,Benton County Conservation,Official county conservation source needed; spelling/variant duplicate watch.,Check spelling: Rodgers / Rodger's.,Extract map/reservation coordinate.,,v23.1.63,https://www.mycountyparks.com/County/Benton/Park/Rodgers-Park.aspx
ia-ledges-state-park-primitive-hike-in-sites-coordinate-rescue,IA,Ledges State Park Primitive Hike-In Sites,Boone,coordinate_rescue,Boat / Backpack,official camping component confirmed; exact hike-in points needed,High,Iowa DNR official page + reservation map needed,No safe exact hike-in-site coordinates recovered; DNR confirms primitive hike-in sites.,Do not merge with main modern campground marker if project wants access/layer purity.,Extract from DNR campground map or ReserveAmerica site map; add Boat/Backpack or walk-in rustic row(s).,,v23.1.63,https://www.iowadnr.gov/places-go/state-parks/all-parks/ledges-state-park
ia-lead-ledges-state-park-primitive-hikein-component,IA,Ledges State Park primitive hike-in / walk-in component,Boone,coordinate_rescue,Boat / Backpack or Rustic / Primitive after official proof,component_coordinate_rescue,High,Iowa DNR campground map / reservation map needed,Current active row is main campground only; separate primitive component coordinate not extracted,Do not duplicate main modern campground; this is only for component split,Extract primitive/hike-in point(s) and add separate Boat / Backpack/Rustic row if proven,,v23.1.64,Existing DNR page: https://www.iowadnr.gov/places-go/state-parks/all-parks/ledges-state-park
ia-lead-swan-lake-state-park-campground-coordinate-rescue,IA,Swan Lake State Park Campground,Carroll / Carroll,coordinate_rescue,Modern Campgrounds,`official_county_managed_state_park_coordinate_rescue`,High,Official county / MyCountyParks,Official address 22676 Swan Lake Dr; no lat/lng extracted.,Important miss.,Extract campground map coordinate.,,v23.1.63,"Swan Lake campground has more than 120 sites, full hookups, electric/water, electric sites, tent area, shower house, playground, dump station, and Wi-Fi. ([My County Parks][27])"
ia-lead-richey-access-campground-coordinate-rescue,IA,Richey Access Campground,Carroll / Ralston,coordinate_rescue,Rustic / Primitive,`official_proof_coordinate_rescue`,High,Official county / MyCountyParks source family,Official address/proof known from prior source family; coordinate not recovered.,Do not treat “Access” as day-use-only; camping is proven but coordinate still blocked.,Add lead.,,v23.1.64,Prior pass identified Richey Access as having electric/water and tent camping with address 18009 Apple Ave.
ia-lead-lake-anita-state-park-campground-coordinate-rescue,IA,Lake Anita State Park Campground,Cass / Anita,coordinate_rescue,Modern Campgrounds,`official_dnr_campground_coordinate_rescue`,High,Iowa DNR,DNR park/address/map proof; Fish Iowa coordinate is lake coordinate and not accepted as campground coordinate.,Do not use lake center/boat ramp.,Extract campground map/reservation coordinate.,,v23.1.63,"DNR says Lake Anita has electric, non-electric, full-hookup sites, and three modern showers/restrooms. ([Department of Natural Resources][44])"
ia-lead-cold-springs-park-campground-coordinate-rescue,IA,Cold Springs Park Campground,Cass / Lewis,coordinate_rescue,Modern Campgrounds,`official_county_campground_coordinate_rescue`,High,Official county / MyCountyParks,Official page/address 57744 Lewis Rd; no lat/lng extracted.,Split modern/primitive only if map supports it.,Extract county map coordinate.,,v23.1.63,"Cold Springs has 26 electric and 20 primitive campsites, modern bathroom/showerhouse, dump station, swimming area, and playground. ([My County Parks][45])"
ia-lead-larson-lake-primitive-camping-coordinate-rescue,IA,Larson Lake Primitive Campsites,Cherokee / Aurelia,coordinate_rescue,Rustic / Primitive,`official_county_primitive_coordinate_rescue`,High,Official county / MyCountyParks,Official page only.,Do not use lake center.,Extract campsite/park marker from county map.,,v23.1.63,"Larson Lake has five primitive campsites, vault toilet, shelters, grills, and playground. ([My County Parks][14])"
ia-lead-silver-sioux-recreation-area-campground-coordinate-rescue,IA,Silver Sioux Recreation Area Campground,Cherokee / Cherokee County,coordinate_rescue,Modern Campgrounds,`official_county_campground_coordinate_rescue`,High,Official county reservation / MyCountyParks,Official county page; no lat/lng extracted.,Good active candidate after coordinate extraction.,Extract MyCountyParks/county GIS coordinate.,,v23.1.63,"Silver Sioux offers full hookups, electric/water pull-throughs, primitive sites, and shower house with showers/toilets. ([My County Parks][11])"
ia-lead-martins-access-modern-primitive-coordinate-rescue,IA,Martin’s Access Modern + Primitive Campgrounds,Cherokee / Little Sioux River,coordinate_rescue,Modern + Rustic / Primitive split likely,`official_county_campground_split_coordinate_rescue`,High,Official county reservation / MyCountyParks,Facility pages only.,Split modern and primitive components if exact locations are recoverable.,Extract park map/GIS coordinates.,,v23.1.63,Martin’s Access has a modern full-service campground and 4 primitive camping areas totaling 24 sites with water pumps and pit toilets. ([My County Parks][12])
ia-lead-martins-access-primitive-areas-coordinate-rescue,IA,Martin’s Access Primitive Camping Areas,Cherokee / Little Sioux River,coordinate_rescue,Rustic / Primitive,`primitive_component_coordinate_rescue`,High,Official county map/PDF,Primitive-area exact points not recovered.,Do not collapse primitive sites into modern row unless no split is wanted.,Add lead.,,v23.1.64,"Official Cherokee map source shows Martin’s Access campground symbols, and prior proof says there are primitive camping areas separate from the modern campground. ([Cherokee County Conservation Board][10])"
ia-lead-stieneke-area-primitive-campsites-coordinate-rescue,IA,Stieneke Area Primitive Campsites,Cherokee / Quimby-Washta,coordinate_rescue,Rustic / Primitive,`official_proof_coordinate_rescue`,High,Official county / MyCountyParks,Official camping proof and address found; no safe campsite coordinate recovered.,Good lead; coordinate is still the blocker.,Add lead.,,v23.1.64,"MyCountyParks says Stieneke Area has 5 primitive campsites, drinking water, fire pits, picnic tables, shelter, restroom, and canoe/kayak access; Cherokee parks list address as 1010 628th St. ([My County Parks][11])"
ia-lead-stephens-woodburn-packin-backcountry-campsites,IA,Stephens State Forest — Woodburn pack-in backcountry campsites,Clarke / Stephens State Forest,coordinate_rescue,Boat / Backpack,official_backcountry_component_coordinate_rescue,High,Iowa DNR official state forest page / map / GIS needed,Official DNR page proves pack-in campsites; exact points not extracted,Trailhead is not campsite; no active until actual campsite points are recovered,Extract pack-in campsite points; add Boat / Backpack rows,,v23.1.64,"https://www.iowadnr.gov/places-go/state-forests/stephens-state-forest ; DNR page says Woodburn has five pack-in backcountry campsites, first-come/no-fee, picnic tables, fire rings; water hydrant at trailhead"
ia-lead-pikes-peak-state-park-campground-coordinate-rescue,IA,Pikes Peak State Park Campground,Clayton / Mississippi River,coordinate_rescue,Modern Campgrounds likely,coordinate_rescue,High,Iowa DNR / ReserveAmerica,Official DNR park listing and page prove reservation path and address; exact campground coordinate not recovered.,Mississippi River corridor obvious miss.,Extract DNR campground map / ReserveAmerica map.,,v23.1.63,https://www.iowadnr.gov/places-go/state-parks/all-parks/pikes-peak-state-park
ia-lead-rock-creek-marina-campground,IA,Rock Creek Marina & Campground,Clinton / Mississippi River,coordinate_rescue,Private Campgrounds or public/operator by ownership,coordinate_rescue,High,Operator / county/tourism support,Operator/public campground source needed; obvious Mississippi campground.,Wrong-feature trap: marina/launch is not campground pin.,Verify operator page and exact campground area.,,v23.1.63,https://www.mycountyparks.com/County/Clinton/Park/Rock-Creek-Marina-Campground.aspx
ia-lead-nine-eagles-state-park-campground-coordinate-rescue,IA,Nine Eagles State Park Campground,Decatur,coordinate_rescue,Modern/Rustic by amenities,coordinate_rescue,High,Iowa DNR / ReserveAmerica,DNR all-parks listing gives official address and reservation path; exact campground coordinate not recovered.,Southern IA obvious miss.,Extract DNR/ReserveAmerica coordinate.,,v23.1.63,https://www.iowadnr.gov/places-go/state-parks/all-parks/nine-eagles-state-park
ia-lead-backbone-state-park-campground-coordinate-rescue,IA,Backbone State Park Campground,Delaware,coordinate_rescue,Modern Campgrounds likely,coordinate_rescue,High,Iowa DNR / ReserveAmerica,DNR all-parks listing gives official address and reservation path; campground component coordinate not recovered.,Do not use park office/centroid.,Extract campground loop point from DNR/ReserveAmerica.,,v23.1.63,https://www.iowadnr.gov/places-go/state-parks/all-parks/backbone-state-park
ia-lead-backbone-six-pine-rustic-campground-component,IA,Backbone State Park — Six Pine Campground component,Delaware / Dundee,coordinate_rescue,Rustic / Primitive,official_component_split_coordinate_rescue,High,Iowa DNR official page + campground map needed,Official DNR proof but no honest separate Six Pine coordinate extracted,"Layer is Rustic / Primitive, not Modern",Extract exact Six Pine point; add separate Rustic row if coordinate found,,v23.1.64,https://www.iowadnr.gov/places-go/state-parks/all-parks/backbone-state-park ; DNR page says Six Pine Campground has non-electric sites and pit latrines
ia-iowa-great-lakes-private-resort-campground-screen,IA,Iowa Great Lakes Resort Campground Screening Lead,Dickinson / Iowa Great Lakes,coordinate_rescue,Private Campgrounds,multiple resorts found; RV/tent proof must be separated from cabins/lodging,High,Tourism/operator discovery lead,No single coordinate; screening lead only.,"Follow-up sweep should screen Ballard-like resort/lodge-only cases, marinas and cabin resorts; add only public RV/tent camping.",Create individual candidates only where operator proves public RV/tent camping and coordinate lands on campground area.,,v23.1.63,"Search terms: Okoboji RV park, Spirit Lake campground, Iowa Great Lakes resort campground"
ia-lead-swiss-valley-campground,IA,Swiss Valley Campground,Dubuque,coordinate_rescue,Modern/Rustic by amenities,coordinate_rescue,High,Dubuque County Conservation,Official county conservation campground source needed.,Obvious Dubuque County miss.,Extract official coordinate.,,v23.1.63,https://www.dubuquecountyiowa.gov/271/Swiss-Valley-Park
ia-lead-massey-marina-campground,IA,Massey Marina Park Campground,Dubuque / Mississippi River,coordinate_rescue,Modern/Rustic or Private/operator by management,coordinate_rescue,High,Dubuque County / operator,Official county/city/operator source needed; obvious Mississippi corridor campground.,Wrong-feature trap.,Verify campground status and coordinate.,,v23.1.63,https://www.dubuquecountyiowa.gov/268/Massey-Marina-Park
ia-lead-mud-lake-park-campground,IA,Mud Lake Park Campground,Dubuque / Mississippi River,coordinate_rescue,Rustic/Primitive likely,coordinate_rescue,High,Dubuque County Conservation,Official county source needed.,Mississippi corridor.,Extract official coordinate.,,v23.1.63,https://www.dubuquecountyiowa.gov/270/Mud-Lake-Park
ia-lead-volga-river-state-recreation-area-campground-coordinate-rescue,IA,Volga River State Recreation Area Campgrounds,Fayette,coordinate_rescue,Modern/Rustic split likely,coordinate_rescue,High,Iowa DNR / ReserveAmerica,DNR alert confirms equestrian trails open; DNR park source/reservation family should be used; exact campground component coordinates not recovered.,Bulldog target inside NE/east geography.,Extract DNR campground map and split modern/equestrian/rustic if needed.,,v23.1.63,https://www.iowadnr.gov/places-go/state-parks/all-parks/volga-river-state-recreation-area
ia-lead-volga-river-albany-campground-equestrian-component,IA,Volga River SRA — Albany Campground / equestrian and non-equestrian component,Fayette / Fayette,coordinate_rescue,Rustic / Primitive or Modern Campgrounds by loop/service,official_component_split_coordinate_rescue,High,Iowa DNR official page + campground map needed,DNR proves Albany component; exact component coordinates not extracted,Do not merge with Lakeview if separate camping area can be mapped,Extract Albany campground point(s); split layer by service if justified,,v23.1.64,https://www.iowadnr.gov/places-go/state-parks/all-parks/volga-river-state-recreation-area ; DNR page says Albany has equestrian sites with electricity and non-electric non-equestrian sites
ia-lead-waubonsie-state-park-campgrounds-coordinate-rescue,IA,Waubonsie State Park Modern + Equestrian Campgrounds,Fremont / Hamburg-Thurman,coordinate_rescue,Modern + Rustic / Primitive split likely,`official_dnr_campground_split_coordinate_rescue`,High,Iowa DNR,DNR reservation/campground map; no lat/lng extracted.,Split layers: Modern campground vs equestrian Rustic/Primitive.,Extract DNR reservation/map coordinates.,,v23.1.63,"ReserveAmerica says Waubonsie has two campgrounds; the modern campground has electric/non-electric campsites and modern showers, while DNR equestrian map shows non-modern restrooms and non-electric equestrian sites. ([Iowa State Parks][49])"
ia-lead-fremont-county-conservation-rv-park-coordinate-rescue,IA,Fremont County Conservation RV Park / Campground,Fremont / Sidney,coordinate_rescue,Rustic / Primitive,`official_county_rv_campground_coordinate_rescue`,High,Official county / MyCountyParks,Official county page; no lat/lng extracted.,Rustic/Primitive due pit bathrooms/no showers.,Extract county map/parcel coordinate.,,v23.1.63,"Fremont County Conservation RV Park has 8 RV sites with 50-amp electric, water hydrants, pit bathrooms with sinks, shelter, fire rings, and adjacent golf course. ([My County Parks][38])"
ia-lead-springbrook-state-park-campground-coordinate-rescue,IA,Springbrook State Park Campground,Guthrie,coordinate_rescue,Modern Campgrounds likely,coordinate_rescue,High,Iowa DNR / ReserveAmerica,DNR all-parks listing gives official address/reservation; exact campground coordinate not recovered.,Assignment includes Guthrie.,Extract DNR campground map coordinate.,,v23.1.63,https://www.iowadnr.gov/places-go/state-parks/all-parks/springbrook-state-park
ia-lead-schaben-park-campground-coordinate-rescue,IA,Schaben Park Campground,Harrison / Dunlap,coordinate_rescue,Modern Campgrounds,`official_county_campground_coordinate_rescue`,High,Official county / MyCountyParks,Official address 3345 140th; no lat/lng extracted.,Clean Harrison County add after coordinate rescue.,Extract county map coordinate.,,v23.1.63,"Schaben has electricity/water, shower house/restrooms, tent-only camping, dump station, and campground address/fees. ([My County Parks][32])"
ia-lead-willow-lake-recreation-area-campground-coordinate-rescue,IA,Willow Lake Recreation Area Campground,Harrison / Woodbine,coordinate_rescue,Modern Campgrounds,`official_county_campground_coordinate_rescue`,High,Official county / MyCountyParks,Official address 2715 Easton Trail; no lat/lng extracted.,Do not use nature center/office as campsite pin.,Extract campground entrance/loop coordinate.,,v23.1.63,"Willow Lake campground has 41 electric campsites, water hydrants, picnic tables/fire rings, two shower houses with restrooms, and address 2715 Easton Trail. ([My County Parks][31])"
ia-lead-geode-state-park-campground-coordinate-rescue,IA,Geode State Park Campground,Henry / Des Moines edge,coordinate_rescue,Modern Campgrounds likely,coordinate_rescue,High,Iowa DNR / ReserveAmerica,Official DNR park listing/page proves reservation source and address; exact campground coordinate not recovered.,Good southern IA miss.,Extract DNR/ReserveAmerica campground map coordinate.,,v23.1.63,https://www.iowadnr.gov/places-go/state-parks/all-parks/geode-state-park
ia-lead-lake-hendricks-campground,IA,Lake Hendricks Campground,Howard,coordinate_rescue,Modern/Rustic by amenities,coordinate_rescue,High,Howard County Conservation,Official county conservation campground source needed.,Northern edge but inside assigned counties.,Extract county map/reservation coordinate.,,v23.1.63,https://www.howardcountyiowa.gov/conservation
ia-lead-maquoketa-caves-state-park-campground-coordinate-rescue,IA,Maquoketa Caves State Park Campground,Jackson,coordinate_rescue,Modern/Rustic by amenities,coordinate_rescue,High,Iowa DNR / campground PDF,Official DNR page and campground map PDF exist; exact usable coordinate not extracted in this pass.,Good candidate but coordinate/layer requires map extraction.,Use DNR campground map PDF / ReserveAmerica coordinate.,,v23.1.63,https://www.iowadnr.gov/places-go/state-parks/all-parks/maquoketa-caves-state-park
ia-lead-maquoketa-caves-hikein-walkto-primitive-component,IA,Maquoketa Caves State Park primitive hike-in / walk-to component,Jackson / Maquoketa,coordinate_rescue,Boat / Backpack or Rustic / Primitive after access proof,component_coordinate_rescue,High,Iowa DNR official page + campground map needed,No honest separate component coordinate recovered; official DNR page proves walk-to/non-electric and primitive context,Do not collapse primitive/walk-to component into main modern marker if separate map points exist,Extract reservation-map coordinates and split if separate from main loop,,v23.1.64,Same DNR page and campground map link: https://www.iowadnr.gov/places-go/state-parks/all-parks/maquoketa-caves-state-park
ia-lead-bellevue-state-park-campground-coordinate-rescue,IA,Bellevue State Park Campground,Jackson / Mississippi River,coordinate_rescue,Modern Campgrounds likely,coordinate_rescue,High,Iowa DNR / ReserveAmerica,Official DNR page/listing proves campground/reservation source; exact campground coordinate not recovered.,Do not use butterfly garden/page confusion as campground source.,Extract DNR campground map or ReserveAmerica map.,,v23.1.63,https://www.iowadnr.gov/places-go/state-parks/all-parks/bellevue-state-park
ia-lead-rock-creek-state-park-campground-coordinate-rescue,IA,Rock Creek State Park Campground,Jasper / Poweshiek edge,coordinate_rescue,Modern Campgrounds likely,coordinate_rescue,High,Iowa DNR / ReserveAmerica,DNR all-parks listing gives official address and reservation link; exact campground coordinate not recovered.,South/east central obvious miss.,Extract DNR campground map coordinate.,,v23.1.63,https://www.iowadnr.gov/places-go/state-parks/all-parks/rock-creek-state-park
ia-lead-coralville-linder-point-campground,IA,Linder Point Campground,Johnson / Coralville Dam Complex,coordinate_rescue,Likely Modern Campgrounds or Rustic / Primitive after amenity proof,official campground listed; facility extraction needed,High,USACE source family / Recreation.gov gateway,"Coralville USACE page names Linder Point as one of Dam Complex campgrounds, but exact facility page/coordinates were not recovered in parsed sources.",Do not use dam complex centroid.,Open facility-specific Rec.gov/USACE campground map; extract coordinate and amenities.,,v23.1.64,Coralville USACE page and Recreation.gov gateway
ia-lead-coralville-tailwater-east-campground,IA,Tailwater East Campground,Johnson / Coralville Dam Complex,existing_lead_update,Modern Campgrounds,official campground proof; coordinate extraction blocked,High,USACE / Recreation.gov,Official facility page proves campground below dam; parsed page has directions/address but no safe campground point.,Coordinate must land on campground loop east of river below dam.,Extract facility coordinate/reservation geometry.,,v23.1.64,Recreation.gov Tailwater East; Coralville USACE page
ia-lead-coralville-tailwater-west-campground,IA,Tailwater West Campground,Johnson / Coralville Dam Complex,existing_lead_update,Modern Campgrounds,official campground proof; coordinate extraction blocked,High,USACE / Recreation.gov,Official facility page proves campground below dam; parsed page has directions/address but no safe campground point.,Coordinate must distinguish west-bank campground from West Overlook and Tailwater East.,Extract facility coordinate/reservation geometry.,,v23.1.64,Recreation.gov Tailwater West; Coralville USACE page
ia-lead-coralville-cottonwood-campground,IA,Cottonwood Campground / Coralville Lake,Johnson / Coralville Lake,coordinate_rescue,Likely Rustic / Primitive or Modern after facility proof,official gateway-listed campground; details blocked,High,USACE / Recreation.gov gateway,"Coralville Recreation.gov gateway lists Cottonwood as a campground/activity component, but facility details/coordinates were not recovered in parsed sources.",Avoid confusing with ND Cottonwood or other Cottonwood campgrounds.,Extract facility page and coordinate; reject if it proves day-use/non-camping.,,v23.1.64,Coralville Recreation.gov gateway
ia-lead-coralville-sandy-beach-campground,IA,Sandy Beach Campground,Johnson / Coralville Lake,existing_lead_update,Modern Campgrounds,official campground proof; coordinate extraction blocked,High,USACE / Recreation.gov,Official Recreation.gov facility proof; no safe parsed lat/lng exposed.,Do not use Sandy Beach day-use/beach/boat ramp points.,Extract facility coordinate from Rec.gov API/map or official campground map.,,v23.1.64,Recreation.gov Sandy Beach; Coralville USACE page
ia-lead-coralville-sugar-bottom-campground,IA,Sugar Bottom Campground,Johnson / Coralville Lake,existing_lead_update,Modern Campgrounds,official campground proof; coordinate extraction blocked,High,USACE / Recreation.gov,Official Recreation.gov facility page proves campground and amenities; no safe parsed lat/lng exposed. Facility address present: 2192 Mehaffey Bridge Rd NE; needs map/imagery/API confirmation before active import.,"Clean add once facility coordinate is map/imagery checked against campground loop, not gateway coordinate.",Extract Recreation.gov facility geometry/RIDB/DevTools or geocode official facility address and imagery-check loop.,,v23.1.64,Recreation.gov Sugar Bottom; Coralville USACE page
ia-lead-wapsipinicon-state-park-campground-coordinate-rescue,IA,Wapsipinicon State Park Campground,Jones,coordinate_rescue,Modern/Rustic by amenities,coordinate_rescue,High,Iowa DNR / ReserveAmerica,DNR current alert confirms campground exists but has midweek closure during road work; exact coordinate not recovered.,Not a reject; temporary roadwork closure only.,Add lead and coordinate-rescue; include temporary closure caveat if integrated before mid-August 2026.,,v23.1.63,https://www.iowadnr.gov/places-go/state-parks/all-parks/wapsipinicon-state-park
ia-lead-shimek-state-forest-donnellson-hikein-campsite,IA,Shimek State Forest — Donnellson Unit hike-in campsite,Lee / Shimek State Forest,coordinate_rescue,Boat / Backpack,official_hikein_component_coordinate_rescue,High,Iowa DNR official state forest page / map / GIS needed,Official DNR page proves hike-in campsite but exact point not extracted,Do not pin boat ramp or parking lot,Extract exact hike-in campsite coordinate; add Boat / Backpack row,,v23.1.64,https://www.iowadnr.gov/places-go/state-forests/shimek-state-forest ; DNR page says one hike-in campsite is 0.5 mile from boat ramp parking lot and 0.6 mile from access road
ia-lead-shimek-state-forest-bitternut-white-oak-campgrounds,IA,Shimek State Forest — Bitternut Lake and White Oak campgrounds,Lee / Van Buren / Shimek State Forest,coordinate_rescue,Rustic / Primitive,official_state_forest_component_coordinate_rescue,High,Iowa DNR official state forest page / map / reservation metadata needed,Official DNR page proves named campgrounds; exact coordinates not extracted,Separate rows likely better than one Shimek blob,Extract Bitternut Lake and White Oak campground points; add Rustic rows,,v23.1.64,"https://www.iowadnr.gov/places-go/state-forests/shimek-state-forest ; DNR page says Bitternut Lake has 8 sites and White Oak has 11 sites; main campgrounds have fire rings, water hydrants, pit toilets"
ia-lead-shimek-state-forest-lick-creek-equestrian-campgrounds,IA,Shimek State Forest — Lick Creek Upper/Lower equestrian campgrounds,Lee / Van Buren / Shimek State Forest,coordinate_rescue,Rustic / Primitive,official_state_forest_component_coordinate_rescue,High,Iowa DNR official state forest page / map / reservation metadata needed,Official DNR page proves component; exact campground coordinates not extracted,Do not use forest centroid or unit entrance as campground pin,Extract Upper and Lower equestrian campground coordinates; add Rustic rows if safe,,v23.1.64,"https://www.iowadnr.gov/places-go/state-forests/shimek-state-forest ; DNR page says Lick Creek Unit has two equestrian campgrounds, fire rings, water hydrants, pit toilets, 100% reservable"
ia-lead-morgan-creek-park-campground,IA,Morgan Creek Park Campground,Linn,coordinate_rescue,Modern/Rustic by amenities,coordinate_rescue,High,Linn County Conservation,Official county conservation campground source needed.,Obvious miss.,Extract official coordinate.,,v23.1.63,https://www.linncountyiowa.gov/185/Morgan-Creek-Park
ia-lead-pinicon-ridge-park-campground,IA,Pinicon Ridge Park Campground,Linn,coordinate_rescue,Modern/Rustic by amenities,coordinate_rescue,High,Linn County Conservation,Official county conservation campground source needed.,Obvious Linn County public miss.,Extract official coordinate.,,v23.1.63,https://www.linncountyiowa.gov/186/Pinicon-Ridge-Park
ia-lead-wanatee-park-campground,IA,Wanatee Park Campground,Linn,coordinate_rescue,Modern/Rustic by amenities,coordinate_rescue,High,Linn County Conservation,Official county conservation campground source needed.,Formerly Squaw Creek Park; duplicate-name trap.,Check alternate names and extract coordinate.,,v23.1.63,https://www.linncountyiowa.gov/187/Wanatee-Park
ia-lead-pleasant-creek-state-recreation-area-campground-coordinate-rescue,IA,Pleasant Creek State Recreation Area Campground,Linn / Benton edge,coordinate_rescue,Modern Campgrounds likely,coordinate_rescue,High,Iowa DNR / ReserveAmerica,"DNR page/source family proves campground; alert notes campsites 61-69 closed through Nov. 15, 2026, not full campground closure.",Do not reject due partial closure.,Extract DNR campground map.,,v23.1.63,https://www.iowadnr.gov/places-go/state-parks/all-parks/pleasant-creek-state-recreation-area
ia-lead-red-haw-state-park-campground-coordinate-rescue,IA,Red Haw State Park Campground,Lucas,coordinate_rescue,Modern/Rustic by amenities,coordinate_rescue,High,Iowa DNR / ReserveAmerica,DNR listing gives address/reservation source; exact campground coordinate not recovered.,Not a reject; road repair alert only.,Extract coordinate and add closure note if needed.,,v23.1.63,https://www.iowadnr.gov/places-go/state-parks/all-parks/red-haw-state-park
ia-lead-stephens-whitebreast-equestrian-group-camp-components,IA,Stephens State Forest — Whitebreast equestrian campgrounds and group camp,Lucas / Clarke / Stephens State Forest,coordinate_rescue,Rustic / Primitive,official_state_forest_component_coordinate_rescue,High,Iowa DNR official state forest page / map / reservation metadata needed,Official DNR page proves components; exact coordinates not extracted,Separate equestrian components if map supports,Extract Whitebreast campground points; add Rustic rows if safe,,v23.1.64,https://www.iowadnr.gov/places-go/state-forests/stephens-state-forest ; DNR page says Whitebreast has three equestrian campgrounds and one group camp
ia-lead-stephens-state-forest-camping-components,IA,Stephens State Forest Camping Components,Lucas / Monroe / Clarke,coordinate_rescue,Rustic / Primitive,coordinate_rescue / component_split,High,Iowa DNR / ReserveAmerica,DNR all-parks listing and alerts prove campground/restroom components; exact campground units not recovered.,Requires component split.,Extract DNR map / ReserveAmerica campground entries.,,v23.1.63,https://www.iowadnr.gov/places-go/state-parks/all-parks/stephens-state-forest
ia-lead-stephens-state-forest-lucas-campgrounds,IA,Stephens State Forest — Lucas Unit campgrounds,Lucas / Stephens State Forest,coordinate_rescue,Rustic / Primitive,official_state_forest_component_coordinate_rescue,High,Iowa DNR official state forest page / map / reservation metadata needed,Official DNR page proves campgrounds; exact component coordinates not extracted,Do not use state forest headquarters or unit centroid,Extract Lucas unit campground points; add Rustic rows if safe,,v23.1.64,https://www.iowadnr.gov/places-go/state-forests/stephens-state-forest ; DNR page says Lucas has three campgrounds; no electricity; pit toilets
ia-lead-lake-pahoja-lakeview-campground-coordinate-rescue,IA,Lake Pahoja Recreation Area — Lakeview Campground,Lyon / Inwood,coordinate_rescue,Modern Campgrounds,`official_county_campground_coordinate_rescue`,High,Official county reservation / MyCountyParks,Address/map page only; no extracted lat/lng.,Do not use lake center.,Extract MyCountyParks static map/portal coordinate or county GIS; then active candidate.,,v23.1.63,"Lakeview has 42 electric sites, modern comfort station, first-come self registration, and address 1832 Buchanan Ave, Inwood. ([My County Parks][1])"
ia-lead-lake-pahoja-prairie-view-campground-coordinate-rescue,IA,Lake Pahoja Recreation Area — Prairie View Campground,Lyon / Inwood,coordinate_rescue,Modern Campgrounds,`official_county_campground_coordinate_rescue`,High,Official county reservation / MyCountyParks,Address/facility page only.,Same park as Lakeview; split only if exact campground markers are available.,Extract facility map/portal coordinate.,,v23.1.63,"Prairie View has 29 electric sites, 8 with water hookups, and a modern family comfort station. ([My County Parks][2])"
ia-lead-pammel-park-campground,IA,Pammel Park Campground,Madison,coordinate_rescue,Modern/Rustic by amenities,coordinate_rescue,High,Madison County Conservation,Official county conservation campground source needed.,Included county; obvious local campground.,Extract official coordinate.,,v23.1.63,https://www.mycountyparks.com/County/Madison/Park/Pammel-State-Park.aspx
ia-lead-lake-hawthorn-campground,IA,Lake Hawthorn Campground,Mahaska,coordinate_rescue,Modern/Rustic by amenities,coordinate_rescue,High,Mahaska County Conservation,Official county campground source needed.,Obvious county campground miss.,Extract map coordinate.,,v23.1.63,https://www.mycountyparks.com/County/Mahaska/Park/Lake-Hawthorn.aspx
ia-lead-lake-keomah-state-park-campground-coordinate-rescue,IA,Lake Keomah State Park Campground,Mahaska,coordinate_rescue,Modern Campgrounds likely,coordinate_rescue / current conditions check,High,Iowa DNR / ReserveAmerica,DNR listing and alert prove state park; lake renovation alert means current status must be checked before active import.,Needs current reservation/status check.,Check Park Alerts + ReserveAmerica before active add.,,v23.1.63,https://www.iowadnr.gov/places-go/state-parks/all-parks/lake-keomah-state-park
ia-lead-eveland-access-campground,IA,Eveland Access Campground,Mahaska / Des Moines River,coordinate_rescue,Rustic / Primitive likely,coordinate_rescue,High,Mahaska County Conservation,Official county source needed.,Wrong-feature risk: access/boat ramp vs campground.,Verify camping proof and coordinate.,,v23.1.63,https://www.mycountyparks.com/County/Mahaska/Park/Eveland-Access.aspx
ia-lead-marion-county-park-campground,IA,Marion County Park Campground,Marion,coordinate_rescue,Modern/Rustic by amenities,coordinate_rescue,High,Marion County Conservation,Official county campground source needed.,Near Lake Red Rock corridor.,Extract official coordinate.,,v23.1.63,https://www.mycountyparks.com/County/Marion/Park/Marion-County-Park.aspx
ia-lead-cordova-park-campground,IA,Cordova Park Campground,Marion / Lake Red Rock,coordinate_rescue,Modern/Rustic by amenities,coordinate_rescue,High,Marion County Conservation,Official county campground source needed.,Separate from USACE Red Rock campgrounds.,Extract official coordinate.,,v23.1.63,https://www.mycountyparks.com/County/Marion/Park/Cordova-Park.aspx
ia-lead-red-rock-howell-station-campground,IA,Howell Station Campground,Marion / Lake Red Rock,existing_lead_update,Modern Campgrounds,official campground proof; coordinate extraction blocked,High,USACE / Recreation.gov,Official Recreation.gov facility page gives campground-specific address/directions and amenities; parsed page does not expose safe lat/lng.,Good active modern candidate after coordinate rescue.,Extract/map-check campground coordinate.,,v23.1.64,Recreation.gov Howell Station; Lake Red Rock USACE
ia-lead-ivans-campground-lake-red-rock,IA,Ivans Campground / Recreation Area,Marion / Lake Red Rock,coordinate_rescue,Rustic/Primitive likely by amenities,coordinate_rescue,High,USACE / Recreation.gov,USACE Lake Red Rock campground family; exact coordinate not recovered.,Avoid boat-ramp proxy.,Extract official coordinate.,,v23.1.63,https://www.mvr.usace.army.mil/lakeredrock/
ia-lead-red-rock-ivans-campground,IA,Ivan’s / Ivans Campground,Marion / Lake Red Rock,coordinate_rescue,Likely Rustic / Primitive or Modern after facility proof,official component listed; facility extraction needed,High,USACE / Recreation.gov,USACE/Corps Lakes lists Ivans as Corps-managed reservation/camping component; details/coordinate not recovered enough for active import.,Not enough for active import yet; don’t lose it.,Open Ivan’s facility page/API; extract coordinate and amenity layer.,,v23.1.64,Lake Red Rock Corps Lakes / Recreation.gov gateway
ia-lead-red-rock-north-overlook-campground,IA,North Overlook Campground,Marion / Lake Red Rock,existing_lead_update,Modern Campgrounds with primitive tent-site note,official campground proof; coordinate extraction blocked,High,USACE / Recreation.gov,Official facility page gives campground-specific address and amenities; no safe lat/lng exposed.,Primitive tent sites may be noted but one campground record is probably enough unless schema supports component split.,Extract/map-check campground coordinate.,,v23.1.64,Recreation.gov North Overlook Camp; Lake Red Rock USACE
ia-lead-red-rock-roberts-creek-east-west-campgrounds,IA,Roberts Creek East and West Campgrounds,Marion / Lake Red Rock,coordinate_rescue,Modern or Rustic / Primitive after operator/source split,official Corps Lakes component; manager/source split needed,High,USACE Corps Lakes status table,"Corps Lakes status table lists Roberts Creek East Campground and Roberts Creek West Campground with camping/electric indicators, but these are not target USACE-managed rows and need manager/source verification.",Likely separate from USACE Corps-managed campgrounds; avoid accidental duplicate with state/private rows.,"Verify manager, exact campground coordinates, and layer before active import.",,v23.1.64,Corps Lakes Lake Red Rock page
ia-lead-roberts-creek-park-campground,IA,Roberts Creek Park Campground,Marion / Lake Red Rock,coordinate_rescue,Modern/Rustic by amenities,coordinate_rescue,High,Marion County Conservation,Official county campground source needed.,Separate from Elk Rock and USACE records.,Extract official coordinate.,,v23.1.63,https://www.mycountyparks.com/County/Marion/Park/Roberts-Creek-Park.aspx
ia-lead-red-rock-wallashuck-campground,IA,Wallashuck Campground,Marion / Lake Red Rock,existing_lead_update,Modern Campgrounds,official campground proof; coordinate extraction blocked,High,USACE / Recreation.gov,Official facility page gives campground-specific address/directions and amenities; parsed page lacks safe lat/lng.,Clean modern add once coordinate is rescued.,Extract/map-check campground coordinate.,,v23.1.64,Recreation.gov Wallashuck; Lake Red Rock USACE
ia-lead-red-rock-whitebreast-campground,IA,Whitebreast Campground,Marion / Lake Red Rock,existing_lead_update,Modern Campgrounds,official campground proof; coordinate extraction blocked,High,USACE / Recreation.gov,"USACE/Corps Lakes and Recreation.gov identify Whitebreast Camp as campground; detailed facility proof captured enough for lead, not coordinate.",Do not confuse Whitebreast Camp with Whitebreast Beach/Point Shelter.,Extract facility coordinate and amenities from Rec.gov/API.,,v23.1.64,Lake Red Rock USACE / Corps Lakes; Recreation.gov Whitebreast Camp
ia-lead-whitebreast-campground-lake-red-rock,IA,Whitebreast Campground / Recreation Area,Marion / Lake Red Rock,coordinate_rescue,Modern/Rustic by amenities,coordinate_rescue,High,USACE / Recreation.gov,USACE Lake Red Rock campground family; exact coordinate not recovered.,Separate from beach/boat ramp.,Extract official coordinate.,,v23.1.63,https://www.mvr.usace.army.mil/lakeredrock/
ia-lead-pony-creek-park-camping-coordinate-rescue,IA,Pony Creek Park Campground,Mills / Glenwood-Pacific Junction area,coordinate_rescue,Rustic / Primitive,`official_county_campground_coordinate_rescue`,High,Official county / MyCountyParks,Official page only.,Rustic/Primitive safer; electric alone is not Modern.,Extract campground point.,,v23.1.63,"Pony Creek has 4 renovated 50-amp electric campsites plus non-electric campsites, pit latrines, shelters, and trails. ([My County Parks][37])"
ia-lead-grays-landing-campground-coordinate-rescue,IA,Gray’s Landing Campground,Monona / Maple River,coordinate_rescue,Rustic / Primitive,`official_county_campground_coordinate_rescue`,High,Official county / MyCountyParks,Official page only.,Modern wording but vault-toilet evidence makes Rustic/Primitive safer unless showers proven.,Extract campground point and verify amenities.,,v23.1.63,"Gray’s Landing has vault toilets, shelter, 6 modern campsites including accessible site, 6 pull-through campsites, playground, and Maple River water-trail access. ([My County Parks][23])"
ia-lead-monona-county-minor-campground-coordinate-rescue,IA,Gray’s Landing / Huff-Warner / Oldham / Whiting Woods campgrounds,Monona / Mapleton-Soldier-Whiting corridor,coordinate_rescue,Rustic / Primitive,`official_proof_coordinate_rescue_bundle`,High,Official county / MyCountyParks,"Official camping proof found, exact campground coordinates still blocked.",Bundle is acceptable as ledger memory; split before active import.,Add lead.,,v23.1.64,"Gray’s Landing has electric and non-electric camping fees; Monona County parks list Huff-Warner, Oldham, and Whiting Woods as park units; prior official pass found camping proof for all four. ([My County Parks][19])"
ia-lead-huff-warner-access-campground-coordinate-rescue,IA,Huff-Warner Access Campground,Monona / Missouri River-Loess Hills corridor,coordinate_rescue,Modern Campgrounds,`official_county_campground_coordinate_rescue`,High,Official county / MyCountyParks,Official page only.,"“Access” name is a trap; camping is explicitly proven, so keep as lead.",Extract campground marker; do not use river access alone.,,v23.1.63,"Huff-Warner has camping fees for non-electric, electric, and full-hookup sites; first-come/no reservations. ([My County Parks][24])"
ia-lead-lewis-and-clark-state-park-campground-closure-memory,IA,Lewis and Clark State Park Campground,Monona / Onawa,coordinate_rescue,Needs Verification,`official_closure_coordinate_rescue`,High,Iowa DNR,DNR confirms campground but current DNR camping page says campground closed until further notice.,Do not import as open active until closure is resolved.,"Add lead with closure/reopen watch, or rejected temporary-closure memory.",,v23.1.63,"DNR campground page reports Lewis and Clark campground closed until further notice due hazardous tree removal; ReserveAmerica still shows campground inventory/booking windows, so this needs closure-aware handling. ([Department of Natural Resources][51])"
ia-lead-peters-park-campground-coordinate-rescue,IA,Peters Park / Rodney Pits Campground,Monona / Rodney,coordinate_rescue,Modern Campgrounds,`official_county_campground_coordinate_rescue`,High,Official county / MyCountyParks,Official page only.,Clean obvious Monona miss.,Extract campground coordinate.,,v23.1.63,"Peters Park has 49 water/electric pads, 26 full hookups, group/tent camping, vault toilets, two-room shower house, drinking water, and dump station. ([My County Parks][22])"
ia-lead-oldham-recreation-area-campground-coordinate-rescue,IA,Oldham Recreation Area Campground,Monona / Soldier,coordinate_rescue,Rustic / Primitive,`official_county_campground_coordinate_rescue`,High,Official county / MyCountyParks,Official address 38852 245th St; no lat/lng extracted.,Rustic layer unless shower/modern restroom proof found.,Extract county map coordinate.,,v23.1.63,"Oldham has electrical hookups for campers, vault toilets, beach/shelter, and first-come camping. ([My County Parks][25])"
ia-lead-whiting-woods-campground-coordinate-rescue,IA,Whiting Woods Campground,Monona / Whiting,coordinate_rescue,Rustic / Primitive,`official_county_campground_coordinate_rescue`,High,Official county / MyCountyParks,Official page only.,Do not treat as just a hunting/wildlife area; camping is explicit.,Extract campground point.,,v23.1.63,"Whiting Woods has electric and non-electric campsites, first-come camping, and curfew for visitors. ([My County Parks][26])"
ia-lead-viking-lake-state-park-campground-coordinate-rescue,IA,Viking Lake State Park Campground,Montgomery / Stanton,coordinate_rescue,Modern Campgrounds,`official_dnr_campground_coordinate_rescue`,High,Iowa DNR,DNR page only; no campground-loop coordinate extracted.,Clean DNR active candidate after coordinate rescue.,Extract DNR reservation/map coordinate.,,v23.1.63,"DNR says Viking Lake has electric, full-service, buddy, and non-electric sites, plus modern restrooms, showers, and dump station. ([Department of Natural Resources][40])"
ia-lead-hacklebarney-woods-park-campgrounds-coordinate-rescue,IA,Hacklebarney Woods Park Campgrounds,Montgomery / Villisca-Red Oak area,coordinate_rescue,Modern + Rustic / Primitive split likely,`official_county_campground_split_coordinate_rescue`,High,Official county / MyCountyParks,Official page only.,Split modern main campgrounds from equestrian primitive if mapped.,Extract Montgomery County map/GIS points.,,v23.1.63,"Hacklebarney has Campground A with 15 electric sites, Campground B with 15 full-hookup sites, restroom/shower house, dump station, plus equestrian camping with electric/primitive sites. ([My County Parks][39])"
ia-lead-saulsbury-bridge-recreation-area-campground,IA,Saulsbury Bridge Recreation Area Campground,Muscatine / Cedar River,coordinate_rescue,Modern/Rustic by amenities,coordinate_rescue,High,Muscatine County Conservation,Official county conservation campground source needed.,Do not use boat ramp/beach.,Extract county map coordinate.,,v23.1.63,https://www.muscatinecountyconservation.com/parks/saulsbury-bridge-recreation-area/
ia-lead-fairport-state-recreation-area-campground-coordinate-rescue,IA,Fairport State Recreation Area Campground,Muscatine / Mississippi River,coordinate_rescue,Modern/Rustic by amenities,coordinate_rescue,High,Iowa DNR / ReserveAmerica,DNR all-parks listing gives official address and reservation link; exact campground coordinate not recovered.,Obvious Mississippi corridor miss.,Extract DNR/ReserveAmerica map coordinate.,,v23.1.63,https://www.iowadnr.gov/places-go/state-parks/all-parks/fairport-state-recreation-area
ia-lead-willow-creek-county-park-campground-coordinate-rescue,IA,Willow Creek County Park Campground,Osceola / Ocheyedan,coordinate_rescue,Modern Campgrounds,`official_proof_coordinate_rescue`,High,Official MyCountyParks,Official campground proof found; exact campground coordinate not recovered.,Good active candidate once coordinate is rescued.,Add lead; promote after coordinate extraction.,,v23.1.64,"MyCountyParks identifies Willow Creek as having a campground and says the park includes a 17-site campground, electricity, pressurized water, restrooms, and shower facilities. ([My County Parks][3])"
ia-lead-hawkeye-point-campground-coordinate-rescue,IA,Hawkeye Point Campground,Osceola / Sibley,coordinate_rescue,Modern Campgrounds,`official_county_campground_coordinate_rescue`,High,Official county / MyCountyParks,Official county page; no exact coordinate extracted.,Do not use the monument/high-point marker as campground coordinate.,Extract campground-side coordinate.,,v23.1.63,"Hawkeye Point has a campground across the street with 12 electric/water sites, modern restroom, shelter, and dump station. ([My County Parks][6])"
ia-lead-mill-creek-park-campground-coordinate-rescue,IA,Mill Creek Park Campground,O’Brien / Paullina,coordinate_rescue,Modern Campgrounds,`official_county_campground_coordinate_rescue`,High,Official county reservation / MyCountyParks,Official addresses 5660/5690 460th St; no lat/lng extracted.,Clean obvious county campground.,Extract MyCountyParks static map / county GIS coordinate.,,v23.1.63,"Mill Creek has 48 campsites with 20/30/50 amp service, water, internet, showers, modern toilets, and dump site. ([My County Parks][8])"
ia-lead-dog-creek-park-campground-coordinate-rescue,IA,Dog Creek Park Campground,O’Brien / Sutherland,coordinate_rescue,Modern Campgrounds,`official_county_campground_coordinate_rescue`,High,Official county reservation / MyCountyParks,Official address 4901 Warbler; no lat/lng extracted.,Dog Creek has multiple north/south campground components.,Extract park/facility coordinate; split north/south only if map supports it.,,v23.1.63,"Dog Creek campsite page lists dump station, electricity, restrooms, showers, swimming nearby, May 1–Oct. 15, and address 4901 Warbler, Sutherland. ([My County Parks][7])"
ia-lead-nodaway-valley-park-campground-coordinate-rescue,IA,Nodaway Valley Park Campground,Page / Clarinda,coordinate_rescue,Rustic / Primitive,`official_county_campground_coordinate_rescue`,High,Official county / MyCountyParks,Official location only.,Rustic/Primitive unless showers are proven.,Extract county map coordinate.,,v23.1.63,"Nodaway Valley has 14 campsites: 2 primitive, 8 electric/water 50/30/20 amp, 4 electric/water 30/20 amp, plus dump station. ([My County Parks][42])"
ia-lead-pierce-creek-recreation-area-campgrounds-coordinate-rescue,IA,Pierce Creek Recreation Area Campgrounds,Page / Essex,coordinate_rescue,Rustic / Primitive,`official_county_campground_coordinate_rescue`,High,Official county / MyCountyParks,Official location only; no lat/lng extracted.,Split north campground/equestrian campground if map supports it.,Extract county map/GIS coordinates.,,v23.1.63,"Pierce Creek has two campgrounds with electric/water and primitive sites, including an equestrian area; open April 15–Nov. 1. ([My County Parks][41])"
ia-lead-rapp-park-campground-coordinate-rescue,IA,Rapp Park Campground,Page / Shenandoah,coordinate_rescue,Rustic / Primitive,`official_county_campground_coordinate_rescue`,High,Official county / MyCountyParks,Official location only.,Good county campground lead.,Extract county map coordinate.,,v23.1.63,Rapp Park has 12 pull-through electric/water sites and 2 primitive sites; campground open April 15–Nov. 1. ([My County Parks][43])
ia-lead-hillview-recreation-area-campground-split-coordinate-rescue,IA,Hillview Recreation Area — Deer Ridge / Bur Oak / Beaver Creek,Plymouth / Hinton,coordinate_rescue,Modern + Rustic / Primitive split,`component_split_coordinate_rescue`,High,Official county + tourism,No safe split coordinates recovered.,Needs split by campground and layer; do not add one mushy point.,Add lead; split after map extraction.,,v23.1.64,"MyCountyParks says Hillview has three campgrounds; Travel Iowa says Deer Ridge has 27 electric/water sites and shower house, while Bur Oak has electric sites and primitive restroom. ([My County Parks][7])"
ia-lead-hillview-recreation-area-campgrounds-coordinate-rescue,IA,Hillview Recreation Area — Deer Ridge / Bur Oak / Beaver Creek campgrounds,Plymouth / Hinton,coordinate_rescue,Modern + Rustic / Primitive split likely,`official_county_campground_split_coordinate_rescue`,High,Official county reservation / MyCountyParks,Official campground addresses provided; exact points not extracted.,Should probably split by campground/layer.,"Use Hillview map/GIS to create separate rows for Deer Ridge, Bur Oak, Beaver Creek.",,v23.1.63,"Hillview has three campgrounds: Deer Ridge modern with 27 water/electric sites and shower/restroom, Bur Oak electric sites with vault toilet, and Beaver Creek primitive tent camping. ([My County Parks][9])"
ia-lead-five-ridge-prairie-camping-cabin-coordinate-rescue,IA,Five Ridge Prairie Camping Cabin,Plymouth / Westfield-Loess Hills,coordinate_rescue,Rustic / Primitive,`official_overnight_cabin_lead_coordinate_rescue`,High,Official county reservation / MyCountyParks,Official cabin page only.,Include only if project wants public overnight cabins.,Supervisor review: cabin-only overnight lodging versus campground policy.,,v23.1.63,Five Ridge Prairie camping cabin rents overnight and has primitive bathroom/solar power but no standard campground proof. ([My County Parks][10])
ia-lead-jester-park-campground,IA,Jester Park Campground,Polk,coordinate_rescue,Modern Campgrounds likely,coordinate_rescue,High,Polk County Conservation / reservation,Official county park campground source needed; obvious county campground miss.,High-value Des Moines-area county campground.,Extract county reservation/GIS coordinate.,,v23.1.63,https://www.polkcountyiowa.gov/conservation/parks-trails/jester-park/
ia-lead-thomas-mitchell-park-campground,IA,Thomas Mitchell Park Campground,Polk,coordinate_rescue,Modern/Rustic by amenities,coordinate_rescue,High,Polk County Conservation,Official county park campground source needed.,Obvious local public miss.,Extract county map/reservation coordinate.,,v23.1.63,https://www.polkcountyiowa.gov/conservation/parks-trails/thomas-mitchell-park/
ia-lead-yellow-banks-park-campground,IA,Yellow Banks Park Campground,Polk,coordinate_rescue,Modern/Rustic by amenities,coordinate_rescue,High,Polk County Conservation,Official county park campground source needed; obvious county campground miss.,Bulldogs should not miss Polk County public campgrounds.,Extract county map/reservation coordinate.,,v23.1.63,https://www.polkcountyiowa.gov/conservation/parks-trails/yellow-banks-park/
ia-lead-saylorville-acorn-valley-campground,IA,Acorn Valley Campground,Polk / Saylorville Lake,existing_lead_update,Modern Campgrounds with possible Boat/Backpack walk-to component note,official campground proof; coordinate extraction blocked,High,USACE / Recreation.gov,"Official facility page proves mixed campground: electric drive-in, primitive walk-to tent, group tent. Coordinate not exposed.",One active Modern row may be enough unless app later supports component split for walk-to tent loops.,Extract campground coordinate; optionally capture walk-to tent loop geometry.,,v23.1.64,Recreation.gov Acorn Valley; Saylorville gateway
ia-lead-saylorville-cherry-glen-campground,IA,Cherry Glen Campground,Polk / Saylorville Lake,existing_lead_update,Modern Campgrounds,official campground proof; coordinate extraction blocked,High,USACE / Recreation.gov,Official facility page proves campground and amenities; no safe parsed lat/lng exposed.,Clean modern add after coordinate rescue.,Extract campground-loop coordinate.,,v23.1.64,Recreation.gov Cherry Glen; Saylorville gateway
ia-lead-saylorville-prairie-flower-campground,IA,Prairie Flower Campground,Polk / Saylorville Lake,existing_lead_update,Modern Campgrounds,official campground proof; coordinate extraction blocked,High,USACE / Recreation.gov,Official Recreation.gov facility page proves campground and modern amenities; no safe parsed lat/lng exposed. Admin office address is not facility coordinate.,High-value active candidate after coordinate rescue.,Extract facility geometry or map-check campground loop.,,v23.1.64,Recreation.gov Prairie Flower; Saylorville USACE/Recreation.gov gateway
ia-lead-saylorville-bob-shetler-campground,IA,Bob Shetler Recreation Area Campground,Polk / Saylorville Lake below dam,existing_lead_update,Modern Campgrounds,official campground proof; coordinate extraction blocked,High,USACE / Recreation.gov,Official facility page proves campground; no safe parsed lat/lng. Needs coordinate separate from below-dam/river/admin-office context.,"Coordinate must land on campground, not picnic area or dam.",Extract facility coordinate/reservation geometry.,,v23.1.64,Recreation.gov Bob Shetler; Saylorville gateway
ia-lead-bob-shetler-campground-saylorville,IA,Bob Shetler Campground,Polk / below Saylorville Dam,coordinate_rescue,Rustic / Primitive or Modern by amenities,coordinate_rescue,High,USACE / Recreation.gov,Saylorville official source family; exact facility coordinate not recovered.,Wrong-feature trap risk high.,Extract official coordinate.,,v23.1.63,https://www.mvr.usace.army.mil/saylorvillelake/ ; https://www.recreation.gov/camping/gateways/161
ia-lead-lake-manawa-state-park-campground-coordinate-rescue,IA,Lake Manawa State Park Campground,Pottawattamie / Council Bluffs,coordinate_rescue,Modern Campgrounds,`official_dnr_campground_coordinate_rescue`,High,Iowa DNR + ReserveAmerica,DNR address and campground map/reservation pages; no safe loop coordinate extracted.,Do not use lake center or beach.,Extract DNR campground map/reservation coordinate.,,v23.1.63,DNR gives Lake Manawa address 1100 S Shore Dr and campground map; DNR accessible-outdoors page says the new campground has accessible sites with restrooms and showers; reservation system lists full-hookup campground inventory. ([Department of Natural Resources][36])
ia-lead-botna-bend-rv-camping-coordinate-rescue,IA,Botna Bend Park RV Camping,Pottawattamie / Hancock,coordinate_rescue,Needs Verification,`official_county_campground_coordinate_rescue`,High,Official county / MyCountyParks,Official facility page found; details incomplete in accessible result.,Real enough for durable lead.,Extract facility page details/coordinate.,,v23.1.63,Botna Bend has a dedicated RV Camping facility page under Pottawattamie County Conservation. ([My County Parks][35])
ia-lead-hitchcock-nature-center-campgrounds-coordinate-rescue,IA,Hitchcock Nature Center RV + group/backcountry camping,Pottawattamie / Loess Hills,coordinate_rescue,Modern + Boat / Backpack split likely,`official_county_campground_split_coordinate_rescue`,High,Official county / MyCountyParks,Official campground facility pages found; exact points not extracted.,Split by access type if needed.,Extract RV campground and tent/group site coordinates.,,v23.1.63,Hitchcock has RV campground and reservable group tent/backcountry-style facilities on MyCountyParks. ([My County Parks][34])
ia-lead-arrowhead-park-rv-camping-coordinate-rescue,IA,Arrowhead Park RV Camping,Pottawattamie / Neola,coordinate_rescue,Needs Verification,`official_county_campground_coordinate_rescue`,High,Official county / MyCountyParks,Official address 29357 310th St; amenities not fully exposed in accessible result.,Needs amenity/layer verification before active row.,Pull Pottawattamie county map/amenities.,,v23.1.63,"Arrowhead RV Camping page says campground is open April–November and lists address 29357 310th St, Neola. ([My County Parks][33])"
ia-lead-diamond-lake-park-campground,IA,Diamond Lake Park Campground,Poweshiek,coordinate_rescue,Modern/Rustic by amenities,coordinate_rescue,High,Poweshiek County Conservation,Official county park campground source needed.,Obvious I-80/east-central miss.,Extract reservation/official map coordinate.,,v23.1.63,https://www.mycountyparks.com/County/Poweshiek/Park/Diamond-Lake-Park.aspx
ia-lead-grant-park-campground-coordinate-rescue,IA,Grant Park Campground,Sac / Auburn,coordinate_rescue,Modern + Rustic / Primitive split,`component_split_coordinate_rescue`,High,Official county / MyCountyParks,Official proof found; no coordinate extracted.,Needs component split.,Add lead.,,v23.1.64,"Grant Park has Area 1 with 19 sites, 9 full hookups and 10 water/electric, plus Area 2 and Area 3 primitive camping. ([My County Parks][17])"
ia-lead-reiff-park-campground-coordinate-rescue,IA,Reiff Park Campground,Sac / Boyer River,coordinate_rescue,Rustic / Primitive,`official_county_campground_coordinate_rescue`,High,Official county / MyCountyParks,Official page only.,Rustic/Primitive safer unless showers are proven.,Extract county map coordinate.,,v23.1.63,"Reiff Park has a first-come campground with 7 shaded water/electric sites, dump station nearby, and primitive camping available. ([My County Parks][21])"
ia-lead-black-hawk-state-park-campground-coordinate-rescue,IA,Black Hawk State Park Campground,Sac / Lake View,coordinate_rescue,Needs Verification,`official_dnr_campground_coordinate_rescue`,High,Iowa DNR,DNR park proof; no amenities/coordinate fully recovered.,Needs DNR reservation details before layer.,Extract campground map/reservation coordinate and amenities.,,v23.1.63,DNR says Black Hawk campground is 100% reservable and required; DNR PDF notes beach east of campground and playground/volleyball adjacent. ([Department of Natural Resources][47])
ia-lead-hagge-park-campground-coordinate-rescue,IA,Hagge Park Campground,Sac / Sac City,coordinate_rescue,Needs Verification,`official_county_campground_coordinate_layer_rescue`,High,Official county / MyCountyParks,Address found; layer needs amenity clarity.,“Modern” fee wording may not equal Modern layer.,Extract coordinate and verify showers/restroom/full hookups.,,v23.1.63,"Hagge Park campground is first-come, no reservations, with modern and primitive camping fees; address 2970 280th St, Sac City. ([My County Parks][20])"
ia-lead-hagge-reiff-campgrounds-coordinate-rescue,IA,Hagge Park / Reiff Park campgrounds,Sac / Sac City-Boyer River,coordinate_rescue,Rustic / Primitive,`county_campground_coordinate_rescue`,High,Official county / MyCountyParks source family,Official proof exists from prior source family; exact coordinate still blocked.,Keep as coordinate-rescue lead pair.,Add lead.,,v23.1.64,Prior official pass identified Hagge and Reiff as county campgrounds with modern/primitive fee categories and water/electric/primitive camping.
ia-lead-scott-county-park-campground,IA,Scott County Park Campground,Scott,coordinate_rescue,Modern Campgrounds likely,coordinate_rescue,High,Scott County Conservation,Official county conservation campground source needed; obvious county park campground.,High-priority Mississippi corridor county campground.,Extract county reservation/map coordinate and split primitive/modern if needed.,,v23.1.63,https://www.scottcountyiowa.gov/conservation/scott-county-park
ia-lead-west-lake-park-campground,IA,West Lake Park Campground,Scott,coordinate_rescue,Modern Campgrounds likely,coordinate_rescue,High,Scott County Conservation,Official county conservation campground source needed.,Obvious Quad Cities-area miss.,Extract official coordinate.,,v23.1.63,https://www.scottcountyiowa.gov/conservation/west-lake-park
ia-lead-nishna-bend-recreation-area-campground-coordinate-rescue,IA,Nishna Bend Recreation Area Campground,Shelby / Harlan,coordinate_rescue,Modern Campgrounds,`official_county_campground_coordinate_rescue`,High,Official county / MyCountyParks,Official page only.,Good obvious Shelby County campground.,Extract county map coordinate.,,v23.1.63,Nishna Bend has 24 50-amp electric campsites with modern shower building and 2 camping cabins. ([My County Parks][30])
ia-lead-prairie-rose-state-park-campgrounds-coordinate-rescue,IA,Prairie Rose State Park East + West Campgrounds,Shelby / Harlan,coordinate_rescue,Modern + Rustic / Primitive split likely,`official_dnr_campground_split_coordinate_rescue`,High,Iowa DNR / ReserveAmerica,DNR/reservation page; no lat/lng extracted.,Split east/west if map supports it.,Extract reservation map coordinates.,,v23.1.63,"ReserveAmerica says Prairie Rose has two campgrounds: east with electric/full-hookup, modern restrooms/showers/dump; west with non-electric/electric and non-modern restrooms. ([Iowa State Parks][50])"
ia-lead-manteno-park-campground-coordinate-rescue,IA,Manteno Park Campground,Shelby / Shelby County,coordinate_rescue,Modern Campgrounds,`official_county_campground_coordinate_rescue`,High,Official county / MyCountyParks,Official page only.,Clean add after coordinate rescue.,Extract campground coordinate.,,v23.1.63,"Manteno has 21 modern electric campsites, 6 primitive campsites, shower house with flush toilets/hot water, and canoe/boat access. ([My County Parks][29])"
ia-lead-big-sioux-recreation-area-campgrounds-coordinate-rescue,IA,Big Sioux Recreation Area / Meadowlark + other campgrounds,Sioux / Hawarden,coordinate_rescue,Modern Campgrounds,`official_county_campground_coordinate_rescue`,High,Official county reservation / MyCountyParks,Address/facility page; no lat/lng extracted.,Could split Meadowlark if county map has separate point.,Extract MyCountyParks/Sioux County map coordinates.,,v23.1.63,"Big Sioux has 35 camping sites in two campground areas, water/electric service, some sewer, modern restrooms; Meadowlark adds 19 sites, mostly full hookups, modern restroom/shower, and dump station. ([My County Parks][3])"
ia-lead-oak-grove-big-sioux-turkey-ridge-deer-run-coordinate-rescue,IA,Oak Grove / Big Sioux Park — Turkey Ridge / Deer Run campgrounds,Sioux / Hawarden,coordinate_rescue,Needs Verification,`component_coordinate_rescue`,High,County / MyCountyParks lead,No safe coordinate recovered for Turkey Ridge / Deer Run components.,Do not merge blindly with Big Sioux Recreation Area until the component relationship is resolved.,Add durable coordinate/component lead.,,v23.1.64,The Oak Grove / Big Sioux source path surfaced but the facility page was not extractable here; available Sioux County source also references Oak Grove Park separately from Big Sioux. ([Sioux County Parks][2])
ia-lead-lake-of-three-fires-state-park-campgrounds-coordinate-rescue,IA,Lake of Three Fires State Park Campgrounds,Taylor,coordinate_rescue,Modern/Rustic/Horse split likely,coordinate_rescue,High,Iowa DNR / ReserveAmerica,DNR listing gives official address and reservation; exact campground component coordinate not recovered.,Southern edge included by assignment.,Extract campground and equestrian component coordinates.,,v23.1.63,https://www.iowadnr.gov/places-go/state-parks/all-parks/lake-three-fires-state-park
ia-lead-lake-of-three-fires-equestrian-component,IA,Lake of Three Fires State Park equestrian / primitive component,Taylor / Bedford,coordinate_rescue,Rustic / Primitive,official_component_split_coordinate_rescue,High,Iowa DNR official page + campground/reservation map needed,Component proof/source path identified; exact separate coordinate not extracted,Do not collapse into modern main campground if component is separate,Extract component coordinate and layer,,v23.1.64,https://www.iowadnr.gov/places-go/state-parks/all-parks/lake-three-fires-state-park
ia-lead-green-valley-state-park-campground-coordinate-rescue,IA,Green Valley State Park Campground,Union,coordinate_rescue,Modern Campgrounds likely,coordinate_rescue,High,Iowa DNR / ReserveAmerica,DNR listing and alert prove active state park; exact campground coordinate not recovered.,Southern Iowa obvious miss.,Extract campground loop coordinate.,,v23.1.63,https://www.iowadnr.gov/places-go/state-parks/all-parks/green-valley-state-park
ia-lead-lacey-keosauqua-state-park-campground-coordinate-rescue,IA,Lacey-Keosauqua State Park Campground,Van Buren,coordinate_rescue,Modern Campgrounds likely,coordinate_rescue,High,Iowa DNR / ReserveAmerica,DNR page/park listing proves state park and reservation source; exact campground coordinate not recovered.,Do not use lake/park centroid.,Extract DNR campground map or ReserveAmerica coordinate.,,v23.1.63,https://www.iowadnr.gov/places-go/state-parks/all-parks/lacey-keosauqua-state-park
ia-lead-shimek-state-forest-camping-components,IA,Shimek State Forest Camping / Equestrian Components,Van Buren / Lee,coordinate_rescue,Rustic / Primitive,coordinate_rescue / component_split,High,Iowa DNR / ReserveAmerica,DNR all-parks listing and alerts prove state forest/recreation source; exact campground/unit components not recovered.,State forest should not be one fake centroid.,Extract DNR forest campground map and split units.,,v23.1.63,https://www.iowadnr.gov/places-go/state-parks/all-parks/shimek-state-forest
ia-lead-lake-darling-state-park-campground-coordinate-rescue,IA,Lake Darling State Park Campground,Washington,coordinate_rescue,Modern Campgrounds,coordinate_rescue,High,Iowa DNR / ReserveAmerica,DNR page proves campground and address but I did not recover a safe campground-loop coordinate from accessible tools.,Strong official campground proof; coordinate not safely rescued in this run.,Extract DNR campground map / ReserveAmerica map coordinate and promote.,,v23.1.63,https://www.iowadnr.gov/places-go/state-parks/all-parks/lake-darling-state-park
ia-lead-brushy-creek-equestrian-non-equestrian-component-split,IA,Brushy Creek SRA north/south equestrian and non-equestrian campground component split,Webster,coordinate_rescue,Modern Campgrounds or Rustic / Primitive by component,component_split_coordinate_rescue,High,Iowa DNR official page + reservation/campground map needed,"Parent active row exists, but separate component coordinates not extracted",Split only if exact component coordinates are defensible; otherwise current parent row is acceptable,Extract component coordinates; add split rows if useful,,v23.1.64,Existing DNR page: https://www.iowadnr.gov/places-go/state-parks/all-parks/brushy-creek-state-recreation-area
ia-lead-pulpit-rock-campground-decorah,IA,Pulpit Rock Campground,Winneshiek / Decorah,coordinate_rescue,Modern Campgrounds,coordinate_rescue,High,City/operator,Official city/operator campground source needed; obvious city campground.,Obvious miss in NE Iowa town corridor.,Extract city campground address/map coordinate.,,v23.1.63,https://www.decorahia.org/departments/parks-recreation/campground
ia-lead-little-sioux-park-campground-coordinate-rescue,IA,Little Sioux Park Campgrounds,Woodbury / Correctionville,coordinate_rescue,Modern Campgrounds,`official_map_georeference_needed`,High,Official county + official PDF map,"Official map has campground symbols/grid, but no lat/lng extracted.",Keep as lead until coordinate extracted.,Add lead.,,v23.1.64,"Woodbury/MyCountyParks lists Little Sioux Park office/address and camping fees; official map shows modern camping, restrooms, trailer dump, and campground context. ([My County Parks][13])"
ia-lead-bigelow-browns-lake-campground-coordinate-rescue,IA,Bigelow Park / Brown’s Lake Campground,Woodbury / Salix,coordinate_rescue,Modern Campgrounds,`official_map_coordinate_rescue`,High,Official county / PDF map,"Official map/address found, but campground coordinate not recovered.",Don’t use lake center.,Add lead.,,v23.1.64,"Bigelow Park is on Brown’s Lake and official sources provide address/map context; Dyrt review/source supports campground/shower context, but official campground point still needs extraction. ([woodburyparks.org][16])"
ia-lead-snyder-bend-park-campground-coordinate-rescue,IA,Snyder Bend Park Campground,Woodbury / Salix,coordinate_rescue,Modern Campgrounds,`official_county_campground_coordinate_rescue`,High,Official county / MyCountyParks,Official page only.,Good campground lead; exact point needed.,Extract county map/GIS coordinate.,,v23.1.63,"Snyder Bend has first-come campsites, non-electric and electric/water site fees, self-registration, and firewood. ([My County Parks][17])"
ia-lead-stone-state-park-campground-coordinate-rescue,IA,Stone State Park Campground,Woodbury / Sioux City,coordinate_rescue,Modern Campgrounds,`official_dnr_campground_coordinate_rescue`,High,Iowa DNR,DNR park map/campground map; no exact lat/lng extracted.,Split walk-to sites if exact points are recoverable.,Extract DNR campground map coordinate.,,v23.1.63,"DNR lists Stone amenities including modern restrooms, showers, electric/non-electric/tent-only/walk-to/youth group campsites; campground map shows electric and non-electric site layout. ([Department of Natural Resources][48])"
ia-lead-southwood-conservation-area-campground-coordinate-rescue,IA,Southwood Conservation Area Campground,Woodbury / Smithland,coordinate_rescue,Modern Campgrounds,`official_county_campground_coordinate_rescue`,High,Official county / MyCountyParks,Official address 3402 330th St; no lat/lng extracted.,Amenities/layer need full confirmation.,Extract county map/GIS coordinate and amenity details.,,v23.1.63,"Southwood campsites are first-come self-registration; pressurized water systems May 1–Oct. 31; address 3402 330th St, Smithland. ([My County Parks][16])"
ks-lead-atchison-county-lake-camping-proof-coordinate,KS,Atchison County Lake campground / camping claim,Atchison / near Horton,coordinate_rescue,Needs Verification,needs_verification_official_camping_proof_blocked,High,Worker return + official/operator source trail,NO HONEST COORDINATE FOUND,"Official county page confirms lake/address/contact and 2026 committee, but accessible official text did not confirm overnight camping or exact camping area; only one usable community overnight report found.","Check Atchison County Lake Committee updates, county rules/permit posts, official Facebook/rules posts, county park map, or direct county confirmation. Promote only if official overnight camping is confirmed or 3+ independent same-spot overnight reports exist with no contradiction.",,v23.1.79,Worker 3 kept Atchison County Lake as lead.
ks-lead-eldorado-bluestem-subloop-split,KS,"El Dorado Bluestem Point subloops — Bemis Creek, Big Pine, Sunflower Meadow, Quail Run, Fisherman’s Point, Goose Cove, Box Turtle Point, Satchel Creek Cove",Butler / El Dorado Reservoir,coordinate_rescue,Modern + Rustic / Primitive split pending,coordinate_rescue,High,Worker return + official/operator source trail,NO HONEST COORDINATE FOUND,"Bluestem aggregate marker is active, but individual subloop coordinates are blocked.",Use KDWP subarea pages and CampItKS reservation-map metadata; avoid facilities as proxy campsite pins.,,v23.1.78,Worker 1 recovered official Bluestem aggregate GPS and camping proof.
ks-lead-eldorado-walnut-river-component,KS,El Dorado State Park — Walnut River campground area/components,Butler / El Dorado Reservoir,coordinate_rescue,Modern + Rustic / Primitive split pending,coordinate_rescue,High,Worker return + official/operator source trail,NO HONEST COORDINATE FOUND,"Official park page proves camping at Walnut River, but area/component coordinate was not recovered.",Open KDWP area page if accessible; otherwise use CampItKS map/devtools or park office coordinate for Walnut River and Frontier long-term camping section.,,v23.1.78,Worker 1 kept Walnut River as a blocked component lead.
ks_usace_milford_school_creek_metadata_rescue,KS,"School Creek, Milford Lake",Clay / Milford Lake,coordinate_rescue,Rustic / Primitive,coordinate_rescue,High,,,Official gateway lists campground; exact facility coordinate blocked.,"Pull RIDB/API metadata, official map/GIS, or lake-office coordinate.",,v23.1.79,
ks_usace_milford_timber_creek_metadata_rescue,KS,"Timber Creek, Milford Lake",Clay / Milford Lake,coordinate_rescue,Rustic / Primitive,coordinate_rescue,High,,,Official gateway lists campground; exact facility coordinate blocked.,"Pull RIDB/API metadata, official map/GIS, or lake-office coordinate.",,v23.1.79,
ks-lead-winfield-city-lake-campground-zones,KS,Winfield City Lake designated camping zones,Cowley / Winfield City Lake,coordinate_rescue,Modern,coordinate_rescue,High,Worker return + official/operator source trail,NO HONEST COORDINATE FOUND,"Official city page gives City Lake GPS and camping proof, but GPS appears lake/park-level, not isolated campground-zone proof.","Download/inspect official aerial map and identify designated camping areas; use city GIS or permit/camping-zone map; do not use lake GPS, city office, entrance, ramp, or broad park point.",,v23.1.78,Worker 3 kept Winfield City Lake as lead.
ks-lead-crawford-state-park-components,KS,"Crawford State Park campground component split — Rocky Cove, Oak Point, Lonesome Point, Osage Bluff, Cherokee Landing, Lake View Group Use",Crawford,coordinate_rescue,Modern + Rustic / Primitive split pending,coordinate_rescue,High,Worker return + official/operator source trail,NO HONEST COORDINATE FOUND,"Official camping proof exists for multiple Crawford campgrounds/components, but exact component GPS was not recovered.","Use KDWP area pages, brochure PDF, park map, CampItKS metadata, or park office coordinate confirmation; do not use beach/day-use/address proxy.",,v23.1.78,Worker 1 returned Crawford as coordinate-rescue lead.
ks-lead-crawford-lake-view-group-use-area,KS,Crawford State Park — Lake View Group Use Area,Crawford / Crawford State Park,coordinate_rescue,Rustic / Primitive,coordinate_rescue,High,,,"Official Crawford main page proves Lake View Group Use has camping/reservable/electric, but individual area GPS page was not recovered.","Recover KDWP individual area page or CampItKS facility map metadata; if still blocked, contact Crawford park office/KDWP for group-use area coordinate.",,v23.1.79,
ks_usace_clinton_bloomington_west_metadata_rescue,KS,"Bloomington West, Clinton Lake",Douglas / Clinton Lake,coordinate_rescue,Modern,coordinate_rescue,High,,,Official campground/group proof exists; no facility-level coordinate recovered.,"Pull Recreation.gov/RIDB metadata, USACE NWK GIS/map, or lake-office coordinate.",,v23.1.79,
KS-USACE-CLINTON-BLOOMINGTON-WEST-GEOMETRY,KS,"Bloomington West, Clinton Lake",Douglas / Clinton Lake,blocked_geometry_extraction,Modern,coordinate_rescue,High,Official Recreation.gov / USACE,GEOMETRY BLOCKED / no import-safe coordinate recovered,Recreation.gov proves group campground and amenities; exact geometry blocked.,Extract Recreation.gov/RIDB facility coordinate or official Clinton Lake map/GIS.,,v23.1.82,
ks-usace-clinton-lake-campgrounds-coordinate-rescue,KS,"Clinton Lake USACE campgrounds — Bloomington East, Bloomington West, Rockhaven, Woodridge Park",Douglas / Clinton Lake,coordinate_rescue,Modern + Rustic / Primitive + Boat / Backpack components,coordinate_rescue,High,Worker return + official/operator source trail,NO HONEST COORDINATE FOUND,"Official campground components found, but no official component-safe coordinates recovered.","Use Recreation.gov metadata, USACE NWK GIS, or georeferenced Bloomington/Rockhaven/Woodridge maps. Woodridge may require area/rule wording if mapped.",,v23.1.78,Worker 2 preserved Clinton Lake federal campgrounds as coordinate-rescue lead.
KS-USACE-CLINTON-ROCKHAVEN-GEOMETRY,KS,Rockhaven Park Campground and Equestrian Area,Douglas / Clinton Lake,blocked_geometry_extraction,Modern,coordinate_rescue,High,Official Recreation.gov / USACE,GEOMETRY BLOCKED / no import-safe coordinate recovered,Recreation.gov proves equestrian/non-equestrian campground and amenities; trailhead/parking rejected as proxy.,Extract Recreation.gov/RIDB facility coordinate or official Clinton Lake map/GIS.,,v23.1.82,
ks_usace_clinton_rockhaven_metadata_rescue,KS,"Rockhaven Park, Clinton Lake",Douglas / Clinton Lake,coordinate_rescue,Rustic / Primitive,coordinate_rescue,High,,,Official equestrian overnight campground proof exists; no facility-level coordinate recovered.,Pull Recreation.gov/RIDB metadata or official Rockhaven campground/equestrian map.,,v23.1.79,
ks_usace_clinton_woodridge_area_metadata_rescue,KS,"Woodridge Park, Clinton Lake",Douglas / Clinton Lake,coordinate_rescue,Boat / Backpack,coordinate_rescue,High,,,"Official primitive walk-in camping proof exists, but no defensible area outline recovered.",Build official area/outline from USACE map/GIS or get lake-office geometry; do not use trailhead/parking lot.,,v23.1.79,
KS-USACE-CLINTON-WOODRIDGE-PARK-GEOMETRY,KS,"Woodridge Park, Clinton Lake",Douglas / Clinton Lake,blocked_geometry_extraction,Boat / Backpack,area_outline_rescue,High,Official Recreation.gov / USACE,GEOMETRY BLOCKED / no import-safe coordinate recovered,Recreation.gov proves primitive walk-in/backcountry camping throughout Woodridge; exact sites/area outline blocked.,Extract Recreation.gov/RIDB site geometry if available; otherwise create official area/outline follow-up from Woodridge map.,,v23.1.82,
ks-worker7-east-blocked-campgrounds-coordinate-rescue,KS,Kansas Worker 7 east/Flint Hills/Kansas River blocked campground coordinate-rescue bundle,Eastern Kansas / Flint Hills / Kansas River / KC-Topeka-Lawrence corridor,coordinate_rescue,Mixed Modern + Rustic / Primitive,coordinate_rescue,High,Official/operator/community worker-return source trail; see v23.1.77 build notes and worker returns,NO HONEST COORDINATE FOUND,"Official proof or strong operator/community discovery exists, but exact campground/camping-area coordinates were not safely recovered for these components.","Recover KDWP brochure/GIS/manager coordinates, Recreation.gov/RIDB/USACE geometry, county park maps, or operator map/address/aerial confirmation.",,v23.1.77,Targets: Miami SFL Pier 14; Douglas SFL; Osage SFL; Shawnee SFL; Leavenworth SFL; Clinton Lake Woodridge/Rockhaven/Bloomington East; Perry Lake Rock Creek/Slough Creek/Longview; Pomona Michigan Valley; Council Grove North Richey Cove; TimberRidge closure-watch; Hillsdale; Eisenhower; Edge of the Road; Lake Georgia-Sue; Basecamp Flint Hills.
ks-lead-campitks-eastern-kdwp-targets,KS,"Eastern/central KDWP state-park targets — Milford, Tuttle Creek, Kanopolis, Hillsdale, Eisenhower",Eastern/central Kansas KDWP state parks,coordinate_rescue,Modern + Rustic / Primitive / Equestrian split pending,coordinate_rescue,High,Worker return + official/operator source trail,NO HONEST COORDINATE FOUND,Known KDWP target pile; exact component coordinates remain blocked.,"Run per-park KDWP Areas pages, CampItKS devtools/site metadata, downloadable park PDFs/maps, or park office coordinate confirmations.",,v23.1.78,Worker 1 preserved eastern/central KDWP targets as lead bundle.
ks_usace_kanopolis_riverside_metadata_rescue,KS,"Riverside Campground, Kanopolis Lake",Ellsworth / Kanopolis Lake,coordinate_rescue,Modern,coordinate_rescue,High,,,"Official campground proof exists; Riverside West metadata row belongs to John Redmond/Burlington, not Kanopolis.","Pull RIDB/API metadata, Kanopolis map/GIS, or lake-office coordinate.",,v23.1.79,
KS-USACE-KANOPOLIS-RIVERSIDE-GEOMETRY,KS,"Riverside Campground, Kanopolis Lake",Ellsworth / Kanopolis Lake,blocked_geometry_extraction,Modern,coordinate_rescue,High,Official Recreation.gov / USACE,GEOMETRY BLOCKED / no import-safe coordinate recovered,Recreation.gov proves Riverside Campground and amenities; exact geometry blocked.,Extract Recreation.gov/RIDB facility coordinate or official Kanopolis USACE map geometry.,,v23.1.82,
ks-usace-kanopolis-venango-coordinate-rescue,KS,"Venango Park, Kanopolis Lake",Ellsworth / Kanopolis Lake,coordinate_rescue,Modern + Rustic / Primitive,coordinate_rescue,High,Worker return + official/operator source trail,NO HONEST COORDINATE FOUND,"Official campground proof found for Venango Park, but no official component-safe coordinates recovered.",Use RIDB/Recreation.gov metadata or official USACE map/GIS. Federal component only; KDWP/state park components require separate proof.,,v23.1.78,Worker 2 preserved Venango Park as coordinate-rescue lead.
KS-KDWP-KANOPOLIS-SP-CAMPGROUNDS-GEOMETRY,KS,Kanopolis State Park campground components,Ellsworth / Kanopolis Reservoir,blocked_geometry_extraction,Rustic / Primitive,component_geometry_rescue,High,Official KDWP,GEOMETRY BLOCKED / no import-safe coordinate recovered,KDWP lists Langley Point and Horsethief camping areas; trailhead coordinates rejected.,Extract CampItKS/ReserveAmerica metadata or official KDWP map/GIS.,,v23.1.82,
ks-lead-kanopolis-state-park-components,KS,Kanopolis State Park — remaining KDWP camping components,Ellsworth / Kanopolis State Park,coordinate_rescue,Modern / Rustic / equestrian split pending,coordinate_rescue,High,,,Named target unresolved; exact component coordinates not safely recovered.,"Use KDWP Kanopolis location/area pages, CampItKS reservation map, and official park/trail maps to extract campground/equestrian component GPS.",,v23.1.79,
ks-lead-milford-state-park-components,KS,Milford State Park — remaining KDWP camping components,Geary / Clay / Dickinson / Milford State Park,coordinate_rescue,Modern / Rustic split pending,coordinate_rescue,High,,,Named target unresolved; exact component coordinates not safely recovered.,Use KDWP Milford area pages and CampItKS/reservation map metadata for named campground components.,,v23.1.79,
ks_usace_milford_farnum_creek_metadata_rescue,KS,"Farnum Creek, Milford Lake",Geary / Milford Lake,coordinate_rescue,Modern,coordinate_rescue,High,,,Official campground proof strong; no coordinate recovered.,"Pull RIDB/API metadata, official map/GIS, or lake-office coordinate.",,v23.1.79,
KS-USACE-MILFORD-FARNUM-CREEK-GEOMETRY,KS,"Farnum Creek, Milford Lake",Geary / Milford Lake,blocked_geometry_extraction,Modern,coordinate_rescue,High,Official Recreation.gov / USACE,GEOMETRY BLOCKED / no import-safe coordinate recovered,Recreation.gov proves Farnum Creek campground and amenities; exact geometry blocked.,Extract Recreation.gov/RIDB facility coordinate or official Milford Lake campground map.,,v23.1.82,
KS-USACE-MILFORD-SCHOOL-CREEK-GEOMETRY,KS,"School Creek Campground, Milford Lake",Geary / Milford Lake,blocked_geometry_extraction,Rustic / Primitive,coordinate_rescue,High,Official Recreation.gov / USACE,GEOMETRY BLOCKED / no import-safe coordinate recovered,Recreation.gov proves primitive campground; exact geometry blocked.,Extract Recreation.gov/RIDB facility coordinate or official Milford Lake campground map.,,v23.1.82,
KS-USACE-MILFORD-TIMBER-CREEK-GEOMETRY,KS,"Timber Creek Park, Milford Lake",Geary / Milford Lake,blocked_geometry_extraction,Rustic / Primitive,coordinate_rescue,High,Official Recreation.gov / USACE,GEOMETRY BLOCKED / no import-safe coordinate recovered,Recreation.gov proves primitive campground; exact geometry blocked.,Extract Recreation.gov/RIDB facility coordinate or official Milford Lake campground map.,,v23.1.82,
KS-KDWP-MILFORD-SP-CAMPGROUNDS-GEOMETRY,KS,Milford State Park campground components,Geary / Milford Reservoir,blocked_geometry_extraction,Rustic / Primitive,component_geometry_rescue,High,Official KDWP,GEOMETRY BLOCKED / no import-safe coordinate recovered,KDWP lists eight campgrounds and many utility/primitive sites; exact coordinates blocked.,Extract CampItKS/ReserveAmerica campground map metadata or official KDWP GIS/map.,,v23.1.82,
ks-usace-milford-lake-campgrounds-coordinate-rescue,KS,"Milford Lake valid federal campgrounds — West Rolling Hills, Curtis Creek, Farnum Creek, Timber Creek, School Creek",Geary/Clay/Dickinson / Milford Lake,coordinate_rescue,Modern + Rustic / Primitive components,coordinate_rescue,High,Worker return + official/operator source trail,NO HONEST COORDINATE FOUND,"Official valid campground components found, but no official component-safe coordinates recovered.","Use RIDB/Recreation.gov metadata or official USACE map/GIS. Reject dam, office, outlet, overlook, and day-use proxies.",,v23.1.78,Worker 2 preserved Milford Lake valid federal campgrounds as coordinate-rescue lead.
ks_usace_fall_river_damsite_metadata_rescue,KS,"Damsite, Fall River Lake",Greenwood / Fall River Lake,coordinate_rescue,Modern,coordinate_rescue,High,,,Official campground proof strong; Fall River gateway/project GPS rejected as non-component.,"Pull RIDB/Recreation.gov API metadata, USACE Tulsa GIS/map, or lake-office coordinate.",,v23.1.79,
KS-USACE-FALLRIVER-DAMSITE-GEOMETRY,KS,"Damsite, Fall River Lake",Greenwood / Fall River Lake,blocked_geometry_extraction,Modern,coordinate_rescue,High,Official Recreation.gov / USACE,GEOMETRY BLOCKED / no import-safe coordinate recovered,Recreation.gov confirms Damsite campground and site inventory; exact geometry blocked.,Extract Recreation.gov/RIDB facility coordinate or official USACE Fall River Lake campground map geometry.,,v23.1.82,
ks-usace-fall-river-campgrounds-coordinate-rescue,KS,Fall River Lake federal campgrounds — Damsite and Whitehall Bay,Greenwood / Fall River Lake,coordinate_rescue,Modern,coordinate_rescue,High,Worker return + official/operator source trail,NO HONEST COORDINATE FOUND,"Official campground proof found, but no official component-safe coordinates recovered.",Use RIDB/Recreation.gov facility metadata or USACE Tulsa map/GIS. Do not use Fall River project/lake coordinates.,,v23.1.78,Worker 2 preserved Fall River Lake federal campgrounds as coordinate-rescue lead.
ks_usace_fall_river_whitehall_bay_metadata_rescue,KS,"Whitehall Bay, Fall River Lake",Greenwood / Fall River Lake,coordinate_rescue,Modern,coordinate_rescue,High,,,Official campground proof strong; exact official coordinate blocked.,"Pull RIDB/Recreation.gov API metadata, USACE Tulsa GIS/map, or lake-office coordinate.",,v23.1.79,
KS-USACE-FALLRIVER-WHITEHALL-BAY-GEOMETRY,KS,"Whitehall Bay, Fall River Lake",Greenwood / Fall River Lake,blocked_geometry_extraction,Modern,coordinate_rescue,High,Official Recreation.gov / USACE,GEOMETRY BLOCKED / no import-safe coordinate recovered,Recreation.gov confirms campground/amenities; no safe exact lat/lon exposed.,Extract Recreation.gov/RIDB facility coordinate or official USACE map geometry.,,v23.1.82,
ks-lead-fall-river-subloop-split,KS,"Fall River State Park component split — South Rock Ridge, Gobbler’s Knob, Wind Hill, Casner Creek, Fredonia Bay Campground",Greenwood / Fall River Reservoir,coordinate_rescue,Modern + Rustic / Primitive split pending,coordinate_rescue,High,Worker return + official/operator source trail,NO HONEST COORDINATE FOUND,"Fredonia Bay aggregate and Quarry Bay primitive markers are active, but subloop points are blocked.","Use KDWP subarea pages and CampItKS map/devtools; do not use showerhouse, boat ramp, pay station, or facility points as campsite pins.",,v23.1.78,Worker 1 recovered official aggregate/campground coordinates for Fredonia Bay and Quarry Bay.
ks-lead-syracuse-sand-dunes-sams-pond-camping-coordinate,KS,Syracuse Sand Dunes / Sam’s Pond Campground,Hamilton / Syracuse,coordinate_rescue,Modern,coordinate_rescue,High,Worker return + official/operator source trail,NO HONEST COORDINATE FOUND,"Official proof confirms RV hookup and dry camping, but exact Sam’s Pond/camp loop coordinate blocked.","Use official booking map, Sam’s Pond site map, county/city GIS, or aerial confirmation. Do not use entry/office coordinate.",,v23.1.78,Worker 3 kept Syracuse Sand Dunes as coordinate-rescue lead.
ks-lead-horsethief-reservoir-reservation-map-coordinate,KS,HorseThief Reservoir Campground,Hodgeman / Jetmore,coordinate_rescue,Modern,coordinate_rescue,High,Worker return + official/operator source trail,NO HONEST COORDINATE FOUND,"Official/operator proof and Campspot reviews support camping, but exact campground-loop coordinate blocked.","Use Campspot park map, official campground map download, GIS, or aerial-confirmed loop coordinate. Do not use reservoir center, entrance, office, or broad highway address.",,v23.1.78,Worker 3 kept HorseThief Reservoir as coordinate-rescue lead.
ks-usace-perry-lake-campgrounds-coordinate-rescue,KS,"Perry Lake valid campgrounds — Rock Creek, Slough Creek, Longview, Old Town",Jefferson / Perry Lake,coordinate_rescue,Modern + Rustic / Primitive components,coordinate_rescue,High,Worker return + official/operator source trail,NO HONEST COORDINATE FOUND,"Official campground proof found, but no official component-safe coordinates recovered; Old Town has partial closure/flood-damage limits.",Use Recreation.gov/RIDB metadata or Perry Lake campground maps/GIS; do not confuse Perry Park day-use or the old wrong-state Old Town trap with valid campground components.,,v23.1.78,Worker 2 preserved Perry Lake valid campgrounds as coordinate-rescue lead.
ks-lead-lovewell-state-park-components,KS,Lovewell State Park — remaining KDWP camping components,Jewell / Lovewell State Park,coordinate_rescue,Modern / Rustic split pending,coordinate_rescue,High,,,Named target unresolved; exact component coordinates not safely recovered.,Use KDWP Lovewell location/area pages and CampItKS reservation metadata; extract camping-area GPS only.,,v23.1.79,
KS-KDWP-LOVEWELL-SP-CAMPGROUNDS-GEOMETRY,KS,Lovewell State Park campground components,Jewell County,blocked_geometry_extraction,Rustic / Primitive,component_geometry_rescue,High,Official KDWP,GEOMETRY BLOCKED / no import-safe coordinate recovered,KDWP lists Cedar Point and Cottonwood camping areas; no exact coordinates recovered.,Extract CampItKS/ReserveAmerica map metadata or official park map/GIS.,,v23.1.82,
ks-lead-cheney-individual-loop-split,KS,"Cheney State Park individual campground loops — North Loop, Smarsh Creek, South Loop, Heimerman Point, Marina, Lakeview, Wichita Point, M&M Point",Kingman/Reno/Sedgwick / Cheney Reservoir,coordinate_rescue,Modern + Rustic / Primitive split pending,coordinate_rescue,High,Worker return + official/operator source trail,NO HONEST COORDINATE FOUND,"Aggregate East/West Shore markers are active, but official loop-level coordinates are blocked.","Extract CampItKS map/devtools, KDWP subarea pages, or park office loop coordinates; do not use gatehouses, ramps, marinas, showerhouses, dump stations, or lake/park centroids.",,v23.1.78,Worker 1 recovered safe active East/West aggregate markers; this lead preserves future loop split.
ks_usace_big_hill_horse_trail_overnight_areas,KS,Big Hill Lake Horse-Trail Overnight Parking/Camping Areas,Labette / Big Hill Lake,coordinate_rescue,Rustic / Primitive,coordinate_rescue,High,,,"Official overnight trail-rider use found, but exact overnight parking/camping area geometry is blocked.",Acquire USACE horse-trail map/GIS or lake-office coordinates for official overnight areas.,,v23.1.79,
ks-usace-big-hill-campgrounds-coordinate-rescue,KS,"Big Hill Lake campgrounds — Mound Valley, Cherryvale Park, Timber Hill",Labette / Big Hill Lake,coordinate_rescue,Modern + Rustic / Primitive components,coordinate_rescue,High,Worker return + official/operator source trail,NO HONEST COORDINATE FOUND,"Official campground proof exists, but no official component-safe coordinates recovered.","Pull RIDB/Recreation.gov facility metadata, official Big Hill GIS, or lake-office campground map. Do not use lake/project/office GPS.",,v23.1.78,Worker 2 preserved Big Hill valid campground components as lead.
ks-usace-big-hill-horse-trail-overnight-lead,KS,Big Hill Lake horse-trail overnight parking/camping areas,Labette / Big Hill Lake,coordinate_rescue,Rustic / Primitive,coordinate_rescue,High,Worker return + official/operator source trail,NO HONEST COORDINATE FOUND,"Official USACE gateway mentions equestrian parking areas with limited facilities usable for overnight camping by trail riders, but geometry blocked.",Acquire official horse trail map/GIS or lake office coordinates. Do not use trailhead/parking lot unless USACE identifies it as overnight camping area.,,v23.1.78,Worker 2 preserved Big Hill equestrian overnight area lead.
ks_usace_big_hill_cherryvale_park_coordinate_rescue,KS,"Cherryvale Park, Big Hill Lake",Labette / Big Hill Lake,coordinate_rescue,Modern,coordinate_rescue,High,,,"Official campground proof found, but no facility-level coordinate recovered in metadata pass.","Pull RIDB/Recreation.gov API metadata, USACE Big Hill GIS/map, or lake-office campground coordinate.",,v23.1.79,
KS-USACE-BIGHILL-CHERRYVALE-PARK-GEOMETRY,KS,"Cherryvale Park, Big Hill Lake",Labette / Big Hill Lake,blocked_geometry_extraction,Modern,coordinate_rescue,High,Official Recreation.gov / USACE,GEOMETRY BLOCKED / no import-safe coordinate recovered,Recreation.gov proves campground and amenities; no safe official lat/lon exposed in accessible page.,Extract Recreation.gov/RIDB facility coordinates or use official USACE campground map/GIS.,,v23.1.82,
KS-USACE-BIGHILL-TIMBER-HILL-PARK-GEOMETRY,KS,"Timber Hill Park, Big Hill Lake",Labette / Big Hill Lake,blocked_geometry_extraction,Rustic / Primitive,coordinate_rescue,High,Official Recreation.gov / USACE,GEOMETRY BLOCKED / no import-safe coordinate recovered,Recreation.gov proves 20-site non-electric campground; exact geometry blocked.,Extract Recreation.gov/RIDB facility coordinates or official USACE map/GIS.,,v23.1.82,
ks_usace_big_hill_timber_hill_coordinate_rescue,KS,"Timber Hill, Big Hill Lake",Labette / Big Hill Lake,coordinate_rescue,Rustic / Primitive,coordinate_rescue,High,,,"Official non-electric campground proof found, but no facility-level coordinate recovered.","Pull RIDB/Recreation.gov API metadata, USACE map/GIS, or lake-office coordinate.",,v23.1.79,
ks_sfl_leavenworth_designated_camping_geometry,KS,Leavenworth State Fishing Lake designated primitive camping,Leavenworth,coordinate_rescue,Rustic / Primitive,coordinate_rescue,High,,,"KDWP confirms primitive camping in designated areas only, but exact southern/designated camping geometry is blocked.",Pull KDWP map/GIS or aerial-verify designated southern camping areas; avoid northern refuge.,,v23.1.79,
ks_usace_marion_french_creek_metadata_rescue,KS,"French Creek Cove, Marion Reservoir",Marion / Marion Reservoir,coordinate_rescue,Rustic / Primitive,coordinate_rescue,High,,,Official campground proof exists; no facility-level coordinate recovered.,"Pull RIDB/API metadata, official Marion Reservoir GIS/map, or lake-office coordinate.",,v23.1.79,
ks_usace_marion_marion_cove_metadata_rescue,KS,"Marion Cove, Marion Reservoir",Marion / Marion Reservoir,coordinate_rescue,Rustic / Primitive,coordinate_rescue,High,,,Official campground proof exists; no facility-level coordinate recovered.,"Pull RIDB/API metadata, official Marion Reservoir GIS/map, or lake-office coordinate.",,v23.1.79,
ks-usace-marion-reservoir-campgrounds-coordinate-rescue,KS,"Marion Reservoir campgrounds — Cottonwood Point, Hillsboro Cove, French Creek, Marion Cove",Marion / Marion Reservoir,coordinate_rescue,Modern + Rustic / Primitive components,coordinate_rescue,High,Worker return + official/operator source trail,NO HONEST COORDINATE FOUND,"Four official campgrounds and 253 campsites are supported by official sources, but facility coordinates blocked.","Use RIDB facility coordinates, official GIS, or georeferenced USACE campground map. Do not use reservoir project GPS.",,v23.1.78,Worker 2 preserved Marion Reservoir as coordinate-rescue lead.
KS-USACE-MARION-FRENCH-CREEK-GEOMETRY,KS,"French Creek, Marion Reservoir",Marion County,blocked_geometry_extraction,Rustic / Primitive,coordinate_rescue,High,Official Recreation.gov / USACE,GEOMETRY BLOCKED / no import-safe coordinate recovered,Recreation.gov proves campground; boat ramp nearby rejected as proxy.,Extract Recreation.gov/RIDB facility coordinate or official Marion Reservoir map geometry.,,v23.1.82,
KS-USACE-MARION-MARION-COVE-GEOMETRY,KS,"Marion Cove, Marion Reservoir",Marion County,blocked_geometry_extraction,Rustic / Primitive,coordinate_rescue,High,Official Recreation.gov / USACE,GEOMETRY BLOCKED / no import-safe coordinate recovered,Recreation.gov identifies Marion Cove as a primitive tent campground; no safe coordinate exposed.,Extract Recreation.gov/RIDB facility coordinate or official Marion Reservoir map geometry.,,v23.1.82,
ks-lead-meade-state-park-components,KS,Meade State Park — remaining KDWP camping components,Meade / Meade State Park,coordinate_rescue,Modern / Rustic split pending,coordinate_rescue,High,,,Named target unresolved; exact component coordinates not safely recovered.,"Use KDWP Meade location/area pages, CampItKS reservation map, and official park map/PDF; extract named campground/camping-area GPS only.",,v23.1.79,
KS-KDWP-MEADE-SP-CAMPGROUNDS-GEOMETRY,KS,Meade State Park campground components,Meade County,blocked_geometry_extraction,Rustic / Primitive,component_geometry_rescue,High,Official KDWP,GEOMETRY BLOCKED / no import-safe coordinate recovered,KDWP lists camp areas; day-use GPS rows must not be used as campsite coordinates.,Contact Meade SP or extract CampItKS/ReserveAmerica map metadata/current closure map.,,v23.1.82,
ks-lead-hillsdale-state-park-components,KS,Hillsdale State Park — remaining KDWP camping components,Miami / Hillsdale State Park,coordinate_rescue,Modern / Rustic split pending,coordinate_rescue,High,,,Named target unresolved; exact component coordinates not safely recovered.,Use KDWP Hillsdale location/area pages and CampItKS reservation map/facility metadata to extract named camping-area coordinates.,,v23.1.79,
ks-miami-sfl-earthen-pier-14-coordinate-lead,KS,Miami State Fishing Lake — Missing Earthen Pier 14 coordinate,Miami / Marais des Cygnes,coordinate_rescue,Rustic / Primitive,coordinate_rescue,High,Official/operator/community worker-return source trail; see v23.1.77 build notes and worker returns,NO HONEST COORDINATE FOUND,"KDWP says fourteen earthen piers are available for primitive camping, but only thirteen official coordinate records were visible in the accessible text.",Obtain KDWP Miami SFL PDF/KML/GIS or area manager confirmation for Pier 14; do not infer from shoreline spacing.,,v23.1.77,Targets: Miami SFL earthen pier 14.
KS-KDWP-HILLSDALE-SP-CAMPGROUNDS-GEOMETRY,KS,Hillsdale State Park campground components,Miami County,blocked_geometry_extraction,Rustic / Primitive,component_geometry_rescue,High,Official KDWP,GEOMETRY BLOCKED / no import-safe coordinate recovered,"KDWP lists Scott Creek, Rabbit Ridge, Russel Crites, Saddle Ridge, and Youth/Scout camp; office/day-use rows rejected.",Extract CampItKS/ReserveAmerica metadata or KDWP official map/GIS.,,v23.1.82,
KS-KDWP-GLEN-ELDER-WACONDA-GEOMETRY,KS,Glen Elder / Waconda State Park campground components,Mitchell / Glen Elder Reservoir,blocked_geometry_extraction,Rustic / Primitive,component_geometry_rescue,High,Official KDWP,GEOMETRY BLOCKED / no import-safe coordinate recovered,KDWP lists named camp areas and counts; no exact campground coordinates recovered.,Extract CampItKS/ReserveAmerica map metadata or KDWP park-office coordinates.,,v23.1.82,
ks-lead-glen-elder-waconda-state-park-components,KS,Glen Elder / Waconda Lake State Park — remaining KDWP camping components,Mitchell / Glen Elder-Waconda,coordinate_rescue,Modern / Rustic split pending,coordinate_rescue,High,,,Named target unresolved; exact component coordinates not safely recovered.,Use KDWP Glen Elder/Waconda location and area pages plus CampItKS reservation map/facility metadata to extract named component GPS.,,v23.1.79,
ks-lead-elk-city-state-park-components,KS,"Elk City State Park components — Timber Road, Day Use camping area, Comfort Cove",Montgomery / Elk City Reservoir,coordinate_rescue,Modern + Rustic / Primitive split pending,coordinate_rescue,High,Worker return + official/operator source trail,NO HONEST COORDINATE FOUND,"Official camping proof exists for Timber Road, Day Use camping area, and Comfort Cove; exact component GPS blocked.",Retrieve KDWP area pages or CampItKS metadata. Term “Day Use” has official camping counts but needs component-safe coordinate and popup clarity.,,v23.1.78,Worker 1 returned Elk City as coordinate-rescue lead.
ks-usace-council-grove-unresolved-components,KS,"Council Grove Lake unresolved components — Kit Carson, Neosho Park, Kanza View, North Richey Cove",Morris / Council Grove Lake,coordinate_rescue,Modern + Rustic / Primitive,needs_verification,High,Worker return + official/operator source trail,NO HONEST COORDINATE FOUND,Kit Carson/Neosho/Kanza lack GPS; North Richey has official conflict between Recreation.gov listing and USACE “camping not currently available.”,Contact lake office or pull current RIDB/Recreation.gov facility metadata and official map/GIS. Do not active-add North Richey until resolved.,,v23.1.78,Worker 2 active-added Canning Creek/Richey Cove/Santa Fe Trail were duplicates of v23.1.77 and were not re-added.
ks-neosho-sfl-primitive-sites-coord-rescue,KS,Neosho State Fishing Lake — three primitive campsites coordinate rescue,Neosho / St. Paul area,coordinate_rescue,Rustic / Primitive,coordinate_rescue,High,Official/operator/community worker-return source trail; see v23.1.77 build notes and worker returns,NO HONEST COORDINATE FOUND,"KDWP confirms three primitive campsites, but accessible text did not expose exact primitive-site coordinates; shelterhouse coordinate is a separate reservable camping facility.",Acquire KDWP map/GIS/KMZ or contact KDWP manager for the three primitive campsite coordinates.,,v23.1.77,Targets: Neosho SFL three primitive campsites.
ks-worker6-north-blocked-campgrounds-coordinate-rescue,KS,Kansas Worker 6 north/Smoky Hills blocked campground coordinate-rescue bundle,Northern Kansas / Republican-Smoky Hills / north-central reservoirs,coordinate_rescue,Mixed Modern + Rustic / Primitive,coordinate_rescue,High,Official/operator/community worker-return source trail; see v23.1.77 build notes and worker returns,NO HONEST COORDINATE FOUND,"Official campground/camping proof exists for multiple targets, but exact campground/campsite coordinates were blocked; state park/reservoir/community targets require official geometry or map extraction.","Recover KDWP Google Earth/KML maps, CampItKS/ReserveAmerica data, RIDB/Recreation.gov facility geometry, USACE maps, or city/county campground maps.",,v23.1.77,Targets: Jewell SFL six designated primitive sites; Washington SFL; Brown SFL; Rooks SFL; Geary SFL; Lovewell; Glen Elder; Milford; Tuttle Creek; Wilson SP; Kanopolis Venango/Riverside; Wilson Lake Lucas/Minooka/Sylvan; Milford Curtis/Farnum; Belleville Rocky Pond; Marysville City Park; Washington City Park; Atchison County Lake; Mission Lake Horton.
KS-KDWP-EISENHOWER-SP-CAMPGROUNDS-GEOMETRY,KS,Eisenhower State Park campground components,Osage / Melvern Lake,blocked_geometry_extraction,Modern,component_geometry_rescue,High,Official KDWP,GEOMETRY BLOCKED / no import-safe coordinate recovered,"KDWP proves utility, shower, primitive, and equestrian camping; exact component geometry blocked.",Extract CampItKS/ReserveAmerica metadata or KDWP official map/GIS.,,v23.1.82,
ks-lead-eisenhower-state-park-components,KS,Eisenhower State Park — remaining KDWP camping components,Osage / Melvern Lake / Eisenhower State Park,coordinate_rescue,Modern / Rustic split pending,coordinate_rescue,High,,,Named target unresolved; exact component coordinates not safely recovered.,Use KDWP Eisenhower location/area pages and CampItKS reservation map/facility metadata to extract named campground/camping-area coordinates.,,v23.1.79,
ks-usace-pomona-lake-campgrounds-coordinate-rescue,KS,"Pomona Lake campgrounds — Wolf Creek, Outlet, Michigan Valley, Carbolyn",Osage / Pomona Lake,coordinate_rescue,Modern,coordinate_rescue,High,Worker return + official/operator source trail,NO HONEST COORDINATE FOUND,"Official campground proof found, but no official component-safe coordinates recovered.",Use RIDB/Recreation.gov facility metadata or official USACE map/GIS. Do not use Pomona project/gateway coordinates.,,v23.1.78,Worker 2 preserved Pomona Lake as coordinate-rescue lead.
ks-lead-lake-atwood-south-campground-coordinate,KS,Lake Atwood South Campground / RV hookups coordinate history,Rawlins / Atwood,coordinate_rescue,Modern,resolved_in_active,High,Worker return + official/operator source trail,NO HONEST COORDINATE FOUND,Worker 3 flagged coordinate as blocked; Tod provided v23.1.78 coordinate resolution and active row was updated.,Keep as history/QA lead tied to active row; upgrade if official city/GIS coordinate becomes available.,,v23.1.78,Active row ks-lake-atwood-lions-rv-park updated in v23.1.78 with Tod-provided coordinate resolution; do not downgrade.
KS-KDWP-TUTTLE-CREEK-SP-CAMPGROUNDS-GEOMETRY,KS,Tuttle Creek State Park campground components,Riley / Pottawatomie,blocked_geometry_extraction,Rustic / Primitive,component_geometry_rescue,High,Official KDWP,GEOMETRY BLOCKED / no import-safe coordinate recovered,KDWP lists multiple campgrounds and current high-water access alert; exact geometry blocked.,Extract CampItKS/ReserveAmerica map metadata; check current KDWP closure/access news before active import.,,v23.1.82,
ks-lead-tuttle-creek-state-park-components,KS,Tuttle Creek State Park — remaining KDWP camping components,Riley / Pottawatomie / Tuttle Creek State Park,coordinate_rescue,Modern / Rustic split pending,coordinate_rescue,High,,,Named target unresolved; exact component coordinates not safely recovered.,Use KDWP Tuttle Creek location/area pages and CampItKS reservation metadata to extract exact camping-area GPS.,,v23.1.79,
ks-usace-tuttle-creek-campgrounds-coordinate-rescue,KS,Tuttle Creek Lake campgrounds — Tuttle Creek Cove and Stockdale,Riley/Pottawatomie / Tuttle Creek Lake,coordinate_rescue,Modern,coordinate_rescue,High,Worker return + official/operator source trail,NO HONEST COORDINATE FOUND,"Official campground proof found, but no official component-safe coordinates recovered.",Use RIDB/Recreation.gov metadata or official USACE map/GIS. Reject Outlet Park/day-use group shelter proxy.,,v23.1.78,Worker 2 preserved Tuttle Creek valid federal campgrounds as coordinate-rescue lead.
KS-KDWP-WILSON-SP-CAMPGROUNDS-GEOMETRY,KS,Wilson State Park campground components,Russell / Lincoln / Wilson Reservoir,blocked_geometry_extraction,Rustic / Primitive,component_geometry_rescue,High,Official KDWP,GEOMETRY BLOCKED / no import-safe coordinate recovered,KDWP lists Hell Creek and Otoe camping areas; possible legacy Wilson active requires duplicate review.,"Supervisor should inspect legacy Wilson row, then extract official CampItKS map metadata.",,v23.1.82,
ks-lead-wilson-state-park-components,KS,Wilson State Park — remaining KDWP camping components,Russell / Lincoln / Wilson State Park,coordinate_rescue,Modern / Rustic split pending,coordinate_rescue,High,,,Named target unresolved; exact component coordinates not safely recovered.,"Use KDWP Wilson state park location/area pages, CampItKS reservation map, and official map/PDF/GIS to extract named campground/camping-area GPS.",,v23.1.79,
ks-usace-wilson-lake-campgrounds-coordinate-rescue,KS,"Wilson Lake campgrounds — Lucas Park, Minooka Park, Sylvan Park",Russell/Lincoln / Wilson Lake,coordinate_rescue,Modern,coordinate_rescue,High,Worker return + official/operator source trail,NO HONEST COORDINATE FOUND,"Official campground proof found, but no official component-safe coordinates recovered.",Use RIDB/Recreation.gov metadata or official USACE map/GIS. Do not use Wilson Lake project coordinates.,,v23.1.78,Worker 2 preserved Wilson Lake federal campgrounds as coordinate-rescue lead.
ks-lead-historic-lake-scott-state-park-components,KS,Historic Lake Scott State Park — remaining KDWP camping components,Scott / Historic Lake Scott State Park,coordinate_rescue,Modern / Rustic split pending,coordinate_rescue,High,,,Named target unresolved; exact component coordinates not safely recovered.,"Use KDWP location/area pages first, then CampItKS reservation map/facility metadata, official map/PDF/GIS, and park-office confirmation if needed.",,v23.1.79,
KS-KDWP-HISTORIC-LAKE-SCOTT-CAMPGROUNDS-GEOMETRY,KS,Historic Lake Scott State Park campground components,Scott County,blocked_geometry_extraction,Rustic / Primitive,component_geometry_rescue,High,Official KDWP,GEOMETRY BLOCKED / no import-safe coordinate recovered,KDWP lists multiple campground components but exact coordinates are blocked; cabin coordinates rejected as proxies.,Extract CampItKS/ReserveAmerica campground map metadata or georeference official park brochure/map.,,v23.1.82,
ks-lead-arkalon-park-coordinate-conflict-qa,KS,Arkalon Park Campground coordinate-conflict QA,Seward / Liberal,coordinate_rescue,Modern,resolved_in_active,High,Worker return + official/operator source trail,NO HONEST COORDINATE FOUND,Worker 3 flagged coordinate conflict; Tod provided v23.1.78 coordinate resolution and official city page.,Keep as history/QA lead tied to active row; upgrade if official city/GIS coordinate becomes available.,,v23.1.78,Active row ks-seward-arkalon-park-campground updated in v23.1.78 with Tod-provided coordinate resolution; do not downgrade.
ks-lead-smoky-gardens-rv-dry-camping-coordinate,KS,Smoky Gardens Campground,Sherman / Goodland,coordinate_rescue,Modern,coordinate_rescue_official_camping_proof_strong,High,Worker return + official/operator source trail,NO HONEST COORDINATE FOUND,"Sherman County confirms camping and 15 RV electric/water spots, but exact RV-pad/camping-zone coordinate was not recovered; broad park address/pond/park centroid is not acceptable.","Acquire Sherman County park map, county GIS/aerial map, official Soldiers Memorial Park campground map, or direct county confirmation of RV-pad/camping zone location.",,v23.1.79,Worker 3 kept Smoky Gardens as coordinate-rescue lead.
ks-worker8-south-southeast-blocked-campgrounds-coordinate-rescue,KS,Kansas Worker 8 south/southeast blocked campground coordinate-rescue bundle,"South / south-central / southeast Kansas reservoirs, Neosho/Verdigris systems, city/county lakes",coordinate_rescue,Mixed Modern + Rustic / Primitive,coordinate_rescue,High,Official/operator/community worker-return source trail; see v23.1.77 build notes and worker returns,NO HONEST COORDINATE FOUND,"Official campground/camping proof exists, but campground-loop/campsite coordinates were not extractable; do not use lake centers, ramps, dams, offices, or broad park GPS as campsite pins.","Pull CampItKS/ReserveAmerica/Recreation.gov/RIDB facility metadata, official campground PDFs, city/county GIS, or agency/caretaker confirmed camp-area coordinates.",,v23.1.77,Targets: Neosho primitive sites; Montgomery SFL angler campsites; Barber SFL; Woodson SFL; Big Hill 160 Horse/Cherryvale Horse/Cherryvale/Mound Valley; Whitehall Bay; Cheney SP; El Dorado SP; Cross Timbers; Elk City; Fall River; Crawford; Lake Parsons; Lake Afton; Harvey County East Park; Wellington Lake; Winfield City Lake; Santa Fe Lake; Marion Reservoir.
ks-lead-manifest-load-audit,KS,Kansas state file exists but is missing from stable manifest,Statewide / runtime loader,needs_supervisor_review,"Info / Reference / QA, not campsite layer",needs_supervisor_review,High,Active repo manifest + data/states/KS.js,Not applicable,"data/states/KS.js exists with two rows, but KS is absent from data/states-manifest.js, so Kansas rows will not reliably load through the stable manifest.","Supervisor/package builder should decide whether to add KS to manifest, remove/hold the bad KS rows, or rebuild KS from scratch. Do not treat this as campsite research.",data/states/KS.js rows s660 Old Town Park and s954 US National Forest Campground Guide,v23.1.54-historical-backfill,This is a recurring project trap worth preserving even though it is not a campsite.
KS-KDWP-CEDAR-BLUFF-BLUFFTON-GEOMETRY,KS,Cedar Bluff State Park — Bluffton Area,Trego / Cedar Bluff Reservoir,blocked_geometry_extraction,Modern,coordinate_rescue,High,Official KDWP,GEOMETRY BLOCKED / no import-safe coordinate recovered,KDWP proves developed Bluffton camping area and amenities; exact geometry blocked.,"Extract CampItKS/ReserveAmerica map metadata, official park map/GIS, or park office coordinate.",,v23.1.82,
KS-KDWP-CEDAR-BLUFF-PAGE-CREEK-GEOMETRY,KS,Cedar Bluff State Park — Page Creek Area,Trego / Cedar Bluff Reservoir,blocked_geometry_extraction,Modern,coordinate_rescue,High,Official KDWP,GEOMETRY BLOCKED / no import-safe coordinate recovered,KDWP proves Page Creek camping area and amenities; exact subarea geometry blocked.,"Extract CampItKS/ReserveAmerica metadata, official map/GIS, or park office coordinate.",,v23.1.82,
ks-lead-cedar-bluff-bluffton-area,KS,Cedar Bluff State Park — Bluffton Area Camping Components,Trego / Cedar Bluff State Park,coordinate_rescue,Modern / Rustic split pending,coordinate_rescue,High,,,Cedar Bluff Bluffton component details/coordinates were not fully extracted during this pass.,Recover KDWP Bluffton area GPS and CampItKS facility/site metadata; do not use lake/reservoir/park centroid.,,v23.1.79,
ks-lead-cedar-bluff-page-creek-subarea-split,KS,Cedar Bluff State Park — Page Creek subareas,Trego / Cedar Bluff State Park,coordinate_rescue,Modern / Rustic split pending,coordinate_rescue,High,,,Parent Page Creek active candidate recovered; subarea coordinates require KDWP subarea pages or CampItKS geometry.,"Use linked KDWP subarea pages, CampItKS facility/site metadata, or KDWP map/PDF/GIS before adding separate subpins.",,v23.1.79,
ks-worker5-west-blocked-campgrounds-coordinate-rescue,KS,Kansas Worker 5 west/High Plains blocked campground coordinate-rescue bundle,Western Kansas / High Plains / Cimarron / Arkansas River west,coordinate_rescue,Mixed Modern + Rustic / Primitive,coordinate_rescue,High,Official/operator/community worker-return source trail; see v23.1.77 build notes and worker returns,NO HONEST COORDINATE FOUND,"Official or operator camping proof exists for multiple targets, but honest campground-loop/campsite coordinates were not recovered from accessible source text. Parking, lake-center, dam, office, broad park, and community-only points were not used.","Recover KDWP KML/PDF/GIS, official city/county maps, CampItKS/ReserveAmerica metadata, operator maps, or manager-confirmed GPS before active import.",,v23.1.77,Targets: Hain SFL; Concannon SFL; Hamilton SFL; Syracuse Sand Dunes; Smoky Gardens; Coldwater Lake; Historic Lake Scott; Meade SP; Cedar Bluff SP Page Creek/Bluffton; Cedar Bluff WA third designated area; HorseThief Reservoir.
ks-lead-campitks-western-kdwp-targets,KS,"Western/north-central KDWP state-park targets — Cedar Bluff Page Creek/Bluffton, Historic Lake Scott, Meade, Glen Elder/Waconda, Lovewell, Wilson",Western/north-central Kansas KDWP state parks,coordinate_rescue,Modern + Rustic / Primitive split pending,coordinate_rescue,High,Worker return + official/operator source trail,NO HONEST COORDINATE FOUND,Known KDWP target pile; exact component coordinates remain blocked.,"Run per-park KDWP Areas pages, CampItKS devtools/site metadata, downloadable park PDFs/maps, or park office coordinate confirmations.",,v23.1.78,Worker 1 preserved western/north-central KDWP targets as lead bundle.
ks-lead-cross-timbers-subloop-split,KS,"Cross Timbers State Park component split — Timber Ridge, Osage Plains, Clovis Point, Sandstone, Holiday Hill/Blackjack",Woodson / Toronto Reservoir,coordinate_rescue,Modern + Rustic / Primitive split pending,coordinate_rescue,High,Worker return + official/operator source trail,NO HONEST COORDINATE FOUND,"Toronto Point and Holiday Hill/Blackjack aggregate markers are active, but subloop coordinates are blocked.",Extract KDWP subarea pages and CampItKS/ReserveAmerica facility metadata; verify Mann’s Cove exception before Modern classification.,,v23.1.78,Worker 1 recovered aggregate official GPS for Toronto Point and Holiday Hill.
ia-lead-rathbun-water-trail-official-map,IA,Rathbun Water Trail / water-corridor camping check,Appanoose / Rathbun Lake water trail,geometry_or_gis_extraction,Boat / Backpack only if official overnight sites are proven,area/geometry follow-up,Medium,USACE official map link,USACE Rathbun page links a Rathbun Water Trail map. No overnight/water-access camping points were parsed; needs map review before any Boat/Backpack record.,"Do not import water trail, boat ramps, or lake center as camping.",Review official water trail map for campable points; reject if no overnight sites.,,v23.1.64,Kansas City District Rathbun Lake page
ia-nv-amanas-rv-park-event-center,IA,Amana RV Park & Event Center,Iowa / Amana Colonies,needs_verification,Private Campgrounds,needs_public_operator_coord_check,Medium,Private/operator,Operator source likely exists; coordinate and current transient/public status need confirmation.,In county lock; not official public but private public-facing is in scope.,"Verify operator amenities, transient status, and coordinate.",,v23.1.63,https://amanarvpark.com/
ia-nv-sleepy-hollow-rv-park-oxford,IA,Sleepy Hollow RV Park & Campground,Johnson / Oxford area,needs_verification,Private Campgrounds,needs_public_operator_coord_check,Medium,Private/operator / directory lead,Operator/current source and coordinate not fully resolved.,Do not import from stale directory only.,Find operator proof or 3-source community proof.,,v23.1.63,
ia-nv-monticello-jellystone,IA,Monticello Jellystone Park Camp-Resort,Jones,needs_verification,Private Campgrounds,needs_public_operator_coord_check,Medium,Private/operator,Operator source likely exists; exact campground coordinate and current public/transient status need confirmation.,Private is in scope if public-facing.,Verify source and coordinate.,,v23.1.63,https://jellystonemonticello.com/
ia-nv-country-dreams-campground,IA,Country Dreams Campground,Louisa / Columbus Junction area,needs_verification,Private Campgrounds,needs_public_operator_coord_check,Medium,Private/operator / directory lead,Operator/current source and coordinate not fully resolved.,Do not import stale/private lead blindly.,Verify current public-facing overnight camping and coordinate.,,v23.1.63,
ks_sfl_atchison_south_east_primitive_geometry,KS,Atchison State Fishing Lake primitive camping,Atchison,coordinate_rescue,Rustic / Primitive,coordinate_rescue,Medium,,,"KDWP says primitive camping allowed on south and east side, but exact camping areas are blocked.",Extract exact south/east camping areas from official map/aerial; do not conflate with Atchison County Lake.,,v23.1.79,
KS-KDWP-CRAWFORD-LAKEVIEW-GROUP-GEOMETRY,KS,Crawford State Park — Lake View Group Use Area,Crawford County,blocked_geometry_extraction,Rustic / Primitive,coordinate_rescue,Medium,Official KDWP,GEOMETRY BLOCKED / no import-safe coordinate recovered,KDWP proves camping/reservable/electric group-use component; exact area coordinate blocked.,Extract CampItKS/ReserveAmerica map metadata or request Crawford SP office coordinate.,,v23.1.82,
KS-USACE-BIGHILL-HORSE-TRAIL-OVERNIGHT-GEOMETRY,KS,Big Hill Lake horse-trail overnight areas,Labette / Big Hill Lake,blocked_geometry_extraction,Rustic / Primitive,area_geometry_rescue,Medium,Official Recreation.gov / USACE,GEOMETRY BLOCKED / no import-safe coordinate recovered,"Official Big Hill/Recreation.gov gateway confirms overnight horse-trail use by trail riders, but exact overnight-area coordinates are unresolved.",Acquire official horse-trail overnight-area map/GIS or USACE project-office coordinates.,,v23.1.82,
ks_sfl_mcpherson_primitive_geometry,KS,McPherson State Fishing Lake primitive camping,McPherson,coordinate_rescue,Rustic / Primitive,coordinate_rescue,Medium,,,Public app reports overnight primitive camping; official page/geometry not fully recovered.,Pull official KDWP page/map and aerial-check camping area.,,v23.1.79,
ks_sfl_ottawa_primitive_geometry,KS,Ottawa State Fishing Lake primitive camping,Ottawa,coordinate_rescue,Rustic / Primitive,coordinate_rescue,Medium,,,Public app reports overnight primitive camping; official page/geometry not fully recovered.,Recover official KDWP page/map and designated camping geometry.,,v23.1.79,
