id,state,name,countyRegion,leadType,likelyLayer,status,priority,sourceType,coordinateConfidence,blocker,nextAction,relatedActiveOrPendingRecord,lastCheckedVersion,notes
ne-lead-streeter-park-identity-proof,NE,Streeter Park Campground identity / municipal proof,"Aurora / Hamilton County area, verify",coordinate_rescue / agency_contact_needed,"Rustic / Primitive, Modern Campgrounds, or Needs Verification",coordinate_rescue,High,Active state file + municipal/operator proof needed,Low,"Active description says “Or maybe one of the other parks in town,” so identity and coordinate are unresolved.","Verify exact campground/park name, city/county operator source, camping permission, coordinate, and service level. Reject or move to Needs Verification if no honest identity can be made.",s886 Streeter Park Campground,v23.1.54-historical-backfill,Similar to Bow Creek: the old row admits it may be wrong.
ne-lead-nnf-bessey-natick-campground-geography-review,NE,Natick Campground,Bessey Ranger District / western Sandhills edge,coordinate_rescue,Rustic / Primitive,Official USFS campground; geography edge review,High,USFS official,Official USFS search-result coordinate / medium-high,"Good non-modern lead, but likely just outside the named western counties",Add lead pending geography acceptance,,v23.1.68,"USFS search result lists Natick as a 17-unit campground with 20 corrals, vault toilets, no potable water, and official coordinates. ([US Forest Service][7])"
ne-lead-bow-creek-recreation-area-identity-coordinate,NE,Bow Creek Recreation Area identity / coordinate rescue,"Bow Creek / northeast NE, verify county",coordinate_rescue,Rustic / Primitive or Boondocking / Dispersed,coordinate_rescue,High,Active state file; future official/operator proof needed,Low,Active description says it might be a different Bow Creek stop and only “somewhere near here.” That is not an honest exact campsite coordinate.,"Find official USACE/local/operator page, campground/recreation-area map, or community proof. Replace coordinate if a real campground/camping area is proven; otherwise move to rejected/no-honest-map-record.",s129 Bow Creek Recreation Area,v23.1.54-historical-backfill,High-value cleanup because the row itself confesses the problem.
ne-lead-ne-brown-ainsworth-east-city-park-campground,NE,Ainsworth East City Park Campground,Brown / Ainsworth,coordinate_rescue,Rustic / Primitive,New active candidate,High,City official,Official city proof; coordinate needs final snap,"Active candidate proof exists, but no import-safe coordinate was available in the worker return. Address/map/reservation coordinate rescue required.",Add active after coordinate check,,v23.1.68,"City says tents and RVs are allowed in East City Park, first-come/first-served, April–October, with no-hookup tent and water/electric RV rates plus dump fee. ([cityofainsworth.com][16])"
ne-long-pine-sra-basic-campground-coordinate-rescue,NE,Long Pine SRA Basic Campground,Brown / Long Pine,coordinate_rescue,Rustic / Primitive,coordinate_rescue,High,NE_W4 v23.1.69 worker return / supervisor reconciliation,NO HONEST ACTIVE COORDINATE ACCEPTED,"Good non-modern target, coordinate blocked",Extract official campground map/GIS,,v23.1.69,
ne-lead-long-pine-sra-basic-campground-coordinate-rescue,NE,Long Pine SRA Basic Campground,Brown / Long Pine Creek,coordinate_rescue,Rustic / Primitive,Official coordinate rescue lead,High,Nebraska Game & Parks,Official address/proof; exact campground point not extracted,Good non-modern target,Add lead; promote after coordinate snap,,v23.1.68,"NGPC says Long Pine has eight non-electric pads and 21 non-pad Basic sites, all first-come, first-served, with 14-day stay limit. ([Nebraska Game & Parks Commission][10])"
ne-lead-sandy-channel-sra-primitive-campground,NE,Sandy Channel SRA Primitive Camping,Buffalo / Elm Creek-Kearney corridor,coordinate_rescue,Rustic / Primitive,coordinate_rescue,High,NE_W5 v23.1.69 worker return / supervisor reconciliation,NO HONEST ACTIVE COORDINATE ACCEPTED,Strong non-modern lead,Add lead,,v23.1.69,
ne-lead-union-pacific-sra-basic-camping,NE,Union Pacific SRA Basic Camping,Buffalo / Kearney,coordinate_rescue,Rustic / Primitive,coordinate_rescue,High,NE_W5 v23.1.69 worker return / supervisor reconciliation,NO HONEST ACTIVE COORDINATE ACCEPTED,Small obvious central-corridor primitive/basic miss,Add lead,,v23.1.69,
ne-lead-ne-buffalo-sandy-channel-sra,NE,Sandy Channel SRA campground,Buffalo / Kearney-Gibbon,coordinate_rescue,Rustic / Primitive,active_candidate,High,Nebraska Game & Parks,Official proof; coordinate not recovered,"Active candidate proof exists, but no import-safe coordinate was available in the worker return. Address/map/reservation coordinate rescue required.",Add lead if coordinate unavailable,,v23.1.68,"NGPC says Sandy Channel offers 30 non-pad campsites without electricity, year-round, first-come-first-served. ([Nebraska Game & Parks Commission][18])"
ne-lead-ravenna-annevar-park-rv-camping-coordinate-rescue,NE,Annevar Park RV Hookups,Buffalo / Ravenna,coordinate_rescue,Rustic / Primitive or Modern after shower proof,lead_coordinate_rescue,High,City official,Official city proof; coordinate not safely recovered,Electric/water alone does not prove Modern; layer after restroom/shower proof,Add lead,,v23.1.68,"City of Ravenna says Annevar Park has 10 RV hookups with water and electric, first-come-first-served, plus dump station nearby. ([Ravenna][29])"
ne-lead-ravenna-buffalo-county-recreation-area-camping,NE,Buffalo County Recreation Area / Ravenna Lake Campground,Buffalo / Ravenna,coordinate_rescue,Modern + Rustic / Primitive,coordinate_rescue,High,NE_W5 v23.1.69 worker return / supervisor reconciliation,NO HONEST ACTIVE COORDINATE ACCEPTED,Don’t final-proof solely from tourism/directory snippets,Add lead; verify with county/operator,,v23.1.69,
ne-lead-summit-lake-primitive-equestrian-camping,NE,Summit Lake Primitive Equestrian Camping,Burt / Summit Lake,coordinate_rescue,Rustic / Primitive,coordinate_rescue,High,NE_W6 v23.1.69 worker return / supervisor reconciliation,NO HONEST ACTIVE COORDINATE ACCEPTED,Don’t make this look like always-open horse camping,Add lead,,v23.1.69,
ne-lead-ne-w8-pelican-point-sra,NE,Pelican Point SRA,Burt / Tekamah,coordinate_rescue,Rustic / Primitive,Official proof strong; coordinate rescue needed,High,Official state,Official NGPC page,"Active candidate proof exists, but no import-safe coordinate was available in the worker return. Address/map/reservation coordinate rescue required.",Add after coordinate rescue,,v23.1.68,"NGPC lists six primitive campsites, vault restrooms, no potable water, and Missouri River access. ([Nebraska Game & Parks Commission][21])"
ne-lead-ne-w8-summit-lake-sra,NE,Summit Lake SRA,Burt / Tekamah,coordinate_rescue,Rustic / Primitive,Official proof strong; coordinate rescue needed,High,Official state,Official NGPC page,"Active candidate proof exists, but no import-safe coordinate was available in the worker return. Address/map/reservation coordinate rescue required.",Add after coordinate rescue,,v23.1.68,"NGPC lists Electric Plus and Basic camping, primitive overnight equestrian by superintendent approval, water, shower house, primitive restrooms, dump station. ([Nebraska Game & Parks Commission][20])"
ne-burt-pelican-point-sra-primitive-campground,NE,Pelican Point SRA Primitive Campground,Burt / Tekamah / Missouri River,coordinate_rescue,Rustic / Primitive,coordinate_rescue,High,NE_W6 v23.1.69 worker return / supervisor reconciliation,NO HONEST ACTIVE COORDINATE ACCEPTED,Missouri River primitive target,Add active after coordinate snap,,v23.1.69,
ne-lead-ne-w8-oxbow-trail-nrd,NE,Oxbow Trail Recreation Area,Butler / Ulysses,coordinate_rescue,Rustic / Primitive,Official NRD proof strong,High,Official NRD,Official NRD address/page; coordinate needed,"Active candidate proof exists, but no import-safe coordinate was available in the worker return. Address/map/reservation coordinate rescue required.",Add after coordinate spot-check,,v23.1.68,"Upper Big Blue NRD says Oxbow Trail is open to hiking and camping; NRD page lists camping, restrooms, tent camping. ([upperbigblue.org][45])"
ne-lead-ne-w8-louisville-platte-river-special-site,NE,Louisville SRA special Platte River campsite,Cass / Louisville,coordinate_rescue,Boat / Backpack or Rustic / Primitive,Strong lead; exact coordinate blocked,High,Official state,Official NGPC page mentions special campsite; exact point unavailable,Do not use boat ramp or beach as proxy,Add lead,,v23.1.68,NGPC notes a special campsite on the Platte River. ([Nebraska Game & Parks Commission][27])
ne-lead-ne-w8-platte-river-basic-sites,NE,Platte River State Park basic sites,Cass / Louisville,coordinate_rescue,Rustic / Primitive,Strong lead; exact coordinate needed,High,Official state,Official NGPC confirms four basic sites,Do not merge with full-hookup loop if split layer desired,Add lead,,v23.1.68,NGPC says four basic first-come sites are available near the playground. ([Nebraska Game & Parks Commission][26])
ne-lead-louisville-sra-special-platte-river-campsite,NE,Louisville SRA Special Platte River Campsite,Cass / Louisville / Platte River,coordinate_rescue,Boat / Backpack,coordinate_rescue,High,NE_W6 v23.1.69 worker return / supervisor reconciliation,NO HONEST ACTIVE COORDINATE ACCEPTED,Very good Boat/Backpack candidate but exact point blocked,Add durable lead,,v23.1.69,
ne-lead-platte-river-state-park-basic-campsites-water-trail-context,NE,Platte River SP Basic Campsites / Water Trail Context,Cass / Platte River SP,coordinate_rescue,Rustic / Primitive / Boat-Backpack context,coordinate_rescue,High,NE_W6 v23.1.69 worker return / supervisor reconciliation,NO HONEST ACTIVE COORDINATE ACCEPTED,Basic sites are separate from full-hookup campground,Add lead,,v23.1.69,
ne-lead-cass-weeping-water-city-campground-coordinate-rescue,NE,Weeping Water City Campground,Cass / Weeping Water,coordinate_rescue,Rustic / Primitive,coordinate_rescue,High,NE_W7 v23.1.69 worker return / supervisor reconciliation,NO HONEST ACTIVE COORDINATE ACCEPTED,No shower proof; Rustic safest unless upgraded,Add lead,,v23.1.69,
ne-lead-ne-w8-weeping-water-city-campground,NE,Weeping Water City Lake / Campground,Cass / Weeping Water,coordinate_rescue,Rustic / Primitive,Official city proof; coordinate rescue needed,High,Official city,City campground page; exact camping area needed,"Active candidate proof exists, but no import-safe coordinate was available in the worker return. Address/map/reservation coordinate rescue required.",Add after coordinate rescue,,v23.1.68,City lists campground fees for electrical and tent camping; visitor page confirms City Lake camping. ([City of Weeping Water Nebraska][37])
ne-lead-central-south-wma-primitive-camping-geometry,NE,Central/South Nebraska WMA Primitive Camping Geometry,Central Platte / Republican / Loup / Sandhills edge,geometry_cleanup,Boondocking / Dispersed,geometry_cleanup,High,NE_W5 v23.1.69 worker return / supervisor reconciliation,NO HONEST ACTIVE COORDINATE ACCEPTED,No statewide mush pin. Extract specific WMA polygons/access/legal camping status.,Update or add durable geometry lead,,v23.1.69,
ne-lead-enders-sra-and-rock-creek-lake-campground-splits,NE,Enders Reservoir SRA and Rock Creek Lake SRA campgrounds,Chase / Dundy edge,coordinate_rescue,Modern Campgrounds + Rustic / Primitive,Official proof; coordinate extraction needed,High,Nebraska Game & Parks official,Official page proof; exact campground points not extracted,Southwest reservoir campgrounds in lock; good non-modern component at Rock Creek,Add lead,,v23.1.68,"NGPC says Enders has Electric Plus, Primitive, and Basic camping with showers/restrooms/water/dump station; Rock Creek Lake has Basic camping, 23 non-pad sites, vault toilets, and no fresh water. ([Nebraska Game & Parks Commission][19])"
ne-lead-enders-reservoir-primitive-nonpad-areas,NE,Enders Reservoir Primitive / Non-Pad Camping Areas,Chase / Enders,coordinate_rescue,Rustic / Primitive,coordinate_rescue,High,NE_W5 v23.1.69 worker return / supervisor reconciliation,NO HONEST ACTIVE COORDINATE ACCEPTED,Do not pin lake center or dam,Add lead,,v23.1.69,
ne-lead-enders-reservoir-sra-campground-components,NE,Enders Reservoir SRA campground components,Chase / Hitchcock edge,coordinate_rescue,Modern + Rustic / Primitive split,component_coordinate_rescue,High,Nebraska Game & Parks,Official proof; exact component coordinates not safely recovered,"Center Dam name is a trap—pin campground, not dam.",Add lead,,v23.1.68,"NGPC says Enders has Electric Plus, Primitive and Basic campsites, showers, modern restrooms, drinking water, dump/fill station, and campground maps for Area A, Area B, and Center Dam. ([Nebraska Game & Parks Commission][15])"
ne-lead-samuel-r-mckelvie-nf-dispersed-mvum-area,NE,Samuel R. McKelvie NF Dispersed / MVUM Camping Rule Area,Cherry / McKelvie NF,research_needed,Boondocking / Dispersed,Area/GIS extraction lead,High,USFS official,Official rule/source family found; geometry not extracted,Do not fake a forest-center pin,Add durable area-outline lead,,v23.1.68,USFS OHV guidance says dispersed camping depends on MVUM routes that allow camping up to 300 feet off either side; McKelvie page identifies the forest and Steer Creek campground. ([US Forest Service][8])
ne-w8-mckelvie-nf-mvum-dispersed-corridors,NE,Samuel R. McKelvie NF MVUM dispersed camping corridors,Cherry / McKelvie NF,coordinate_rescue,Boondocking / Dispersed,coordinate_rescue,High,NE_W8 v23.1.69 worker return / supervisor reconciliation,NO HONEST ACTIVE COORDINATE ACCEPTED,Separate from formal campgrounds and WMA dots.,Add area/rule candidate after route GIS extraction,,v23.1.69,
ne-cottonwood-lake-sra-campground-coordinate-rescue,NE,Cottonwood Lake SRA Campground,Cherry / Merriman,coordinate_rescue,Rustic / Primitive,coordinate_rescue,High,NE_W4 v23.1.69 worker return / supervisor reconciliation,NO HONEST ACTIVE COORDINATE ACCEPTED,Rejected ND Cottonwood rows do not block this NE public SRA,Extract official map/GIS or campground loop coordinate,,v23.1.69,
ne-lead-ne-cherry-cottonwood-lake-sra-primitive-campground,NE,Cottonwood Lake SRA Primitive Campground,Cherry / Merriman,coordinate_rescue,Rustic / Primitive,New active candidate,High,Nebraska Game & Parks,Official proof; exact campground coordinate still needs extraction,"Active candidate proof exists, but no import-safe coordinate was available in the worker return. Address/map/reservation coordinate rescue required.",Add lead if importer requires lat/lon; otherwise active after map snap,,v23.1.68,"NGPC says Cottonwood Lake SRA offers camping; the 2026 fishing guide specifically says Cottonwood Lake SRA has primitive camping, boat ramp, picnic tables and pit toilet. ([Nebraska Game & Parks Commission][12])"
ne-lead-merritt-reservoir-component-campground-extraction,NE,Merritt Reservoir Component Campgrounds,Cherry / Merritt Reservoir,research_needed,Mixed Rustic / Primitive + Modern if proven,Component extraction lead,High,Nebraska Game & Parks / ReserveAmerica,Official map links exist; exact component points blocked,High-value non-modern/remote component work,Add lead,,v23.1.68,"NGPC links campground maps for Beeds Landing, Boardman Creek, Cedar Bay and Willow Cove; ReserveAmerica says 8 campgrounds exist. ([Nebraska Game & Parks Commission][6])"
ne-lead-ne-cherry-valentine-city-park-campground,NE,Valentine City Park Campground,Cherry / Valentine,coordinate_rescue,Rustic / Primitive,New active candidate,High,Official tourism / city-linked local source,Official tourism proof; coordinate needs city/map confirmation,"Active candidate proof exists, but no import-safe coordinate was available in the worker return. Address/map/reservation coordinate rescue required.",Add active after coordinate snap,,v23.1.68,"Visit Valentine says Valentine City Park is open year-round and offers camping, restrooms with free hot showers, fishing and trails. ([Visit Valentine][20])"
ne-w8-coffee-mill-road-702-dispersed,NE,Coffee Mill Road 702 dispersed camping,Dawes / Pine Ridge,coordinate_rescue,Boondocking / Dispersed,coordinate_rescue,High,NE_W8 v23.1.69 worker return / supervisor reconciliation,NO HONEST ACTIVE COORDINATE ACCEPTED,Good named Pine Ridge dispersed area.,Add area/rule candidate with MVUM support,,v23.1.69,
ne-w8-east-ash-dispersed-camping,NE,East Ash dispersed camping area,Dawes / Pine Ridge,coordinate_rescue,Boondocking / Dispersed,coordinate_rescue,High,NE_W8 v23.1.69 worker return / supervisor reconciliation,NO HONEST ACTIVE COORDINATE ACCEPTED,Do not pin the trailhead as campsite.,Add area/rule candidate with MVUM support,,v23.1.69,
ne-w8-pine-ridge-rd-mvum-dispersed-corridors,NE,Pine Ridge Ranger District MVUM dispersed camping corridors,Dawes / Sioux / Pine Ridge,coordinate_rescue,Boondocking / Dispersed,coordinate_rescue,High,NE_W8 v23.1.69 worker return / supervisor reconciliation,NO HONEST ACTIVE COORDINATE ACCEPTED,Key Pine Ridge boondocking geometry item.,Add area/rule candidate after route GIS extraction,,v23.1.69,
ne-lead-johnson-lake-sra-component-split,NE,Johnson Lake SRA Main / Basic Component Split,Dawson / Gosper,coordinate_rescue,Modern + Rustic / Primitive,coordinate_rescue,High,NE_W5 v23.1.69 worker return / supervisor reconciliation,NO HONEST ACTIVE COORDINATE ACCEPTED,Active broad row should not end the split work,Add lead,,v23.1.69,
ne-lead-fremont-lakes-primitive-basic-component-extraction,NE,Fremont Lakes Primitive / Basic Campground Components,Dodge / Fremont,coordinate_rescue,Rustic / Primitive,coordinate_rescue,High,NE_W6 v23.1.69 worker return / supervisor reconciliation,NO HONEST ACTIVE COORDINATE ACCEPTED,Useful non-modern split,Add durable lead,,v23.1.69,
ne-lead-ne-w8-dead-timber-sra,NE,Dead Timber SRA,Dodge / Scribner,coordinate_rescue,Rustic / Primitive,Official proof strong; coordinate rescue needed,High,Official state,Official NGPC address/page,"Active candidate proof exists, but no import-safe coordinate was available in the worker return. Address/map/reservation coordinate rescue required.",Add after coordinate rescue,,v23.1.68,NGPC lists 17 electric campsites with drinking water and primitive restrooms; four primitive sites are not available due to flood damage. ([Nebraska Game & Parks Commission][19])
ne-burt-dead-timber-sra-campground,NE,Dead Timber SRA Campground,Dodge/Burt edge / Scribner,coordinate_rescue,Rustic / Primitive,coordinate_rescue,High,NE_W6 v23.1.69 worker return / supervisor reconciliation,NO HONEST ACTIVE COORDINATE ACCEPTED,Add active only for current electric campground; hold primitive sites closed,Add active after coordinate snap; add closure note,,v23.1.69,
ne-lead-two-rivers-whitetail-equestrian-campground,NE,Two Rivers Whitetail Equestrian Campground,Douglas / Two Rivers SRA,coordinate_rescue,Rustic / Primitive,coordinate_rescue,High,NE_W6 v23.1.69 worker return / supervisor reconciliation,NO HONEST ACTIVE COORDINATE ACCEPTED,Good non-modern component,Add lead,,v23.1.69,
ne-lead-douglas-valley-city-park-camping-pads-coordinate-rescue,NE,Valley City Park Camping Pads,Douglas / Valley,coordinate_rescue,Rustic / Primitive or Modern after amenity proof,coordinate_rescue,High,NE_W7 v23.1.69 worker return / supervisor reconciliation,NO HONEST ACTIVE COORDINATE ACCEPTED,Adjacent obvious city-pad miss found during control search,Add lead,,v23.1.69,
ne-rock-creek-lake-sra-basic-campground-coordinate-rescue,NE,Rock Creek Lake SRA Basic Campground,Dundy / Rock Creek Lake,coordinate_rescue,Rustic / Primitive,coordinate_rescue,High,NE_W4 v23.1.69 worker return / supervisor reconciliation,NO HONEST ACTIVE COORDINATE ACCEPTED,Official proof clean; coordinate still needed,Extract official map/GIS,,v23.1.69,
ne-lead-ne-w8-lone-star-nrd,NE,Lone Star Recreation Area,Fillmore edge / Ohiowa,coordinate_rescue,Rustic / Primitive,Official NRD proof strong,High,Official NRD,Little Blue NRD official page; coordinate needed,"Active candidate proof exists, but no import-safe coordinate was available in the worker return. Address/map/reservation coordinate rescue required.",Add after coordinate rescue,,v23.1.68,"Little Blue NRD lists 19 electrical camper pads, restrooms, storm shelters, water wells, camping, trails, swimming beach. ([Little Blue NRD][47])"
ne-lead-medicine-creek-basic-campsite-components,NE,Medicine Creek SRA Basic Campsite Components,Frontier / Cambridge,coordinate_rescue,Rustic / Primitive,coordinate_rescue,High,NE_W5 v23.1.69 worker return / supervisor reconciliation,NO HONEST ACTIVE COORDINATE ACCEPTED,Do not let electric campground row erase Basic sites,Add lead,,v23.1.69,
ne-lead-medicine-creek-sra-campground-components,NE,Medicine Creek SRA campground components,Frontier / Cambridge,coordinate_rescue,Modern + Rustic / Primitive split,component_coordinate_rescue,High,Nebraska Game & Parks,Official proof; component coordinates not safely recovered,High-value component lead,Add lead,,v23.1.68,"NGPC says Medicine Creek has Electric Plus, Electric and Basic camping, 72 electrical pads, 34 Basic campsites in several campgrounds, modern restrooms, showers, dump/fill station, vault toilets, and campground maps for Shady Bay, U Bay, and Trail 12. ([Nebraska Game & Parks Commission][13])"
ne-lead-red-willow-basic-primitive-component-split,NE,Red Willow SRA Basic / Primitive Components,Frontier / Red Willow,coordinate_rescue,Rustic / Primitive,coordinate_rescue,High,NE_W5 v23.1.69 worker return / supervisor reconciliation,NO HONEST ACTIVE COORDINATE ACCEPTED,Component split needed before exact rustic pins,Add lead,,v23.1.69,
ne-lead-ne-w8-rockford-lake-sra,NE,Rockford Lake SRA,Gage / Beatrice,coordinate_rescue,Rustic / Primitive,Official proof strong; coordinate rescue needed,High,Official state,Official NGPC address/page; coordinate needed,"Active candidate proof exists, but no import-safe coordinate was available in the worker return. Address/map/reservation coordinate rescue required.",Add after coordinate rescue,,v23.1.68,"NGPC says Rockford has 30 electric pads, 2 non-electric pads, 40 non-pad no-electric sites, water/vault toilets, no showers, no modern restrooms, no dump station. ([Nebraska Game & Parks Commission][13])"
ne-gage-rockford-lake-sra-campground,NE,Rockford Lake SRA Campground,Gage / Beatrice area,coordinate_rescue,Rustic / Primitive,coordinate_rescue,High,NE_W6 v23.1.69 worker return / supervisor reconciliation,NO HONEST ACTIVE COORDINATE ACCEPTED,Layer should stay Rustic/Primitive,Add active after coordinate snap,,v23.1.69,
ne-lead-johnson-lake-sra-campground-components,NE,Johnson Lake SRA campground components,Gosper / Elwood-Lexington,coordinate_rescue,Modern + Rustic / Primitive split,component_coordinate_rescue,High,Nebraska Game & Parks / ReserveAmerica,Official campground proof + reservation GPS for general SRA; component split needed,"Good add, but import should avoid one broad lake/SRA point if components are map-visible",Add lead; promote after component coordinate rescue,,v23.1.68,"NGPC says Johnson Lake offers Electric Plus, Electric and Basic sites with modern restrooms, dump/fill station, shower house, picnic tables and fire rings; ReserveAmerica gives general SRA GPS 40.68472, -99.82972. ([Nebraska Game & Parks Commission][12])"
ne-lead-harlan-gremlin-cove-basic-camping,NE,Gremlin Cove Park Basic Camping,Harlan / Harlan County Lake,coordinate_rescue,Rustic / Primitive,coordinate_rescue,High,NE_W5 v23.1.69 worker return / supervisor reconciliation,NO HONEST ACTIVE COORDINATE ACCEPTED,Gremlin Cove shelter is not the campground record; avoid shelter-only pin,Add lead; promote after georeference,,v23.1.69,
ne-lead-harlan-north-outlet-basic-camping,NE,North Outlet Park Basic Camping,Harlan / Harlan County Lake,coordinate_rescue,Rustic / Primitive,coordinate_rescue,High,NE_W5 v23.1.69 worker return / supervisor reconciliation,NO HONEST ACTIVE COORDINATE ACCEPTED,Not a dam/outlet/boat-ramp pin,Add lead; promote after coordinate extraction,,v23.1.69,
ne-lead-harlan-south-outlet-basic-camping,NE,South Outlet Park Basic Camping,Harlan / Harlan County Lake,coordinate_rescue,Rustic / Primitive,coordinate_rescue,High,NE_W5 v23.1.69 worker return / supervisor reconciliation,NO HONEST ACTIVE COORDINATE ACCEPTED,Not an outlet/dam/boat-ramp proxy,Add lead; promote after coordinate extraction,,v23.1.69,
ne-lead-harlan-north-south-outlet-camping-components,NE,North & South Outlet / Harlan County Lake,Harlan / Harlan County Lake outlet,coordinate_rescue,Rustic / Primitive likely,lead_coordinate_rescue,High,USACE official,USACE seasonal campground-open proof; details/coordinates missing,Do not use dam/outlet spillway as pin,Add lead,,v23.1.68,"USACE Harlan page lists Gremlin Cove, North Outlet, and South Outlet campground open seasons from May 15 to Sept. 15. ([nwk.usace.army.mil][11])"
ne-lead-harlan-gremlin-cove-shelter-camping-status,NE,Gremlin Cove Shelter / Harlan County Lake,Harlan / Republican City,coordinate_rescue,Rustic / Primitive or group shelter,lead_status_coordinate_rescue,High,Recreation.gov / USACE,Recreation.gov proof; shelter/camping status needs import policy decision,"Might be a shelter reservation, not a campground. Needs final policy call.",Add lead,,v23.1.68,"Recreation.gov identifies Gremlin Cove Shelter at Harlan County Lake; USACE says Gremlin Cove opens seasonally, but Recreation.gov gateway treats Gremlin Cove Shelter separately from Hunter/Methodist campgrounds. ([Recreation.gov][10])"
ne-lead-swanson-reservoir-sra-campground-components,NE,Swanson Reservoir SRA campground components,Hitchcock / Trenton,coordinate_rescue,Modern + Rustic / Primitive split likely,component_coordinate_rescue,High,Nebraska Game & Parks,Official proof; exact camping component details/coordinates not fully recovered,Good reservoir lead; avoid beach/lake-center fake pins,Add lead,,v23.1.68,"NGPC says Swanson Reservoir SRA has abundant campgrounds, sandy beaches, camping, boating, and access to the Republican River. ([Nebraska Game & Parks Commission][16])"
ne-lead-ne-holt-atkinson-mill-race-park-campground,NE,Atkinson Mill Race Park Campground,Holt / Atkinson,coordinate_rescue,Rustic / Primitive,New active candidate,High,City official,Official city address/proof; coordinate needs final snap,"Active candidate proof exists, but no import-safe coordinate was available in the worker return. Address/map/reservation coordinate rescue required.",Add active after coordinate snap,,v23.1.68,"Atkinson says Mill Race Park & Campground is open year-round at 47450 877th Rd with RV and tent campsites, RV $20/night and tent $10/night. ([atkinsonne.com][17])"
ne-lead-ne-w8-rock-creek-station-equestrian,NE,Rock Creek Station horse camp,Jefferson / Fairbury,coordinate_rescue,Rustic / Primitive,Strong lead; exact split coordinate needed,High,Official state / reservation,ReserveAmerica/NGPC confirms horse camp; exact campground map needed,Non-modern/equestrian priority,Add lead,,v23.1.68,Horse camping area with marked trails and water for campers/horses confirmed. ([Nebraska State Parks][15])
ne-lead-rock-creek-station-equestrian-campground-extraction,NE,Rock Creek Station Equestrian Campground,Jefferson / Rock Creek Station,coordinate_rescue,Rustic / Primitive,coordinate_rescue,High,NE_W6 v23.1.69 worker return / supervisor reconciliation,NO HONEST ACTIVE COORDINATE ACCEPTED,High-value horse-camp component,Add lead; promote after map extraction,,v23.1.69,
ne-lead-ne-w8-buckley-creek-nrd,NE,Buckley Creek Recreation Area,Jefferson/Thayer edge / Reynolds,coordinate_rescue,Rustic / Primitive,Official NRD proof strong,High,Official NRD,Little Blue NRD official page; coordinate needed,"Active candidate proof exists, but no import-safe coordinate was available in the worker return. Address/map/reservation coordinate rescue required.",Add after coordinate rescue,,v23.1.68,Little Blue NRD lists camper hookups and plenty of tent camping at Buckley Creek. ([Little Blue NRD][47])
ne-w8-lake-mcconaughy-cedar-view-beach-camping,NE,Lake McConaughy Cedar View designated beach camping area,Keith / Lake McConaughy,coordinate_rescue,Boondocking / Dispersed,coordinate_rescue,High,NE_W8 v23.1.69 worker return / supervisor reconciliation,NO HONEST ACTIVE COORDINATE ACCEPTED,Separate from Shoreline Road zones.,Add area/rule candidate,,v23.1.69,
ne-lake-mcconaughy-otter-creek-campground-coordinate-rescue,NE,Lake McConaughy Otter Creek Campground,Keith / Lake McConaughy,coordinate_rescue,Rustic / Primitive,coordinate_rescue,High,NE_W4 v23.1.69 worker return / supervisor reconciliation,NO HONEST ACTIVE COORDINATE ACCEPTED,"Need campground-side point, not marina/ramp",Extract official map/GIS or reservation metadata,,v23.1.69,
ne-w8-lake-mcconaughy-shoreline-road-beach-camping,NE,Lake McConaughy Shoreline Road designated beach camping zones,Keith / Lake McConaughy,coordinate_rescue,Boondocking / Dispersed,coordinate_rescue,High,NE_W8 v23.1.69 worker return / supervisor reconciliation,NO HONEST ACTIVE COORDINATE ACCEPTED,This is the honest replacement for vague “free camping around lake” wording.,Add area/rule candidate,,v23.1.69,
ne-lake-mcconaughy-spring-park-campground-coordinate-rescue,NE,Lake McConaughy Spring Park Campground,Keith / Lake McConaughy,coordinate_rescue,Rustic / Primitive,coordinate_rescue,High,NE_W4 v23.1.69 worker return / supervisor reconciliation,NO HONEST ACTIVE COORDINATE ACCEPTED,Good non-modern add after coordinate rescue,Extract official map/GIS or reservation metadata,,v23.1.69,
ne-lead-lake-mcconaughy-official-campground-and-beach-zone-splits,NE,Lake McConaughy official campgrounds and beach zones,Keith / Ogallala,research_needed,Modern Campgrounds + Rustic / Primitive + area-rule,Official proof; component geometry needed,High,Nebraska Game & Parks official,Official page proof; campground/zone points not extracted,This is a major western Nebraska camping system; do not let one vague Point 21 pin represent it,Add detailed component/area lead,,v23.1.68,"NGPC lists Martin Bay, Little Thunder, Lone Eagle, Sandy Beach, Cedar View, Spring Park, Otter Creek, Shoreline Road beach camping, and Cedar View beach camping. ([Nebraska Game & Parks Commission][18])"
ne-lead-lake-ogallala-east-west-campground-split,NE,Lake Ogallala SRA East and West Campgrounds,Keith / Ogallala,coordinate_rescue,Modern Campgrounds + Rustic / Primitive,Official component proof; coordinate extraction needed,High,Nebraska Game & Parks official,Official page proof; no component coordinates extracted,West Campground is a non-modern-ish Basic component and should not be swallowed by the East modern campground,Add component-split lead,,v23.1.68,NGPC says Lake Ogallala East has 82 Electric Plus sites and West has 100 Basic sites with primitive restrooms/water nearby. ([Nebraska Game & Parks Commission][17])
ne-lead-oliver-reservoir-primitive-campground,NE,Oliver Reservoir Recreation Area Campground,Kimball / western Panhandle,coordinate_rescue,Rustic / Primitive,Official NRD campground proof; coordinate extraction needed,High,South Platte NRD official,Official NRD page proof; highway-location only,Good municipal/regional primitive-style western Panhandle campground,Add lead; promote after coordinate rescue,,v23.1.68,"SPNRD says Oliver Reservoir has camping March 1–Oct. 31, 48 campsites plus overflow, fire pits, registration, and no reservations. ([South Platte Natural Resources District][16])"
ne-lead-lewis-and-clark-sra-basic-hike-in-component-extraction,NE,Lewis and Clark SRA Basic Hike-in Campsites,Knox / Missouri River,research_needed,Boat / Backpack,Component extraction lead,High,ReserveAmerica,Official reservation category; exact points blocked,Good Tod-priority component,Add lead,,v23.1.68,ReserveAmerica lists “Basic Hike-in” as a reservable camping category at Lewis and Clark SRA. ([Nebraska State Parks][4])
ne-lead-point-21-lake-mcconaughy-community-review,NE,Point 21 / Lake McConaughy free-camping community review,Lake McConaughy / Ogallala area,community_review / coordinate_rescue,Boondocking / Dispersed,community_review,High,Active state file + community proof needed + official state/shoreline rules,Medium for current pin; Low for proof,Active description says “Free camping around Lake McConaughy near Ogallala. Enjoy!” but lacks source/legality/current access proof.,"Seek 3+ independent same-area overnight reports plus official/state reservoir/shoreline rule conflict check. If supported, keep as Community-supported Boondocking with warning or convert to approximate Area pin.",s725 Point 21,v23.1.54-historical-backfill,Do not reject for source weakness alone; this is exactly what the community-boondocking rule is for.
ne-lead-branched-oak-homestead-equestrian-campground-extraction,NE,Branched Oak Homestead Equestrian Campground,Lancaster / Branched Oak,coordinate_rescue,Rustic / Primitive,coordinate_rescue,High,NE_W6 v23.1.69 worker return / supervisor reconciliation,NO HONEST ACTIVE COORDINATE ACCEPTED,High-value non-modern component,Add durable lead; promote once component point is extracted,,v23.1.69,
ne-lead-ne-w8-conestoga-sra,NE,Conestoga SRA,Lancaster / Denton,coordinate_rescue,Rustic / Primitive,Official proof strong; coordinate rescue needed,High,Official state,Official NGPC address; campground coordinate needed,"Active candidate proof exists, but no import-safe coordinate was available in the worker return. Address/map/reservation coordinate rescue required.",Add as Rustic / Primitive,,v23.1.68,"NGPC says Conestoga has electric pads, basic non-pad sites, water, vault toilets, dump station. ([Nebraska Game & Parks Commission][4])"
ne-lead-ne-w8-yankee-hill-wma-correction,NE,Yankee Hill State Wildlife Management Area,Lancaster / Denton,coordinate_rescue,Boondocking / Dispersed,Existing active but stale layer/source,High,Official WMA / Recreation.gov,Existing active coordinate; official gateway confirms primitive camping,Correction candidate requires current active-row ID/source/layer QA before integration.,Correct layer/source wording after final spot-check,,v23.1.68,Existing row s1024 is stale “federal/rustic”; Recreation.gov says Yankee Hill Lake facilities include primitive camping; WMA rules allow primitive camping unless posted. ([Recreation.gov][49])
ne-lead-ne-w8-pawnee-basic-equestrian,NE,Pawnee SRA Basic / Equestrian Basic components,Lancaster / Emerald,coordinate_rescue,Rustic / Primitive,Strong lead; exact split needed,High,Official state,Official NGPC camping categories; exact component coordinate needed,Non-modern component,Add component lead,,v23.1.68,NGPC confirms Electric Plus/Electric/Basic/Equestrian Basic camping at Pawnee. ([Nebraska Game & Parks Commission][8])
ne-lancaster-olive-creek-sra-campground,NE,Olive Creek SRA Campground,Lancaster / Hallam,coordinate_rescue,Rustic / Primitive,coordinate_rescue,High,NE_W6 v23.1.69 worker return / supervisor reconciliation,NO HONEST ACTIVE COORDINATE ACCEPTED,Non-modern priority hit beyond primary list,Add active after coordinate snap,,v23.1.69,
ne-lead-ne-w8-stagecoach-sra,NE,Stagecoach SRA,Lancaster / Hickman,coordinate_rescue,Rustic / Primitive,Official proof strong; coordinate rescue needed,High,Official state / USACE,Official NGPC/USACE proof,"Active candidate proof exists, but no import-safe coordinate was available in the worker return. Address/map/reservation coordinate rescue required.",Add after coordinate rescue,,v23.1.68,"USACE says Stagecoach has 50 campsites, 30 with electrical hookups; NGPC page lists water and vault toilets. ([corpslakes.erdc.dren.mil][12])"
ne-lead-ne-w8-wagon-train-sra,NE,Wagon Train SRA,Lancaster / Hickman,coordinate_rescue,Rustic / Primitive,Official proof strong; coordinate rescue needed,High,Official state,Official NGPC address/map needed,"Active candidate proof exists, but no import-safe coordinate was available in the worker return. Address/map/reservation coordinate rescue required.",Add after coordinate rescue,,v23.1.68,"NGPC says Wagon Train has Electric Plus, Electric, and Basic sites, with water, primitive restrooms, and dump station. ([Nebraska Game & Parks Commission][9])"
ne-lancaster-wagon-train-sra-campground,NE,Wagon Train SRA Campground,Lancaster / Hickman,coordinate_rescue,Rustic / Primitive,coordinate_rescue,High,NE_W6 v23.1.69 worker return / supervisor reconciliation,NO HONEST ACTIVE COORDINATE ACCEPTED,No shower/modern restroom proof; Rustic/Primitive,Add active after coordinate snap,,v23.1.69,
ne-lancaster-stagecoach-sra-campground,NE,Stagecoach SRA Campground,Lancaster / Hickman area,coordinate_rescue,Rustic / Primitive,coordinate_rescue,High,NE_W6 v23.1.69 worker return / supervisor reconciliation,NO HONEST ACTIVE COORDINATE ACCEPTED,No shower/modern restroom proof; Rustic/Primitive,Add active after coordinate snap,,v23.1.69,
ne-lead-pawnee-equestrian-basic-component-extraction,NE,Pawnee Equestrian Basic Campsites,Lancaster / Pawnee SRA,coordinate_rescue,Rustic / Primitive,coordinate_rescue,High,NE_W6 v23.1.69 worker return / supervisor reconciliation,NO HONEST ACTIVE COORDINATE ACCEPTED,Good non-modern split,Add lead,,v23.1.69,
ne-lead-ne-w8-branched-oak-equestrian-basic,NE,Branched Oak Homestead / Equestrian Basic component,Lancaster / Raymond,coordinate_rescue,Rustic / Primitive,Strong lead; exact component coordinate needed,High,Official state,Official NGPC page confirms component; exact Homestead coordinate needed,Non-modern priority component,Add to leads for exact component split,,v23.1.68,"NGPC says Homestead equestrian area has Electric Plus sites with corrals, hand-pump water, primitive toilet, fire rings, and Equestrian Basic sites. ([Nebraska Game & Parks Commission][6])"
ne-lancaster-conestoga-sra-campground,NE,Conestoga SRA Campground,Lancaster / Salt Valley lakes,coordinate_rescue,Rustic / Primitive,coordinate_rescue,High,NE_W6 v23.1.69 worker return / supervisor reconciliation,NO HONEST ACTIVE COORDINATE ACCEPTED,Electric alone does not make it Modern; vault toilets mean Rustic/Primitive,Add active after coordinate snap,,v23.1.69,
ne-lead-ne-w8-bluestem-sra,NE,Bluestem SRA,Lancaster / Sprague,coordinate_rescue,Rustic / Primitive,Official proof strong; coordinate rescue needed,High,Official state / USACE,Official NGPC/USACE proof; coordinate needed,"Active candidate proof exists, but no import-safe coordinate was available in the worker return. Address/map/reservation coordinate rescue required.",Add after coordinate rescue,,v23.1.68,"USACE says Bluestem offers primitive camping; NGPC sources describe Electric Plus/Basic, showerhouse, primitive restrooms, dump/fill. ([corpslakes.erdc.dren.mil][11])"
ne-lead-ne-w8-jack-sinn-wma-correction,NE,Jack Sinn Memorial WMA,Lancaster/Saunders,coordinate_rescue,Boondocking / Dispersed or Rustic / Primitive,Existing active; source/layer cleanup,High,Official WMA,Existing active coordinate; needs area-rule language,Correction candidate requires current active-row ID/source/layer QA before integration.,Correction candidate only,,v23.1.68,"Active row s437; WMA page/rules show primitive camping generally allowed unless posted, with basic facilities only. ([Nebraska Game & Parks Commission][50])"
ne-buffalo-bill-sra-campground-coordinate-rescue,NE,Buffalo Bill SRA Campground,Lincoln / North Platte,coordinate_rescue,Rustic / Primitive,coordinate_rescue,High,NE_W4 v23.1.69 worker return / supervisor reconciliation,NO HONEST ACTIVE COORDINATE ACCEPTED,"Not Modern: primitive restrooms, no shower proof",Extract official campground map/GIS,,v23.1.69,
ne-sutherland-reservoir-electric-primitive-components-coordinate-rescue,NE,Sutherland Reservoir SRA Camping Components,Lincoln / Sutherland,coordinate_rescue,Rustic / Primitive,coordinate_rescue,High,NE_W4 v23.1.69 worker return / supervisor reconciliation,NO HONEST ACTIVE COORDINATE ACCEPTED,Electric alone does not make Modern without shower/modern triad; layer should stay Rustic/Primitive unless better amenity proof appears,Extract official campground map/GIS,,v23.1.69,
ne-lead-sutherland-reservoir-east-west-primitive-camping,NE,Sutherland Reservoir SRA East / West Primitive Camping,Lincoln / Sutherland,coordinate_rescue,Rustic / Primitive,coordinate_rescue,High,NE_W5 v23.1.69 worker return / supervisor reconciliation,NO HONEST ACTIVE COORDINATE ACCEPTED,This is a real non-modern opportunity; no lake-center pin,Add lead,,v23.1.69,
ne-lead-sutherland-reservoir-sra-primitive-components,NE,Sutherland Reservoir SRA primitive/electric camping,Lincoln / Sutherland-North Platte,coordinate_rescue,Rustic / Primitive + Modern split,component_coordinate_rescue,High,Nebraska Game & Parks / tourism,Official proof; exact camping areas not safely recovered,Non-modern priority item; don’t use lake center,Add lead,,v23.1.68,"NGPC says Sutherland has 22 Electric Plus sites and over 100 primitive sites, with water and vault restrooms; primitive campsites are on the east and west sides of the lake. ([Nebraska Game & Parks Commission][17])"
ne-lead-calamus-sra-remaining-components,NE,Calamus Reservoir SRA Remaining Campground Components,Loup / Burwell,coordinate_rescue,Modern + Rustic / Primitive,coordinate_rescue,High,NE_W5 v23.1.69 worker return / supervisor reconciliation,NO HONEST ACTIVE COORDINATE ACCEPTED,"Handoff says “remaining components,” so likely v23.1.68 has partial baseline not visible here",Add component lead,,v23.1.69,
ne-lead-calamus-reservoir-campground-components,NE,Calamus Reservoir SRA campground components,Loup / Garfield edge / Calamus Reservoir,coordinate_rescue,Modern + Rustic / Primitive split,component_coordinate_rescue,High,Nebraska Game & Parks,Official campground proof; exact component coordinates not safely recovered,Do not use reservoir/lake centroid,Add lead; split components,,v23.1.68,"NGPC says Calamus SRA has Electric Plus and Basic camping across Homestead Knolls, Nunda Shoal, and Valley View Flat, with shower houses, water, modern restrooms, dump/fill station, and designated parking-lot camping at Valley View Flat and Hannaman Bayou. ([Nebraska Game & Parks Commission][6])"
ne-bridgeport-sra-basic-campground-coordinate-rescue,NE,Bridgeport SRA Basic Campground,Morrill / Bridgeport,coordinate_rescue,Rustic / Primitive,coordinate_rescue,High,NE_W4 v23.1.69 worker return / supervisor reconciliation,NO HONEST ACTIVE COORDINATE ACCEPTED,Official proof clean; coordinate not clean enough,Extract official map/GIS or campground-side coordinate,,v23.1.69,
ne-lead-bridgeport-sra-basic-campground,NE,Bridgeport State Recreation Area Basic Campground,Morrill / Bridgeport,coordinate_rescue,Rustic / Primitive,Official campground proof; coordinate extraction needed,High,Nebraska Game & Parks official,Official proof from NGPC search result; no map coordinate extracted,Strong non-modern candidate,Add lead; promote after coordinate extraction,,v23.1.68,"NGPC search result says Bridgeport has 80 designated Basic sites, first-come camping, grills, picnic tables, and dump/fill near entrance. ([Nebraska Game & Parks Commission][14])"
ne-lead-ne-thomas-whitetail-campground-bessey,NE,Whitetail Campground,Nebraska NF / Bessey / Dismal River,coordinate_rescue,Rustic / Primitive,active_candidate,High,USFS official,Official proof; exact lat/lon not recovered in accessible result,"Active candidate proof exists, but no import-safe coordinate was available in the worker return. Address/map/reservation coordinate rescue required.",Add lead if coordinate cannot be recovered before import; otherwise add active,,v23.1.68,"USFS says Whitetail is a 10-site Bessey Ranger District campground on the Dismal River with hand pump, nine horse corrals, picnic tables, fire rings, modern vault toilets, no electricity, and access to the OHV trail system. ([US Forest Service][3])"
ne-lead-nemaha-auburn-rv-park-coordinate-rescue,NE,Auburn RV Park,Nemaha / Auburn,coordinate_rescue,Rustic / Primitive or Modern after shower proof,coordinate_rescue,High,NE_W7 v23.1.69 worker return / supervisor reconciliation,NO HONEST ACTIVE COORDINATE ACCEPTED,Real municipal campground; coordinate still blocked,Add lead,,v23.1.69,
ne-lead-indian-cave-adirondack-shelters-and-horse-camp,NE,Indian Cave Adirondack Shelters / Equestrian Camp,Nemaha / Indian Cave SP,coordinate_rescue,Boat / Backpack / Rustic,coordinate_rescue,High,NE_W6 v23.1.69 worker return / supervisor reconciliation,NO HONEST ACTIVE COORDINATE ACCEPTED,Strong non-modern component,Add lead,,v23.1.69,
ne-lead-ne-w8-indian-cave-adirondack-shelters,NE,Indian Cave Adirondack shelters / trail overnight component,Nemaha / Richardson,coordinate_rescue,Boat / Backpack,Strong official lead; exact shelters needed,High,Official state,Official NGPC page confirms shelters; coordinates blocked,Do not use trailheads/visitor center as pins,Add lead only,,v23.1.68,NGPC references Adirondack shelters along trails. ([Nebraska Game & Parks Commission][23])
ne-lead-ne-w8-indian-cave-sp,NE,Indian Cave State Park campground system,Nemaha / Richardson,coordinate_rescue,Modern Campgrounds + Rustic / Primitive,Official proof strong; coordinate rescue needed,High,Official state,Official NGPC park page/maps,"Active candidate proof exists, but no import-safe coordinate was available in the worker return. Address/map/reservation coordinate rescue required.",Add main campground; leads for horse/basic/shelter components,,v23.1.68,"NGPC lists Electric Plus, Electric, Basic, and Equestrian Basic camping, showers, modern restrooms, laundry, dump/fill; also Adirondack shelters along trails. ([Nebraska Game & Parks Commission][23])"
ne-lead-s641,NE,Niobrara River broad boondocking pin,Niobrara River / Lynch-Valentine corridor,coordinate_rescue,Needs Verification / replace with named records,Existing active is too broad,High,Repo active + NPS official camping list,Existing repo broad river coordinate / Low,Correction candidate requires current active-row ID/source/layer QA before integration.,Move to lead/Needs Verification or replace with named campground records,,v23.1.68,NPS lists specific local campgrounds and Smith Falls rather than generic river boondocking; broad river pins should not substitute for named sites. ([National Park Service][28])
ne-lead-ne-w8-iron-horse-trail-lake,NE,Iron Horse Trail Lake,Pawnee / DuBois,coordinate_rescue,Rustic / Primitive,Official NRD proof; coordinate rescue needed,High,Official NRD,Nemaha NRD official page; coordinate needed,"Active candidate proof exists, but no import-safe coordinate was available in the worker return. Address/map/reservation coordinate rescue required.",Add after coordinate rescue,,v23.1.68,"Nemaha NRD lists Iron Horse Trail Lake as public recreation with camping, drinking water, electrical hookups, restrooms, RV/tent use. ([nrdnet.org][18])"
ne-pawnee-iron-horse-trail-lake-campground,NE,Iron Horse Trail Lake Campground,Pawnee / DuBois,coordinate_rescue,Rustic / Primitive,coordinate_rescue,High,NE_W6 v23.1.69 worker return / supervisor reconciliation,NO HONEST ACTIVE COORDINATE ACCEPTED,No shower proof; Rustic/Primitive,Add active after coordinate snap,,v23.1.69,
ne-lead-ne-w8-pawnderosa-pawnee-city,NE,Pawnderosa / Pawnee City campground,Pawnee / Pawnee City,coordinate_rescue,Rustic / Primitive,Official city camping proof; coordinate conflict,High,Official city,City page proves camping fees; tourism address appears contaminated by Pawnee SRA data,Do not use VisitNebraska Pawnee SRA-like coordinate,"Coordinate rescue, likely city park/pool/pond",,v23.1.68,"Pawnee City page lists campground fees for concrete pads with water/electric and tent camping. ([Pawnee City, Nebraska][42])"
ne-lead-pawnderosa-campground-coordinate-conflict,NE,Pawnderosa Campground / Pawnee City Pond,Pawnee / Pawnee City,coordinate_conflict,Rustic / Primitive,coordinate_rescue,High,SUPERVISOR v23.1.69 worker return / supervisor reconciliation,NO HONEST ACTIVE COORDINATE ACCEPTED,"Worker returned VisitNebraska coordinate 40.847904,-96.868510, but supervisor spot-check shows that coordinate belongs to Pawnee SRA near Lincoln, not Pawnee City. Official Pawnee City source locates Pawnee Pawnderosa at NE 65 S/Spring.","Resolve with city map/imagery/parcel or operator confirmation before active import; likely coordinate near Pawnee City Pond/Spring Street, not the tourism coordinate.",,v23.1.69,
ne-lead-willow-creek-sra-campground-map-extraction,NE,Willow Creek SRA Campground / Walk-in / Equestrian Components,Pierce,coordinate_rescue,Mixed Modern/Rustic/Boat-Backpack,Official coordinate rescue lead,High,Nebraska Game & Parks,"Official proof, but campground details/points not fully extracted","Potentially high-value component system, not ready as exact import",Add lead,,v23.1.68,"NGPC says Willow Creek has camping, boating and trails; state park event/news source references walk-in campsite stays, and the fishing guide notes camping/equestrian context. ([Nebraska Game & Parks Commission][14])"
ne-lead-red-willow-reservoir-sra-campground-components,NE,Red Willow Reservoir SRA campground components,Red Willow / McCook area,coordinate_rescue,Modern + Rustic / Primitive split,component_coordinate_rescue,High,Nebraska Game & Parks,Official proof; component coordinates not safely recovered,Do not use reservoir/dam center,Add lead,,v23.1.68,"NGPC says Red Willow offers Electric Plus, Electric, Basic and Primitive campsites, 48 electrical pads, showers, dump/fill station, and numerous Basic/Primitive sites. ([Nebraska Game & Parks Commission][14])"
ne-richardson-verdon-sra-basic-campground,NE,Verdon SRA Basic Campground,Richardson / Verdon,coordinate_rescue,Rustic / Primitive,coordinate_rescue,High,NE_W6 v23.1.69 worker return / supervisor reconciliation,NO HONEST ACTIVE COORDINATE ACCEPTED,Good primitive target,Add active after coordinate snap,,v23.1.69,
ne-lead-ne-w8-verdon-sra,NE,Verdon SRA,Richardson / Verdon-Falls City,coordinate_rescue,Rustic / Primitive,Official proof strong; coordinate rescue needed,High,Official state,Official NGPC / state tourism,"Active candidate proof exists, but no import-safe coordinate was available in the worker return. Address/map/reservation coordinate rescue required.",Add after coordinate rescue,,v23.1.68,NGPC says Verdon has 20 Basic campsites and primitive restrooms; Visit Nebraska adds water. ([Nebraska Game & Parks Commission][17])
ne-lead-ne-rock-bassett-rv-camping-pads,NE,Bassett RV Camping Pads / Fishing Ponds Area,Rock / Bassett,coordinate_rescue,Rustic / Primitive,New active candidate,High,City official,City official proof; coordinate needs final snap,"Active candidate proof exists, but no import-safe coordinate was available in the worker return. Address/map/reservation coordinate rescue required.",Add active after coordinate snap,,v23.1.68,"Bassett official page says RV camping pads west of the fishing ponds are first-come/first-served, with electric and water access and suggested donation. ([Bassett NE][19])"
ne-lead-ne-w8-wilber-legion-park,NE,Wilber Legion Memorial Park campground,Saline / Wilber,research_needed,Rustic / Primitive,Public lead; official proof partial,High,Official city lead,City/festival pages; exact normal camping rules unclear,Avoid festival-only import unless public camping confirmed,"Add lead, not active",,v23.1.68,"City/festival sources mention campground/camping areas, showers, and reservations, but normal public season/rules need confirmation. ([cityofwilber.com][43])"
ne-saunders-lake-wanahoo-pork-chop-island-primitive-camping,NE,Lake Wanahoo Pork Chop Island Primitive Camping,Saunders / Lake Wanahoo,coordinate_rescue,Boat / Backpack,coordinate_rescue,High,NE_W6 v23.1.69 worker return / supervisor reconciliation,NO HONEST ACTIVE COORDINATE ACCEPTED,This is one of the best non-modern finds in the assignment,Add active Boat / Backpack once island coordinate is extracted; otherwise add lead,,v23.1.69,
ne-saunders-memphis-sra-campground,NE,Memphis SRA Campground,Saunders / Memphis,coordinate_rescue,Rustic / Primitive,coordinate_rescue,High,NE_W6 v23.1.69 worker return / supervisor reconciliation,NO HONEST ACTIVE COORDINATE ACCEPTED,No showers/modern restrooms; Rustic/Primitive,Add active after coordinate snap,,v23.1.69,
ne-lead-ne-w8-memphis-sra,NE,Memphis SRA,Saunders / Memphis-Ashland,coordinate_rescue,Rustic / Primitive,Official proof strong; coordinate rescue needed,High,Official state,Official NGPC / state guide,"Active candidate proof exists, but no import-safe coordinate was available in the worker return. Address/map/reservation coordinate rescue required.",Add after coordinate rescue,,v23.1.68,"NGPC page confirms camping; 2026 state guide says Electric Plus, Basic, and Primitive camping. ([Nebraska Game & Parks Commission][29])"
ne-saunders-czechland-lake-nrd-campground,NE,Czechland Lake NRD Recreation Area Campground,Saunders / Prague,coordinate_rescue,Rustic / Primitive,coordinate_rescue,High,NE_W6 v23.1.69 worker return / supervisor reconciliation,NO HONEST ACTIVE COORDINATE ACCEPTED,"No shower proof; classify Rustic/Primitive, not Modern",Add active after coordinate snap,,v23.1.69,
ne-lead-ne-w8-czechland-lake-nrd,NE,Czechland Lake Recreation Area,Saunders / Prague,coordinate_rescue,Rustic / Primitive,Official proof strong; coordinate rescue needed,High,Official NRD,Official NRD page; exact camping area coordinate needed,"Active candidate proof exists, but no import-safe coordinate was available in the worker return. Address/map/reservation coordinate rescue required.",Add after coordinate rescue,,v23.1.68,"Lower Platte North NRD lists 11 electric camper pads, 3 non-electric pads, free tent camping, restrooms, picnic tables/fire rings, 14-day stay. ([lpnnrd.org][3])"
ne-lead-ne-w8-lake-wanahoo-nrd,NE,Lake Wanahoo NRD Recreation Area,Saunders / Wahoo,coordinate_rescue,Modern Campgrounds + Rustic / Primitive,Official proof strong; coordinate rescue needed,High,Official NRD,Official NRD address/park page; exact campground pin needs map spot-check,"Active candidate proof exists, but no import-safe coordinate was available in the worker return. Address/map/reservation coordinate rescue required.",Add after coordinate rescue,,v23.1.68,Lower Platte North NRD says Lake Wanahoo has tent/RV camping; city page lists electric pads and non-electric tent camping. ([lpnnrd.org][2])
ne-lead-lake-minatare-component-campgrounds-primitive-areas,NE,Lake Minatare SRA campground components and primitive areas,Scotts Bluff / Lake Minatare,research_needed,Modern Campgrounds + Rustic / Primitive,Official proof; component extraction needed,High,Nebraska Game & Parks official,Official page proof; existing Scout’s Rest active row present,Existing Scout’s Rest should not stand in for whole SRA,Update existing lead; add component extraction lead,,v23.1.68,"NGPC lists Lake View, Butte View, West Wind, Scout’s Rest, and non-designated primitive camping around multiple areas. ([Nebraska Game & Parks Commission][12])"
ne-lake-minatare-west-wind-basic-campground-coordinate-rescue,NE,Lake Minatare West Wind Basic Campground,Scotts Bluff / Lake Minatare,coordinate_rescue,Rustic / Primitive,coordinate_rescue,High,NE_W4 v23.1.69 worker return / supervisor reconciliation,NO HONEST ACTIVE COORDINATE ACCEPTED,"Good non-modern target, but exact point not recovered",Extract NGPC/ReserveAmerica metadata,,v23.1.69,
ne-lead-wildcat-hills-sra-basic-campground-coordinate-extraction,NE,Wildcat Hills SRA Basic Campground,Scotts Bluff / Wildcat Hills,coordinate_rescue,Rustic / Primitive,Official campground proof; exact campsite/map coordinate needed,High,Nebraska Game & Parks official,Official page proof; no extracted campground coordinate,"Strong non-modern candidate, but no honest coordinate recovered in this pass",Add lead; promote after map coordinate,,v23.1.68,"NGPC says Wildcat Hills has 12 Basic campsites along interior trail roads, primitive restrooms, water near the nature center, and roads not suitable for large RVs/trailers. ([Nebraska Game & Parks Commission][10])"
ne-lead-ne-w8-twin-lakes-wma-correction,NE,Twin Lakes State Wildlife Management Area,Seward / Pleasant Dale,coordinate_rescue,Boondocking / Dispersed,Existing active but stale layer/source,High,Official WMA / USACE,Existing active coordinate; needs official area-rule wording,Correction candidate requires current active-row ID/source/layer QA before integration.,Move/clean layer/source wording after WMA/GIS spot-check,,v23.1.68,Current active row exists as s944 but old “federal/rustic”; USACE says Twin Lakes WMA allows only primitive camping; WMA rules allow primitive camping unless posted. ([corpslakes.erdc.dren.mil][48])
ne-lead-ne-w8-smith-creek-nrd,NE,Smith Creek Recreation Area,Seward / Utica,coordinate_rescue,Rustic / Primitive,Official NRD proof strong,High,Official NRD,Official NRD address/FAQ; coordinate needed,"Active candidate proof exists, but no import-safe coordinate was available in the worker return. Address/map/reservation coordinate rescue required.",Add after coordinate spot-check,,v23.1.68,"Upper Big Blue NRD says Smith Creek is used for camping/scouting; NRD FAQ says camping permitted at all five rec areas April-November, no showers. ([upperbigblue.org][44])"
ne-lead-ne-w8-overland-trail-nrd,NE,Overland Trail Recreation Area,Seward/York edge,coordinate_rescue,Rustic / Primitive,Official NRD proof strong,High,Official NRD,Official NRD address/page; coordinate needed,"Active candidate proof exists, but no import-safe coordinate was available in the worker return. Address/map/reservation coordinate rescue required.",Add after coordinate spot-check,,v23.1.68,"NRD source says Overland Trail offers camping, picnicking and hiking, and remains a primitive campground with no docks, shelters, or restrooms. ([nrdnet.org][46])"
ne-lead-walgren-lake-sra-primitive-campground,NE,Walgren Lake SRA Primitive Campground,Sheridan / Hay Springs,coordinate_rescue,Rustic / Primitive,Official primitive campground proof; coordinate extraction needed,High,Nebraska Game & Parks official,Official proof from NGPC search result; no map coordinate extracted,Good Pine Ridge/Sheridan non-modern miss,Add lead; promote after coordinate extraction,,v23.1.68,"NGPC search result says Walgren Lake has 40 primitive sites, fire rings, vault latrines, self-registration, and pack-in/pack-out trash. ([Nebraska Game & Parks Commission][15])"
ne-walgren-lake-sra-primitive-campground-coordinate-rescue,NE,Walgren Lake SRA Primitive Campground,Sheridan / Walgren Lake,coordinate_rescue,Rustic / Primitive,coordinate_rescue,High,NE_W4 v23.1.69 worker return / supervisor reconciliation,NO HONEST ACTIVE COORDINATE ACCEPTED,Strong non-modern candidate; coordinate still blocked,Extract official map or agency GIS,,v23.1.69,
ne-lead-sherman-reservoir-component-extraction,NE,Sherman Reservoir SRA Campground Components,Sherman / Loup City,coordinate_rescue,Modern + Rustic / Primitive,coordinate_rescue,High,NE_W5 v23.1.69 worker return / supervisor reconciliation,NO HONEST ACTIVE COORDINATE ACCEPTED,Major component-extraction target; don’t collapse into one mush pin,Add lead,,v23.1.69,
ne-lead-sherman-reservoir-campground-components,NE,Sherman Reservoir SRA campground components,Sherman / Loup City,coordinate_rescue,Modern + Rustic / Primitive split,component_coordinate_rescue,High,Nebraska Game & Parks / Nebraska parks guide,Official proof; component coordinates not safely recovered,High non-modern value; needs split instead of one dam/office pin,Add lead,,v23.1.68,"NGPC/parks guide says Sherman Reservoir offers Electric Plus, Basic and Primitive camping in 10 campgrounds; the official page gives park address 79025 Sherman Dam Rd. ([digital.outdoornebraska.gov][7])"
ne-lead-fort-robinson-component-campground-split,NE,"Fort Robinson State Park campground components — Red Cloud, Soldier Creek, Mare Barn",Sioux / Crawford / Pine Ridge,coordinate_rescue,Modern Campgrounds + Rustic / Primitive equestrian component,Official multi-campground proof; component coordinates needed,High,Nebraska Game & Parks official,Official page proof; exact component points not extracted,Do not confuse Fort Robinson Soldier Creek with USFS Soldier Creek,Add component-split lead,,v23.1.68,"NGPC says Fort Robinson has Red Cloud, Soldier Creek, and Mare Barn campgrounds with Full Hookup, Electric Plus, Basic, showers, restrooms, water, dump/fill, laundry, and equestrian camping at Mare Barn. ([Nebraska Game & Parks Commission][11])"
ne-w8-oglala-ng-mvum-dispersed-corridors,NE,Oglala National Grassland MVUM dispersed camping corridors,Sioux / Dawes / Oglala NG,coordinate_rescue,Boondocking / Dispersed,coordinate_rescue,High,NE_W8 v23.1.69 worker return / supervisor reconciliation,NO HONEST ACTIVE COORDINATE ACCEPTED,Key Oglala boondocking geometry item.,Add area/rule candidate after route GIS extraction,,v23.1.69,
ne-lead-nnf-oglala-pineridge-dispersed-camping-rule-area,NE,Nebraska NF / Pine Ridge / Oglala NG dispersed camping rule-area geometry,Sioux / Dawes / Sheridan / Oglala edge,research_needed,Boondocking / Dispersed,Official rule/source family found; geometry not extracted,High,USFS official maps / rules,No honest point without MVUM/visitor-map geometry,Do not place a fake forest/grassland centroid,Add durable area/rule lead,,v23.1.68,USFS provides visitor maps and MVUMs for Nebraska National Forest and Oglala National Grassland; MVUMs control open roads/trails. ([US Forest Service][8])
ne-w8-roberts-tract-camping-area,NE,Roberts Tract Camping Area / Trailhead,Sioux / Pine Ridge,coordinate_rescue,Rustic / Primitive,coordinate_rescue,High,NE_W8 v23.1.69 worker return / supervisor reconciliation,NO HONEST ACTIVE COORDINATE ACCEPTED,"Formal non-modern campground/trailhead camp, not dispersed.",Add after coordinate rescue,,v23.1.69,
ne-w8-soldier-creek-campground-closure-watch,NE,Soldier Creek Campground,Sioux / Pine Ridge,coordinate_rescue,Rustic / Primitive,coordinate_rescue,High,NE_W8 v23.1.69 worker return / supervisor reconciliation,NO HONEST ACTIVE COORDINATE ACCEPTED,"Do not add active while closure is in effect on July 1, 2026.",Add lead; promote only after closure lifted,,v23.1.69,
ne-w8-soldier-creek-wilderness-backcountry,NE,Soldier Creek Wilderness backcountry camping geometry,Sioux / Pine Ridge,coordinate_rescue,Boat / Backpack / Boondocking,coordinate_rescue,High,NE_W8 v23.1.69 worker return / supervisor reconciliation,NO HONEST ACTIVE COORDINATE ACCEPTED,Not active yet; proof needs one more official step.,Add durable lead,,v23.1.69,
ne-lead-wma-boondocking-cluster-source-geometry,NE,Nebraska WMA boondocking cluster — Gifford Point / Blue Hole / Chat Canyon / Grove Lake / Yellowthroat,Statewide WMA cluster,community_review / gis_extraction_needed,Boondocking / Dispersed,community_review,High,Active state file + future NGPC WMA rules/GIS + community reports,Medium for named active rows; Low for legality/layer proof,Active rows are source-light/source-free boondocking/WMA records and need durable proof under current rules.,"Check NGPC WMA pages/maps/GIS, posted WMA rules, and 3+ independent overnight reports per site/cluster. Convert to official area/rule pins or Community-supported Boondocking only where proof supports it.",s333 Gifford Point WMA; s113 Blue Hole SWMA; s184 Chat Canyon WMA; s356 Grove Lake WMA; s1028 Yellowthroat WMA,v23.1.54-historical-backfill,Do not reject just because proof is incomplete. These are named WMA traps/leads and need source/geometry/community review.
ne-lead-wma-wrong-layer-modern-federal-cleanup,NE,Nebraska wildlife-area layer cleanup cluster — Anderson Bridge / Buffalo Creek / Twin Lakes / Yankee Hill,Statewide WMA cluster,needs_supervisor_review / coordinate_rescue,"Likely Boondocking / Dispersed, Rustic / Primitive, or Needs Verification; not Modern/Federal unless proof says so",needs_supervisor_review,High,Active state file + modern audit + future official NGPC source,Low to Medium,Named SWMA/WMA rows are loaded under State/Federal/Modern-style labels without visible proof of Modern triad or federal ownership.,"Check official NGPC pages/rules/GIS, camping legality, service level, and whether coordinates identify camping areas or only WMA/general points.",s15 Anderson Bridge SWMA; s143 Buffalo Creek WMA; s944 Twin Lakes SWMA; s1024 Yankee Hill SWMA,v23.1.54-historical-backfill,Good candidate for later NE cleanup pass; do not make a blind layer move without source proof.
ne-thayer-alexandria-sra-campground,NE,Alexandria SRA Campground,Thayer / Alexandria,coordinate_rescue,Rustic / Primitive,coordinate_rescue,High,NE_W6 v23.1.69 worker return / supervisor reconciliation,NO HONEST ACTIVE COORDINATE ACCEPTED,No shower proof; Rustic/Primitive,Add active after coordinate snap,,v23.1.69,
ne-lead-ne-w8-alexandria-sra,NE,Alexandria SRA,Thayer / Alexandria-Fairbury,coordinate_rescue,Rustic / Primitive,Official/tourism proof strong; coordinate rescue needed,High,Official state / state tourism,Official state guide / Visit Nebraska; coordinate needed,"Active candidate proof exists, but no import-safe coordinate was available in the worker return. Address/map/reservation coordinate rescue required.",Add after coordinate rescue,,v23.1.68,"Alexandria has Electric Plus, Electric and Basic campsites, 40 30-amp, 5 50-amp, 8 non-electric, water, modern restrooms, dump/fill; no shower proof found. ([Visit Nebraska][16])"
ne-w8-natick-campground,NE,Natick Campground,Thomas / Bessey Ranger District,coordinate_rescue,Rustic / Primitive,coordinate_rescue,High,NE_W8 v23.1.69 worker return / supervisor reconciliation,NO HONEST ACTIVE COORDINATE ACCEPTED,Strong non-modern miss unless already in v23.1.68 overlay.,Add after coordinate rescue,,v23.1.69,
ne-w8-whitetail-campground,NE,Whitetail Campground,Thomas / Bessey Ranger District,coordinate_rescue,Rustic / Primitive,coordinate_rescue,High,NE_W8 v23.1.69 worker return / supervisor reconciliation,NO HONEST ACTIVE COORDINATE ACCEPTED,Add only with current access note.,Coordinate rescue + access-status check,,v23.1.69,
ne-w8-bessey-rd-mvum-dispersed-corridors,NE,Bessey Ranger District MVUM dispersed camping corridors,Thomas / Blaine / Halsey NF area,coordinate_rescue,Boondocking / Dispersed,coordinate_rescue,High,NE_W8 v23.1.69 worker return / supervisor reconciliation,NO HONEST ACTIVE COORDINATE ACCEPTED,"Roads include 201, 202, 203, 205, 209, 211, 212N/S, 213, 214, 216, 223–228, 231, 259, 261, 263, 277.",Add area/rule candidate after route GIS extraction,,v23.1.69,
ne-lead-ne-wayne-wayne-victor-park-campground,NE,Victor Park Campground,Wayne / Wayne,coordinate_rescue,Rustic / Primitive,New active candidate,High,City official,City official proof; coordinate needs final snap,"Active candidate proof exists, but no import-safe coordinate was available in the worker return. Address/map/reservation coordinate rescue required.",Add active after coordinate snap,,v23.1.68,"Wayne says it has two campground sites; Victor Park has 12 electrical hookups, sewer discharge area, water hydrant, restrooms, grills, picnic tables and fire pits. ([City of Wayne][21])"
ne-lead-ne-wayne-wayne-lions-rv-park,NE,Wayne Lions RV Park,Wayne / Wayne,coordinate_rescue,Rustic / Primitive,New active candidate,High,City official,City official proof; coordinate needs final snap,"Active candidate proof exists, but no import-safe coordinate was available in the worker return. Address/map/reservation coordinate rescue required.",Add active after coordinate snap,,v23.1.68,Wayne says Lions RV Park is an overnight campground and is open April 1–October 31. ([City of Wayne][22])
ne-lead-wayne-lions-rv-park-coordinate-rescue,NE,Wayne Lions RV Park,Wayne / Wayne,coordinate_rescue,Rustic / Primitive or Modern after amenity proof,coordinate_rescue,High,NE_W7 v23.1.69 worker return / supervisor reconciliation,NO HONEST ACTIVE COORDINATE ACCEPTED,Real campground; coordinate rescue still needed,Add lead,,v23.1.69,
ne-lead-sutherland-reservoir-sra-primitive-camping,NE,Sutherland Reservoir SRA primitive and electric camping,Western Lincoln / North Platte corridor,coordinate_rescue,Modern Campgrounds + Rustic / Primitive,Official proof; coordinate extraction needed,High,Nebraska Game & Parks official,Official proof from NGPC search result; no map coordinate extracted,"Western Lincoln edge, but explicitly inside assignment edge",Add lead,,v23.1.68,"NGPC search result says Sutherland has 22 Electric Plus sites and over 100 primitive sites, with primitive camping east and west of the lake. ([Nebraska Game & Parks Commission][20])"
ne-lead-pibel-lake-sra-primitive-campground-coordinate-rescue,NE,Pibel Lake SRA Primitive Campground,Wheeler,coordinate_rescue,Rustic / Primitive,Official coordinate rescue lead,High,Nebraska Game & Parks / Lower Loup NRD,Official fishing guide proof; exact coordinate blocked,Do not use lake center,Add durable lead,,v23.1.68,NGPC fishing guide says Pibel Lake has primitive camping and is owned by Lower Loup NRD. ([digital.outdoornebraska.gov][15])
ne-lead-hastings-campground-rv-park,NE,Hastings Campground & RV Park,Adams / Hastings,coordinate_rescue,Private Campgrounds,coordinate_rescue,Medium,NE_W5 v23.1.69 worker return / supervisor reconciliation,NO HONEST ACTIVE COORDINATE ACCEPTED,Obvious private campground from Hastings control search,Add lead,,v23.1.69,
ne-lead-bayard-city-park-municipal-proof,NE,Bayard City Park free/electric camping proof,Bayard / western Nebraska,agency_contact_needed / coordinate_rescue,Rustic / Primitive or Modern Campgrounds if triad is proven,coordinate_rescue,Medium,Active state file + municipal/operator proof needed,Medium,"Active row says free camping with electricity but has no visible source, owner, or shower/restroom proof.","Check Bayard municipal pages, park/campground rules, Google/community proof if official source is incomplete, and service-level proof before Modern classification.",s56 Bayard City Park,v23.1.54-historical-backfill,Could become Modern only if electric + modern restroom + showers/bathhouse proof is recovered.
ne-lead-box-butte-reservoir-sra-campground,NE,Box Butte Reservoir SRA Campground,Box Butte / Dawes edge,coordinate_rescue,Modern Campgrounds,Official campground proof; coordinate extraction needed,Medium,Nebraska Game & Parks official,Official page proof; no honest campground coordinate extracted,Real obvious campground missed by active NE baseline,Add lead; promote after coordinate extraction,,v23.1.68,"NGPC says Box Butte has 60 Electric Plus pads, 26 Basic sites, fire rings, picnic tables, drinking water, shower house, and modern restrooms. ([Nebraska Game & Parks Commission][13])"
ne-lead-ne-buffalo-windmill-sra-campground,NE,Windmill SRA campground,Buffalo / Gibbon-Kearney,coordinate_rescue,Modern Campgrounds,active_candidate,Medium,Nebraska Game & Parks,Official proof; coordinate not safely recovered,"Active candidate proof exists, but no import-safe coordinate was available in the worker return. Address/map/reservation coordinate rescue required.",Add lead if coordinate unavailable,,v23.1.68,"NGPC says Windmill has Electric Plus, Electric and Basic camping, 69 electrical pads, 23 non-pad Basic sites, drinking water, modern restrooms, shower houses, dump/fill station and laundry. ([Nebraska Game & Parks Commission][20])"
ne_bassway_strip_wma_primitive_camping_verification,NE,Bassway Strip WMA primitive camping,Buffalo / Kearney-Gibbon area,wma_primitive_camping_verification,Boondocking / Dispersed,wma_posting_coordinate_verification,Medium,NGPC WMA rule + public app/directory reports,GEOMETRY BLOCKED / no exact overnight-safe camping point recovered,"NGPC generally allows WMA camping unless posted/restricted and public sources describe overnight use, but exact legal camping area/posting status is not verified.",Verify current NGPC map/postings and exact overnight-safe access/camping area before active import.,,v23.1.83,Do not duplicate Blue Hole WMA active row.
ne-lead-ravenna-annevar-park-rv-hookups,NE,Annevar Park RV Hookups,Buffalo / Ravenna,coordinate_rescue,Modern Campgrounds,coordinate_rescue,Medium,NE_W5 v23.1.69 worker return / supervisor reconciliation,NO HONEST ACTIVE COORDINATE ACCEPTED,City-hall contact is not a campsite coordinate,Add lead,,v23.1.69,
ne-burt-summit-lake-sra-campground,NE,Summit Lake SRA Campground,Burt / Tekamah area,coordinate_rescue,Modern Campgrounds,coordinate_rescue,Medium,NE_W6 v23.1.69 worker return / supervisor reconciliation,NO HONEST ACTIVE COORDINATE ACCEPTED,Modern campground plus non-modern equestrian component,Add active; add separate equestrian lead if splitting,,v23.1.69,
ne-lead-ne-w8-eugene-t-mahoney-sp,NE,Eugene T. Mahoney State Park campground,Cass / Ashland,coordinate_rescue,Modern Campgrounds,Official proof strong; coordinate rescue needed,Medium,Official state,Official NGPC / reservation proof,"Active candidate proof exists, but no import-safe coordinate was available in the worker return. Address/map/reservation coordinate rescue required.",Add after coordinate rescue,,v23.1.68,"NGPC/ReserveAmerica sources list Full Hookup, Electric Plus, Electric campsites, showers, modern restrooms, dump/fill. ([Nebraska Game & Parks Commission][24])"
ne-cass-mahoney-state-park-campgrounds,NE,Eugene T. Mahoney State Park Campgrounds,Cass / Ashland / Platte River corridor,coordinate_rescue,Modern Campgrounds,coordinate_rescue,Medium,NE_W6 v23.1.69 worker return / supervisor reconciliation,NO HONEST ACTIVE COORDINATE ACCEPTED,Easy but obvious major miss,Add active,,v23.1.69,
ne-lead-ne-w8-pine-grove-rv,NE,Pine Grove RV Park & Campground,Cass / Ashland-Greenwood,coordinate_rescue,Private Campgrounds,Operator proof adequate; coordinate rescue needed,Medium,Operator / local tourism,Operator site + county/tourism address; exact campground coordinate needed,"Active candidate proof exists, but no import-safe coordinate was available in the worker return. Address/map/reservation coordinate rescue required.",Add after address/coordinate confirmation,,v23.1.68,Operator site identifies Pine Grove RV Park & Campground serving Omaha-Lincoln area. ([pinegrovervpark.net][33])
ne-lead-ne-w8-louisville-sra,NE,Louisville SRA campground,Cass / Louisville,coordinate_rescue,Modern Campgrounds,Official proof strong; coordinate rescue needed,Medium,Official state,Official NGPC page,"Active candidate proof exists, but no import-safe coordinate was available in the worker return. Address/map/reservation coordinate rescue required.",Add main record,,v23.1.68,"NGPC says Louisville has Full Hookup, Electric Plus, Electric, and Basic camping, over 200 pads, showers, modern restrooms, water, dump/fill. ([Nebraska Game & Parks Commission][27])"
ne-lead-ne-w8-platte-river-sp,NE,Platte River State Park campground,Cass / Louisville,coordinate_rescue,Modern Campgrounds,Official proof strong; coordinate rescue needed,Medium,Official state,Official NGPC page,"Active candidate proof exists, but no import-safe coordinate was available in the worker return. Address/map/reservation coordinate rescue required.",Add main; add basic component lead,,v23.1.68,NGPC says Platte River has 48 full-hookup campsites with shower facility and modern restrooms; four basic first-come sites nearby. ([Nebraska Game & Parks Commission][25])
ne-cass-louisville-sra-campground-system,NE,Louisville SRA Campground System,Cass / Louisville / Platte River,coordinate_rescue,Modern Campgrounds,coordinate_rescue,Medium,NE_W6 v23.1.69 worker return / supervisor reconciliation,NO HONEST ACTIVE COORDINATE ACCEPTED,Major active candidate,Add active after current duplicate check,,v23.1.69,
ne-cass-platte-river-state-park-bison-lane-rv-campground,NE,Platte River SP Bison Lane RV Campground,Cass / Louisville-Platte corridor,coordinate_rescue,Modern Campgrounds,coordinate_rescue,Medium,NE_W6 v23.1.69 worker return / supervisor reconciliation,NO HONEST ACTIVE COORDINATE ACCEPTED,Major active candidate,Add active after coordinate snap,,v23.1.69,
ne-enders-reservoir-area-a-b-center-dam-coordinate-rescue,NE,Enders Reservoir Campground Components,Chase / Enders,coordinate_rescue,Modern Campgrounds,coordinate_rescue,Medium,NE_W4 v23.1.69 worker return / supervisor reconciliation,NO HONEST ACTIVE COORDINATE ACCEPTED,Needs Area A / Area B / Center Dam split,Extract official campground PDFs with QGIS/GDAL or reservation metadata,,v23.1.69,
ne-merritt-reservoir-component-campgrounds-coordinate-rescue,NE,Merritt Reservoir Component Campgrounds,Cherry / Merritt Reservoir,coordinate_rescue,Modern Campgrounds,coordinate_rescue,Medium,NE_W4 v23.1.69 worker return / supervisor reconciliation,NO HONEST ACTIVE COORDINATE ACCEPTED,Component names are proven; exact split requires GIS/reservation metadata,Extract Beeds/Boardman/Cedar/Willow maps in QGIS or reservation metadata,,v23.1.69,
ne-lead-niobrara-camping-berry-bridge-penbrook-coordinate-rescue,NE,Niobrara Camping — Berry Bridge and Penbrook Campgrounds,Cherry / Niobrara River,coordinate_rescue,Private Campgrounds,Operator coordinate rescue lead,Medium,Operator official,"Operator proof, exact two-site coordinates blocked",Do not collapse into one vague river pin,Add durable lead,,v23.1.68,"Operator says Niobrara Camping offers two private campgrounds, Berry Bridge and Penbrook, on the Niobrara River. ([Niobrara Camping][27])"
ne-lead-niobrara-river-outfitter-campground-coordinate-rescue-batch,NE,Niobrara River Outfitter Campground Coordinate Rescue Batch,Cherry / Niobrara River,coordinate_rescue,Private Campgrounds / Rustic,Coordinate rescue batch,Medium,NPS + operators,NPS official local-campground inventory; operator confirmation needed per site,Every listed outfitter needs final action in integration; this row is the durable batch memory,Add lead batch; split next,,v23.1.68,"NPS Niobrara camping page lists Brewer’s, Dryland Aquatics, Graham, Little Outlaw, Niobrara River Ranch, Rock Barn, Fritz’s Island/Stans Landing, Prairie River/Sunny Brook and others as local campgrounds/outfitters. ([National Park Service][28])"
ne-lead-cherry-niobrara-river-ranch-coordinate-rescue,NE,Niobrara River Ranch,Cherry / Niobrara River,coordinate_rescue,Private Campgrounds,coordinate_rescue,Medium,NE_W7 v23.1.69 worker return / supervisor reconciliation,NO HONEST ACTIVE COORDINATE ACCEPTED,Real campground; coordinate blocked,Add lead,,v23.1.69,
ne-lead-cherry-dryland-aquatics-coordinate-rescue,NE,Dryland Aquatics Campground,Cherry / Sparks-Niobrara River,coordinate_rescue,Private Campgrounds,coordinate_rescue,Medium,NE_W7 v23.1.69 worker return / supervisor reconciliation,NO HONEST ACTIVE COORDINATE ACCEPTED,"Do not pin river, store, or broad Sparks centroid",Add lead,,v23.1.69,
ne-lead-ne-cherry-rocky-ford-camp-and-outfitters,NE,Rocky Ford Camp & Outfitters,Cherry / Valentine / Niobrara River,coordinate_rescue,Private Campgrounds,New active candidate,Medium,Operator official,Operator address; exact coordinate needs snap,"Active candidate proof exists, but no import-safe coordinate was available in the worker return. Address/map/reservation coordinate rescue required.",Add active after coordinate snap,,v23.1.68,"Operator says it is a privately owned campground/outfitter on the Niobrara River with tent camping, RV hookups, bunkhouse/cabins, picnic tables, fire rings and showers; address is 41619 River Road. ([Rocky Ford Camp and Outfitters][26])"
ne-lead-victoria-springs-sra-campground-coordinate-rescue,NE,Victoria Springs SRA Campground,Custer / Anselmo-Merna,coordinate_rescue,Modern Campgrounds,lead_coordinate_rescue,Medium,Nebraska Game & Parks,Official proof; coordinate not safely recovered,Small but obvious Custer County state rec campground,Add lead,,v23.1.68,"NGPC says Victoria Springs has Electric Plus, Electric and Basic camping, 21 electrical pads, six Basic non-pad sites, drinking water, modern restrooms, showers and dump/fill station. ([Nebraska Game & Parks Commission][23])"
ne-lead-broken-bow-tomahawk-rv-park-coordinate-rescue,NE,Tomahawk City Park / Broken Bow RV Park,Custer / Broken Bow,coordinate_rescue,Modern Campgrounds or Private/Local,lead_coordinate_rescue,Medium,City official + county tourism,Official city proof; exact coordinate not safely recovered,Obvious Broken Bow municipal miss,Add lead,,v23.1.68,"City of Broken Bow lists RV Park reservations/rates; Custer tourism says tent camping is allowed and 15 pull-through camper sites with full hookups are available, plus dump station. ([Broken Bow, Nebraska][28])"
ne-lead-broken-bow-tomahawk-rv-park,NE,Tomahawk Municipal RV Park,Custer / Broken Bow,coordinate_rescue,Modern Campgrounds,coordinate_rescue,Medium,NE_W5 v23.1.69 worker return / supervisor reconciliation,NO HONEST ACTIVE COORDINATE ACCEPTED,"Public municipal campground, not private RV filler",Add lead,,v23.1.69,
ne-lead-ne-dakota-south-sioux-city-scenic-park-campground,NE,Scenic Park Campground,Dakota / South Sioux City / Missouri River,coordinate_rescue,Modern Campgrounds,New active candidate,Medium,City official,City official proof; coordinate needs final snap,"Active candidate proof exists, but no import-safe coordinate was available in the worker return. Address/map/reservation coordinate rescue required.",Add active after coordinate snap,,v23.1.68,South Sioux City says Scenic Park Campground is a full-service year-round city campground with 135 RV sites along the Missouri River. ([South Sioux City][24])
ne-box-butte-reservoir-campground-coordinate-rescue,NE,Box Butte Reservoir Campground,Dawes / Box Butte Reservoir,coordinate_rescue,Modern Campgrounds,coordinate_rescue,Medium,NE_W4 v23.1.69 worker return / supervisor reconciliation,NO HONEST ACTIVE COORDINATE ACCEPTED,Need current official map/GIS or reservation metadata,Add lead; rescue component coordinate,,v23.1.69,
ne-lead-private-eagles-rest-rv-campground,NE,Eagle’s Rest RV & Campground,Dawes / Chadron,research_needed,Private Campgrounds,Public-discovery hit; final operator proof insufficient,Medium,Tourism / discovery lead only,Tourism/social discovery only; no clean operator page reached,Facebook/social/operator gap; do not final-proof from social,Add verification lead,,v23.1.68,"Visit Nebraska lists Eagle’s Rest RV & Campground in Chadron with full hookups, showers, laundry, Wi-Fi, and pull-throughs, but this should be treated as discovery unless operator proof is captured. ([Visit Nebraska][25])"
ne-lead-private-prairie-view-homes-rv-campground,NE,Prairie View Homes RV Campground,Dawes / Chadron,coordinate_rescue,Private Campgrounds,Operator proof found; coordinate rescue needed,Medium,Operator official,Operator proof; exact campground coordinate not extracted,Obvious private campground in Chadron search cluster,Add lead,,v23.1.68,Prairie View Homes’ operator page says it has full-hookup RV sites and tent camping in Chadron. ([Prairie View Homes][24])
ne-lead-crawford-city-park-campground,NE,Crawford City Park Campground,Dawes / Crawford,research_needed,Local / likely Rustic or Modern,Public-discovery hit; official proof not reached,Medium,Discovery source only,Public campground-directory discovery only,Do not import from The Dyrt/Campendium-style listings,Add verification lead,,v23.1.68,"Public search surfaced Crawford City Park camping, but no official city/operator page was captured in this pass."
ne-lead-ne-w8-fremont-lakes-sra,NE,Fremont Lakes SRA,Dodge / Fremont,coordinate_rescue,Modern Campgrounds + Rustic component,Official proof strong; coordinate rescue needed,Medium,Official state,"Official NGPC address; campground maps linked, exact loop pins need map extraction","Active candidate proof exists, but no import-safe coordinate was available in the worker return. Address/map/reservation coordinate rescue required.",Add main record after coordinate spot-check; add separate primitive/basic lead if splitting components,,v23.1.68,"NGPC says Fremont Lakes has Electric Plus, Electric, Basic, and Primitive campsites, showers, modern restrooms, water, dump/fill stations. ([Nebraska Game & Parks Commission][1])"
ne-dodge-fremont-lakes-sra-campground-system,NE,Fremont Lakes SRA Campground System,Dodge / Fremont / Platte River lakes,coordinate_rescue,Modern Campgrounds,coordinate_rescue,Medium,NE_W6 v23.1.69 worker return / supervisor reconciliation,NO HONEST ACTIVE COORDINATE ACCEPTED,High-confidence campground; coordinate still needs final snap,Add active after current-package duplicate check and campground-area coordinate snap,,v23.1.69,
ne-lead-ne-w8-lake-cunningham-campground,NE,Lake Cunningham Campground,Douglas / Omaha,coordinate_rescue,Modern Campgrounds,Official/operator proof strong; coordinate rescue needed,Medium,Official city/operator / Recreation.gov,City/operator campground entrance/address,"Active candidate proof exists, but no import-safe coordinate was available in the worker return. Address/map/reservation coordinate rescue required.",Add after coordinate spot-check,,v23.1.68,"Recreation.gov lists full-hookup, electric, and tent camping with showers and flush restrooms; Lake Cunningham operator lists camping and address. ([Recreation.gov][30])"
ne-lead-ne-w8-two-rivers-sra,NE,Two Rivers SRA campground,Douglas / Waterloo,coordinate_rescue,Modern Campgrounds + Rustic component,Official proof strong; coordinate rescue needed,Medium,Official state,Official NGPC page,"Active candidate proof exists, but no import-safe coordinate was available in the worker return. Address/map/reservation coordinate rescue required.",Add after coordinate rescue,,v23.1.68,"NGPC says Two Rivers has 167 electric pads, 38 non-electric pads, 25 basic equestrian sites, modern restrooms with showers, dump/fill. ([Nebraska Game & Parks Commission][28])"
ne-douglas-two-rivers-sra-campground-system,NE,Two Rivers SRA Campground System,Douglas / Waterloo / Platte-Elkhorn area,coordinate_rescue,Modern Campgrounds,coordinate_rescue,Medium,NE_W6 v23.1.69 worker return / supervisor reconciliation,NO HONEST ACTIVE COORDINATE ACCEPTED,Huge obvious public campground,Add active after duplicate check,,v23.1.69,
ne-lead-calamus-reservoir-component-campground-extraction,NE,Calamus Reservoir Component Campgrounds,Garfield / Loup,research_needed,Modern Campgrounds,Component extraction lead,Medium,Nebraska Game & Parks,Official component names; exact points blocked,Useful split work,Add lead,,v23.1.68,"NGPC identifies Homestead Knolls, Nunda Shoal and Valley View Flat campgrounds, plus designated camping spots in some parking-lot areas. ([Nebraska Game & Parks Commission][13])"
ne-lead-grand-island-koa-journey,NE,Grand Island KOA Journey,Hall / Doniphan-Grand Island,coordinate_rescue,Private Campgrounds,coordinate_rescue,Medium,NE_W5 v23.1.69 worker return / supervisor reconciliation,NO HONEST ACTIVE COORDINATE ACCEPTED,Obvious I-80 corridor campground,Add lead or promote after coordinate rescue,,v23.1.69,
ne-lead-hall-county-park-campground-coordinate-rescue,NE,Hall County Park / George H. Clayton Campground,Hall / Grand Island,coordinate_rescue,Modern Campgrounds likely,lead_coordinate_rescue,Medium,County official + tourism,Official county camping proof; coordinate not safely recovered,Obvious Grand Island county campground,Add lead,,v23.1.68,"Hall County says the park has a camping season and camper gate hours; Visit Nebraska lists Hall County Park at 3138 W. Schimmer Dr with camper checkout time. ([Hall County, Nebraska][30])"
ne-lead-ne-hall-mormon-island-sra-campgrounds,NE,Mormon Island SRA Cedar / Cottonwood Campgrounds,Hall / Grand Island,coordinate_rescue,Modern Campgrounds,active_candidate,Medium,Nebraska Game & Parks / ReserveAmerica,Official proof; component coordinates needed,"Active candidate proof exists, but no import-safe coordinate was available in the worker return. Address/map/reservation coordinate rescue required.",Add lead; promote after coordinates,,v23.1.68,"NGPC says Mormon Island has Electric Plus, Electric and Basic camping with modern restrooms, showers, dump/fill station and laundry; it identifies Cedar and Cottonwood campground maps. ([Nebraska Game & Parks Commission][22])"
ne-lead-cheyenne-sra-campground,NE,Cheyenne SRA Campground,Hall / Wood River,coordinate_rescue,Modern Campgrounds,coordinate_rescue,Medium,NE_W5 v23.1.69 worker return / supervisor reconciliation,NO HONEST ACTIVE COORDINATE ACCEPTED,Small but real campground,Add lead,,v23.1.69,
ne-lead-ne-hall-cheyenne-sra-campground,NE,Cheyenne SRA campground,Hall / Wood River,coordinate_rescue,Modern Campgrounds,active_candidate,Medium,Nebraska Game & Parks,Official proof; coordinate not safely recovered,"Active candidate proof exists, but no import-safe coordinate was available in the worker return. Address/map/reservation coordinate rescue required.",Add lead or active after coordinate rescue,,v23.1.68,"NGPC says Cheyenne’s new campground has 21 electrical campsites with 50-amp service, two ADA sites, and two non-electric tent sites; modern amenities include restroom, fresh-water fill hydrant, vault toilet and boat ramp. ([Nebraska Game & Parks Commission][19])"
ne-lead-harlan-hunter-cove-campground-coordinate-extraction,NE,Hunter Cove Campground,Harlan / Harlan County Lake,coordinate_rescue,Modern Campgrounds,coordinate_rescue,Medium,NE_W5 v23.1.69 worker return / supervisor reconciliation,NO HONEST ACTIVE COORDINATE ACCEPTED,Real campground; don’t lose it just because coordinate extraction needs one more pass,Add durable coordinate-extraction lead,,v23.1.69,
ne-lead-ne-harlan-hunter-cove-campground,NE,Hunter Cove Campground / Harlan County Lake,Harlan / Republican City,coordinate_rescue,Modern Campgrounds,active_candidate,Medium,Recreation.gov / USACE,Official campground proof; exact coordinate not safely recovered,"Active candidate proof exists, but no import-safe coordinate was available in the worker return. Address/map/reservation coordinate rescue required.",Add lead unless coordinate is recovered before import,,v23.1.68,"Recreation.gov says Hunter Cove has 150 campsites, both electric and non-electric, plus playground, volleyball court, boat ramp, marinas nearby, and fish-cleaning station. ([Recreation.gov][8])"
ne-lead-swanson-macklin-bay-spring-canyon-split,NE,Swanson SRA Macklin Bay / Spring Canyon Campground Split,Hitchcock / Trenton,coordinate_rescue,Modern Campgrounds,coordinate_rescue,Medium,NE_W5 v23.1.69 worker return / supervisor reconciliation,NO HONEST ACTIVE COORDINATE ACCEPTED,Split should not be collapsed forever,Add lead,,v23.1.69,
ne-lead-ne-holt-oneill-carney-park-campground,NE,Carney Park Campground,Holt / O’Neill,coordinate_rescue,Modern Campgrounds,New active candidate,Medium,City official,City official proof; coordinate needs final snap,"Active candidate proof exists, but no import-safe coordinate was available in the worker return. Address/map/reservation coordinate rescue required.",Add active after coordinate snap,,v23.1.68,"O’Neill says Carney Park has 18 camping spaces with water/electric, restrooms and hot showers; it lists RV/tent fees. ([City of O'Neill, Nebraska][18])"
ne-lead-ne-w8-rock-creek-station-sra,NE,Rock Creek Station SRA campground,Jefferson / Fairbury,coordinate_rescue,Modern Campgrounds,Official proof strong; coordinate rescue needed,Medium,Official state / reservation,Official NGPC / reservation proof; coordinate needed,"Active candidate proof exists, but no import-safe coordinate was available in the worker return. Address/map/reservation coordinate rescue required.",Add main record; lead for horse camp,,v23.1.68,"NGPC says Rock Creek Station has Electric, Basic, and Basic Equestrian campsites, modern shower/restroom building, water, dump/fill; ReserveAmerica confirms horse camping area. ([Nebraska Game & Parks Commission][14])"
ne-lead-ne-kearney-fort-kearny-sra-campgrounds,NE,Fort Kearny SRA East / West Campgrounds,Kearney / Kearney area,coordinate_rescue,Modern Campgrounds,active_candidate,Medium,Nebraska Game & Parks / ReserveAmerica,Official proof; address/reservation source recovered; component coordinates needed,"Active candidate proof exists, but no import-safe coordinate was available in the worker return. Address/map/reservation coordinate rescue required.",Add lead / split components,,v23.1.68,"NGPC says Fort Kearny has Electric Plus, Electric and Basic camping, showers, modern restrooms, dump/fill station, and East/West campgrounds; ReserveAmerica gives address 1020 V Road. ([Nebraska Game & Parks Commission][21])"
ne-lead-minden-pioneer-village-campground,NE,Pioneer Village Campground,Kearney County / Minden,coordinate_rescue,Private Campgrounds,coordinate_rescue,Medium,NE_W5 v23.1.69 worker return / supervisor reconciliation,NO HONEST ACTIVE COORDINATE ACCEPTED,Obvious operator campground in corridor,Add lead or promote after coordinate rescue,,v23.1.69,
ne-lake-ogallala-east-campground-coordinate-rescue,NE,Lake Ogallala East Campground,Keith / Lake Ogallala,coordinate_rescue,Modern Campgrounds,coordinate_rescue,Medium,NE_W4 v23.1.69 worker return / supervisor reconciliation,NO HONEST ACTIVE COORDINATE ACCEPTED,Do not use Lake Ogallala center/dam,Extract reservation metadata or official GIS,,v23.1.69,
ne-lead-private-ogallala-i80-koa-journey,NE,Ogallala / I-80 KOA Journey,Keith / Ogallala,coordinate_rescue,Private Campgrounds,Operator proof found; coordinate/address import can be rescued,Medium,Operator official,Operator address/source; coordinate not extracted in this return,"Modern/private lower priority, but obvious public campground",Add lead or promote after address spot-check,,v23.1.68,"KOA lists the Ogallala/I-80 KOA Journey with RV/tent camping and address 221 Road East 85, Ogallala. ([KOA][23])"
ne-lead-ne-w8-pawnee-sra,NE,Pawnee SRA,Lancaster / Emerald,coordinate_rescue,Modern Campgrounds,Official proof strong; coordinate rescue needed,Medium,Official state / reservation,Official NGPC / reservation page; campground coordinate needed,"Active candidate proof exists, but no import-safe coordinate was available in the worker return. Address/map/reservation coordinate rescue required.",Add main Modern record; component lead for basic/equestrian,,v23.1.68,Pawnee has Lakeview modern electrical campground with shower facilities; NGPC/USACE descriptions also document primitive/basic camping. ([Nebraska State Parks][7])
ne-lead-ne-w8-camp-a-way,NE,Camp A Way,Lancaster / Lincoln,coordinate_rescue,Private Campgrounds,Operator proof strong,Medium,Operator,Operator address; map spot-check needed,"Active candidate proof exists, but no import-safe coordinate was available in the worker return. Address/map/reservation coordinate rescue required.",Add after coordinate spot-check,,v23.1.68,"Operator lists address, RV sites with full hookups, tent camping, bathhouses, indoor spa, Wi-Fi. ([Camp A Way][31])"
ne-lancaster-bluestem-sra-campground,NE,Bluestem SRA Campground,Lancaster / Martell,coordinate_rescue,Modern Campgrounds,coordinate_rescue,Medium,NE_W6 v23.1.69 worker return / supervisor reconciliation,NO HONEST ACTIVE COORDINATE ACCEPTED,"Modern due showerhouse + electric, though primitive restrooms are also present",Add active after coordinate snap,,v23.1.69,
ne-lead-ne-w8-branched-oak-sra,NE,Branched Oak SRA,Lancaster / Raymond,coordinate_rescue,Modern Campgrounds,Official proof strong; coordinate rescue needed,Medium,Official state / reservation,Official NGPC address; ReserveAmerica/park map for campground loops,"Active candidate proof exists, but no import-safe coordinate was available in the worker return. Address/map/reservation coordinate rescue required.",Add main modern record; create lead for Homestead/equestrian split,,v23.1.68,"NGPC lists camping and equestrian camping; ReserveAmerica lists 338 pad sites, primitive camping, restrooms, showers, drinking water, dump stations, horse camping. ([Nebraska Game & Parks Commission][5])"
ne-lancaster-branched-oak-sra-campground-system,NE,Branched Oak SRA Campground System,Lancaster / Salt Valley lakes,coordinate_rescue,Modern Campgrounds,coordinate_rescue,Medium,NE_W6 v23.1.69 worker return / supervisor reconciliation,NO HONEST ACTIVE COORDINATE ACCEPTED,"Large system should be active now, then split",Add active after current-package duplicate check,,v23.1.69,
ne-lancaster-pawnee-sra-campground-system,NE,Pawnee SRA Campground System,Lancaster / Salt Valley lakes,coordinate_rescue,Modern Campgrounds,coordinate_rescue,Medium,NE_W6 v23.1.69 worker return / supervisor reconciliation,NO HONEST ACTIVE COORDINATE ACCEPTED,Major public campground,Add active after coordinate snap,,v23.1.69,
ne-calamus-homestead-nunda-valley-hannaman-coordinate-rescue,NE,Calamus Reservoir Component Campgrounds,Loup/Garfield / Calamus,coordinate_rescue,Modern Campgrounds,coordinate_rescue,Medium,NE_W4 v23.1.69 worker return / supervisor reconciliation,NO HONEST ACTIVE COORDINATE ACCEPTED,"Northern overlap target; clean proof, coordinate blocked",Extract official campground PDFs/GIS/reservation metadata,,v23.1.69,
ne-lead-merrick-bader-memorial-park-campground-coordinate-rescue,NE,Bader Memorial Park Campground,Merrick / Chapman-Central City,coordinate_rescue,Private/Local Campgrounds,lead_coordinate_rescue,Medium,Park/operator + Central City official,Operator/park proof; coordinate not safely recovered,Public-facing campground but coordinate not safe yet,Add lead,,v23.1.68,"Bader Park says it has 36 RV sites and 15 tent sites; Central City page says Bader Park has camping sites, hiking trails, fishing ponds and swimming. ([baderpark.org][31])"
ne-lead-ne-thomas-bessey-recreation-complex-campground,NE,Bessey Recreation Complex Campground,Nebraska NF / Bessey / Halsey,coordinate_rescue,Modern Campgrounds,correction_candidate,Medium,USFS / Recreation.gov,Existing active coordinate; official USFS/Recreation.gov proof,Correction candidate requires current active-row ID/source/layer QA before integration.,Correct active row,,v23.1.68,Existing row says “Has Boondocking nearby in N.F.” Recreation.gov confirms Bessey campground rules and seasonal restroom/shower notices; USFS lists it as Bessey Recreation Complex and Campground. ([Recreation.gov][1])
ne-lead-bessey-nf-dispersed-rule-area,NE,Nebraska National Forest / Bessey area dispersed-camping rule lead,Nebraska National Forest / Bessey area,area_outline_followup / agency_contact_needed,Boondocking / Dispersed plus existing Rustic / Primitive campground if proven,area_outline_followup,Medium,Active state file note + future USFS rules/GIS/MVUM,Low for area geometry; Medium for active campground identity,Active Bessey row says “Has Boondocking nearby in N.F.” but no formal rule-area record is present in this pass.,"Check USFS Nebraska NF dispersed camping rules, MVUM/road access, official forest/campground pages, and area boundary geometry. Create area/rule pin only if rules/geometry can be represented honestly.",s74 Bessey Recreation Complex Campground,v23.1.54-historical-backfill,This is not a new campsite add; it is a durable source-system lead.
ne-lead-ne-w8-auburn-rv-park,NE,Auburn RV Park & Campground,Nemaha / Auburn,coordinate_rescue,Modern Campgrounds,Official city proof strong,Medium,Official city / state tourism,City address; coordinate needed,"Active candidate proof exists, but no import-safe coordinate was available in the worker return. Address/map/reservation coordinate rescue required.",Add after coordinate spot-check,,v23.1.68,"City RV Park page gives rules, season, fee, 10-night limit, potable water and dump station; Visit Nebraska gives 17 RV sites and free tent camping at 410 Q St. ([City of Auburn][39])"
ne-lead-ne-w8-southside-rv-auburn,NE,Southside RV Park,Nemaha / Auburn,coordinate_rescue,Private Campgrounds,Tourism/operator proof adequate; coordinate rescue needed,Medium,State tourism/operator lead,Visit Nebraska/Passport listing; exact coordinate needed,"Active candidate proof exists, but no import-safe coordinate was available in the worker return. Address/map/reservation coordinate rescue required.",Add after coordinate rescue,,v23.1.68,"State tourism listing says Southside RV Park has 30 lots, full hookups, 30/50 amp, paved roads/pads. ([Nebraska Passport][41])"
ne-lead-nemaha-southside-rv-park-auburn-coordinate-rescue,NE,Southside RV Park,Nemaha / Auburn,coordinate_rescue,Private Campgrounds,coordinate_rescue,Medium,NE_W7 v23.1.69 worker return / supervisor reconciliation,NO HONEST ACTIVE COORDINATE ACCEPTED,Public-facing proof is weaker than Auburn city park; keep lead,Add lead,,v23.1.69,
ne-nemaha-indian-cave-state-park-campground-system,NE,Indian Cave State Park Campground System,Nemaha / Richardson edge / Missouri River bluffs,coordinate_rescue,Modern Campgrounds,coordinate_rescue,Medium,NE_W6 v23.1.69 worker return / supervisor reconciliation,NO HONEST ACTIVE COORDINATE ACCEPTED,Big system; active main marker plus component leads,Add active after current duplicate check,,v23.1.69,
ne-lead-niobrara-lynch-sunshine-bottom-corridor,NE,Niobrara / Lynch recreation corridor camping proof and geometry,Niobrara River / Lynch / Sunshine Bottom area,area_outline_followup / coordinate_rescue,Boondocking / Dispersed or Boat / Backpack if water-access camping is proven,area_outline_followup,Medium,Active state file + Lynch recreation source + future official/local proof,Low,Active records use a broad river point and a boat-ramp-named point. Need proof of legal overnight camping and honest geometry/site coordinates.,"Check City of Lynch recreation material, local campground/camping rules, river-access camping rules, NPS/state/local water trail material if any, and community overnight reports.",s641 Niobrara River; s897 Sunshine Bottom Boat Ramp,v23.1.54-historical-backfill,Keep lead separate from the rejected warning for “boat ramp as campsite pin.”
ne-lead-ne-w8-hidden-falls-rv,NE,Hidden Falls Cabins & RV Park,Otoe / Nebraska City,coordinate_rescue,Private Campgrounds,Operator proof strong,Medium,Operator / tourism,Operator address; coordinate spot-check needed,"Active candidate proof exists, but no import-safe coordinate was available in the worker return. Address/map/reservation coordinate rescue required.",Add after coordinate spot-check,,v23.1.68,Operator lists RV sites/cabins and address; tourism page lists 30 RV pads. ([Hidden Falls Cabins & Rv Park][35])
ne-lead-ne-w8-riverview-marina-sra,NE,Riverview Marina SRA,Otoe / Nebraska City,coordinate_rescue,Modern Campgrounds + Rustic component,Official proof strong; coordinate rescue needed,Medium,Official state,Official NGPC address/page,"Active candidate proof exists, but no import-safe coordinate was available in the worker return. Address/map/reservation coordinate rescue required.",Add main record; lead for primitive split if separate layers are desired,,v23.1.68,"NGPC says Riverview Marina has 24 electric pads, 50 primitive non-pad sites, modern restrooms with showers, and Missouri River access. ([Nebraska Game & Parks Commission][22])"
ne-otoe-riverview-marina-sra-campground,NE,Riverview Marina SRA Campground,Otoe / Nebraska City / Missouri River,coordinate_rescue,Modern Campgrounds,coordinate_rescue,Medium,NE_W6 v23.1.69 worker return / supervisor reconciliation,NO HONEST ACTIVE COORDINATE ACCEPTED,"Name includes “Marina,” but camping is officially proven",Add active after campground-area coordinate snap,,v23.1.69,
ne_holdrege_wma_primitive_cluster_lead,NE,"Holdrege-area WMA primitive camping cluster: Blue Hole, Coot Shallows, Bassway Strip, Wood River West",Phelps / Kearney / Buffalo region,boondocking_social_app_lead,Boondocking / Dispersed,wma_cluster_lead,Medium,Official NGPC WMA rule + public app discovery,BROAD WMA CLUSTER / no honest spot point,"Nebraska WMA rules may allow camping unless posted; public app results identify multiple WMAs, but each has only weak/limited same-spot proof.",Verify each WMA current posted camping status and exact camping-access points individually before active import.,,v23.1.82,Do not create one broad cluster dot.
ne-willow-creek-willow-way-equestrian-components-coordinate-rescue,NE,Willow Creek SRA Willow Way + Lakeside Equestrian Campgrounds,Pierce / Willow Creek,coordinate_rescue,Modern Campgrounds,coordinate_rescue,Medium,NE_W4 v23.1.69 worker return / supervisor reconciliation,NO HONEST ACTIVE COORDINATE ACCEPTED,Primary target but outside west Panhandle; still within north-target sweep,Extract Willow Way and Lakeside Equestrian map/GIS,,v23.1.69,
ne-lead-rock-bassett-city-park-fairgrounds-coordinate-conflict,NE,Bassett City Park / Fairgrounds RV Camping,Rock / Bassett,coordinate_rescue,Modern Campgrounds likely,coordinate_rescue,Medium,NE_W7 v23.1.69 worker return / supervisor reconciliation,NO HONEST ACTIVE COORDINATE ACCEPTED,Real campground; blocked only by coordinate conflict,Add lead; promote after coordinate rescue,,v23.1.69,
ne-lead-ne-w8-winsor-cove-haworth,NE,Winsor Cove / Haworth Park Campground,Sarpy / Bellevue,coordinate_rescue,Private Campgrounds,Operator proof strong,Medium,Operator / city partnership,Operator reservation/location; coordinate needed,"Active candidate proof exists, but no import-safe coordinate was available in the worker return. Address/map/reservation coordinate rescue required.",Add after coordinate rescue,,v23.1.68,"Operator says Winsor Cove at Haworth Park has water/electric hookups, dump station, bathrooms/showers, tent camping. ([Winsor Cove][36])"
ne-lead-sarpy-winsor-cove-haworth-park-coordinate-rescue,NE,Winsor Cove / Haworth Park Campground,Sarpy / Bellevue,coordinate_rescue,Private Campgrounds,coordinate_rescue,Medium,NE_W7 v23.1.69 worker return / supervisor reconciliation,NO HONEST ACTIVE COORDINATE ACCEPTED,Haworth history/flooding makes exact current campground placement important,Add lead,,v23.1.69,
ne-lead-ne-w8-ashland-rv-campground,NE,Ashland RV Campground,Saunders / Ashland,coordinate_rescue,Private Campgrounds,Operator proof strong,Medium,Operator,Operator address; map spot-check needed,"Active candidate proof exists, but no import-safe coordinate was available in the worker return. Address/map/reservation coordinate rescue required.",Add after coordinate spot-check,,v23.1.68,"Operator lists 31 paved RV sites, full hookups, restrooms/showers, Wi-Fi, laundry, dump station. ([Ashland RV Campground][32])"
ne-saunders-lake-wanahoo-nrd-campground,NE,Lake Wanahoo NRD Campground,Saunders / Wahoo,coordinate_rescue,Modern Campgrounds,coordinate_rescue,Medium,NE_W6 v23.1.69 worker return / supervisor reconciliation,NO HONEST ACTIVE COORDINATE ACCEPTED,Strong public NRD add,Add active after current-package duplicate check and map snap,,v23.1.69,
ne-lake-minatare-butte-view-campground-coordinate-rescue,NE,Lake Minatare Butte View Campground,Scotts Bluff / Lake Minatare,coordinate_rescue,Modern Campgrounds,coordinate_rescue,Medium,NE_W4 v23.1.69 worker return / supervisor reconciliation,NO HONEST ACTIVE COORDINATE ACCEPTED,Do not use broad SRA point,Extract reservation metadata or official GIS,,v23.1.69,
ne-lake-minatare-lake-view-campground-coordinate-rescue,NE,Lake Minatare Lake View Campground,Scotts Bluff / Lake Minatare,coordinate_rescue,Modern Campgrounds,coordinate_rescue,Medium,NE_W4 v23.1.69 worker return / supervisor reconciliation,NO HONEST ACTIVE COORDINATE ACCEPTED,Don’t use lake center or lighthouse/park broad point,Extract reservation metadata or official GIS,,v23.1.69,
ne-lead-scouts-rest-campground-source-proof,NE,Scouts Rest Campground source/layer proof,"Scotts Bluff / western Nebraska, verify",agency_contact_needed / coordinate_rescue,Modern Campgrounds or Rustic / Primitive,coordinate_rescue,Medium,Active state file + official/operator proof needed,Medium,"Active row is source-light and classified Modern from old import/category assumptions, but Modern triad proof is not visible.","Find official/operator source, exact campground coordinate, and amenities. Keep/layer-correct based on service proof.",s822 Scouts Rest Campground,v23.1.54-historical-backfill,Not a rejection; named campground likely worth verifying.
ne-lead-wayne-prairie-park-campground-coordinate-rescue,NE,Prairie Park Campground,Wayne / Wayne,coordinate_rescue,Modern Campgrounds,coordinate_rescue,Medium,NE_W7 v23.1.69 worker return / supervisor reconciliation,NO HONEST ACTIVE COORDINATE ACCEPTED,New city campground; likely v23.1.68 lead target,Add lead; promote after coordinate check,,v23.1.69,
ne-lead-ne-wayne-wayne-prairie-park-campground,NE,Wayne Prairie Park Campground,Wayne / Wayne,coordinate_rescue,Modern Campgrounds,New active candidate,Medium,City official,City official proof; coordinate needs final snap,"Active candidate proof exists, but no import-safe coordinate was available in the worker return. Address/map/reservation coordinate rescue required.",Add active after coordinate snap,,v23.1.68,Wayne says Prairie Park has bath/shower facilities and 17 full-service camper pads. ([City of Wayne][23])
ne-lead-buffalo-bill-sra-campground,NE,Buffalo Bill SRA Campground,Western Lincoln / North Platte,coordinate_rescue,Modern Campgrounds + Basic sites,Official proof; coordinate extraction needed,Medium,Nebraska Game & Parks official,Official page/search proof; campground coordinate not extracted,Western Lincoln edge; public-facing campground,Add lead,,v23.1.68,"NGPC page/search result identifies Buffalo Bill SRA at North Platte with electric and Basic camping, drinking water, primitive restrooms, and reservable/non-reservable sites. ([Nebraska Game & Parks Commission][21])"
ne-lead-york-kampground,NE,York KAMPground,York / York corridor,coordinate_rescue,Private Campgrounds,coordinate_rescue,Medium,NE_W5 v23.1.69 worker return / supervisor reconciliation,NO HONEST ACTIVE COORDINATE ACCEPTED,Obvious York corridor private campground,Add lead or promote after coordinate rescue,,v23.1.69,
