id,state,name,countyRegion,leadType,likelyLayer,status,priority,sourceType,coordinateConfidence,blocker,nextAction,relatedActiveOrPendingRecord,lastCheckedVersion,notes
mn-lead-savanna-portage-backpack-walkin-boat-campsites-extraction,MN,Savanna Portage State Park backpack / walk-in / boat-in sites,Aitkin County / McGregor,coordinate_or_promotion_rescue,Boat / Backpack,Official backcountry/walk-in proof; extraction needed,High,Official DNR PDF/map,No individual site coordinates recovered,Keep separate from drive-in campground.,Add extraction lead.,None found,v23.1.60-ledger,"Amenities/access: Backpack/walk-in/boat-in sites Source: DNR map/PDF indicates backpack/walk-in/boat-in camping components. ([DNR Files][18]) Coordinate rescue attempts: Needs official map/GIS extraction, not broad park pin."
mn-lead-savanna-portage-state-park-drive-in-campground-coordinate-rescue,MN,Savanna Portage State Park drive-in campground,Aitkin County / McGregor,coordinate_or_promotion_rescue,Rustic / Primitive,Official campground proof; coordinate rescue needed,High,Official DNR PDF/map,No import-safe campground-loop coordinate recovered,"Official proof strong, coordinate missing.",Add coordinate-rescue lead.,None found,v23.1.60-ledger,Amenities/access: Drive-in sites; state park campground Source: DNR map/PDF shows campground facilities and drive-in camping; screenshot confirms campground inset/facilities. ([DNR Files][18]) Coordinate rescue attempts: GeoPDF/map coordinate extraction needed; do not use park centroid.
mn-lead-mn-becker-smoky-hills-state-forest-dispersed-area-geometry-lead,MN,Smoky Hills State Forest Dispersed Camping Area,Becker,area_geometry_or_coordinate_rescue,Boondocking / Dispersed,Research Needed,High,Official DNR,No honest area marker without DNR boundary extraction.,No centroid import.,Add/keep geometry lead.,Broad state-forest lead context only,v23.1.60-ledger,Amenities/access: Dispersed/rule-area camping; no amenities. Source: DNR forest map/source says dispersed camping outside designated sites/campgrounds is permitted with no furnished amenities or fees. ([DNR Files][14]) Coordinate rescue attempts: Checked DNR source; geometry still needed.
mn-lead-mn-becker-two-inlets-state-forest-dispersed-area-geometry-lead,MN,Two Inlets State Forest Dispersed Camping Area,Becker,area_geometry_or_coordinate_rescue,Boondocking / Dispersed,Research Needed,High,Official DNR,No honest area marker without DNR boundary extraction.,No forest centroid.,Add/keep geometry lead.,Broad state-forest lead context only,v23.1.60-ledger,Amenities/access: Dispersed/rule-area camping; no amenities. Source: DNR source identifies Two Inlets/Smoky Hills dispersed camping rule context; DNR general rule applies unless posted. ([DNR Files][14]) Coordinate rescue attempts: Checked DNR source; geometry still needed.
mn-lead-hungryman-lake-campground-coordinate-rescue,MN,Hungryman Lake Campground,Becker County / Two Inlets State Forest,coordinate_rescue,Rustic / Primitive,`official_state_forest_campground_confirmed_coordinate_needed`,High,Minnesota DNR + Becker County official page,DNR/Becker sources confirm campground; exact campground coordinate needs DNR GeoPDF/GIS extraction.,Do not use lake center or boat ramp as campsite pin.,Extract DNR campground marker from GeoPDF/GIS/reservation data.,,v23.1.57,Worker 1 MN Northwest / Red River / Detroit Lakes. Original final action: EXTERNAL ACCESS REQUIRED. Active duplicate check in worker return: BLOCKED.
mn-lead-wolf-lake-city-campground-coordinate-rescue,MN,Wolf Lake City Campground,Becker County / Wolf Lake,coordinate_rescue,Needs Verification,`official_city_campground_confirmed_coordinate_needed`,High,Becker County official page,County page confirms city-managed campground and amenities; exact coordinate not recovered.,"Likely Modern, but exact point and city/operator confirmation should be pulled.",Verify city page/map and extract official coordinate.,,v23.1.57,Worker 1 MN Northwest / Red River / Detroit Lakes. Original final action: EXTERNAL ACCESS REQUIRED. Active duplicate check in worker return: BLOCKED.
mn-lead-mn-becker-white-earth-state-forest-dispersed-area-geometry-lead,MN,White Earth State Forest Dispersed Camping Area,Becker edge,area_geometry_or_coordinate_rescue,Boondocking / Dispersed,Research Needed,High,Official DNR,No honest area marker without geometry/public-land screening.,No forest centroid.,Add/keep geometry lead only.,Broad state-forest lead context only,v23.1.60-ledger,Amenities/access: Rule-area dispersed camping only. Source: DNR says dispersed camping is allowed in state forests unless posted and must be at least one mile from designated campgrounds/campsites. ([MN DNR][13]) Coordinate rescue attempts: No campground coordinate; needs boundary and exclusions.
mn-lead-beltrami-island-browns-clear-norris-camping-area-rescue,MN,Brown’s Creek / Clear River / Norris Camping Areas,Beltrami Island State Forest / northwest MN,gis_extraction / area_outline_followup,Rustic / Primitive / Boondocking / Dispersed,`official_camping_area_confirmed_geometry_needed`,High,Minnesota DNR official forest map/PDF,Official DNR forest map confirms named camping areas; exact points/area markers need GeoPDF/GIS extraction.,Good named lead set. Do not turn into random road or forest-center pins.,Extract from DNR GeoPDF/GIS; decide site-level vs honest area markers.,,v23.1.57,Worker 1 MN Northwest / Red River / Detroit Lakes. Original final action: ADD TO data/leads.js. Active duplicate check in worker return: BLOCKED.
mn-lead-toqua-park-big-stone-county-campground-proof,MN,Toqua Park / Toqua County Park camping proof,Big Stone,coordinate_rescue,Rustic / Primitive or Modern after official proof,official_source_needed / coordinate_rescue,High,County source needed; secondary park list only recovered,NO HONEST COORDINATE FOUND,Do not use Toqua Lake center or park centroid.,"Find Big Stone County/Toqua Park official page, map, campsite proof, and coordinates; reject if day-use only.",,v23.1.57,Worker 2 MN West-Central / Prairie Lakes / Upper MN River. Original final action: ADD TO data/leads.js. Active duplicate check in worker return: No exact active MN match found.
mn-lead-big-stone-lake-state-park-campground-coordinate-rescue,MN,Big Stone Lake State Park campground,Big Stone / Big Stone Lake / Upper Minnesota River headwaters,coordinate_rescue,Modern Campgrounds or Rustic / Primitive after amenity proof,coordinate_rescue,High,Minnesota DNR official state park page + reservation/GIS/PDF needed,NO HONEST CAMPGROUND COORDINATE FOUND — do not use broad lake/park centroid,"High-value west-edge state park. Do not use Big Stone Lake center, dam, park centroid, or water access as campground coordinate.","Extract MN DNR reservation map, GeoPDF, campground PDF, Recreation Compass/GIS, or contact park office for official campground coordinates and amenities.",,v23.1.57,Worker 2 MN West-Central / Prairie Lakes / Upper MN River. Original final action: ADD TO data/leads.js. Active duplicate check in worker return: No exact active MN match found in v23.1.55 ZIP for “Big Stone Lake State Park”.
mn-lead-upper-minnesota-river-water-trail-campsite-extraction,MN,Upper Minnesota River / Minnesota River State Water Trail camping extraction,Big Stone / Lac qui Parle / Chippewa / Yellow Medicine / Renville corridor,gis_extraction / area_outline_followup,Boat / Backpack if official water-access campsites exist,gis_extraction_needed / official_rule_needed,High,Minnesota DNR water trail maps/PDF/GIS needed,NO HONEST CAMPSITE POINTS FOUND,"Do not import boat launches, dams, water accesses, or river mile markers as campsites.",Extract official DNR water trail map/PDF/GIS; add exact Boat / Backpack only where official overnight campsites are named/located.,,v23.1.57,Worker 2 MN West-Central / Prairie Lakes / Upper MN River. Original final action: ADD TO data/leads.js. Active duplicate check in worker return: No active exact water-trail campsite records found in v23.1.55 ZIP.
mn-lead-blue-earth-bray-park-campground,MN,Bray Park Campground,Blue Earth County,official_proof_followup,Modern Campgrounds / Needs amenity confirmation,official county campground candidate,High,County official,Official Blue Earth County camping reservation page; exact facility details needed,Do not import from name alone; but official page confirms campground reservation system.,Coordinate/amenity rescue from county facility page/map.,,v23.1.57,Worker 3 MN Southwest / I-90 Prairie / Blue Earth River. Original final action: ADD ACTIVE CANDIDATE. Active duplicate check in worker return: REPO CHECK BLOCKED.
mn-lead-blue-earth-daly-park-campground,MN,Daly Park & Campground,Blue Earth County,official_proof_followup,Modern Campgrounds,official county campground candidate,High,County official,Official Blue Earth County facility page gives address and campground features; exact point should come from county map/reservation,Strong active candidate.,Coordinate rescue from county facility map/reservation map.,,v23.1.57,Worker 3 MN Southwest / I-90 Prairie / Blue Earth River. Original final action: ADD ACTIVE CANDIDATE. Active duplicate check in worker return: REPO CHECK BLOCKED.
mn-lead-minneopa-state-park-campground-layer-check,MN,Minneopa State Park Campground,Blue Earth County,official_proof_followup,Modern Campgrounds / Needs Verification,"official campground, layer/source check needed",High,Official MN DNR + reservation follow-up needed,DNR confirms current modernization investment at Minneopa campground; exact amenity and current campground source should come from DNR reservation/map before import,Do not rely on third-party campground pages for final amenity proof.,Check DNR reservation listing and park map; add/correct if absent.,,v23.1.57,Worker 3 MN Southwest / I-90 Prairie / Blue Earth River. Original final action: NEEDS VERIFICATION. Active duplicate check in worker return: REPO CHECK BLOCKED.
mn-lead-mankato-land-of-memories-campground,MN,Land of Memories Campground,Blue Earth County / Mankato,official_proof_followup,Modern Campgrounds / Rustic label in operator copy,official city campground candidate,High,City official,Official City of Mankato campground page; exact point from city map/reservation needed,Strong official city campground. Layer requires electric/shower proof before Modern; otherwise Rustic/Primitive.,Coordinate/amenity rescue; duplicate check.,,v23.1.57,Worker 3 MN Southwest / I-90 Prairie / Blue Earth River. Original final action: ADD ACTIVE CANDIDATE. Active duplicate check in worker return: REPO CHECK BLOCKED.
mn-lead-flandrau-state-park-rustic-campground,MN,Flandrau State Park Rustic Campground,Brown County,official_proof_followup,Rustic / Primitive,official rustic campground candidate,High,Official MN DNR,Official DNR virtual tour; exact coordinate from DNR map/reservation needed,Should not be merged into Modern if map tracks rustic loops separately.,Supervisor split decision; coordinate rescue.,,v23.1.57,Worker 3 MN Southwest / I-90 Prairie / Blue Earth River. Original final action: ADD ACTIVE CANDIDATE. Active duplicate check in worker return: REPO CHECK BLOCKED.
mn-lead-flandrau-state-park-semi-modern-campground,MN,Flandrau State Park Semi-modern Campground,Brown County,official_proof_followup,Modern Campgrounds,official campground candidate,High,Official MN DNR,Official DNR virtual tour; exact coordinate from DNR map/reservation needed,Good active candidate if absent.,Repo duplicate check; coordinate extraction.,,v23.1.57,Worker 3 MN Southwest / I-90 Prairie / Blue Earth River. Original final action: ADD ACTIVE CANDIDATE. Active duplicate check in worker return: REPO CHECK BLOCKED.
mn-lead-brown-lake-hanska-county-park-campground,MN,Lake Hanska County Park Campground,Brown County,official_proof_followup,Modern Campgrounds,official county campground candidate,High,County official,Official Brown County page/PDF; exact campground point from county map/GIS needed,Strong active candidate.,Coordinate rescue; duplicate check.,,v23.1.57,Worker 3 MN Southwest / I-90 Prairie / Blue Earth River. Original final action: ADD ACTIVE CANDIDATE. Active duplicate check in worker return: REPO CHECK BLOCKED.
mn-lead-correction-jay-cooke-duplicate-source-layer-cleanup,MN,Jay Cooke State Park / Jay Cooke State Park Campground duplicate-source cleanup,Carlton / Jay Cooke State Park,official_proof_followup,"Modern Campgrounds likely, but verify via official DNR page/reservation source",duplicate_cleanup / source_enrichment_needed,High,Active file audit; official DNR source needed before correction.,Existing app has two old records with different coordinates and weak/legacy source text.,"Do not delete blindly. Confirm current official DNR campground coordinate, amenities, and whether one broad state-park row should become Info/Reference or be removed as duplicate.",Official DNR/reservation source rescue; keep one campground record with honest coordinate/layer and close the duplicate appropriately.,,v23.1.57,Worker 5 MN Northeast / Arrowhead / Superior NF / North Shore. Original final action: MOVE / CORRECTION CANDIDATE. Active duplicate check in worker return: MATCHED ACTIVE RECORDS — s1097 and s442 appear duplicative/superseding within Carlton County..
mn-lead-pillsbury-state-forest-dispersed-rule-area,MN,Pillsbury State Forest dispersed camping rule-area geometry,Cass County,gis_extraction / area_outline_followup,Boondocking / Dispersed,area_outline_followup,High,MN DNR official rules + GeoPDF,Official DNR rule plus GeoPDF; no honest area pin selected,Need official boundary and exclusions.,Extract DNR GIS and build forest-specific area/rule marker or polygon lead.,,v23.1.57,Worker 4 MN Central / North-Central / Chippewa Lakes. Original final action: ADD TO data/leads.js. Active duplicate check in worker return: NO ACTIVE AREA/RULE ROW FOUND; s877 is Info only.
mn-lead-bliss-point-resort-rv-park-coordinate-rescue,MN,Bliss Point Resort RV Park,Cass County / Lake Kitchi / Pennington-Cass Lake area,coordinate_or_promotion_rescue,Private Campgrounds,Private RV park proof; coordinate needed,High,Operator / ExploreMN,No usable coordinate recovered,Do not use PO Box.,Add coordinate-rescue lead.,None found,v23.1.60-ledger,"Amenities/access: RV park at resort Source: Operator says family resort & RV park; ExploreMN has only PO Box, not usable coordinate. ([Bliss Point Resort][36]) Coordinate rescue attempts: PO Box is not coordinate evidence. Need physical address/GIS/map."
mn-lead-trails-rv-park-coordinate-rescue,MN,Trails RV Park,Cass County / Walker,coordinate_or_promotion_rescue,Private Campgrounds,Private public-facing RV park proof; coordinate needed,High,Operator + ExploreMN,Address found; no usable coordinate recovered,Good private candidate.,Add coordinate-rescue lead.,None found,v23.1.60-ledger,Amenities/access: 84 full-hookup sites; showers/laundry/pool/store Source: Operator/ExploreMN list full-service RV park with 84 full-hookup sites and address. ([Trails RV Park][37]) Coordinate rescue attempts: Address found; coordinate not recovered.
mn-lead-cut-foot-horse-camp-coordinate-rescue,MN,Cut Foot Horse Camp,Chippewa NF / Deer River-Cut Foot Sioux / Itasca County,coordinate_rescue,Rustic / Primitive,coordinate_rescue,High,USFS official page,Official USFS page proves horse camp but no lat/lng in accessible text,Do not use visitor center or trailhead proxy.,"Extract official map/site map, Recreation.gov metadata, or USFS GIS coordinate.",,v23.1.57,Worker 4 MN Central / North-Central / Chippewa Lakes. Original final action: ADD TO data/leads.js. Active duplicate check in worker return: NO ACTIVE ROW FOUND.
mn-lead-buffalo-river-state-park-campground-layer-coordinate-rescue,MN,Buffalo River State Park Campground,Clay County / Glyndon,coordinate_rescue,Needs Verification,`official_camping_confirmed_layer_coordinate_needed`,High,Minnesota DNR official virtual tour,DNR confirms campground/electric sites; shower/bathhouse proof not recovered in accessible source.,Electric alone is not Modern. Need DNR map/reservation amenities before layer decision.,Check active duplicate; verify showers/modern restroom; extract DNR coordinate.,,v23.1.57,Worker 1 MN Northwest / Red River / Detroit Lakes. Original final action: EXTERNAL ACCESS REQUIRED. Active duplicate check in worker return: BLOCKED.
mn-lead-mn-bulldog-w2-itasca-state-park-campground-components-coordinate-rescue,MN,Itasca State Park backpack / cart-in / group / remaining camping components,Clearwater / Hubbard / Becker edge,coordinate_or_promotion_rescue,Boat / Backpack / Rustic / Primitive split pending,remaining_component_coordinate_extraction_after_bear_paw_pine_ridge_active,High,Official DNR / secondary discovery,DNR official state park source should be used; no safe component coordinate recovered in this pass,"Bear Paw and Pine Ridge drive-in campgrounds were promoted in v23.1.61; remaining backpack, cart-in, group, and other components still need official DNR/reservation/GIS coordinate extraction.","Extract DNR/ReserveMN/GIS coordinates for Itasca backpack, cart-in, group, and any other non-drive-in camping components; do not duplicate Bear Paw or Pine Ridge active records.",No lead match found,v23.1.60-ledger,Residual component lead only. Bear Paw and Pine Ridge campground records are active as of v23.1.61; this row remains for official DNR component extraction.
mn-lead-cascade-river-state-park-campground-split,MN,Cascade River State Park Campground,Cook,coordinate_or_promotion_rescue,Modern Campgrounds,coordinate_rescue,High,State/DNR + tourism,DNR/ExploreMN proof; exact component coordinates not safely recovered,Distinct from active SNF rustic record,Add lead; split,No exact lead found,v23.1.60-ledger,"Amenities/access: State park drive-in/backpack/group Source: DNR/Explore Minnesota identify Cascade River State Park camping; campground descriptions list 40 drive-in sites, electric/non-electric, backpack and group sites, showers, flush toilets, dump station. ([MN DNR][25]) Coordinate rescue attempts: Need DNR map/reservation point extraction"
mn-lead-grand-marais-recreation-area-coordinate-rescue,MN,Grand Marais Recreation Area exact-coordinate rescue,Cook,area_geometry_or_coordinate_rescue,Modern Campgrounds,coordinate_rescue,High,City official,Official city address/maps but no safe coordinate extracted in this pass,I would not import without a checked point because this includes marina/park/ballfield areas,"Coordinate rescue, then active add",No exact lead found,v23.1.60-ledger,Amenities/access: Large municipal campground Source: Same as Grand Marais row above; campground is undeniably valid but exact pin should be set from map/geocode. ([Rec Park][16]) Coordinate rescue attempts: Address recovered
mn-lead-temperance-river-state-park-campground-split,MN,Temperance River State Park — Upper/Lower/cart-in campgrounds,Cook,coordinate_or_promotion_rescue,Modern Campgrounds,coordinate_rescue,High,State/DNR + tourism,DNR/ExploreMN proof; exact component coordinates not safely recovered,Do not confuse with Superior NF Temperance River Campground,Add lead; split,No exact lead found,v23.1.60-ledger,"Amenities/access: Upper electric/modern, lower non-electric, cart-in Source: DNR confirms camping/lodging; Explore Minnesota and North Shore sources identify upper/lower campground structure, electric sites, hot showers, flush/vault toilets, and cart-in sites. ([MN DNR][24]) Coordinate rescue attempts: Need DNR map/reservation coordinate extraction"
mn-lead-superior-nf-backcountry-exact-site-extraction,MN,Superior NF backcountry campsite exact-site extraction,Cook / Lake / St. Louis,gis_extraction / area_outline_followup,Boat / Backpack,gis_extraction_needed,High,USDA Forest Service official recreation pages / GIS follow-up,No new coordinates recommended. Existing active records use official system/facility coordinates; exact individual site points require official GIS/map extraction.,This is not an add-everything pass; it is a cleanup lead to replace system dots with official exact points where available.,"Use USFS EDW/IVM, recreation feature services, downloadable GIS, or ranger-district geospatial maps to recover individual campsite points.",,v23.1.57,"Worker 5 MN Northeast / Arrowhead / Superior NF / North Shore. Original final action: ADD TO data/leads.js. Active duplicate check in worker return: Partial duplicate: active MN already contains multiple Superior NF system records, including Bearskin, Ball Club, Big Lake, Ham Lake, Ojibway/Triangle, Harriet, Kawishiwi, Section 29, etc.."
mn-lead-superior-nf-non-bwca-dispersed-area-geometry,MN,Superior National Forest non-BWCA dispersed camping area geometry,Cook / Lake / St. Louis / Carlton edge where Superior NF lands occur outside BWCAW,gis_extraction / area_outline_followup,Boondocking / Dispersed,area_outline_followup / gis_extraction_needed,High,USDA Forest Service official camping rules,"No point recommended. Official rule exists, but legal/useful map record needs forest boundary + BWCAW/exclusion overlay and MVUM/access context.","High-value area lead, but don’t drop a fake forest centroid. Needs GIS/area work.","Extract Superior NF administrative boundary, BWCAW boundary/exclusions, and current access/MVUM constraints; create honest area/rule marker or polygon-ready lead.",,v23.1.57,Worker 5 MN Northeast / Arrowhead / Superior NF / North Shore. Original final action: ADD TO data/leads.js. Active duplicate check in worker return: No broad Superior NF dispersed Area/rule marker observed in fetched active MN chunks; active file already has many exact/rustic/backcountry system records..
mn-lead-northeast-state-forest-dispersed-geometry,MN,Northeast MN state forest dispersed-camping geometry / exclusion overlay,Cook / Lake / St. Louis / Koochiching / Carlton / Pine / Kanabec state forest lands,gis_extraction / area_outline_followup,Boondocking / Dispersed,area_outline_followup / gis_extraction_needed,High,Minnesota DNR official dispersed camping rules + DNR GIS/maps needed,"No point recommended. Official DNR rule supports state-forest dispersed camping, but exclusions and non-BWCA polygons must be extracted.","Do not add a broad centroid. Needs official DNR land/state forest boundaries, BWCAW exclusions, roads/access, and posted closures.",Use DNR Recreation Compass/GIS/state-forest maps to build polygon-ready lead or honest approximate Area/rule marker candidates.,,v23.1.57,Worker 5 MN Northeast / Arrowhead / Superior NF / North Shore. Original final action: ADD TO data/leads.js. Active duplicate check in worker return: Partial active overlap only: Rum River/Game Refuge Road is active as a community-supported point; Willow River Campground active. No broad NE state forest dispersed-geometry lead observed..
mn-lead-crow-wing-state-park-campground-coordinate-rescue,MN,Crow Wing State Park campground,Crow Wing County / Brainerd,coordinate_or_promotion_rescue,Modern Campgrounds,Official/state tourism campground proof; coordinate needed,High,DNR / ExploreMN,Address exists; no campground-loop coordinate recovered,Do not use park entrance/office unless campground loop is verified.,Add coordinate-rescue lead.,None found,v23.1.60-ledger,"Amenities/access: 59 sites; electric; flush toilets; hot showers; dump station Source: Explore Minnesota lists 59 campsites, electric, flush toilets, hot showers, dump station, and state park address. ([Explore Minnesota][20]) Coordinate rescue attempts: Address found; no honest campground-loop lat/lng recovered."
mn-lead-camp-holiday-resort-campground-coordinate-rescue,MN,Camp Holiday Resort & Campground,Crow Wing County / Deerwood,coordinate_or_promotion_rescue,Private Campgrounds,Private public-facing campground proof; coordinate needed,High,Operator + ExploreMN,Address found; no usable coordinate recovered,Should promote once address-geocode/imagery lands on camping area.,Add coordinate-rescue lead.,None found,v23.1.60-ledger,"Amenities/access: 40 campsites; full hookup/water-electric/primitive tent; resort amenities Source: Operator/ExploreMN list 40 campsites, including RV/trailer and tent sites, address, and campground amenities. ([Camp Holiday][32]) Coordinate rescue attempts: Address found; no coordinate recovered from accessible source."
mn-lead-birch-bay-rv-resort-coordinate-rescue,MN,Birch Bay RV Resort,Crow Wing County / Nisswa,coordinate_or_promotion_rescue,Private Campgrounds,Private public-facing RV resort proof; coordinate needed,High,Operator + chamber/ExploreMN,Address found; no usable coordinate recovered,Good private candidate.,Add coordinate-rescue lead.,None found,v23.1.60-ledger,Amenities/access: RV resort; overnight campsites Source: Operator says overnight campsites; chamber/ExploreMN gives address. ([Birch Bay RV Resort][33]) Coordinate rescue attempts: Address found; coordinate not recovered.
mn-lead-rollie-johnson-whitefish-island-campsites-coordinate-rescue,MN,Rollie Johnson Natural and Recreational Area island campsites,Crow Wing County / Upper Whitefish Lake,area_geometry_or_coordinate_rescue,Boat / Backpack,Official county island camping proof; coordinates needed,High,Official county,No exact campsite/island coordinate recovered,"Good boat/backpack candidate, but not active-safe yet.",Add coordinate-rescue lead.,None found,v23.1.60-ledger,Amenities/access: 12 designated campsites; island/water access context Source: Crow Wing County says camping is allowed only on 12 designated first-come sites. ([Crow Wing County][19]) Coordinate rescue attempts: Brochure/GIS extraction needed; do not use island centroid.
mn-lead-mn-douglas-chippewa-park-campground-coordinate-rescue,MN,Chippewa Park Campground,Douglas / Brandon,coordinate_or_promotion_rescue,Rustic / Primitive,Research Needed,High,Official county + tourism,Official address/proof recovered; no safe numeric coordinate recovered.,Strong lead; layer likely Rustic/Primitive unless shower proof appears.,Add lead; coordinate rescue.,No exact match,v23.1.60-ledger,"Amenities/access: 14 sites, electric on 12, modern restroom context; shower proof not found. Source: Douglas County confirms 14 overnight camping spots; ExploreMN says 14 sites, 12 with electric, 2 tent only; modern restroom facility is noted by Explore Alex. ([Douglas County][36]) Coordinate rescue attempts: Checked county address, tourism, GPS searches; no safe numeric campground coordinate recovered."
mn-lead-lake-carlos-state-park-campground-coordinate-rescue,MN,Lake Carlos State Park campground system,Douglas / Lake Carlos / Alexandria area,coordinate_rescue,Modern Campgrounds plus possible Boat / Backpack or group/rustic split,coordinate_rescue / component_split,High,Minnesota DNR official page / reservation / GIS needed,NO HONEST CAMPGROUND-UNIT COORDINATES FOUND,"Do not use lake center, park entrance, beach, or visitor/office coordinate.",Extract official DNR campground-unit coordinates and decide layer by amenities/access.,,v23.1.57,Worker 2 MN West-Central / Prairie Lakes / Upper MN River. Original final action: ADD TO data/leads.js. Active duplicate check in worker return: No exact active MN match found in v23.1.55 ZIP.
mn-lead-faribault-pihls-park-campground-official-proof,MN,Pihl’s Park / Faribault County Park,Faribault County,coordinate_rescue,Modern Campgrounds / Rustic,official-proof-needed / coordinate_rescue,High,County map + non-final third-party leads,"Search found non-official campground directories and county map reference, but no accessible county park page with camping details during this pass","Do not import from Good Sam/Hipcamp. This is a lead, not active proof.","Future worker: find Faribault County official Pihl’s Park camping page, ordinance, board doc, or call county.",,v23.1.57,Worker 3 MN Southwest / I-90 Prairie / Blue Earth River. Original final action: ADD TO data/leads.js. Active duplicate check in worker return: REPO CHECK BLOCKED.
mn-lead-fillmore-county-fair-campground-coordinate-rescue,MN,Fillmore County Fair Campground,Fillmore,coordinate_or_promotion_rescue,Modern Campgrounds,coordinate_rescue,High,Official fairground,Official fairground camping proof; exact campground coordinate not safely recovered,Good public non-event camping candidate,Add lead; coordinate rescue,No exact lead found,v23.1.60-ledger,"Amenities/access: Fairground public camping; electric/showers/dump Source: Fillmore County Fair says the campground has 50 first-come campsites with electric hookups, showers, dump station, and pay-on-arrival/drop box process. ([fillmorecountyfair.com][13]) Coordinate rescue attempts: Fairgrounds address recovered, but exact campground loop point still needs map/geocode check"
mn-lead-myre-big-island-state-park-campground-coordinate-rescue,MN,Myre-Big Island State Park Campgrounds,Freeborn County / Albert Lea,coordinate_or_promotion_rescue,Modern Campgrounds,Official DNR page found; campground detail/coordinates need extraction,High,Official DNR,DNR park page located; exact camping inventory not recovered from snippet,Obvious state park gap in Freeborn corridor,Extract DNR reservation/GIS/map data,No lead match found by name,v23.1.60-ledger,Amenities/access: State park camping likely but must verify current inventory and component coordinates Source: https://www.dnr.state.mn.us/state_parks/park.html?id=spk00244 — DNR park page; further reservation/GIS extraction needed for campground components. Coordinate rescue attempts: DNR page searched; current campground components not captured in accessible snippet
mn-lead-tipsinah-mounds-park-campground,MN,Tipsinah Mounds Park Campground,Grant County / Elbow Lake,coordinate_rescue,Modern Campgrounds,`official_city_campground_confirmed_coordinate_needed`,High,City of Elbow Lake official page + Explore Minnesota,City gives address and amenities; exact coordinate not extracted here.,Clean public campground candidate after coordinate/duplicate check.,Extract official/city map coordinate; add if absent.,,v23.1.57,Worker 1 MN Northwest / Red River / Detroit Lakes. Original final action: EXTERNAL ACCESS REQUIRED. Active duplicate check in worker return: BLOCKED.
mn-lead-huntersville-crow-wing-shell-watercraft-campsites,MN,Huntersville / Crow Wing River and Shell River watercraft campsite extraction,Huntersville State Forest / Crow Wing-Shell River corridor,coordinate_rescue,Boat / Backpack,official_geopdf_coordinate_extraction_needed,High,MN DNR official GeoPDF/map,Official DNR GeoPDF shows watercraft campsite symbols and water trail context; exact points not extracted,Need exact official points before active Boat/Backpack records; do not use landings as campsites.,Georeference map or pull DNR watercraft campsite GIS layer.,,v23.1.57,Worker 4 MN Central / North-Central / Chippewa Lakes. Original final action: ADD TO data/leads.js. Active duplicate check in worker return: NO ACTIVE ROW FOUND.
mn-lead-huntersville-landing-campground-geopdf-coordinate-rescue,MN,Huntersville Landing Campground,Huntersville State Forest / Wadena County,coordinate_rescue,Rustic / Primitive,official_geopdf_coordinate_extraction_needed,High,MN DNR official GeoPDF/map,Official DNR GeoPDF proof; exact coordinate not extracted,High-value rustic add after coordinate extraction.,Georeference DNR GeoPDF or extract DNR GIS point.,,v23.1.57,Worker 4 MN Central / North-Central / Chippewa Lakes. Original final action: ADD TO data/leads.js. Active duplicate check in worker return: NO ACTIVE ROW FOUND.
mn-lead-shell-city-horse-campground-geopdf-coordinate-rescue,MN,Shell City Horse Campground,Huntersville State Forest / Wadena County,coordinate_rescue,Rustic / Primitive,official_geopdf_coordinate_extraction_needed,High,MN DNR official GeoPDF/map,Official DNR GeoPDF proof; exact coordinate not extracted,Coordinate extraction needed.,Georeference DNR GeoPDF or extract DNR GIS point.,,v23.1.57,Worker 4 MN Central / North-Central / Chippewa Lakes. Original final action: ADD TO data/leads.js. Active duplicate check in worker return: NO ACTIVE ROW FOUND.
mn-lead-shell-city-landing-campground-geopdf-coordinate-rescue,MN,Shell City Landing Campground,Huntersville State Forest / Wadena County,coordinate_rescue,Rustic / Primitive,official_geopdf_coordinate_extraction_needed,High,MN DNR official GeoPDF/map,Official DNR GeoPDF proof; exact coordinate not extracted,Coordinate extraction needed.,Georeference DNR GeoPDF or extract DNR GIS point.,,v23.1.57,Worker 4 MN Central / North-Central / Chippewa Lakes. Original final action: ADD TO data/leads.js. Active duplicate check in worker return: NO ACTIVE ROW FOUND.
mn-lead-jackson-anderson-park-campground-coordinate-rescue,MN,Anderson Park Campground,Jackson County,coordinate_or_promotion_rescue,Modern Campgrounds,Official county proof; coordinate rescue needed,High,Official county,Official address found; exact coordinate not extracted,Do not import one vague Jackson County system row,Geocode/map-check official park address and add as individual active candidate,MATCHED EXISTING Jackson County system lead; split required,v23.1.60-ledger,Amenities/access: 36-unit campground; 20/30/50 amp; dump station; flush toilets Source: https://www.co.jackson.mn.us/index.asp?SEC=CBAA789F-E922-4F35-91DE-FA80CF48715F — county says five parks include overnight camping and reservations; Anderson page gives 71816 475th Ave and separate source says 36-unit campground with electric hookups/flush toilets. Coordinate rescue attempts: Official address searched; no text-coordinate recovered
mn-lead-jackson-brown-park-campground-coordinate-rescue,MN,Brown Park Campground,Jackson County,coordinate_or_promotion_rescue,Modern Campgrounds,Official county proof; coordinate rescue needed,High,Official county,Official shared address with Brown South; exact campground coordinate not extracted,"Could combine Brown + Brown South if loops are contiguous, but treat as separate rows first",Map-check address and campground loops,MATCHED EXISTING Jackson County system lead; split required,v23.1.60-ledger,"Amenities/access: 30 trailer campsites; electric; pressure water; flush toilets; hot showers; dump at Robertson Source: https://www.co.jackson.mn.us/?SEC=D6820B32-0AFC-444A-8F52-184C985155BE — Brown/Brown South shared address 71693 483rd Ave; Brown Park has 30 trailer campsites with electric, water, flush toilets/showers, dump at Robertson. Coordinate rescue attempts: Official address searched; no text-coordinate recovered"
mn-lead-jackson-brown-park-south-campground-coordinate-rescue,MN,Brown Park South Campground,Jackson County,coordinate_or_promotion_rescue,Modern Campgrounds,Official county proof; coordinate rescue needed,High,Official county,Official shared address with Brown Park; exact campground coordinate not extracted,Layer may be Modern if shower access/dump/shared facilities count with Brown/Robertson; otherwise Rustic/Primitive,Map-check and classify component,MATCHED EXISTING Jackson County system lead; split required,v23.1.60-ledger,"Amenities/access: 18 campsites plus cabins; restroom; pressure water; accessible campsites Source: https://www.co.jackson.mn.us/?SEC=55032420-C048-4BBB-ABC1-48690ED10098 — Brown Park South offers 18 camping sites and cabins; restroom, pressure water, accessible sites, dump at Robertson. Coordinate rescue attempts: Official address searched; no coordinate recovered"
mn-lead-jackson-county-campgrounds-system,MN,"Jackson County Park Campgrounds — Anderson, Brown, Brown South, Robertson, Sandy Point",Jackson County,official_proof_followup,Modern Campgrounds / Rustic depending park,official county campground system candidate,High,County official,Official Jackson County parks/fees page; individual park coordinates need county map/reservation,"This should probably become multiple records after coordinate rescue, not one vague county-system pin.",Add leads for each park or extract individual official coordinates from county reservation/map.,,v23.1.57,Worker 3 MN Southwest / I-90 Prairie / Blue Earth River. Original final action: ADD ACTIVE CANDIDATE. Active duplicate check in worker return: REPO CHECK BLOCKED.
mn-lead-kilen-woods-state-park-campground,MN,Kilen Woods State Park Main Campground,Jackson County,official_proof_followup,Modern Campgrounds,official campground candidate,High,Official MN DNR,Official DNR virtual tour; exact coordinate from DNR map/reservation needed,Strong official candidate if absent.,Check active records; coordinate extraction.,,v23.1.57,Worker 3 MN Southwest / I-90 Prairie / Blue Earth River. Original final action: ADD ACTIVE CANDIDATE. Active duplicate check in worker return: REPO CHECK BLOCKED.
mn-lead-kilen-woods-walk-in-sites,MN,Kilen Woods State Park Walk-in Campsites,Jackson County,official_proof_followup,Boat / Backpack,official walk-in campsite candidate,High,Official MN DNR,Official DNR virtual tour; exact point from DNR map/reservation needed,Good separate Boat / Backpack candidate if individual walk-in sites are mapped.,Coordinate rescue from DNR map.,,v23.1.57,Worker 3 MN Southwest / I-90 Prairie / Blue Earth River. Original final action: ADD ACTIVE CANDIDATE. Active duplicate check in worker return: REPO CHECK BLOCKED.
mn-lead-jackson-robertson-park-campground-coordinate-rescue,MN,Robertson Park Campground,Jackson County,coordinate_or_promotion_rescue,Modern Campgrounds,Official county camping system proof; coordinate rescue needed,High,Official county,Official address found; exact campground coordinate not extracted,Need amenity and coordinate extraction,Open county reservation map/GIS; add as separate active candidate,MATCHED EXISTING Jackson County system lead; split required,v23.1.60-ledger,Amenities/access: County overnight campground; dump station location for Brown/Brown South; amenities need park page/reservation detail Source: https://www.co.jackson.mn.us/?SEC=C8051383-28BD-4D93-A45A-B98BC287633E — Robertson Park location 48804 715th St; county camping page lists Robertson among overnight camping parks. Coordinate rescue attempts: Official address searched; no text-coordinate recovered
mn-lead-jackson-sandy-point-park-campground-coordinate-rescue,MN,Sandy Point Park Campground,Jackson County,coordinate_or_promotion_rescue,Rustic / Primitive,Official county proof; coordinate rescue needed,High,Official county,Official directions but no coordinate extracted,No fake South Heron Lake center or boat ramp,Map-check county directions/reservation map,MATCHED EXISTING Jackson County system lead; split required,v23.1.60-ledger,"Amenities/access: 12 campsites; 20/30 amp; water; restroom; shelter; South Heron Lake Source: https://www.co.jackson.mn.us/index.asp?SEC=27E1469C-F55C-41A6-BC59-FFE4226AF5C8 — county says Sandy Point camping facilities include 12 campsites with 20/30 amp outlets, water, restroom and shelter. Coordinate rescue attempts: Official directions searched; no coordinate recovered"
mn-lead-kilen-woods-des-moines-river-canoe-campsite,MN,Kilen Woods Canoe Rest Area / Campsite,Jackson County / Des Moines River,official_proof_followup,Boat / Backpack,official canoe/water-access campsite candidate,High,Official MN DNR,Official DNR virtual tour; exact point from DNR map/water trail map needed,Strong Boat / Backpack candidate.,Coordinate rescue from official park/water-trail map.,,v23.1.57,Worker 3 MN Southwest / I-90 Prairie / Blue Earth River. Original final action: ADD ACTIVE CANDIDATE. Active duplicate check in worker return: REPO CHECK BLOCKED.
mn-lead-fish-lake-resort-campground-kanabec-coordinate-rescue,MN,Fish Lake Resort and Campground,Kanabec County / Mora-Brunswick,coordinate_or_promotion_rescue,Private Campgrounds,Private campground proof; coordinate needed,High,Operator + Campspot/directory,Address clue found; no usable coordinate recovered,Good Kanabec lead.,Add coordinate-rescue lead.,None found,v23.1.60-ledger,Amenities/access: Resort/campground; seasonal/weekend camping indicated Source: Operator/Campspot identify Fish Lake Resort and Campground in Mora; RV directory gives address clue. ([Fish Lake Resort][38]) Coordinate rescue attempts: Address clue found; coordinate not recovered from official/operator page.
mn-lead-kandiyohi-county-park-campground-batch,MN,Kandiyohi County Parks 1–7 / county campground batch,Kandiyohi,coordinate_rescue,Modern Campgrounds / Rustic / Primitive by park,official_source_needed / coordinate_rescue,High,Kandiyohi County official parks source needed,NO HONEST COORDINATES FOUND,"Needs individual park names, not numbered/source-folder mess. Watch same-name traps around Big Kandiyohi, Diamond, Games, Green and lake centers.",Recover official Kandiyohi County park pages/maps/reservations; split true campgrounds; reject day-use parks and lake-center proxies.,,v23.1.57,Worker 2 MN West-Central / Prairie Lakes / Upper MN River. Original final action: ADD TO data/leads.js. Active duplicate check in worker return: No exact active MN match found for county park system.
mn-lead-sibley-state-park-campground-coordinate-rescue,MN,Sibley State Park campground system,Kandiyohi / New London,coordinate_rescue,Modern Campgrounds plus possible Rustic / Primitive component split,coordinate_rescue / component_split,High,Minnesota DNR official page / reservation / GIS needed,NO HONEST CAMPGROUND-UNIT COORDINATES FOUND,"Do not use Lake Andrew center, Mount Tom/trailhead, beach, or park office.",Extract Lakeview/Oak Ridge/group/horse/cart-in or other campground-unit coordinates from official DNR reservation map/GIS.,,v23.1.57,Worker 2 MN West-Central / Prairie Lakes / Upper MN River. Original final action: ADD TO data/leads.js. Active duplicate check in worker return: No exact active MN match found in v23.1.55 ZIP.
mn-lead-hallock-horseshoe-park-campground-coordinate-rescue,MN,Horseshoe Park Campground,Kittson / Hallock,coordinate_or_promotion_rescue,Needs Verification,obvious_miss_coordinate_layer_rescue,High,Official city,Official proof found; exact coordinate and shower/restroom proof for this separate campground not recovered.,Full hookup alone does not prove Modern unless shared bathhouse/shower applies to this park.,Add coordinate/layer rescue lead.,No lead match.,v23.1.60-ledger,"Amenities/access: Water/sewer/electric; Wi-Fi; 30/50 amp hookups. Source: Hallock says Horseshoe Park has full-service camping with water, sewer, and electricity, and both Hallock parks offer Wi-Fi and 30/50 amp hookups. ([Hallock MN][11]) Coordinate rescue attempts: Official city source checked; no exact campground coordinate recovered."
mn-lead-lancaster-city-park-campground-coordinate-rescue,MN,Lancaster City Park Campground,Kittson / Lancaster,coordinate_or_promotion_rescue,Needs Verification,obvious_miss_coordinate_layer_rescue,High,City/directory lead,"Directory coordinate exists, but official amenity proof is sparse; hold as lead.",Real enough to remember; not active-safe yet.,Add lead; verify with city/county/parcel source.,No lead match.,v23.1.60-ledger,Amenities/access: City park campground indicated; amenities/layer need confirmation. Source: Directory identifies Lancaster City Park & Campground on State Hwy 59 N with tent camping/electric and coordinates; official city source needs stronger campground detail confirmation. ([Campendium][12]) Coordinate rescue attempts: Directory coordinate checked but not promoted because official campground details were thin.
mn-lead-lake-bronson-state-park-campground-coordinate-rescue,MN,Lake Bronson State Park Campgrounds,Kittson County / Lake Bronson,coordinate_rescue,Modern Campgrounds,`official_camping_confirmed_coordinate_needed`,High,Minnesota DNR official page / virtual tour,Exact official campground coordinate not recovered here; DNR proof confirms campgrounds and modern amenities.,"Likely clean active candidate if absent, but needs exact official campground marker or DNR GIS/reservation point.",Check MN active file; extract DNR map/reservation coordinate; add as Modern if absent.,,v23.1.57,Worker 1 MN Northwest / Red River / Detroit Lakes. Original final action: EXTERNAL ACCESS REQUIRED. Active duplicate check in worker return: BLOCKED — repo unavailable.
mn-lead-mn-bulldog-w2-voyageurs-np-exact-campsite-extraction-status,MN,Voyageurs National Park frontcountry/backcountry/primitive campsites,Koochiching / Itasca / St. Louis park context,coordinate_or_promotion_rescue,Boat / Backpack,Official NPS system exists; exact campsite extraction is separate project lead,High,Official NPS,NPS official page proves water-access/frontcountry/backcountry/primitive campsite systems but not this worker’s site-level coordinates,Current-status row only per handoff,Keep exact campsite extraction with NPS/Rec.gov/GIS worker,Treat as existing/continuing exact-campsite extraction lead if already present,v23.1.60-ledger,"Amenities/access: 137 frontcountry sites by watercraft, backcountry remote sites, primitive hike-in sites; reservation/permit required Source: https://www.nps.gov/voya/planyourvisit/camping.htm ; NPS says all camping requires reservation/permit, most sites require watercraft, with frontcountry/backcountry/primitive systems Coordinate rescue attempts: Need NPS reservation/GIS/site-map extraction, not lake/visitor-center pinning"
mn-lead-mn-bulldog-w2-voyageurs-houseboat-sites-extraction,MN,Voyageurs National Park houseboat sites,Koochiching / Itasca / Voyageurs NP,area_geometry_or_coordinate_rescue,Boat / Backpack,Official NPS houseboat site system; exact site extraction needed,High,Official NPS,Official NPS houseboat page proves designated/undesignated system; no site coordinates extracted,Useful distinct lead because tent rules differ,Extract NPS houseboat-site geometry or official camping map,No exact local lead match confirmed in current file search,v23.1.60-ledger,Amenities/access: Houseboat-only camping; not tent campsite; permit required Source: https://www.nps.gov/voya/planyourvisit/houseboating.htm ; NPS says designated houseboat sites have signs/fire rings/mooring posts and permits/fees are required; tents cannot be pitched at houseboat sites Coordinate rescue attempts: Need NPS map/permit site geometry; do not use lake or landing coordinates
mn-lead-voyageurs-np-exact-campsite-extraction,MN,Voyageurs National Park frontcountry/backcountry/primitive campsite exact-site extraction,Koochiching / St. Louis / Voyageurs NP,coordinate_rescue,Boat / Backpack,gis_extraction_needed / coordinate_rescue,High,NPS official camping page / Recreation.gov or NPS map extraction needed,"No coordinates recommended until NPS map/reservation data are extracted. Do not use visitor centers, launches, or lake centers.","High-value but dangerous to shortcut. Visitor centers, boat launches, and lake centers are not campsite pins.",Extract NPS/Recreation.gov campsite coordinates or official NPS geospatial campsite layer; create site/system records only where coordinates are honest.,,v23.1.57,Worker 5 MN Northeast / Arrowhead / Superior NF / North Shore. Original final action: ADD TO data/leads.js. Active duplicate check in worker return: No Voyageurs campsite-system active match observed in fetched MN chunks; full-file grep required before integration..
mn-lead-voyageurs-frontcountry-site-coordinate-extraction,MN,Voyageurs National Park frontcountry campsite coordinate extraction,Koochiching / St. Louis / Voyageurs NP lakes,coordinate_rescue / gis_extraction_needed,Boat / Backpack,gis_extraction_needed,High,NPS / Recreation.gov / GIS / DevTools,NO HONEST COORDINATE FOUND,"Prior proof confirmed official frontcountry camping inventory, but exact individual campsite coordinates were not recoverable from accessible parsed sources.","Use NPS/Recreation.gov map API, RIDB metadata, NPS app data, or GIS/DevTools capture to extract site points.",None active except broad future NPS context if added later,v23.1.54-historical-backfill,"Do not use lake centers, island centers, or boat launches."
mn-lead-lac-qui-parle-county-park-campground-proof,MN,Lac qui Parle County Park,Lac qui Parle,coordinate_rescue,Rustic / Primitive or Modern after official proof,official_source_needed / coordinate_rescue,High,County source needed; secondary park list only recovered,NO HONEST COORDINATE FOUND,"Must be kept distinct from Lac qui Parle State Park, WMA, lake, dam, Mission, and boat landings.",Recover county official page/GIS/reservation details; reject if no overnight camping.,,v23.1.57,Worker 2 MN West-Central / Prairie Lakes / Upper MN River. Original final action: ADD TO data/leads.js. Active duplicate check in worker return: No exact active MN match found.
mn-lead-lac-qui-parle-state-park-campground-coordinate-rescue,MN,Lac qui Parle State Park campground,Lac qui Parle / Chippewa / Swift edge,coordinate_rescue,Modern Campgrounds or Rustic / Primitive after amenity proof,coordinate_rescue,High,Minnesota DNR official state park page + reservation/GIS/PDF needed,"NO HONEST CAMPGROUND COORDINATE FOUND — do not use dam, lake center, mission, or broad park centroid","Needs split from Lac qui Parle WMA, dam, Mission historic site, and lake/landing traps.","Extract official campground coordinate/amenity proof from DNR reservation map, DNR GIS, park GeoPDF, or agency contact.",,v23.1.57,Worker 2 MN West-Central / Prairie Lakes / Upper MN River. Original final action: ADD TO data/leads.js. Active duplicate check in worker return: No exact active MN match found in v23.1.55 ZIP.
mn-lead-tettegouche-baptism-river-and-cartin-split,MN,Tettegouche State Park — Baptism River / cart-in / walk-in split,Lake,coordinate_or_promotion_rescue,Modern Campgrounds,coordinate_rescue,High,State/DNR + tourism/directory,"Unpromoted lead coordinate only; verify before active import. DNR/ExploreMN proof + campground directory coordinate; medium, needs component split",Add as lead unless adding one general campground pin is acceptable,Split and promote,No exact lead found,v23.1.60-ledger,"Amenities/access: Drive-in modern plus non-drive-in components Source: DNR confirms park camping; Explore Minnesota lists electric, flush toilets, hot showers; campground source gives 34 drive-in sites plus backpack/walk-in/cart-in/kayak sites. ([MN DNR][23]) Coordinate rescue attempts: Coordinate for general campground recovered; component split not yet extracted"
mn-v23193-lead-river-bend-resort-rv-park-wrong-state-coordinate,MN,River Bend Resort RV Park wrong-state coordinate rescue,Lake of the Woods / Rainy River corridor,operator_coordinate_rescue,Private Campgrounds,coordinate_rescue,High,BUILD-NOTES-v23.1.60 held item,NO HONEST ACTIVE-MAP COORDINATE ACCEPTED,"v23.1.60 rejected a supplied coordinate because it landed outside Minnesota; the campground proof existed, but the wrong-state coordinate could not be imported. Later v23.1.61 appears to have promoted a River Bend Resort RV Park record; retain this as a follow-up QA lead to confirm the active coordinate/source truly resolves the earlier wrong-state issue.","Run the mandatory address-to-map rescue ladder: exact official/operator name search; official/operator address search; Google Maps, Apple Maps, Bing Maps, and OSM/Overpass POI check where available; reservation map or official GIS if available; aerial/parcel spot-check. Return active only if the point lands on the campground/camping area/RV area/campground entrance, not an office, lake center, boat launch, marina, ferry dock, trailhead, beach, scenic point, or broad park/forest centroid. If still unsafe, keep this lead and record exactly what was checked. If an active River Bend Resort RV Park record is already correct, return DUPLICATE / RESOLVED with the active record ID and coordinate; otherwise return corrected import candidate or keep lead.",River Bend Resort RV Park,v23.1.93,Existing-active QA lead to prevent wrong-state coordinate regression.
mn-lead-mn-bulldog-w2-sportsmans-lodge-camping-proof-check,MN,Sportsman’s Lodge camping/RV proof check,Lake of the Woods County / Baudette / Rainy River,coordinate_or_promotion_rescue,Private Campgrounds,"Operator site mentions camping, but details/coordinate need extraction",High,Operator website,Operator proof of camping mention plus address; campground details not enough for active import,Obvious LOW resort-corridor miss to preserve,Recover camping/RV page or contact; map-check camping area and promote or reject,No lead match found,v23.1.60-ledger,"Amenities/access: Private resort camping mention; RV/tent services not fully parsed Source: https://sportsmanslodges.com/ ; operator page says camping/roughing it outdoors while experiencing Sportsman’s Lodges and lists 3244 Bur Oak Rd NW, Baudette MN 56623 Coordinate rescue attempts: Need verify whether campground is public-facing and whether camping area is separate from lodge/front desk"
mn-lead-mn-bulldog-w2-zippel-bay-group-camp-coordinate-rescue,MN,Zippel Bay State Park Group Camp,Lake of the Woods County / Zippel Bay,coordinate_or_promotion_rescue,Modern Campgrounds,Official camping component likely; coordinate rescue needed,High,Official DNR / secondary discovery,No safe group-camp coordinate recovered,Keep separate from main campground because group camp may map elsewhere,Extract official DNR group-camp coordinate or reservation map point,No exact existing group-camp lead found,v23.1.60-ledger,Amenities/access: Group camping component; do not collapse into main campground or entrance pin Source: https://www.dnr.state.mn.us/state_parks/park.html?id=spk00273 Coordinate rescue attempts: Attempted DNR/source search; no safe group-camp marker exposed
mn-lead-white-oak-baker-lakes-dispersed-sites-coordinate-rescue,MN,White Oak and Baker Lakes official dispersed campsites,Land O'Lakes / Emily State Forest area / Cass-Crow Wing edge,coordinate_rescue,Boondocking / Dispersed,official_geopdf_coordinate_extraction_needed,High,MN DNR official GeoPDF/map,Official DNR GeoPDF proof; exact campsite/area coordinates not extracted,High-value boondocking lead; needs exact points or honest approximate wording.,Georeference DNR GeoPDF or extract official site points.,,v23.1.57,Worker 4 MN Central / North-Central / Chippewa Lakes. Original final action: ADD TO data/leads.js. Active duplicate check in worker return: NO ACTIVE ROW FOUND.
mn-lead-clint-converse-campground-geopdf-coordinate-rescue,MN,Clint Converse Campground,Land O'Lakes State Forest / Cass County,coordinate_rescue,Rustic / Primitive,official_geopdf_coordinate_extraction_needed,High,MN DNR official GeoPDF/map,Official DNR GeoPDF proof; exact coordinate not extracted,Do not use day-use centroid.,Georeference DNR GeoPDF or extract DNR GIS point.,,v23.1.57,Worker 4 MN Central / North-Central / Chippewa Lakes. Original final action: ADD TO data/leads.js. Active duplicate check in worker return: NO ACTIVE ROW FOUND.
mn-lead-sakatah-lake-bike-in-campsites,MN,Sakatah Lake State Park Bike-in Campsites,Le Sueur / Rice edge,official_proof_followup,Boat / Backpack,official bike-in campsite candidate,High,Official MN DNR,Official DNR “Top Stops”; exact point from DNR map/reservation needed,Strong separate Boat / Backpack candidate if bike-in sites are tracked.,Coordinate rescue from DNR map/reservation.,,v23.1.57,Worker 3 MN Southwest / I-90 Prairie / Blue Earth River. Original final action: ADD ACTIVE CANDIDATE. Active duplicate check in worker return: REPO CHECK BLOCKED.
mn-lead-sakatah-lake-state-park-campground,MN,Sakatah Lake State Park Campground,Le Sueur / Rice edge,official_proof_followup,Modern Campgrounds,official campground candidate,High,Official MN DNR,Official DNR park page and virtual tour; exact campground coordinate from DNR map/reservation needed,In/near geographic lock. Avoid duplicating if already present.,Verify county boundary and current MN record; coordinate extraction.,,v23.1.57,Worker 3 MN Southwest / I-90 Prairie / Blue Earth River. Original final action: ADD ACTIVE CANDIDATE. Active duplicate check in worker return: REPO CHECK BLOCKED.
mn-lead-lincoln-hole-in-the-mountain-county-park,MN,Hole-in-the-Mountain County Park Campgrounds,Lincoln County,official_proof_followup,Modern Campgrounds / Rustic / Primitive split possible,official county campground candidate,High,County official,Official Lincoln County page + master plan; exact campground loop points from county map/GIS needed,Could be one modern county campground or split modern/horse/rustic depending app style.,Coordinate rescue from county map/GIS; duplicate check.,,v23.1.57,Worker 3 MN Southwest / I-90 Prairie / Blue Earth River. Original final action: ADD ACTIVE CANDIDATE. Active duplicate check in worker return: REPO CHECK BLOCKED.
mn-lead-lincoln-norwegian-creek-county-park,MN,Norwegian Creek County Park Campground,Lincoln County,official_proof_followup,Modern Campgrounds,official county campground candidate,High,County official,Official Lincoln County parks page; exact campsite/campground point from county map/GIS needed,Strong active candidate.,Coordinate rescue from county map/GIS; duplicate check.,,v23.1.57,Worker 3 MN Southwest / I-90 Prairie / Blue Earth River. Original final action: ADD ACTIVE CANDIDATE. Active duplicate check in worker return: REPO CHECK BLOCKED.
mn-lead-lincoln-picnic-point-county-park-coordinate-rescue,MN,Picnic Point County Park Campground,Lincoln County,coordinate_rescue,Modern Campgrounds,coordinate_rescue,High,County official,"Official Lincoln County parks page confirms seasonal campground system, but exact campground proof for Picnic Point needs current county map/page extraction",Need a separate Picnic Point park page/map before active add.,"Add lead for coordinate/amenity rescue, not active import yet.",,v23.1.57,Worker 3 MN Southwest / I-90 Prairie / Blue Earth River. Original final action: ADD TO data/leads.js. Active duplicate check in worker return: REPO CHECK BLOCKED.
mn-lead-camden-state-park-campground,MN,Camden State Park Campgrounds,Lyon County,official_proof_followup,Modern Campgrounds,official campground candidate,High,Official MN DNR,"Official DNR virtual tour; exact import coordinate should come from DNR map/reservation campground point, not office/contact station",Strong official proof. Need exact campground coordinate and duplicate check before import.,"Check `MN.js`; if not active, add main campground or split lower/upper/horse camp only if schema supports it.",,v23.1.57,Worker 3 MN Southwest / I-90 Prairie / Blue Earth River. Original final action: ADD ACTIVE CANDIDATE. Active duplicate check in worker return: REPO CHECK BLOCKED.
mn-lead-camden-state-park-horse-camp,MN,Camden State Park Horse Camp,Lyon County,official_proof_followup,Rustic / Primitive,official horse camp candidate,High,Official MN DNR,Official DNR virtual tour; campground coordinate extraction needed,Add separately only if horse/equestrian rustic camps are kept as separate public camping records.,Supervisor decide whether to split from Camden main campground.,,v23.1.57,Worker 3 MN Southwest / I-90 Prairie / Blue Earth River. Original final action: ADD ACTIVE CANDIDATE. Active duplicate check in worker return: REPO CHECK BLOCKED.
mn-lead-lyon-garvin-county-park-campground,MN,Garvin County Park Campground,Lyon County,official_proof_followup,Rustic / Primitive / Modern needs amenity check,official county campground candidate,High,County official,Official Lyon County pages; exact loop point and amenity proof needed,Good active candidate; layer depends on shower/electric proof.,Coordinate and amenity rescue from Lyon County reservation/map.,,v23.1.57,Worker 3 MN Southwest / I-90 Prairie / Blue Earth River. Original final action: ADD ACTIVE CANDIDATE. Active duplicate check in worker return: REPO CHECK BLOCKED.
mn-lead-lyon-garvin-park-component-split,MN,Garvin County Park component split — upper/lower/horse/primitive,Lyon County,coordinate_or_promotion_rescue,Modern Campgrounds,Component split lead after official proof,High,Official county + campground report,No separate component coordinates recovered,Useful future split after main add,Extract county map/GIS/reservation component coordinates,Related existing Garvin lead,v23.1.60-ledger,Amenities/access: Upper campground has shower/bathroom facilities; horse/primitive portions have vault toilets/tie-outs Source: Same Garvin County sources as above; report describes upper/lower/horse/primitive distribution. Coordinate rescue attempts: Official sources checked; exact components not extracted
mn-lead-lyon-twin-lakes-county-park-campground,MN,Twin Lakes County Park Campground,Lyon County,official_proof_followup,Rustic / Primitive / Modern needs amenity check,official county campground candidate,High,County official,Official Lyon County camping reservation page; exact coordinate and amenities needed,"Active candidate, but needs current reservation/map details before layer finalization.",Coordinate/amenity rescue from county reservation system.,,v23.1.57,Worker 3 MN Southwest / I-90 Prairie / Blue Earth River. Original final action: ADD ACTIVE CANDIDATE. Active duplicate check in worker return: REPO CHECK BLOCKED.
mn-lead-newfolden-city-park-campground-coordinate-rescue,MN,Newfolden City Park Campground,Marshall / Newfolden,coordinate_or_promotion_rescue,Rustic / Primitive,obvious_miss_coordinate_rescue,High,Official city ordinance,Official ordinance confirms campground; no exact campground coordinate recovered.,Do not use city-park centroid without campground marker.,Add lead; extract campground coordinate from city/parcel/GIS.,No lead match.,v23.1.60-ledger,"Amenities/access: City park campground; seasonal campsite use. Source: Newfolden ordinance explicitly regulates “Newfolden City Park and Campground,” campsite season, reservations, and camper/RV use. ([City of Newfolden][13]) Coordinate rescue attempts: Official ordinance checked; no map/GIS coordinate recovered."
mn-lead-old-mill-state-park-campground-coordinate-rescue,MN,Old Mill State Park Campground,Marshall County / Argyle,coordinate_rescue,Modern Campgrounds,`official_camping_confirmed_coordinate_needed`,High,Minnesota DNR official virtual tour,Exact campground coordinate not recovered here.,Clean modern candidate if absent.,Extract DNR reservation/map coordinate and check active duplicate.,,v23.1.57,Worker 1 MN Northwest / Red River / Detroit Lakes. Original final action: EXTERNAL ACCESS REQUIRED. Active duplicate check in worker return: BLOCKED.
mn-lead-florian-park-campground-coordinate-rescue,MN,Florian Park Campground,Marshall County / near Stephen,coordinate_rescue,Needs Verification,`official_county_campground_confirmed_coordinate_amenity_needed`,High,Marshall County official page + Warren city page,County confirms campsites; exact coordinate and amenity count conflict need resolution.,Source count/description differs; don’t import a sloppy row.,Resolve official site count/amenities and extract coordinate from county reservation/map.,,v23.1.57,Worker 1 MN Northwest / Red River / Detroit Lakes. Original final action: EXTERNAL ACCESS REQUIRED. Active duplicate check in worker return: BLOCKED.
mn-lead-martin-bright-lake-primitive-camping,MN,Bright Lake Park primitive camping,Martin County,coordinate_or_promotion_rescue,Rustic / Primitive,Official primitive camping proof; coordinate rescue needed,High,Official county,Official address only; no coordinate promoted,Do not use lake center or boat launch,Map/geocode 1444 Bright Lake Road and verify camping area,No exact lead match found,v23.1.60-ledger,"Amenities/access: Primitive camping sites; pit restroom; trails; fire pits Source: https://www.co.martin.mn.us/community/parks/bright_lake.php — county lists Primitive Camping Sites and pit restroom at 1444 Bright Lake Road, Ceylon. Coordinate rescue attempts: Official county address searched; no safe coordinate recovered in this pass"
mn-lead-martin-cedar-hanson-park-campground,MN,Cedar/Hanson Park Campground,Martin County,official_proof_followup,Modern Campgrounds + Rustic / Primitive split possible,official county campground candidate,High,County official,Official Martin County parks page confirms camping open; exact detail from county park subpage/map needed,"Strong enough as candidate, but coordinate/amenity rescue required before import.",Open Cedar/Hanson subpage/map; duplicate check.,,v23.1.57,Worker 3 MN Southwest / I-90 Prairie / Blue Earth River. Original final action: ADD ACTIVE CANDIDATE. Active duplicate check in worker return: REPO CHECK BLOCKED.
mn-lead-martin-perch-lake-park-campground,MN,Perch Lake Park Campground,Martin County,official_proof_followup,Modern Campgrounds + Rustic / Primitive split possible,official county campground candidate,High,County official,Official Martin County page/PDF; exact point from county map/GIS needed,Good candidate; split modern/primitive only if map style supports campground subrecords.,Coordinate rescue from county map; duplicate check.,,v23.1.57,Worker 3 MN Southwest / I-90 Prairie / Blue Earth River. Original final action: ADD ACTIVE CANDIDATE. Active duplicate check in worker return: REPO CHECK BLOCKED.
mn-lead-lake-koronis-regional-park-campground-coordinate-rescue,MN,Lake Koronis Regional Park campground,Meeker / Paynesville / Lake Koronis,coordinate_rescue,Modern Campgrounds plus Rustic / Primitive tent-site component if split,official_proof_strong_coordinate_rescue,High,Meeker County official facility page,"Official facility address recovered, but exact campground-loop coordinate should be extracted before active packaging",This is the strongest official county campground proof recovered in parsed pages. Active add is justified once coordinate is extracted from official brochure/map/reservation.,"Extract official campground coordinate from Meeker County brochure, booking system, county GIS, or facility map; then add Modern parent or split Modern + Rustic tent component if desired.",,v23.1.57,Worker 2 MN West-Central / Prairie Lakes / Upper MN River. Original final action: ADD TO data/leads.js. Active duplicate check in worker return: No exact active MN match found in v23.1.55 ZIP.
mn-lead-rocky-reef-resort-rv-campground-coordinate-rescue,MN,Rocky Reef Resort RV Park Campground,Mille Lacs County / Onamia,coordinate_or_promotion_rescue,Private Campgrounds,Private public-facing RV campground proof; coordinate needed,High,Operator + ExploreMN,Address found; no usable coordinate recovered,Good private candidate.,Add coordinate-rescue lead.,None found,v23.1.60-ledger,"Amenities/access: Full-hookup RV sites; nightly/weekly/seasonal/yearly rates Source: Operator/ExploreMN list RV park/campground, full-hookup rates, and address. ([Rocky Reef Resort][34]) Coordinate rescue attempts: Address found; coordinate not recovered."
mn-lead-37-acres-rv-campground-coordinate-rescue,MN,37 Acres RV & Campground,Morrison County / Little Falls,coordinate_or_promotion_rescue,Private Campgrounds,Private public-facing campground proof; coordinate needed,High,Operator,Address found; no usable coordinate recovered,Good private candidate; needs coordinate rescue.,Add lead.,None found,v23.1.60-ledger,"Amenities/access: Seasonal RV; summer rental RV; tent sites Source: Operator says 18 seasonal sites, 11 summer rental RV sites, and 6 tent sites. ([37 Acres RV & Campground][31]) Coordinate rescue attempts: Address found in source/title; coordinate not recovered."
mn-lead-charles-lindbergh-state-park-campground-coordinate-rescue,MN,Charles A. Lindbergh State Park campground,Morrison County / Little Falls,coordinate_or_promotion_rescue,Rustic / Primitive,State park campground proof; coordinate needed,High,ExploreMN / state tourism,No safe campground coordinate recovered,Electric alone does not make Modern without shower proof.,Add coordinate-rescue lead.,None found,v23.1.60-ledger,"Amenities/access: 38 sites; 15 electric; boat access Source: Explore Minnesota lists 38 campsites, 15 electric, boat access, and a canoe/backpack campsite. ([Explore Minnesota][29]) Coordinate rescue attempts: Need DNR map/GIS/reservation coordinate."
mn-lead-mower-adventure-bound-beaver-trails-coordinate-rescue,MN,Adventure Bound Beaver Trails,Mower County / Austin,coordinate_or_promotion_rescue,Private Campgrounds,Operator proof strong; coordinate rescue needed,High,Operator + booking/reservation,Operator address found; exact coordinate not recovered from accessible snippets,"Do not skip; this is an obvious miss, but coordinate still must be map-checked",Geocode/map-check 21943 630th Ave; promote to Private Campgrounds,No lead match,v23.1.60-ledger,"Amenities/access: Private family camping resort; RV/tent/lodging; seasonal; I-90/Austin area Source: https://www.abcamping.com/beavertrails/ and https://www.abcamping.com/beavertrails/connect_us.php — operator gives address 21943 630th Ave, Austin; booking page says tent/lodging/RV sites. Coordinate rescue attempts: Operator address searched; coordinate search returned address proof but not a lat/lng. Census geocoder direct fetch blocked in tool."
mn-lead-murray-lake-sarah-county-park-campground,MN,Lake Sarah County Park Campground,Murray County,official_proof_followup,Rustic / Primitive,official county campground candidate,High,County official PDF,Official Murray County parks brochure/PDF; exact coordinate from county GIS/map needed,Layer Rustic unless official shower/full hookup proof is found.,Coordinate rescue from county GIS; duplicate check.,,v23.1.57,Worker 3 MN Southwest / I-90 Prairie / Blue Earth River. Original final action: ADD ACTIVE CANDIDATE. Active duplicate check in worker return: REPO CHECK BLOCKED.
mn-lead-lake-shetek-state-park-main-campgrounds,MN,Lake Shetek State Park Main Campgrounds,Murray County,official_proof_followup,Modern Campgrounds,official campground candidate,High,Official MN DNR,Official DNR virtual tour; exact coordinate should come from DNR campground/reservation map,Very strong official active candidate if absent. Could split main modern campground from cart-in/rustic opportunities.,Repo duplicate check; extract campground marker from official DNR map/reservation map.,,v23.1.57,Worker 3 MN Southwest / I-90 Prairie / Blue Earth River. Original final action: ADD ACTIVE CANDIDATE. Active duplicate check in worker return: REPO CHECK BLOCKED.
mn-lead-lake-shetek-park-lake-campsite,MN,Lake Shetek — Park Lake Campsite,Murray County,official_proof_followup,Boat / Backpack,official cart-in / walk-in campsite candidate,High,Official MN DNR,Official DNR virtual tour; exact point from DNR map/reservation needed,Good separate Boat / Backpack candidate if current map tracks individual walk/cart-in state park campsites.,Coordinate rescue from DNR map/reservation.,,v23.1.57,Worker 3 MN Southwest / I-90 Prairie / Blue Earth River. Original final action: ADD ACTIVE CANDIDATE. Active duplicate check in worker return: REPO CHECK BLOCKED.
mn-lead-murray-lime-lake-park-campground-coordinate-rescue,MN,Lime Lake Park Campground,Murray County,coordinate_rescue,Rustic / Primitive,coordinate_rescue,High,County official,Official Murray County parks system and brochure; exact camping details need direct park page/map confirmation,Keep as lead until direct official campground detail is recovered.,Coordinate/amenity rescue.,,v23.1.57,Worker 3 MN Southwest / I-90 Prairie / Blue Earth River. Original final action: ADD TO data/leads.js. Active duplicate check in worker return: REPO CHECK BLOCKED.
mn-lead-murray-seven-mile-lake-park-campground,MN,Seven Mile Lake Park Campground,Murray County,official_proof_followup,Rustic / Primitive,official county campground candidate,High,County official,Official Murray County parks page/PDF; exact point from county GIS/map needed,Good active county-park candidate.,Coordinate rescue from county map/GIS.,,v23.1.57,Worker 3 MN Southwest / I-90 Prairie / Blue Earth River. Original final action: ADD ACTIVE CANDIDATE. Active duplicate check in worker return: REPO CHECK BLOCKED.
mn-lead-fort-ridgely-state-park-campground-boundary-check,MN,Fort Ridgely State Park Campgrounds,Nicollet / Renville edge,official_proof_followup,Modern Campgrounds + Rustic / Primitive + Boat / Backpack,official campground but county-lock boundary check needed,High,Official MN DNR,Official DNR page; exact county/campground boundary and coordinates needed,"Include only if campground is within assigned Nicollet/Sibley lock; address is Fairfax, so boundary needs verification.",Check DNR map and county boundary; add/correct if in lock and absent.,,v23.1.57,Worker 3 MN Southwest / I-90 Prairie / Blue Earth River. Original final action: NEEDS VERIFICATION. Active duplicate check in worker return: REPO CHECK BLOCKED.
mn-lead-nobles-olson-park-campground-coordinate-rescue,MN,Olson Park Campground,Nobles County / Worthington,coordinate_or_promotion_rescue,Modern Campgrounds,Official city proof; coordinate rescue needed,High,Official city,Official address/page; no active-safe coordinate recovered,Do not use Sunset Bay/disc-golf coordinate as campground pin,Map-check official address/park loop and promote,MATCHED EXISTING LEAD — update,v23.1.60-ledger,"Amenities/access: City campground; electric/non-electric daily rates; seasonal open window Source: https://www.worthingtonmn.gov/olson-park-campground — official page lists Olson Park Campground at 951 N Crailsheim Rd, Worthington, with seasonal daily rates. Coordinate rescue attempts: Official address searched; candidate coordinate not promoted because available coords were not campground-loop proof"
mn-lead-worthington-olson-park-campground,MN,Olson Park and Campground,Nobles County / Worthington,official_proof_followup,Modern Campgrounds,official municipal campground candidate,High,City official,Official City of Worthington page/PDF; exact coordinate from city map/reservation needed,Strong active candidate.,Coordinate rescue; duplicate check.,,v23.1.57,Worker 3 MN Southwest / I-90 Prairie / Blue Earth River. Original final action: ADD ACTIVE CANDIDATE. Active duplicate check in worker return: REPO CHECK BLOCKED.
mn-lead-norman-county-fairgrounds-camping-public-non-event-check,MN,Norman County Fairgrounds / Raceway Camping,Norman / Ada,verification,Needs Verification,event_public_non_event_unclear,High,Fair/raceway official sources,"Fair/raceway sources show camping, but public non-event camping unclear.",Do not import as public campground unless non-event overnight camping is official.,Keep Needs Verification.,No lead match.,v23.1.60-ledger,Amenities/access: Fair/event camping with limited hookups. Source: Fair page lists camping during fair; raceway/fair association sources indicate camping/hookups around events. ([Norman County Fair][33]) Coordinate rescue attempts: Fair/raceway sources checked; no public non-event campground proof found.
mn-lead-halstad-temporary-rv-campground-public-status-check,MN,Halstad Temporary RV Campground,Norman / Halstad,verification,Needs Verification,temporary_campground_public_status_unclear,High,Official city,City confirms temporary RV campground; long-term/permanent public campground status unclear.,"Could belong as Overnight Parking/Fairgrounds-style, but layer/status unclear.",Keep Needs Verification; decide schema treatment.,No lead match.,v23.1.60-ledger,"Amenities/access: Temporary RV campground. Source: City of Halstad has a temporary RV campground at the former high school north parking lot with reservations required. ([Halstad][32]) Coordinate rescue attempts: Official city source checked; location is former school parking lot, so do not treat as ordinary permanent campground without policy decision."
mn-lead-heiberg-park-west-camping-coordinate-rescue,MN,Heiberg Park West Camping,Norman / Twin Valley,coordinate_or_promotion_rescue,Rustic / Primitive,existing_combined_lead_split_coordinate_rescue,High,Official city,Official camping proof found; no import-safe campground coordinate recovered.,Keep separate from City RV Hookup Site.,Update existing lead; extract official park/campground coordinate.,Matched combined Twin Valley lead; split/update recommended.,v23.1.60-ledger,"Amenities/access: Electric hookups, fire rings, picnic tables. Source: City says Heiberg Park West has camping with electric hookups, campfire rings, and picnic tables; official PDF identifies six Heiberg Park sites. ([City of Twin Valley][8]) Coordinate rescue attempts: Official city page checked; no official map/GIS coordinate recovered."
mn-lead-twin-valley-city-camping-areas-coordinate-rescue,MN,Twin Valley City Camping Areas / Heiberg Park West,Norman County / Twin Valley,coordinate_rescue,Needs Verification,`official_camping_confirmed_coordinate_amenity_needed`,High,City of Twin Valley official page,City confirms camping areas but exact campground coordinates/modern triad not recovered.,Needs split/amenity check; not enough for Modern without shower/restroom proof.,Extract city/county GIS or campground map; verify bathhouse/restroom.,,v23.1.57,Worker 1 MN Northwest / Red River / Detroit Lakes. Original final action: EXTERNAL ACCESS REQUIRED. Active duplicate check in worker return: BLOCKED.
mn-lead-chippewa-nf-dispersed-backcountry-exact-extraction,MN,Chippewa NF maintained dispersed/backcountry campsite exact extraction,North-central MN / Chippewa NF,coordinate_rescue / gis_extraction_needed,Boat / Backpack or Rustic / Primitive by access,gis_extraction_needed,High,USFS GIS / official recreation pages / map services,NO HONEST COORDINATE FOUND for unresolved sites,Active Chippewa NF reference row says maintained dispersed/backcountry campsite systems require exact official facility/site coordinates before import.,"Extract official Chippewa NF backcountry/dispersed campsite points from USFS GIS, recreation pages, PDFs, or map services.",Active s190 Chippewa National Forest is Info / Reference only.,v23.1.54-historical-backfill,High-value historical lead.
mn-lead-superior-nf-boundary-area-outline,MN,Superior National Forest boundary / dispersed-area outline follow-up,Northeast MN / Superior NF,area_outline_followup / gis_extraction_needed,Boondocking / Dispersed or Info / Reference,gis_extraction_needed,High,USFS official GIS / forest boundary / MVUM / camping rules,OFFICIAL AREA/RULE MARKER needed,Broad forest row should not act as campsite pin; official geometry needed for future area/rule record.,Extract official USFS boundary/MVUM/camping-rule geometry and represent as outline or area/rule marker.,Superior NF has active exact/system records from v23.1.15/v23.1.43; broad row should stay reference only.,v23.1.54-historical-backfill,"Geometry upgrade lead, not active point add."
mn-lead-chester-woods-park-campground-coordinate-rescue,MN,Chester Woods Park Campground,Olmsted,coordinate_or_promotion_rescue,Modern Campgrounds,coordinate_rescue,High,County official + tourism,Official county campground proof; exact coordinate not safely recovered,Possible split: Modern drive-in + Boat/Backpack canoe-in,Add lead; promote after coordinate split,No exact lead found,v23.1.60-ledger,"Amenities/access: Electric/non-electric sites; showers; remote canoe-in sites Source: Olmsted County lists Chester Woods camping at 8378 Hwy 14 E; Explore Minnesota describes 50-unit campground, electric and non-electric sites, showers, and remote canoe-in sites. ([Olmsted County][11]) Coordinate rescue attempts: Official address recovered; exact campground loop coordinate still needs map/geocode extraction"
mn-lead-glendalough-state-park-cart-canoe-camping,MN,Glendalough State Park Cart-in / Canoe-in Camping,Otter Tail County / Battle Lake,coordinate_rescue,Boat / Backpack,`official_camping_confirmed_coordinate_needed`,High,Minnesota DNR + Otter Tail County official/local source,DNR confirms cart-in/canoe-in camping; exact campsite coordinates not recovered.,"Strong Boat / Backpack candidate, likely needs individual or system marker.",Extract DNR reservation/map coordinates; split canoe-in if exact points exist.,,v23.1.57,Worker 1 MN Northwest / Red River / Detroit Lakes. Original final action: EXTERNAL ACCESS REQUIRED. Active duplicate check in worker return: BLOCKED.
mn-lead-fergus-falls-delagoon-park-campground,MN,DeLagoon Park Campground,Otter Tail County / Fergus Falls,coordinate_rescue,Modern Campgrounds,`official_city_campground_confirmed_coordinate_needed`,High,City of Fergus Falls + local tourism,City confirms modern campground project/details; exact coordinate needs city map/GIS.,Current/opening-status note matters.,Verify active/open status; extract city campground coordinate.,,v23.1.57,Worker 1 MN Northwest / Red River / Detroit Lakes. Original final action: EXTERNAL ACCESS REQUIRED. Active duplicate check in worker return: BLOCKED.
mn-lead-maplewood-state-park-backpack-sites-coordinate-rescue,MN,Maplewood State Park Backpack Sites,Otter Tail County / Maplewood SP,coordinate_rescue,Boat / Backpack,`official_backpack_sites_confirmed_coordinate_rescue`,High,Minnesota DNR official virtual tour,DNR confirms 3 backpack sites; exact site coordinates not recovered.,Exact points likely in DNR reservation/map data.,Extract individual DNR site coordinates or georeference official map.,,v23.1.57,Worker 1 MN Northwest / Red River / Detroit Lakes. Original final action: ADD TO data/leads.js. Active duplicate check in worker return: BLOCKED.
mn-lead-maplewood-state-park-main-campgrounds,MN,Maplewood State Park Main / Horse Campgrounds,Otter Tail County / Pelican Rapids area,coordinate_rescue,Modern Campgrounds,`official_camping_confirmed_coordinate_needed`,High,Minnesota DNR official virtual tour,Exact campground coordinate not recovered here.,Separate backpack sites should not be buried if exact points are recoverable.,Check active duplicate; extract DNR campground marker; consider separate backpack row.,,v23.1.57,Worker 1 MN Northwest / Red River / Detroit Lakes. Original final action: EXTERNAL ACCESS REQUIRED. Active duplicate check in worker return: BLOCKED.
mn-lead-phelps-mill-county-park-primitive-campsites,MN,Phelps Mill County Park Primitive Campsites,Otter Tail County / Phelps Mill,coordinate_rescue,Rustic / Primitive,`official_county_camping_confirmed_coordinate_needed`,High,Otter Tail County official page,County confirms primitive campsites; exact coordinate/site points not recovered.,Include construction/reservation caveat in popup if imported before 2026 season settles.,Check active duplicate; extract county park map coordinate; verify current opening status.,,v23.1.57,Worker 1 MN Northwest / Red River / Detroit Lakes. Original final action: EXTERNAL ACCESS REQUIRED. Active duplicate check in worker return: BLOCKED.
mn-lead-mantrap-lake-campground-geopdf-coordinate-rescue,MN,Mantrap Lake Campground,Paul Bunyan State Forest / Hubbard County,coordinate_rescue,Rustic / Primitive,official_geopdf_coordinate_extraction_needed,High,MN DNR official GeoPDF/map,Official DNR GeoPDF proof; exact coordinate not extracted,Do not use forest/lake centroid.,Georeference DNR GeoPDF or extract DNR GIS point.,,v23.1.57,Worker 4 MN Central / North-Central / Chippewa Lakes. Original final action: ADD TO data/leads.js. Active duplicate check in worker return: NO ACTIVE ROW FOUND.
mn-lead-gulch-lake-campground-geopdf-coordinate-rescue,MN,Gulch Lake Campground and Group Site,Paul Bunyan State Forest / Hubbard-Cass edge,coordinate_rescue,Rustic / Primitive,official_geopdf_coordinate_extraction_needed,High,MN DNR official GeoPDF/map,Official DNR GeoPDF proof; exact coordinate not extracted,Do not use lake center.,Georeference DNR GeoPDF or extract DNR GIS point.,,v23.1.57,Worker 4 MN Central / North-Central / Chippewa Lakes. Original final action: ADD TO data/leads.js. Active duplicate check in worker return: NO ACTIVE ROW FOUND.
mn-lead-falls-stay-n-play-private-rv-park-coordinate-rescue,MN,Falls Stay N Play Campground,Pennington / Thief River Falls,coordinate_or_promotion_rescue,Private Campgrounds,operator_proof_coordinate_rescue,High,Private/operator official site,Address exists but coordinate not import-safe; official address conflict needs resolution.,Real private campground; not an alias for Tourist Park.,Add lead; promote after parcel/operator-map coordinate rescue.,No lead match in supplied ZIP.,v23.1.60-ledger,"Amenities/access: 75 full-hookup sites; bathhouse; laundry; public-facing private campground. Source: Operator says Falls Stay N Play is open to the public and has 75 full-hookup sites, indoor bathhouse, laundry, playground, go-karts, and mini golf; operator address appears as 17141 US Hwy 59 NE. ([Falls Stay N Play][5]) Coordinate rescue attempts: Checked operator site and tourism source; address found, but exact RV/campground point needs map/parcel verification."
mn-lead-thief-river-falls-tourist-park-campground,MN,Thief River Falls Tourist Park Campground,Pennington County / Thief River Falls,coordinate_rescue,Modern Campgrounds,`official_operator_campground_confirmed_coordinate_needed`,High,Campground/operator + local tourism source,Campground address/operation found; exact coordinate still needs official map or reservation point.,Good active candidate after official/operator coordinate extraction.,Check active duplicate; extract Campspot/operator/city coordinate.,,v23.1.57,Worker 1 MN Northwest / Red River / Detroit Lakes. Original final action: EXTERNAL ACCESS REQUIRED. Active duplicate check in worker return: BLOCKED.
mn-lead-rock-lake-campground-geopdf-coordinate-rescue,MN,Rock Lake Campground,Pillsbury State Forest / Cass County,coordinate_rescue,Rustic / Primitive,official_geopdf_coordinate_extraction_needed,High,MN DNR official GeoPDF/map,Official DNR GeoPDF proof; exact coordinate not extracted,Do not use lake center.,Georeference DNR GeoPDF or extract DNR GIS point.,,v23.1.57,Worker 4 MN Central / North-Central / Chippewa Lakes. Original final action: ADD TO data/leads.js. Active duplicate check in worker return: NO ACTIVE ROW FOUND.
mn-lead-walter-stark-horse-camp-geopdf-coordinate-rescue,MN,Walter E. Stark Horse Assembly Area and Campground,Pillsbury State Forest / Cass County,coordinate_rescue,Rustic / Primitive,official_geopdf_coordinate_extraction_needed,High,MN DNR official GeoPDF/map,Official DNR GeoPDF proof; exact coordinate not extracted,Coordinate extraction needed.,Georeference DNR GeoPDF or extract DNR GIS point.,,v23.1.57,Worker 4 MN Central / North-Central / Chippewa Lakes. Original final action: ADD TO data/leads.js. Active duplicate check in worker return: NO ACTIVE ROW FOUND.
mn-lead-split-rock-creek-state-park-campground,MN,Split Rock Creek State Park Campground,Pipestone County,official_proof_followup,Modern Campgrounds,official campground candidate,High,Official MN DNR,Official DNR virtual tour and 2026 DNR park map; exact campground coordinate extraction needed,Strong official candidate.,Check active MN records; add if absent.,,v23.1.57,Worker 3 MN Southwest / I-90 Prairie / Blue Earth River. Original final action: ADD ACTIVE CANDIDATE. Active duplicate check in worker return: REPO CHECK BLOCKED.
mn-lead-red-river-sra-main-campground-coordinate-rescue,MN,Red River State Recreation Area Main Campground,Polk / East Grand Forks,area_geometry_or_coordinate_rescue,Modern Campgrounds,existing_lead_coordinate_rescue,High,MN DNR + East Grand Forks Parks,Official/operator address and proof found; exact campground coordinate not recovered.,Main campground should not absorb walk-in tent sites if site points are recoverable.,Update lead; extract DNR/operator reservation coordinate.,Matched existing lead.,v23.1.60-ledger,"Amenities/access: Full hookups, electric-only, group camping, walk-in tent inventory. Source: DNR lists full-hookup campsites at 515 2nd Street Northwest; East Grand Forks Parks says the campground has 113 campsites, 85 full-hookup RV sites, electric-only sites, walk-in tent sites, and group camping. ([MN DNR][20]) Coordinate rescue attempts: DNR/operator address checked; exact campground marker not recovered."
mn-lead-fertile-municipal-camping-system-coordinate-rescue,MN,Fertile municipal camping system / Sand Hills area,Polk / Fertile,area_geometry_or_coordinate_rescue,Needs Verification,obvious_miss_system_coordinate_rescue,High,Official city / local organization,Official city/tourism proof indicates multiple camping options; individual campground names/coordinates need extraction.,Do not create one sloppy blob. Split after official map review.,Add system lead; extract specific campground names/points from city map.,No lead match.,v23.1.60-ledger,Amenities/access: Multiple municipal/area camping options. Source: Fertile city says there are four places to camp; AELC source references camping among recreation offerings. ([Fertile MN][27]) Coordinate rescue attempts: City pages checked; individual site names and coordinates not fully recovered.
mn-lead-cross-lake-tilberg-county-park-campground-coordinate-rescue,MN,Cross Lake–Tilberg County Park Campground,Polk / Fosston area,coordinate_or_promotion_rescue,Rustic / Primitive,obvious_miss_coordinate_rescue,High,Official county park,Official county proof found; exact coordinate not recovered.,Electric but no shower proof; Rustic / Primitive safer.,Add lead; extract county/GIS coordinate.,No lead match.,v23.1.60-ledger,"Amenities/access: 20 electric, 10 primitive, restrooms, dump, water hydrants. Source: Polk County identifies 30 campsites at Cross Lake–Tilberg, including 20 electric and 10 primitive sites, with boat access, dump, restrooms, and water hydrants. ([Polk County][26]) Coordinate rescue attempts: Official county page/address/directions checked; exact campsite/campground coordinate not recovered."
mn-lead-polk-county-park-maple-lake-campground-coordinate-rescue,MN,Polk County Park / Maple Lake Campground,Polk / Maple Lake,coordinate_or_promotion_rescue,Modern Campgrounds,obvious_miss_coordinate_rescue,High,Official county park,Official county proof found; exact campground coordinate not recovered in this pass.,Polk County park campground is a real miss.,Add lead; extract county/GIS/reservation coordinate.,No lead match.,v23.1.60-ledger,"Amenities/access: Electric/seasonal sites, showers/restrooms, dump station. Source: Polk County Park has 17 overnight electric sites and 46 seasonal sites, hookups, dump station, restrooms, showers, and swimming. ([Polk County][25]) Coordinate rescue attempts: Official county page checked; no exact campground coordinate recovered."
mn-lead-red-river-state-recreation-area-main-campground,MN,Red River State Recreation Area Campground,Polk County / East Grand Forks,coordinate_rescue,Modern Campgrounds,`official_camping_confirmed_coordinate_needed`,High,Minnesota DNR + East Grand Forks official/local source,Exact campground coordinate not recovered here.,Main campground is active-ready after coordinate/duplicate check. Walk-in riverfront sites may deserve separate Boat / Backpack or Rustic row if exact points recovered.,Check active duplicate; extract DNR/reservation coordinate; consider separate walk-in site lead.,,v23.1.57,Worker 1 MN Northwest / Red River / Detroit Lakes. Original final action: EXTERNAL ACCESS REQUIRED. Active duplicate check in worker return: BLOCKED.
mn-lead-red-river-sra-walk-in-riverfront-sites-coordinate-rescue,MN,Red River SRA Walk-in Riverfront Tent Sites,Polk County / East Grand Forks / Red River,coordinate_rescue,Boat / Backpack,`official_walk_in_sites_confirmed_coordinate_rescue`,High,Minnesota DNR official virtual tour,Exact walk-in site coordinates not recovered here.,Could be separate from the modern RV campground if exact points are recoverable.,Extract DNR/reservation site coordinates or keep as campground subfeature.,,v23.1.57,Worker 1 MN Northwest / Red River / Detroit Lakes. Original final action: ADD TO data/leads.js. Active duplicate check in worker return: BLOCKED.
mn-lead-roholt-camp-park-mcintosh-coordinate-rescue,MN,Roholt Camp and Park / McIntosh Roholt Park,Polk County / McIntosh,coordinate_or_promotion_rescue,Rustic / Primitive,municipal_operator_proof_coordinate_needed,High,Seed target / likely municipal/community park lead,NO HONEST COORDINATE FOUND,"Do not use McIntosh city center, city hall, park centroid, ballfield, or parking lot.","Search McIntosh municipal pages, board minutes, county GIS, local contact.",No existing lead match found,v23.1.60-ledger,Amenities/access: Overnight/public status and amenities unresolved from accessible official sources Source: Uploaded Bulldog handoff seed target; accessible official McIntosh/Roholt camping page not recovered Coordinate rescue attempts: Checked package; searched Roholt/McIntosh variants. No official campground page/coordinate recovered.
mn-lead-glacial-lakes-state-park-horse-backpack-group-coordinate-rescue,MN,Glacial Lakes State Park Horse / Backpack / Group Components,Pope,coordinate_or_promotion_rescue,Boat / Backpack,Research Needed,High,Official DNR/reservation context,Component coordinates blocked.,Needs component split later.,Keep lead.,YES,v23.1.60-ledger,"Amenities/access: Horse/backpack/group components likely, but split proof needed. Source: Same official reservation context; component-level coordinate/layer split unresolved. ([Reserve Minnesota][32]) Coordinate rescue attempts: Searched DNR/reservation; no component coordinates recovered."
mn-lead-glacial-lakes-state-park-horse-or-backpack-components,MN,Glacial Lakes State Park horse/backpack/group camping components,Pope / Glacial Lakes,coordinate_rescue,Rustic / Primitive or Boat / Backpack by component,coordinate_rescue / component_split,High,Minnesota DNR source extraction needed,NO HONEST COMPONENT COORDINATES FOUND,Component split only; not an active add until official inventory is recovered.,"Check DNR reservation inventory and campground map for horse camp, group camp, backpack/cart-in/hike-in units.",,v23.1.57,Worker 2 MN West-Central / Prairie Lakes / Upper MN River. Original final action: ADD TO data/leads.js. Active duplicate check in worker return: No active component record found by exact name in v23.1.55 ZIP.
mn-lead-glacial-lakes-state-park-main-campground-coordinate-rescue,MN,Glacial Lakes State Park main campground,Pope / Starbuck / Glacial Lakes,coordinate_rescue,Modern Campgrounds or Rustic / Primitive after amenity proof,coordinate_rescue,High,Minnesota DNR official state park page + reservation/GIS/PDF needed,NO HONEST CAMPGROUND COORDINATE FOUND,"Do not use Signalness Lake center, beach, trailhead, or park centroid.",Extract official campground coordinate and service level from DNR reservation map / GeoPDF / Recreation Compass / agency contact.,,v23.1.57,Worker 2 MN West-Central / Prairie Lakes / Upper MN River. Original final action: ADD TO data/leads.js. Active duplicate check in worker return: No exact active MN match found in v23.1.55 ZIP.
mn-lead-old-crossing-treaty-park-primitive-camping-coordinate-rescue,MN,Old Crossing Treaty Park Primitive Camping,Red Lake / near Huot,coordinate_or_promotion_rescue,Rustic / Primitive,obvious_miss_coordinate_rescue,High,Official county,Official county proof found; exact camping-area coordinate not recovered.,Do not use monument/park centroid.,Add lead; extract official camping-area marker.,No lead match.,v23.1.60-ledger,"Amenities/access: Primitive camping; no generators; 3-day limit. Source: Red Lake County says overnight camping is allowed at Old Crossing Treaty Park, primitive camping only, no generators, and 3-day limit. ([Red Lake County][15]) Coordinate rescue attempts: County source checked; no map/GIS camping-area coordinate recovered."
mn-lead-voyageurs-view-campground-coordinate-rescue,MN,Voyageur’s View Campground,Red Lake / north of Red Lake Falls,coordinate_or_promotion_rescue,Private Campgrounds,obvious_miss_private_coordinate_rescue,High,Private/operator + tourism,Operator/tourism address found; exact campground coordinate not recovered.,Public-facing private campground; in scope.,Add lead; extract operator/reservation/parcel coordinate.,No lead match.,v23.1.60-ledger,"Amenities/access: Private campground/outfitter; RV/tent sites; showers; dump station. Source: Operator places campground north of Red Lake Falls on 105th Ave SW; Explore Minnesota gives address 18611 105th Ave SW and lists 50 RV sites, 50 tent sites, flush toilets, showers, electric, and dump station. ([voyageursview][16]) Coordinate rescue attempts: Operator/address checked; no safe campground-loop coordinate recovered."
mn-lead-red-lake-falls-city-campgrounds-coordinate-rescue,MN,Red Lake Falls Sportsman’s Park and Riverside Park Campgrounds,Red Lake County / Red Lake Falls,coordinate_rescue,Needs Verification,`official_campgrounds_confirmed_split_needed`,High,City of Red Lake Falls official page / reservation source,City confirms two campgrounds but exact separate coordinates/amenities need extraction.,Needs split into separate campground records if both absent.,Pull Campspot/city map data; verify amenities and exact markers.,,v23.1.57,Worker 1 MN Northwest / Red River / Detroit Lakes. Original final action: EXTERNAL ACCESS REQUIRED. Active duplicate check in worker return: BLOCKED.
mn-lead-renville-county-park-campground-batch,MN,Renville County park campground batch,Renville,coordinate_rescue,Rustic / Primitive / Modern by park,official_source_needed / coordinate_rescue,High,Renville County official parks source needed,NO HONEST COORDINATES FOUND,Do not import whole batch as one record. Birch Coulee may be historic/day-use trap; verify each.,"Open county official parks pages, determine which allow overnight camping, capture coordinates/amenities; reject non-camping parks.",,v23.1.57,Worker 2 MN West-Central / Prairie Lakes / Upper MN River. Original final action: ADD TO data/leads.js. Active duplicate check in worker return: No exact active MN match found.
mn-lead-cannon-river-wilderness-primitive-campsites,MN,Cannon River Wilderness Area primitive campsites,Rice,area_geometry_or_coordinate_rescue,Rustic / Primitive,coordinate_rescue,High,County official,Official county proof; campsite coordinates not recovered,Do not pin entrance/parking as campsites,Add lead; GIS/map extraction,No exact lead found,v23.1.60-ledger,"Amenities/access: Four primitive campsites Source: Rice County says Cannon River Wilderness Area has four primitive campsites, no running water, first-come/3-day max. ([Rice County][14]) Coordinate rescue attempts: Entrance addresses exist, but campsite points not recovered"
mn-lead-greenbush-legion-park-campground-coordinate-rescue,MN,Legion Park Campground,Roseau / Greenbush,coordinate_or_promotion_rescue,Modern Campgrounds,obvious_miss_coordinate_rescue,High,Official city + tourism,Official/tourism proof found; exact coordinate not recovered.,Another plain municipal miss.,Add lead; extract city/parcel/GIS coordinate.,No lead match.,v23.1.60-ledger,"Amenities/access: Water/electric/tent camping indicated; bathrooms, showers, dump station. Source: Greenbush city/tourism sources identify Legion Park campground amenities including bathrooms, showers, and dump station. ([Greenbush][14]) Coordinate rescue attempts: Official/tourism proof checked; no exact campground coordinate recovered."
mn-lead-beltrami-island-blueberry-hill-faunce-campgrounds-coordinate-rescue,MN,Blueberry Hill and Faunce Campgrounds,Roseau / Lake of the Woods edge / Beltrami Island State Forest,coordinate_rescue,Rustic / Primitive / Boat / Backpack,`official_camping_confirmed_coordinate_rescue`,High,Minnesota DNR official forest map/PDF,Official DNR forest map confirms campgrounds; exact points require GeoPDF/GIS extraction.,Same forest system; separate active rows may be better than one blob.,Add lead for exact coordinate extraction; split rows after DNR GeoPDF/GIS point recovery.,,v23.1.57,Worker 1 MN Northwest / Red River / Detroit Lakes. Original final action: ADD TO data/leads.js. Active duplicate check in worker return: BLOCKED.
mn-lead-hawk-tavern-rv-hookups-coordinate-rescue,MN,The Hawk Tavern & Campground / RV Hookups,Roseau / Roosevelt,coordinate_or_promotion_rescue,Private Campgrounds,private_operator_coordinate_access_rescue,High,Tourism/operator listing,Address/proof found; exact campground/RV hookup coordinate not recovered.,Need verify transient camping and whether RV hookups are public overnight stays.,Add lead; verify operator/public access and coordinate.,No lead match.,v23.1.60-ledger,"Amenities/access: RV hookups at tavern/campground. Source: Visit Warroad lists The Hawk Tavern & Campground with RV hookups and address 9775 State Hwy 11, Roosevelt. ([VisitWarroad.com][38]) Coordinate rescue attempts: Address checked; exact RV/campground area not recovered."
mn-lead-roseau-rv-park-americinn-coordinate-rescue,MN,Roseau RV Park / AmericInn RV Park,Roseau / Roseau,coordinate_or_promotion_rescue,Private Campgrounds,private_operator_coordinate_rescue,High,Tourism/operator lead,"Tourism proof found; hotel address may be front desk, not campground point.",Do not use hotel front desk as campground coordinate without imagery/parcel check.,Add lead; recover RV lot coordinate.,No lead match.,v23.1.60-ledger,"Amenities/access: 10 full-service RV sites. Source: GoRoseau lists a 10-site full-service RV Park with 30/50 amp, water, sewer, and address 1110 3rd St NW; hotel source confirms the hotel address. ([Go Explore Roseau, Minnesota][39]) Coordinate rescue attempts: Address checked but likely hotel/front-desk coordinate; campground/RV lot point not recovered."
mn-lead-bestes-sandy-pines-campground-coordinate-rescue,MN,Beste’s Sandy Pines Campground,Roseau / Warroad-Roosevelt edge,coordinate_or_promotion_rescue,Private Campgrounds,private_operator_coordinate_rescue,High,Private/operator + tourism,Operator/address found; exact coordinate not recovered.,Very close address to Birch Ridge; may be related/duplicate or adjacent operators.,Add lead; resolve duplicate/rebrand and coordinate.,No lead match.,v23.1.60-ledger,Amenities/access: Full RV hookups; seasonal summer operation. Source: Operator gives address 34342 568th Ave; tourism source describes a wilderness campground with full RV hookups in summer. ([Best Esc Campground][35]) Coordinate rescue attempts: Operator address checked; no exact campground point recovered.
mn-lead-birch-ridge-rv-campground-duplicate-watch-coordinate-rescue,MN,Birch Ridge RV Campground,Roseau / Warroad-Roosevelt edge,coordinate_or_promotion_rescue,Private Campgrounds,private_operator_duplicate_watch_coordinate_rescue,High,Tourism/operator listing,Address/proof found; exact coordinate not recovered; possible duplicate/watch with nearby Beste’s Sandy Pines cluster.,Needs duplicate/operator check with Beste’s Sandy Pines because addresses are close.,Add lead with duplicate-watch note.,No lead match.,v23.1.60-ledger,"Amenities/access: 30 RV/campsites; utilities; flush toilets; dump. Source: Explore Minnesota lists Birch Ridge with address 34352 568th Ave, 30 total campsites, 50 amp, electric, flush toilets, dump, sewer, and water. ([Explore Minnesota][34]) Coordinate rescue attempts: Address checked; no safe campground coordinate recovered."
mn-lead-bemis-hill-forest-campground-coordinate-rescue,MN,Bemis Hill Forest Campground,Roseau County / Beltrami Island State Forest context,coordinate_rescue,Rustic / Primitive,`official_camping_confirmed_coordinate_needed`,High,Minnesota DNR official forest map/PDF,Official DNR forest map/PDF confirms campground details; exact coordinate requires GeoPDF/GIS extraction.,Managed in Hayes Lake/Zippel Bay context; do not use forest centroid.,Extract campsite/campground marker from DNR GeoPDF/GIS.,,v23.1.57,Worker 1 MN Northwest / Red River / Detroit Lakes. Original final action: EXTERNAL ACCESS REQUIRED. Active duplicate check in worker return: BLOCKED.
mn-lead-hayes-lake-state-park-campground-coordinate-rescue,MN,Hayes Lake State Park Campground,Roseau County / Hayes Lake,coordinate_rescue,Modern Campgrounds,`official_camping_confirmed_coordinate_needed`,High,Minnesota DNR official page / virtual tour,Exact campground coordinate not recovered here.,Strong official candidate; coordinate still needs official extraction.,Check active duplicate; extract DNR map/reservation coordinate.,,v23.1.57,Worker 1 MN Northwest / Red River / Detroit Lakes. Original final action: EXTERNAL ACCESS REQUIRED. Active duplicate check in worker return: BLOCKED.
mn-lead-roseau-city-park-campground,MN,Roseau City Park Campground,Roseau County / Roseau,coordinate_rescue,Modern Campgrounds,`official_city_campground_confirmed_coordinate_needed`,High,City of Roseau official page,City gives address and campground details; exact coordinate needs city/reservation map extraction.,Clean official municipal campground candidate.,Check active duplicate; extract city/Campspot coordinate.,,v23.1.57,Worker 1 MN Northwest / Red River / Detroit Lakes. Original final action: EXTERNAL ACCESS REQUIRED. Active duplicate check in worker return: BLOCKED.
mn-lead-warroad-city-campground-coordinate-rescue,MN,Warroad City Campground,Roseau County / Warroad,coordinate_rescue,Needs Verification,`official_city_campground_confirmed_amenity_coordinate_needed`,High,City of Warroad official page,City confirms campground and location; amenities/layer and exact coordinate need extraction from map/rates docs.,Do not assume Modern without amenity proof.,Pull official campground map/rates PDF; verify amenities and coordinate.,,v23.1.57,Worker 1 MN Northwest / Red River / Detroit Lakes. Original final action: EXTERNAL ACCESS REQUIRED. Active duplicate check in worker return: BLOCKED.
mn-lead-dnr-state-forest-dispersed-geometry-system,MN,Minnesota DNR state forest dispersed-camping polygon system,Rum River / Snake River / General C.C. Andrews / Crow Wing / Huntersville / George Washington / Koochiching / Smokey Bear,gis_extraction_needed / area_outline_followup,Boondocking / Dispersed,gis_extraction_needed,High,MN DNR bdry_state_forest FeatureServer + official dispersed camping rules,NO HONEST EXACT PIN,Prior worker found DNR FeatureServer layers and rule proof; actual polygon export/packaging remains undone.,"Use MN DNR bdry_state_forest layer 3 State Forest Management Units and layer 2 Other Lands; avoid broad statutory layer 4 except as context; capture 1-mile campground, 150-ft water, parking/trailhead restrictions.",No MN rows found in current data/leads.js; MN active 148 per manifest,v23.1.54-historical-backfill,One system row is acceptable now; implementation may split by forest.
mn_south_sand_dunes_dispersed_conflict,MN,South of Sand Dunes State Forest dispersed/free camping claim,Sherburne / Sand Dunes SF area,needs_verification,Needs Verification,needs_verification_conflict,High,,,"Many public reports exist, but official/state/local enforcement evidence is conflicting.",Contact MN DNR Sand Dunes office or inspect current posted rules before any active import.,,v23.1.79,
mn-lead-ann-lake-campground-sand-dunes-coordinate-rescue,MN,Ann Lake Campground,Sherburne County / Sand Dunes State Forest,coordinate_or_promotion_rescue,Rustic / Primitive,Official/state tourism proof; coordinate needed,High,DNR / ExploreMN,No safe campground coordinate recovered,Do not use forest centroid.,Add coordinate-rescue lead.,None found,v23.1.60-ledger,"Amenities/access: Primitive sites; vault toilets; water; horse sites Source: Explore Minnesota lists Ann Lake as 34 primitive sites with vault toilets, garbage, drinking water, including horse sites; DNR search result identifies Ann Lake in Sand Dunes State Forest. ([Explore Minnesota][27]) Coordinate rescue attempts: Need DNR map/GIS point; no active-safe coordinate in accessible text."
mn-lead-sand-dunes-horse-camp-coordinate-rescue,MN,Sand Dunes Horse Camp,Sherburne County / Sand Dunes State Forest,coordinate_or_promotion_rescue,Rustic / Primitive,Official campground component proof; coordinate needed,High,DNR / official PDF search result,No safe campground coordinate recovered,Separate from Ann Lake if app wants component-level records.,Add coordinate-rescue lead.,None found,v23.1.60-ledger,Amenities/access: Horse camp / primitive state forest camping Source: DNR materials identify Sand Dunes Horse Camp as a campground component near Ann Lake. ([DNR Files][28]) Coordinate rescue attempts: Needs DNR map/GIS extraction.
mn-lead-sibley-clear-lake-park-overnight-camping,MN,Clear Lake Park Overnight Camping,Sibley County,official_proof_followup,Rustic / Primitive,official county permission camping candidate,High,County official,Official Sibley County facility page gives address and overnight rule; exact campground/camping area point from county map needed,This is not dispersed boondocking; it is county permission camping.,Coordinate rescue; add as Rustic/Primitive if absent.,,v23.1.57,Worker 3 MN Southwest / I-90 Prairie / Blue Earth River. Original final action: ADD ACTIVE CANDIDATE. Active duplicate check in worker return: REPO CHECK BLOCKED.
mn-lead-sibley-high-island-creek-park-overnight-camping,MN,High Island Creek Park Overnight Camping,Sibley County,official_proof_followup,Rustic / Primitive,official county permission camping candidate,High,County official,Official Sibley County facility page gives address and overnight rule; exact camping area point from county map needed,Good low-service public camping record if absent.,Coordinate rescue; duplicate check.,,v23.1.57,Worker 3 MN Southwest / I-90 Prairie / Blue Earth River. Original final action: ADD ACTIVE CANDIDATE. Active duplicate check in worker return: REPO CHECK BLOCKED.
mn-lead-sibley-rush-river-park-overnight-camping,MN,Rush River Park Overnight Camping,Sibley County,official_proof_followup,Rustic / Primitive,official county permission camping candidate,High,County official,Official Sibley County facility page gives address and overnight rule; exact camping area point from county map needed,Strong rustic/primitive candidate.,Coordinate rescue; duplicate check.,,v23.1.57,Worker 3 MN Southwest / I-90 Prairie / Blue Earth River. Original final action: ADD ACTIVE CANDIDATE. Active duplicate check in worker return: REPO CHECK BLOCKED.
mn-lead-sibley-south-permission-camping-parks,MN,Sibley County south-edge permission camping parks — Clear Lake / High Island / Rush River,Sibley south edge,coordinate_or_promotion_rescue,Rustic / Primitive,Permission-camping lead; coordinates/eligibility need confirmation,High,Official county prior return,Prior official Sibley County proof; no current per-park coordinate extraction in this pass,Keep as lead until exact parks/coordinates confirmed,Future Sibley-focused worker should split and coordinate,Existing Sibley permission-park leads/context,v23.1.60-ledger,Amenities/access: Permission-based county park overnight camping; public access details need current county confirmation Source: Existing v23.1.57 lead memory from Worker 3; county parks with permission-based overnight camping. Coordinate rescue attempts: Prior lead reviewed; not expanded beyond south edge
mn-lead-mn-dnr-state-forest-dispersed-rule-geometry,MN,Minnesota DNR state forest dispersed camping rule-area geometry,Statewide MN state forests,area_outline_followup / gis_extraction_needed,Boondocking / Dispersed or Info / Reference,gis_extraction_needed,High,MN DNR state forest rules / GIS / forest boundaries,OFFICIAL AREA/RULE MARKER needed,"Prior MN work included state forest dispersed/boondocking geometry, but legal polygons and exclusions were not packaged.","Extract official MN DNR state forest boundaries, camping-rule text, exclusion buffers around campgrounds/designated sites, and posted-closure caveats.",Existing broad “State and National forests” style reference may exist; verify in MN.js.,v23.1.54-historical-backfill,Do not turn statewide forest centroid into a campsite pin.
mn-lead-steele-hope-oak-knoll-campground-coordinate-rescue,MN,Hope Oak Knoll Campground,Steele County / Owatonna area,coordinate_or_promotion_rescue,Private Campgrounds,Directory/tourism mention; operator proof and coordinate needed,High,Tourism/directory lead,Directory/tourism mention only in accessible sweep,Could be obvious private miss but not import-safe yet,Find operator/current source and coordinates,No lead match found,v23.1.60-ledger,"Amenities/access: Private campground likely, but public-facing current operation not verified Source: Owatonna/area travel results mention Hope Oak Knoll Camp Ground at 9545 County Rd 3 with ~80 sites; no operator source recovered. Coordinate rescue attempts: Search found mention only; no operator proof/coordinate promoted"
mn-lead-pomme-de-terre-park-stevens-campground-proof,MN,Pomme de Terre Park campground / Morris,Stevens / Morris,coordinate_rescue,Modern Campgrounds or Rustic / Primitive after proof,official_source_needed / coordinate_rescue,High,City/county official source needed,NO HONEST COORDINATE FOUND,"Do not use city hall, dam, lake/river center, or park centroid.","Search City of Morris / Stevens County official parks pages, reservation info, and GIS; add active only with official overnight-camping proof.",,v23.1.57,Worker 2 MN West-Central / Prairie Lakes / Upper MN River. Original final action: ADD TO data/leads.js. Active duplicate check in worker return: No exact active MN match found.
mn-lead-superior-chippewa-nf-dispersed-geometry-upgrade,MN,Superior / Chippewa NF dispersed camping geometry upgrades,Superior NF / Chippewa NF,gis_extraction_needed / area_outline_followup,Boondocking / Dispersed,gis_extraction_needed,High,USFS dispersed rules / MVUM / forest ownership GIS,NO HONEST EXACT PIN,Prior MN backfill flagged broad NF points/forest centroids as reject traps and area/rule records as valid only with honest geometry/context.,"Extract USFS forest boundaries, MVUMs, closure/restriction polygons, and create Area/rule records; do not import forest centroids.",No MN lead row visible in current data/leads.js,v23.1.54-historical-backfill,Do not duplicate formal campgrounds in MN.js.
mn-lead-august-lake-backcountry-vehicle-site-split,MN,August Lake backcountry + vehicle/OHV accessible sites,Superior NF / Ely area / county verify,gis_extraction / area_outline_followup,Boat / Backpack + Rustic / Primitive split needed,gis_extraction_needed / split_layer_needed,High,USDA Forest Service official recreation page,"Official USFS page lat/lon; high for lake/system point, not enough to split the water-access and vehicle/OHV sites honestly.",Do not force one layer over both sites. Needs exact-site/GIS extraction or supervisor decision on a system marker.,Use USFS GIS/EDW/IVM or district map to split the two campsites into honest layer-specific records.,,v23.1.57,Worker 5 MN Northeast / Arrowhead / Superior NF / North Shore. Original final action: ADD TO data/leads.js. Active duplicate check in worker return: No August Lake active match found in fetched MN chunks/GitHub name search..
mn-lead-swift-falls-park-camping-proof,MN,Swift Falls Park,Swift / Chippewa River,official_proof_followup,Rustic / Primitive or day-use reject after proof,official_source_needed,High,Swift County / local official source needed,NO HONEST COORDINATE FOUND,Common trap: scenic falls/river park may be day-use only.,Find Swift County official page/ordinance/reservation or reject as day-use/no-camping.,,v23.1.57,Worker 2 MN West-Central / Prairie Lakes / Upper MN River. Original final action: ADD TO data/leads.js. Active duplicate check in worker return: No exact active MN match found.
mn-lead-monson-lake-state-park-campground-coordinate-rescue,MN,Monson Lake State Park campground,Swift / Sunburg / Monson Lake,coordinate_rescue,"Rustic / Primitive likely, verify amenities",coordinate_rescue,High,Minnesota DNR official page / reservation / GIS needed,NO HONEST CAMPGROUND COORDINATE FOUND,"Do not use Monson Lake center, boat ramp, or historic-building coordinate.","Extract official DNR campground marker, map/PDF coordinate, or reservation metadata.",,v23.1.57,Worker 2 MN West-Central / Prairie Lakes / Upper MN River. Original final action: ADD TO data/leads.js. Active duplicate check in worker return: No exact active MN match found in v23.1.55 ZIP.
mn-lead-traverse-county-park-campground-coordinate-rescue,MN,Traverse County Park Campground,Traverse County / Lake Traverse,coordinate_rescue,Needs Verification,`official_county_camping_confirmed_coordinate_amenity_needed`,High,Traverse County official page + USACE official page,County/USACE confirm camping; exact coordinate and amenities need official extraction.,Needs layer verification; not enough for Modern without bathhouse/shower proof.,Extract county park coordinate and amenity proof.,,v23.1.57,Worker 1 MN Northwest / Red River / Detroit Lakes. Original final action: EXTERNAL ACCESS REQUIRED. Active duplicate check in worker return: BLOCKED.
mn-lead-traverse-county-fairgrounds-camping,MN,Traverse County Fairgrounds Camping,Traverse County / Wheaton,coordinate_rescue,Needs Verification,`official_public_camping_confirmed_coordinate_needed`,High,Traverse County / City of Wheaton official pages,County/city confirm public camping; exact coordinate and amenities need check.,Could be Overnight Parking/Fairgrounds style if that layer is active in schema; otherwise Needs Verification until policy decided.,Check schema/layer precedent and exact fairground camping marker.,,v23.1.57,Worker 1 MN Northwest / Red River / Detroit Lakes. Original final action: EXTERNAL ACCESS REQUIRED. Active duplicate check in worker return: BLOCKED.
mn-lead-voyageurs-backcountry-primitive-site-coordinate-extraction,MN,Voyageurs backcountry / primitive campsite coordinate extraction,Voyageurs NP,coordinate_rescue / gis_extraction_needed,Boat / Backpack,gis_extraction_needed,High,NPS / Recreation.gov / GIS / DevTools,NO HONEST COORDINATE FOUND,"Backcountry/primitive inventory exists, but exact site coordinates remain blocked.","Extract from NPS/Recreation.gov map APIs, official geospatial data, or agency GIS.",None active,v23.1.54-historical-backfill,Keep separate from day-use and houseboat-only records.
mn-lead-voyageurs-nps-campsite-coordinate-feed,MN,Voyageurs NPS frontcountry/backcountry exact campsite coordinate feed,Voyageurs National Park,external_access_required / coordinate_rescue,Boat / Backpack,external_access_required,High,NPS campsite interactive map / Recreation.gov/RIDB API / NPS GIS,NO HONEST EXACT PIN,"Official inventory proof exists, but exact coordinate feed is blocked; lake-center/island-center/shore guesses are banned.",Acquire NPS Campsite Interactive Map data or Recreation.gov/RIDB facility/site API metadata; import only exact official campsite coordinates; use optional Info/Reference only until exact points are recovered.,No active exact Voyageurs campsite import; MN active 148,v23.1.54-historical-backfill,Do not use houseboat-only/day-use sites or island/lake centers.
mn-lead-cottingham-park-campground-coordinate-rescue,MN,Cottingham Park Campground,Wadena County,coordinate_or_promotion_rescue,Rustic / Primitive,Official county campground proof; coordinate needed,High,Official county,No usable coordinate recovered,"Strong proof, coordinate gap.",Add coordinate-rescue lead.,None found,v23.1.60-ledger,Amenities/access: 17 sites; horse campsites; no hookups Source: Wadena County lists horse campsites and 17 tent/camper/RV sites with no hookups. ([Wadena][22]) Coordinate rescue attempts: Search did not recover import-safe campground coordinate.
mn-lead-knob-hill-campground-coordinate-rescue,MN,Knob Hill Campground,Wadena County,coordinate_or_promotion_rescue,Rustic / Primitive,Official county campground proof; coordinate needed,High,Official county,No usable coordinate recovered,"Strong proof, coordinate gap.",Add coordinate-rescue lead.,None found,v23.1.60-ledger,Amenities/access: 10 primitive sites; no hookups Source: Wadena County lists 10 sites for tents/smaller camper units and no hookups. ([Wadena][21]) Coordinate rescue attempts: Search did not recover import-safe coordinates.
mn-lead-little-white-dog-campground-coordinate-rescue,MN,Little White Dog Campground,Wadena County,coordinate_or_promotion_rescue,Rustic / Primitive,Official county campground proof; coordinate needed,High,Official county,No usable coordinate recovered,"Strong proof, coordinate gap.",Add coordinate-rescue lead.,None found,v23.1.60-ledger,Amenities/access: 9 primitive sites; no hookups Source: Wadena County lists 9 remote sites for tents/smaller camper units and no hookups. ([Wadena][23]) Coordinate rescue attempts: Search did not recover import-safe coordinate.
mn-lead-mcgivern-park-campground-coordinate-rescue,MN,McGivern Park Campground,Wadena County,coordinate_or_promotion_rescue,Rustic / Primitive,Official county campground proof; coordinate needed,High,Official county,No usable coordinate recovered,"Strong proof, coordinate gap.",Add coordinate-rescue lead.,None found,v23.1.60-ledger,Amenities/access: 5 primitive sites; no hookups Source: Wadena County lists 5 tent/smaller-camper sites with no hookups. ([Wadena][24]) Coordinate rescue attempts: Search did not recover import-safe coordinate.
mn-lead-tree-farm-landing-campground-coordinate-rescue,MN,Tree Farm Landing Campground,Wadena County,coordinate_or_promotion_rescue,Rustic / Primitive,Official county campground proof; coordinate needed,High,Official county,No usable coordinate recovered,"Strong proof, coordinate gap.",Add coordinate-rescue lead.,None found,v23.1.60-ledger,Amenities/access: 17 tent sites; primitive Source: Wadena County lists 17 tent sites and says RV/campers are not recommended. ([Wadena][25]) Coordinate rescue attempts: Search did not recover import-safe coordinate.
mn-lead-lake-elmo-rustic-hikein-components,MN,Lake Elmo Rustic / Hike-In component split,Washington,coordinate_or_promotion_rescue,Boat / Backpack,coordinate_rescue,High,County official,Official campground map and official camping page; component-level coordinate extraction needed,Do not collapse all Lake Elmo camping to one park centroid,Update lead / split components,Existing lead found,v23.1.60-ledger,Amenities/access: Rustic sites; hike-in tent sites Source: Lake Elmo has 20 rustic non-electric sites and 5 hike-in tent sites 100–300 yards from parking. ([Washington County MN][2]) Coordinate rescue attempts: Map found; exact component pins need extraction
mn-lead-lake-elmo-modern-campground-coordinate-rescue,MN,Lake Elmo Park Reserve Modern Campground,Washington County,coordinate_rescue,Modern Campgrounds,coordinate_rescue,High,Washington County official page / PDF / GIS / reservation,NO HONEST COORDINATE FOUND,"Official proof supports Modern, but numeric campground marker was not recovered.",Extract Washington County reservation/GIS/map-link coordinate or georeference official campground PDF.,No confirmed active row found in current lead/reject files,v23.1.54-historical-backfill,"Do not use general park address, park office, trailhead, or parking lot."
mn-lead-lake-elmo-rustic-hikein-group-coordinate-rescue,MN,Lake Elmo Rustic / Hike-In / Group Campground split,Washington County,coordinate_rescue,Rustic / Primitive and Boat / Backpack by component,coordinate_rescue,High,Washington County official page / PDF / GIS / reservation,NO HONEST COORDINATE FOUND,"Official components were identified, but exact component coordinates were not recovered.","Extract individual loop/group/hike-in coordinates from Washington County GIS, reservation data, or georeferenced PDF.",No confirmed active row found in current lead/reject files,v23.1.54-historical-backfill,Hike-in belongs Boat / Backpack; rustic/group belongs Rustic / Primitive unless modern triad is proven.
mn-lead-st-croix-bluffs-campground-coordinate-rescue,MN,St. Croix Bluffs Regional Park campground components,Washington County,coordinate_rescue,Modern Campgrounds plus Rustic / Primitive if split,coordinate_rescue,High,Washington County official page / PDF / GIS / reservation,NO HONEST COORDINATE FOUND,"Official proof supports campground use and Modern amenities, but honest campground/loop coordinates remain blocked.","Extract from county reservation system, GIS, or georeferenced campground map PDF.",No confirmed active row found in current lead/reject files,v23.1.54-historical-backfill,"Do not use boat landing, picnic area, or broad park centroid."
mn-lead-washington-county-campground-pdf-georeference,MN,Washington County campground PDF georeference package,Washington County,gis_extraction_needed / coordinate_rescue,Modern / Rustic / Boat-Backpack by component,gis_extraction_needed,High,Official county PDFs / reservation / GIS,NO HONEST COORDINATE FOUND,Lake Elmo and St. Croix Bluffs official campground PDFs exist in prior work but coordinate extraction was not completed.,Georeference official PDFs or use county GIS/reservation APIs for loop/component markers.,Related to Lake Elmo and St. Croix Bluffs leads above.,v23.1.54-historical-backfill,Useful package-level lead because one extraction can solve multiple site rows.
mn-lead-watonwan-eagle-nest-park-campground,MN,Eagle Nest Park Campground,Watonwan County,official_proof_followup,Modern Campgrounds / Rustic small public campground,official county campground candidate,High,County official,Official Watonwan County page; exact coordinate from county map/GIS needed,Small but official public campground.,Coordinate rescue; duplicate check.,,v23.1.57,Worker 3 MN Southwest / I-90 Prairie / Blue Earth River. Original final action: ADD ACTIVE CANDIDATE. Active duplicate check in worker return: REPO CHECK BLOCKED.
mn-lead-madelia-watona-park-campground,MN,Madelia Campground at Watona Park,Watonwan County / Madelia,official_proof_followup,Modern Campgrounds,official city campground candidate,High,City official,Official City of Madelia campground page; exact campground coordinate from city map/reservation needed,Strong active candidate.,Coordinate rescue; duplicate check.,,v23.1.57,Worker 3 MN Southwest / I-90 Prairie / Blue Earth River. Original final action: ADD ACTIVE CANDIDATE. Active duplicate check in worker return: REPO CHECK BLOCKED.
mn-lead-st-james-tiell-park-campground,MN,Tiell Park Campground,Watonwan County / St. James,official_proof_followup,Modern Campgrounds,official city campground candidate,High,City official,Official City of St. James page; exact coordinate from city map/reservation needed,Active candidate. Need amenity confirmation for final layer if electric/shower not stated in accessible text.,Coordinate/amenity rescue; duplicate check.,,v23.1.57,Worker 3 MN Southwest / I-90 Prairie / Blue Earth River. Original final action: ADD ACTIVE CANDIDATE. Active duplicate check in worker return: REPO CHECK BLOCKED.
mn-lead-western-stearns-county-park-campground-screen,MN,Western Stearns county park campground screen,Western Stearns,official_proof_followup,Rustic / Primitive or Modern by park,official_source_needed / geography_screen,High,Stearns County official parks source,NO HONEST COORDINATES FOUND,Do not roam into central/eastern Stearns; screen only western Stearns parks with official camping.,Use Stearns County official pages/GIS/reservation to identify true public campground records or close as out-of-scope/day-use.,,v23.1.57,Worker 2 MN West-Central / Prairie Lakes / Upper MN River. Original final action: ADD TO data/leads.js. Active duplicate check in worker return: No exact active MN match found for western Stearns campgrounds.
mn-lead-mn-wilkin-breckenridge-welles-memorial-park-camping-coordinate-rescue,MN,Welles Memorial Park / Breckenridge City Camping,Wilkin / Breckenridge,coordinate_or_promotion_rescue,Rustic / Primitive,Research Needed,High,Official city + DNR water trail map,Official proof recovered; exact camping coordinate not recovered.,Good lead; coordinate blocked.,Add lead; extract exact camping area.,No exact match,v23.1.60-ledger,"Amenities/access: 11 campsites, some electric/rustic, restrooms/flush toilets. Source: Breckenridge city page confirms 11 campsites and restrooms; DNR water trail map identifies 3 rustic and 8 electric campsites, flush toilets. ([city][45]) Coordinate rescue attempts: Checked city and DNR map; no safe campground coordinate extracted."
mn-lead-red-river-brushvale-bridge-rustic-camping-coordinate-rescue,MN,Brushvale Bridge Recreation Area Rustic Camping,Wilkin County / Red River State Water Trail,coordinate_rescue,Rustic / Primitive,`official_water_trail_camping_confirmed_coordinate_rescue`,High,Minnesota DNR official water trail map/PDF,Official DNR water trail map text confirms rustic camping; exact coordinate requires GeoPDF/GIS extraction and state-side verification.,Verify it is on the Minnesota side and not a wrong-bank trap before active import.,Use DNR GeoPDF/GIS and county ownership/access verification.,,v23.1.57,Worker 1 MN Northwest / Red River / Detroit Lakes. Original final action: ADD TO data/leads.js. Active duplicate check in worker return: BLOCKED.
mn-lead-prairie-island-campground-coordinate-layer-proof,MN,Prairie Island Campground,Winona,coordinate_or_promotion_rescue,Modern Campgrounds,coordinate_rescue,High,City/operator + official/local,Unpromoted lead coordinate only; verify before active import. Official/city campground proof; coordinate from official project/restoration area within campground area; medium/needs final map check,Do not use marina/boat ramp as pin,Promote after exact campground-loop check,No exact lead found,v23.1.60-ledger,"Amenities/access: City campground; electric/restrooms Source: City of Winona page confirms campground reservations and amenities including electricity, fishing, hiking, boat launch, restrooms; Explore Minnesota gives 1120 Prairie Island Rd. ([Winona MN][9]) Coordinate rescue attempts: Address recovered; coordinate evidence lands in campground/restoration area but should be final map-checked"
mn-lead-yellow-medicine-timm-oraas-county-parks-camping-proof,MN,Timm County Park / Oraas County Park camping proof,Yellow Medicine,coordinate_rescue,Rustic / Primitive or Modern after proof,official_source_needed / coordinate_rescue,High,Yellow Medicine County official source needed,NO HONEST COORDINATE FOUND,Keep separate from Upper Sioux Agency closure and Minnesota River landings.,Recover Yellow Medicine County official pages/GIS/booking; add active only if official public overnight camping exists.,,v23.1.57,Worker 2 MN West-Central / Prairie Lakes / Upper MN River. Original final action: ADD TO data/leads.js. Active duplicate check in worker return: No exact active MN match found.
mn-lead-old-wadena-park-campground-coordinate-rescue,MN,Old Wadena Park Campground,Wadena County,coordinate_rescue,Rustic / Primitive,coordinate_rescue,Medium-High,Wadena County official page / county GIS / agency contact,NO HONEST COORDINATE FOUND,"Official county proof supports a campground, but no honest campground coordinate was recovered.","Use Wadena County GIS, official park map, reservation metadata, or county parks contact.",No confirmed active row found in current lead/reject files,v23.1.54-historical-backfill,Do not use county courthouse or reservation office point.
mn-lead-mn-needs-red-door-mlv-rv-park-seasonal,MN,Red Door Resort / MLV RV Park seasonal sites,Aitkin County / Mille Lacs north shore,verification,Private Campgrounds,Seasonal RV park,Medium,Operator/tourism,Address found; no coordinate recovered,Seasonal-only; verify if map wants this as public seasonal campground.,Needs Verification.,None found,v23.1.60-ledger,Amenities/access: Seasonal RV sites; resort amenities Source: Red Door describes seasonal RV sites/MLV RV Park; source gives resort address. ([Red Door Resort][43]) Coordinate rescue attempts: Address found; coordinate not recovered.
mn-lead-ham-lake-resort-access-verification,MN,Ham Lake Resort,Anoka,coordinate_or_promotion_rescue,Private Campgrounds,needs_verification,Medium,Operator/directory,Unpromoted lead coordinate only; verify before active import. Operator/tourism address + directory coordinate; medium,Membership-only risk; do not active-add yet,Keep as lead until public access is confirmed,Existing broad/indirect Ham Lake text only,v23.1.60-ledger,"Amenities/access: RV resort/campground likely exists Source: Travel Resorts lists Ham Lake Resort at 2400 Constance Blvd NE; independent reporting says it was sold to a membership-only camping organization. ([Travel Resorts][5]) Coordinate rescue attempts: Coordinate recovered, but public transient access unclear"
mn-lead-norquist-campground-public-status,MN,Norquist Campground,Anoka/Chisago area,verification,Private Campgrounds,needs_verification,Medium,Directory only,Unpromoted lead coordinate only; verify before active import. Directory-only coordinate; low/medium,Not enough official/operator proof for active import,Verify operator/public status,No exact lead found,v23.1.60-ledger,"Amenities/access: Unknown Source: Directory listing gives Norquist Campground coordinates, but I did not recover operator/official public-facing proof. ([Camping.org][6]) Coordinate rescue attempts: Coordinate found; proof weak"
mn-lead-community-boondocking-west-central-prairie-lakes-review,MN,West-central prairie-lakes community boondocking clusters,Assigned counties,official_proof_followup,Boondocking / Dispersed only if 3-source rule met,community_review,Medium,Community/social proof + official disproof screen needed,NO HONEST COORDINATE FOUND,Do not treat a single Dyrt/iOverlander/Google pin as final proof.,Keep as low-priority geography-bounded community review lead; promote only with 3 independent same-cluster overnight reports and official no-conflict.,,v23.1.57,Worker 2 MN West-Central / Prairie Lakes / Upper MN River. Original final action: ADD TO data/leads.js. Active duplicate check in worker return: No active community candidate found.
mn-lead-mn-becker-tamarac-resort-seasonal-only-public-access-check,MN,Tamarac Resort & Campground,Becker,verification,Private Campgrounds,Needs Verification,Medium,Operator + tourism,No active coordinate needed until public access resolved.,Not a general overnight campground.,Verify public seasonal rentals or keep as Needs Verification.,No exact match,v23.1.60-ledger,Amenities/access: Seasonal-only campground. Source: Operator/ExploreMN state seasonal-only and no short-term camping. ([Tamarac Resort][19]) Coordinate rescue attempts: Checked operator/tourism; public seasonal availability not enough for active import.
mn-lead-mn-becker-forest-hills-rv-golf-resort-public-access-check,MN,Forest Hills RV & Golf Resort,Becker / Detroit Lakes area,verification,Private Campgrounds,Needs Verification,Medium,Operator + directory,"Unpromoted lead coordinate only; verify before active import. Directory GPS available, but public/transient access unclear.",Address/GPS found; access model remains the blocker.,Seasonal/private-access ambiguity.,NO ACTIVE ROW FOUND,v23.1.60-ledger,"Amenities/access: None Source: Operator presents seasonal RV resort/full-hookup lots; directory gives GPS, but public transient/non-member use was not cleanly proven. ([Forest Hills Resort Coordinate rescue attempts: Seasonal full-hookup RV resort."
mn-lead-mn-becker-sunset-shores-seasonal-rv-sites-public-access-check,MN,Sunset Shores Seasonal RV Sites,Becker / Lake Melissa,verification,Private Campgrounds,Needs Verification,Medium,Tourism/operator lead,"Address found, but public access/booking unclear.",Seasonal-only ambiguity.,Verify public seasonal availability.,No exact match,v23.1.60-ledger,Amenities/access: Seasonal RV sites. Source: Visit Detroit Lakes identifies seasonal RV sites on Lake Melissa. ([Visit Detroit Lakes][20]) Coordinate rescue attempts: Address lead found; no clear public booking/overnight proof.
mn-lead-mn-becker-eagle-view-campground-private-permanent-access-check,MN,Eagle View Campground,Becker / Lake Park,verification,Private Campgrounds,Needs Verification,Medium,County parcel + directory/social lead,Parcel/address found; public overnight access unclear.,Could be private seasonal/permanent only.,Verify public-facing camping before import.,No exact match,v23.1.60-ledger,Amenities/access: Campground parcel exists; public access unclear. Source: County parcel identifies Eagle View Campground Inc at 14609 YMCA Ln; directory lists campground; Facebook lead suggests private/permanent spot context. ([Becker GIS Server][47]) Coordinate rescue attempts: Address found; did not promote because permanent/private-only risk.
mn-lead-mn-becker-swanies-resort-campground-public-access-check,MN,Swanie’s Resort & Campground,Becker / Lake Park / Cormorant,verification,Private Campgrounds,Needs Verification,Medium,Directory/social lead,Address lead found; current public camping access unclear.,Needs stronger source before add.,Keep Needs Verification.,No exact match,v23.1.60-ledger,"Amenities/access: Resort/campground lead. Source: Facebook/Hubbiz identify Swanie’s Resort & Campground at 12668 County Hwy 5, but current public booking/proof not recovered. ([Facebook][50]) Coordinate rescue attempts: Checked obvious search results; no current operator booking proof."
mn-lead-mn-becker-jack-pines-resort-campground-coordinate-rescue,MN,Jack Pines Resort & Campground,Becker / Osage,coordinate_or_promotion_rescue,Private Campgrounds,Research Needed,Medium,Operator + county-address proof,Address found; no safe numeric campground coordinate recovered.,Do not guess highway/address midpoint.,Add lead; coordinate rescue required.,No exact match,v23.1.60-ledger,"Amenities/access: Short-term campsites; resort amenities. Source: Operator confirms short-term camping; county packet confirms address at 53014 State Hwy 34, Osage. ([Jack Pines Resort][18]) Coordinate rescue attempts: Searched operator, county address, GPS variants; no safe numeric campground coordinate found."
mn-lead-lake-auburn-hike-bike-split-coordinate-rescue,MN,Lake Auburn hike-in / bike-in camping split,Carver County,coordinate_rescue,Boat / Backpack,coordinate_rescue,Medium,Three Rivers official page / PDF / reservation / GIS,OFFICIAL MAP-DERIVED APPROXIMATE MARKER / split unresolved,"Main campground marker was handled, but hike-in/bicycle-in components need exact coordinates if split.",Extract hike-in and bike-in coordinates from Three Rivers reservation/GIS map.,Likely active/pending main Lake Auburn record from v23.1.44 integration; verify in MN.js during package.,v23.1.54-historical-backfill,Avoid duplicate same-coordinate rows unless supervisor accepts system/component marker overlap.
mn-lead-land-o-lakes-emily-state-forest-dispersed-rule-area,MN,Land O'Lakes / Emily State Forest dispersed camping rule-area geometry,Cass / Crow Wing,gis_extraction / area_outline_followup,Boondocking / Dispersed,area_outline_followup,Medium,MN DNR official rules + GeoPDF,Official DNR rule plus GeoPDF; no honest area pin selected,Need forest boundary/ownership/exclusions.,Extract DNR GIS/state-forest boundary.,,v23.1.57,Worker 4 MN Central / North-Central / Chippewa Lakes. Original final action: ADD TO data/leads.js. Active duplicate check in worker return: NO ACTIVE AREA/RULE ROW FOUND; s877 is Info only.
mn-lead-stony-point-resort-rv-park-coordinate-rescue,MN,Stony Point Resort RV Park & Campground,Cass County / Cass Lake,coordinate_or_promotion_rescue,Private Campgrounds,Private campground proof; name collision needs care,Medium,Operator + ExploreMN,Address found; no usable coordinate recovered,Do not overwrite USFS Stony Point.,Add lead with duplicate-disambiguation note.,None found,v23.1.60-ledger,Amenities/access: Waterfront/canal RV campground; showers/bathhouse Source: Operator/ExploreMN describe RV sites/campgrounds at Stony Point Resort. ([Stony Point Resort][35]) Coordinate rescue attempts: Address found; coordinate unresolved; collision with existing/rejected Stony Point naming.
mn-lead-chippewa-county-park-1-campground-proof-rescue,MN,Chippewa County Park #1 Campground,Chippewa,coordinate_or_promotion_rescue,Needs Verification,Secondary-only lead,Medium,Secondary campground listing only,No official overnight proof recovered,Do not import from secondary-only evidence,Contact county / find official park rules,None,v23.1.60-ledger,"Amenities/access: Possible county park camping Source: Secondary listing exists, but official county/operator camping proof was not recovered during this pass. Coordinate rescue attempts: No safe official address/coordinate/camping proof recovered"
mn-lead-long-lake-park-clearwater-official-proof,MN,"Long Lake Park & Campground, Clearwater County",Clearwater County,agency_contact_needed / unattainable_from_accessible_sources,Needs Verification or Rustic / Primitive if official proof recovered,unattainable_from_accessible_sources,Medium,Official county/city source needed,NO HONEST COORDINATE FOUND,Prior pass could not recover usable official campground source or coordinate.,"County manual navigation, Clearwater County GIS/open data, or agency contact.",None active,v23.1.54-historical-backfill,"Keep as lead, not active record."
mn-lead-mn-needs-niemeyers-rugged-river-seasonal-rv,MN,Niemeyer’s Rugged River Resort RV parks,Crow Wing County / Brainerd,verification,Private Campgrounds,Seasonal RV public access unclear,Medium,Operator + chamber/ExploreMN,Address found; no coordinate recovered,Verify public seasonal availability before active import.,Keep as Needs Verification.,None found,v23.1.60-ledger,Amenities/access: Seasonal RV parks; resort cabins Source: Operator says two seasonal RV parks; address confirmed by chamber/ExploreMN. ([ruggedriverresort.com][40]) Coordinate rescue attempts: Address found; coordinate not recovered.
mn-lead-mn-needs-mission-beach-resort-seasonal-camping,MN,Mission Beach Resort seasonal camping,Crow Wing County / Merrifield,verification,Private Campgrounds,Seasonal camping public access unclear,Medium,Operator + ExploreMN,Address found; no coordinate recovered,Verify whether public transient camping exists or seasonal-only waitlist.,Keep as Needs Verification.,None found,v23.1.60-ledger,Amenities/access: Seasonal camping/RV context; transient unclear Source: Operator page is seasonal camping/waiting-list focused; ExploreMN lists resort/campground address. ([Mission Beach Resort][39]) Coordinate rescue attempts: Address found; coordinate not recovered.
mn-lead-mn-douglas-brophy-bay-rv-park-seasonal-access-check,MN,Brophy Bay RV Park,Douglas / Alexandria,verification,Private Campgrounds,Needs Verification,Medium,Operator + directory,Unpromoted lead coordinate only; verify before active import. Directory coordinate available; public/transient access unresolved.,Not enough for active public overnight row.,Verify booking/public seasonal model.,No exact match,v23.1.60-ledger,Amenities/access: Seasonal RV park. Source: Operator states seasonal RV park open May 1-Oct 1; directory provides GPS. ([Brophy Bay RV Park][38]) Coordinate rescue attempts: Address/GPS found; transient/public seasonal availability unclear.
mn-lead-mn-douglas-dons-lakeview-rv-park-coordinate-rescue,MN,Don’s Lakeview RV Park,Douglas / Alexandria,coordinate_or_promotion_rescue,Private Campgrounds,Research Needed,Medium,Tourism/operator lead,Address/proof recovered; no safe numeric coordinate recovered.,Strong active candidate once coordinate is recovered.,Add/update lead.,Existing broad “Don” lead hit needs reconciliation,v23.1.60-ledger,"Amenities/access: Full-hookup RV sites, daily/weekly/monthly/seasonal rates. Source: Explore Alex confirms daily/weekly/monthly/seasonal rates and water/sewer/electric hookups. ([Explore Alexandria, MN][39]) Coordinate rescue attempts: Searched official/tourism/GPS; no safe numeric campground coordinate recovered."
mn-lead-mn-douglas-scenic-view-rv-campground-coordinate-rescue,MN,Scenic View RV Campground,Douglas / Alexandria,coordinate_or_promotion_rescue,Private Campgrounds,Research Needed,Medium,Tourism/operator lead,Address/proof recovered; no safe numeric coordinate recovered.,Public seasonal/transient details could be clearer.,Add lead.,No exact match,v23.1.60-ledger,"Amenities/access: Large RV sites, showers, laundry; seasonal rate context. Source: ExploreMN/Explore Alex identify Scenic View RV Campground with address, seasonal rates, showers/laundry, large sites. ([Explore Minnesota][40]) Coordinate rescue attempts: Searched address/GPS; no safe numeric coordinate recovered."
mn-red-river-state-recreation-area-east-grand-forks,MN,Red River State Recreation Area Campground,East Grand Forks / Red River,out_of_scope_future_lead,Modern Campgrounds,future_lead,Medium,MN park/city official,NO HONEST ACTIVE COORDINATE ACCEPTED,"Useful Minnesota future lead, not Worker 5 ND","Park for MN, do not import in ND pass",,v23.1.70,
mn-lead-fairgrounds-public-camping-proof-needed,MN,Southwest MN Fairgrounds Public Camping Sweep,Faribault / Brown / Watonwan / county fairgrounds in lock,official_proof_followup,Needs Verification,agency_contact_needed,Medium,County/city official follow-up,Fairgrounds often have electrical camping during events but public overnight access varies; official public camping proof not consistently recovered,Avoid cluttering active map with event-only/fairground parking.,Add lead only if map wants municipal/fairground camping; otherwise reject nonpublic/event-only cases individually.,,v23.1.57,Worker 3 MN Southwest / I-90 Prairie / Blue Earth River. Original final action: ADD TO data/leads.js. Active duplicate check in worker return: REPO CHECK BLOCKED.
mn-lead-faribault-county-fairgrounds-non-event-camping-review,MN,Faribault County Fairgrounds camping,Faribault County / Blue Earth,coordinate_or_promotion_rescue,Needs Verification,Fairgrounds camping lead; non-event public overnight use unclear,Medium,Directory lead,Directory coordinate only / low; not active-safe,Do not add event-only fairgrounds without proof,Check fair board/county policy; reject if event-only,No lead match found,v23.1.60-ledger,"Amenities/access: Possible fairgrounds camping; may be event-only Source: camping.org result lists Faribault County Fairgrounds coordinates -94.09961130 and nearby campgrounds, but no official non-event public camping policy recovered. Coordinate rescue attempts: Directory coordinate found; official public non-event camping proof not found"
mn-lead-elm-creek-horse-camp-coordinate-rescue,MN,Elm Creek Horse Camp,Hennepin County,coordinate_rescue,Rustic / Primitive,coordinate_rescue,Medium,Three Rivers official page / reservation / GIS,NO HONEST COORDINATE FOUND,"Official horse-camp proof exists, but exact horse-camp coordinate was not recovered.","Extract from Three Rivers GIS, reservation map, or campground/horse-camp map.",No confirmed active row found in current lead/reject files,v23.1.54-historical-backfill,Do not use broad Elm Creek park address.
mn-lead-paul-bunyan-badoura-state-forest-dispersed-rule-area,MN,Paul Bunyan / Badoura State Forest dispersed camping rule-area geometry,Hubbard / Cass / Becker edge inside assignment,gis_extraction / area_outline_followup,Boondocking / Dispersed,area_outline_followup,Medium,MN DNR official rules + GeoPDF,Official DNR rule plus GeoPDF; no honest area pin selected,Need ownership/boundary/buffer exclusions before active marker.,Extract DNR GIS and campground-buffer exclusions.,,v23.1.57,Worker 4 MN Central / North-Central / Chippewa Lakes. Original final action: ADD TO data/leads.js. Active duplicate check in worker return: NO ACTIVE AREA/RULE ROW FOUND; s877 is Info only.
mn-lead-mn-needs-camperville-seasonal-membership,MN,World Famous Camperville,Kanabec County / Mora,verification,Private Campgrounds,Seasonal membership campground,Medium,Operator + directory,Address clue found; no coordinate recovered,Membership/seasonal model may not fit public overnight map.,Needs Verification.,None found,v23.1.60-ledger,Amenities/access: 150 seasonal membership sites Source: Operator says seasonal memberships; RV directory gives address clue. ([camperville.com][44]) Coordinate rescue attempts: Address clue found; no coordinate recovered.
mn-lead-mn-needs-hilltop-family-campgrounds-ogilvie,MN,Hilltop Family Campgrounds,Kanabec County / Ogilvie,verification,Private Campgrounds,Directory-only campground clue,Medium,Directory,Address clue only,Need operator/official proof before import.,Needs Verification.,None found,v23.1.60-ledger,Amenities/access: Unknown Source: RV directory lists Hilltop Family Campgrounds in Kanabec County. ([RV Park Store][45]) Coordinate rescue attempts: Only directory clue found.
mn-lead-sibley-state-park-equestrian-group-camp-component-split,MN,Sibley State Park Equestrian / Group Camp Components,Kandiyohi / New London,coordinate_or_promotion_rescue,Rustic / Primitive,Component split lead,Medium,MN DNR map / virtual tour,Official DNR proof but exact component points not fully recovered,Do not fake separate horse/group points,Extract exact DNR reservation/map points,Existing broad Sibley lead only,v23.1.60-ledger,"Amenities/access: Equestrian camp, group camps, water/vault toilet style components Source: DNR/map sources identify group camps and equestrian camping; exact component import points should come from DNR map/reservation geometry. ([MN DNR][5]) Coordinate rescue attempts: Address is park-wide and not enough for separate component pins"
mn-lead-mn-bulldog-w2-ballards-resort-rv-campground-proof-check,MN,Ballard’s Resort RV/campground proof check,Lake of the Woods County / Baudette,verification,Private Campgrounds,Resort official proof found; RV/campground proof not found on accessible operator page,Medium,Operator website,"Operator address exists, but camping/RV public overnight proof not recovered",Do not import resort/lodge as campground,Check operator lodging pages by normal browser or contact; add as Private Campgrounds only if RV/tent campground is confirmed,No lead match found,v23.1.60-ledger,"Amenities/access: Cabins/resort/fishing context; campground/RV status unclear Source: https://ballardsresort.com/ ; operator page lists resort address 3314 Bur Oak Rd NW, Baudette, but accessible pages reviewed did not prove campground/RV sites Coordinate rescue attempts: Address found but likely lodge/resort; no RV/campground page proof in accessible pass"
mn-lead-mn-bulldog-w2-long-point-resort-rv-campground-proof-check,MN,Long Point Resort RV/campground proof check,Lake of the Woods County / Williams / Long Point,verification,Private Campgrounds,Resort official proof found; campground/RV proof not found on accessible operator page,Medium,Operator website,"Operator address exists, but no public RV/tent campground proof recovered",Seed target; hold rather than fake private campground,Check operator reservation/lodging categories or call; add only if public RV/tent camping is confirmed,No lead match found,v23.1.60-ledger,"Amenities/access: Cabins/fishing resort; campground/RV status unclear Source: https://longpointresort.com/ ; operator page lists cabins/fishing and 7046 Resort Lane NW #1, Williams MN, but accessible page did not prove RV/tent camping Coordinate rescue attempts: Address found but cannot use resort address as campground without RV/tent proof"
mn-lead-warren-holiday-park-campground-coordinate-rescue,MN,Holiday Park Campground,Marshall County / Warren,coordinate_rescue,Needs Verification,`reservation_operator_campground_confirmed_coordinate_needed`,Medium,CampLife reservation + Explore Minnesota,Reservation/operator source confirms campground/address; official municipal amenity proof needs better source.,"Useful lead, but get city/county source before active import.",Verify with Warren city/park board page and official coordinate.,,v23.1.57,Worker 1 MN Northwest / Red River / Detroit Lakes. Original final action: EXTERNAL ACCESS REQUIRED. Active duplicate check in worker return: BLOCKED.
mn-lead-martin-fox-lake-campground-public-access-review,MN,Fox Lake Campground / Fox Lake area campground,Martin County / Welcome area,area_geometry_or_coordinate_rescue,Needs Verification,Directory-only campground lead; public/operator proof unclear,Medium,Directory lead,Unpromoted lead coordinate only; verify before active import. Directory coordinate only / low-to-medium; no operator/official proof recovered,Do not import from directory alone,Verify operator/public status or reject,No lead match found,v23.1.60-ledger,"Amenities/access: Unknown public-facing status; possible campground near Welcome/Fox Lake Source: Directory result gave Fox Lake Campground coordinates 43.675585, -94.668016; no official/operator source recovered in this sweep. Coordinate rescue attempts: Directory coordinate found; operator/official source not recovered"
mn-lead-mn-needs-fishers-resort-mille-lacs-camping,MN,Fisher’s Resort camping / RV sites,Mille Lacs County / Isle-Garrison area,verification,Private Campgrounds,"Mostly seasonal, occasional nightly unclear",Medium,Operator + ExploreMN,Address found; no coordinate recovered,Access status conflicts enough to hold.,Verify current nightly/transient availability.,None found,v23.1.60-ledger,"Amenities/access: RV/tent; mostly seasonal; possible nightly openings Source: Operator says RV/tent sites and sites available nightly/weekly/monthly; camping page says seasonal sites are currently full; ExploreMN says mostly seasonal, call for nightly openings. ([Fishers Resort][41]) Coordinate rescue attempts: Address found; coordinate not recovered."
mn-lead-mn-needs-north-star-resort-rv-sites,MN,North Star Resort RV sites,Mille Lacs County / Onamia,verification,Private Campgrounds,Seasonal lease/sale RV sites,Medium,Operator + ExploreMN,Address found; no coordinate recovered,"Public-facing seasonal lease, not transient campground.",Needs policy call before active import.,None found,v23.1.60-ledger,"Amenities/access: Seasonal/winterized RV sites; full hookups Source: Operator/ExploreMN describe 64 RV sites with full hookups, sale/lease/seasonal focus. ([northstarmillelacslake.com][42]) Coordinate rescue attempts: Address found; coordinate not recovered."
mn-lead-morrison-county-fairgrounds-camping-verification,MN,Morrison County Fairgrounds camping,Morrison County / Little Falls,coordinate_or_promotion_rescue,Needs Verification,Public camping proof but details thin,Medium,Fairgrounds / local listing,Address exists; no campground coordinate recovered,Not enough for active add yet.,Add verification lead.,None found,v23.1.60-ledger,Amenities/access: Fairgrounds camping; details unclear Source: Morrison County Fair Grounds listing says overnight camping is available and gives address. ([Little Falls MN][30]) Coordinate rescue attempts: Need official fairgrounds/current rate/availability confirmation and coordinate.
mn-lead-superior-nf-exact-site-upgrade,MN,Superior NF rustic/backcountry exact-site upgrade,Northeast MN / Superior NF,coordinate_rescue / gis_extraction_needed,Rustic / Primitive and Boat / Backpack,gis_extraction_needed,Medium,USFS GIS / official recreation pages / PDFs,VERIFY COORDINATE,Some Superior NF records were system-level seed records; future exact campground/backcountry site coordinates may be recoverable.,Extract exact USFS facility/site points where official GIS/PDF supports them.,Active v23.1.15 records consolidated into MN.js.,v23.1.54-historical-backfill,Keep only as upgrade lead.
mn-lead-mn-ottertail-homestead-at-ottertail-rv-park-resort-coordinate-rescue,MN,The Homestead at Ottertail RV Park and Resort,Otter Tail / Battle Lake,coordinate_or_promotion_rescue,Private Campgrounds,Research Needed,Medium,Operator,Official/operator address found; no safe numeric coordinate recovered.,Obvious miss but coordinate blocked.,Add lead.,No exact match,v23.1.60-ledger,"Amenities/access: RV park/resort. Source: Operator identifies RV Park & Resort at 41701 295th St, Battle Lake. ([Ottertail RV Park & Resort][25]) Coordinate rescue attempts: Address search performed; no reliable numeric coordinate recovered."
mn-lead-mn-ottertail-vacationland-resort-campground-coordinate-rescue,MN,Vacationland Resort Campground,Otter Tail / Battle Lake,coordinate_or_promotion_rescue,Private Campgrounds,Research Needed,Medium,Operator/tourism lead,Address found; no safe numeric campground coordinate recovered.,Do not use resort office if separate from RV area.,Add lead.,No exact match,v23.1.60-ledger,Amenities/access: RV/campground resort lead. Source: Resort materials identify RV-site rates and address context. ([Vacationland Resort][27]) Coordinate rescue attempts: Address search performed; campground coordinate not recovered.
mn-lead-mn-ottertail-bladow-beach-resort-campground-coordinate-rescue,MN,Bladow Beach Resort & Campground,Otter Tail / Ottertail,coordinate_or_promotion_rescue,Private Campgrounds,Research Needed,Medium,Operator/tourism + lower-tier transient clue,Address/operator lead found; no safe numeric campground coordinate recovered.,Access model and coordinate both need cleanup.,Add lead.,No exact match,v23.1.60-ledger,Amenities/access: Resort/campground; public transient availability needs strengthening. Source: Operator/tourism identify resort/campground; lower-tier source suggests seasonal plus one short-term site. ([Bladow Beach Resort][28]) Coordinate rescue attempts: Searched operator/tourism/GPS; no safe coordinate.
mn-lead-mn-ottertail-thumper-pond-resort-rv-park-coordinate-rescue,MN,Thumper Pond Resort RV Park,Otter Tail / Ottertail,coordinate_or_promotion_rescue,Private Campgrounds,Research Needed,Medium,Operator,Operator address found; no safe numeric coordinate recovered.,Resort front desk and RV area may differ.,Add lead.,No exact match,v23.1.60-ledger,Amenities/access: RV park/resort; full hookups from prior tourism context. Source: Operator confirms RV-site booking and resort/RV Park context. ([Thumper Pond][26]) Coordinate rescue attempts: Checked operator and GPS searches; no safe numeric campground coordinate recovered.
mn-lead-mn-ottertail-tonys-campground-seasonal-only-check,MN,Tony’s Campground,Otter Tail / Pelican Rapids,verification,Private Campgrounds,Needs Verification,Medium,Social/operator lead,Address lead found; public transient access appears absent.,Seasonal public model unclear.,Keep Needs Verification unless public seasonal availability is confirmed.,No exact match,v23.1.60-ledger,"Amenities/access: Seasonal-only private campground. Source: Social/operator lead says private family-owned campground, seasonal-only, no weekend/week campsites. ([Facebook][48]) Coordinate rescue attempts: Checked obvious map/social leads; no public transient proof."
mn-lead-mn-ottertail-eagle-stone-campground-coordinate-rescue,MN,Eagle Stone Campground,Otter Tail / Underwood,coordinate_or_promotion_rescue,Private Campgrounds,Research Needed,Medium,Operator + tourism,Operator address/map found; no safe numeric coordinate recovered.,"Good lead, not import-ready without coordinate.",Add lead; coordinate rescue.,No exact match,v23.1.60-ledger,"Amenities/access: Full-hookup private campground. Source: Operator/tourism confirm full hookups with water/sewer/electric, 30/50 amp, address 500 East St N. ([Eaglestonecampground][24]) Coordinate rescue attempts: Checked operator map/address and GPS variants; numeric coordinate not recovered."
mn_paul_bunyan_state_forest_dispersed_lead,MN,Paul Bunyan State Forest dispersed camping public-app lead,Paul Bunyan State Forest,boondocking_social_app_lead,Boondocking / Dispersed,one_platform_state_forest_lead,Medium,MN DNR + public app discovery,BROAD STATE FOREST / one-platform lead,"MN DNR generally allows state forest dispersed camping unless posted; public app listing exists, but same-spot proof and access geometry are not enough.",Preserve as lead; verify current DNR maps/postings and find same-spot reports before active import.,,v23.1.82,One-platform lead only.
mn-lead-unlogged-rv-park-thief-river-falls-name-conflict,MN,Unlogged RV Park / Thief River Falls RV naming conflict,Pennington / Thief River Falls,verification,Needs Verification,name_conflict_public_availability_unclear,Medium,Discovery/name-conflict lead,No official/operator proof found for a separate public campground.,"Likely bad listing, alias, or stale name.",Keep as Needs Verification until operator/parcel proof resolves it.,No lead match.,v23.1.60-ledger,Amenities/access: Unknown. Source: Falls Stay N Play is the verified operator campground in this naming cluster; no separate official/operator “Unlogged RV Park” proof recovered. ([Falls Stay N Play][5]) Coordinate rescue attempts: Searched operator/private campground sources and TRF campground variants; no separate operator proof.
mn-lead-cross-lake-campground-seasonal-private-public-access-check,MN,Cross Lake Campground,Polk / Fosston area,verification,Private Campgrounds,seasonal_public_access_unclear,Medium,Private/operator,"Operator address found, but site appears seasonal-only with no weekend/transient camping.","Seasonal-only is not rejected automatically, but this needs public-access clarity.",Keep Needs Verification; verify seasonal public availability.,No lead match.,v23.1.60-ledger,"Amenities/access: Seasonal private campground; transient/public availability unclear. Source: Operator lists Cross Lake Campground at 39436 380th St SE, open April 1–October 31, full water/sewer/Wi-Fi/TV, and says no weekend camping. ([Cross Lake Campground][28]) Coordinate rescue attempts: Operator source checked; public transient camping not proven."
mn-lead-maple-lake-resort-ranch-seasonal-rv-public-access-check,MN,Maple Lake Resort / Ranch seasonal RV campground,Polk / Maple Lake,verification,Needs Verification,seasonal_public_access_unclear,Medium,Private/operator/discovery,"Source describes seasonal RV campground, but transient/public access unclear.",Needs access/public-status check before import.,Keep Needs Verification.,No lead match.,v23.1.60-ledger,Amenities/access: Seasonal RV campground. Source: Source describes family-owned seasonal RV campground on Maple Lake. ([Maple Lake Resort][31]) Coordinate rescue attempts: Operator/discovery source checked; public transient camping not confirmed.
mn-lead-camp-shalom-maple-lake-public-camping-proof,MN,Camp Shalom,Polk County / Maple Bay / Maple Lake,coordinate_or_promotion_rescue,Needs Verification,public_access_needed,Medium,Discovery lead only,NO HONEST COORDINATE FOUND,Organization/retreat camps can be private/nonpublic; do not import unless public overnight camping is confirmed.,Search current operator page/contact; classify Private Campgrounds only if open to public overnight camping.,No existing lead match found,v23.1.60-ledger,Amenities/access: Possible camp/retreat; public transient camping unclear Source: Maple Bay discovery source lists Camp Shalom as local lodging; no current public-facing campground/operator proof recovered Coordinate rescue attempts: Checked package; searched exact/variant terms. No current public campground proof recovered.
mn-lead-lakeview-resort-maple-lake-campground-proof,MN,Lakeview Resort Restaurant and Lounge,Polk County / Maple Bay / Maple Lake,coordinate_or_promotion_rescue,Private Campgrounds,campground_status_needed,Medium,Discovery lead only,NO HONEST COORDINATE FOUND,Do not import restaurant/resort building as campground.,"Verify public campground/RV sites; if only restaurant/lodging, reject.",No existing lead match found,v23.1.60-ledger,Amenities/access: Resort/restaurant/lodging mention; campground status not proven Source: Maple Bay discovery source lists Lakeview Resort Restaurant and Lounge as local lodging; no current campground/operator proof recovered Coordinate rescue attempts: Checked package; searched exact/variant terms. No current campground proof recovered.
mn-lead-oak-cove-resort-current-operator-proof,MN,Oak Cove Resort,Polk County / Maple Bay / Maple Lake,coordinate_or_promotion_rescue,Private Campgrounds,current_operator_proof_needed,Medium,Discovery lead only,NO HONEST COORDINATE FOUND,Do not import from old/local listing alone.,"Search current operator/business records, county parcel/GIS, current public campground status.",No existing lead match found,v23.1.60-ledger,Amenities/access: Historical/local lodging mention only; camping/RV/public access unresolved Source: Maple Bay discovery source lists Oak Cove Resort as local lodging; no current operator/official page recovered Coordinate rescue attempts: Checked package; searched exact/variant terms. No current operator proof recovered.
mn-lead-ullands-resort-campgrounds-current-operator-proof,MN,Ulland’s Resort and Campgrounds,Polk County / Maple Bay / Maple Lake,coordinate_or_promotion_rescue,Private Campgrounds,current_operator_proof_needed,Medium,Discovery lead only,NO HONEST COORDINATE FOUND,Do not import from old/local listing alone.,"Search current operator/business records, normal browser/Google Maps, county GIS; reject if closed/private-only.",No existing lead match found,v23.1.60-ledger,Amenities/access: Historical/local lodging mention only; current public-facing camping unresolved Source: Maple Bay discovery source lists Ulland’s Resort and Campgrounds as local lodging; no current operator/official page recovered Coordinate rescue attempts: Checked package; searched exact/variant terms. No current operator proof recovered.
mn-lead-warroad-estates-seasonal-rv-park-public-access-check,MN,Warroad Estates RV Park,Roseau / Warroad,verification,Needs Verification,seasonal_public_access_unclear,Medium,Tourism/locale lead,"Unpromoted lead coordinate only; verify before active import. Medium — locale coordinate exists, but campground public/transient status unclear.",Seasonal-only/private arrangement may not be map-worthy active campground.,Keep Needs Verification until public-facing overnight availability is confirmed.,No lead match.,v23.1.60-ledger,Amenities/access: Seasonal full-hookup RV sites. Source: Visit Warroad lists Warroad Estates as 54 seasonal/full-hookup RV sites next to the marina; locale source gives coordinates. ([VisitWarroad.com][37]) Coordinate rescue attempts: Tourism/locale coordinate checked; public/transient camping unclear.
mn-lead-mn-dnr-state-forest-campground-geopdf-upgrades,MN,MN DNR state forest campground GeoPDF coordinate upgrades,State forest campground system,coordinate_rescue / gis_extraction_needed,Rustic / Primitive,gis_extraction_needed,Medium,MN DNR GeoPDFs / official maps / GIS,VERIFY COORDINATE,Some active rustic/state-forest rows retained existing coordinates pending official GeoPDF/GIS extraction.,"Extract official DNR campground points from GeoPDF/GIS, especially where records say coordinate retained.",Example: Snake River correction retained app coordinate pending official GIS/GeoPDF.,v23.1.54-historical-backfill,"Good batch lead, not a single-site add."
mn-lead-huntersville-state-forest-dispersed-rule-area,MN,Huntersville State Forest dispersed camping rule-area geometry,Wadena / Todd edge,gis_extraction / area_outline_followup,Boondocking / Dispersed,area_outline_followup,Medium,MN DNR official rules + GeoPDF,Official DNR rule plus GeoPDF; no honest area pin selected,Need boundary/ownership/posting/campground-buffer geometry.,Extract DNR GIS and build area/rule marker or polygon lead.,,v23.1.57,Worker 4 MN Central / North-Central / Chippewa Lakes. Original final action: ADD TO data/leads.js. Active duplicate check in worker return: NO ACTIVE AREA/RULE ROW FOUND; s877 is Info only.
mn-lead-county-park-gis-georeference-system,MN,Minnesota county/regional park GIS/PDF georeference system,Washington County / Three Rivers / Lake Auburn split and similar county systems,gis_extraction_needed / official_map_georeference,Rustic / Primitive / Boat / Backpack / Modern by site,gis_extraction_needed,Medium,County GIS/PDF maps / reservation systems,NO HONEST EXACT PIN,"Prior MN backfill identified county/regional park campsite geometry and identity issues, but these are not Area pins unless tied to official maps/GIS.","Georeference Washington County PDFs and Three Rivers GIS, split duplicate/identity cases such as Lake Auburn only where exact source supports it.",No MN lead row visible in current data/leads.js,v23.1.54-historical-backfill,This is lower priority for W10 because it is more campground geometry than rule-area camping.
mn-lead-three-rivers-campground-gis-coordinate-upgrades,MN,Three Rivers campground GIS coordinate upgrades — Baker / Cleary / Lake Auburn,Hennepin / Scott / Carver,coordinate_rescue / closed_added follow-up,Modern or Rustic / Primitive depending record,closed_added,Low-Medium,Three Rivers GIS / reservation maps,OFFICIAL MAP-DERIVED APPROXIMATE MARKER,Some campground records are active/accepted but could be improved with exact GIS/reservation coordinates.,Optional future Three Rivers GIS/reservation coordinate extraction.,Baker is active as s46; Cleary/Lake Auburn likely v23.1.44 active/pending.,v23.1.54-historical-backfill,Useful follow-up only; not a blocker to active map value.
mn-lead-community-supported-boondocking-clusters-mn-review,MN,Minnesota community-supported boondocking clusters — named-cluster review needed,"Statewide, but only prior named clusters",community_review,Boondocking / Dispersed,community_review,Low-Medium,Prior worker returns / 3+ community reports / official disproof check,COMMUNITY-SUPPORTED POINT not established,"The assignment calls for harvesting community clusters, but no specific named MN community cluster was available in the accessible current context.",Review prior worker returns for named MN clusters only; do not create generic statewide lead.,,v23.1.54-historical-backfill,"This is a guardrail lead, not an active candidate. Remove if no named clusters exist after full archive review."
mn_land_o_lakes_state_forest_dispersed_lead,MN,Land O’Lakes State Forest dispersed camping lead,Aitkin / Land O’Lakes SF area,boondocking_social_lead,Boondocking / Dispersed,one_report_lead,Low,,,Only one public-facing report; exact DNR unit/access and postings need verification.,Verify with DNR map/postings and collect more same-spot reports before active import.,,v23.1.79,
mn_cedar_bay_state_forest_dispersed_lead,MN,Cedar Bay dispersed camping lead,State forest area / exact county needs confirmation,boondocking_social_lead,Boondocking / Dispersed,one_report_lead,Low,,,Only one public overnight report; exact state forest/unit and postings need verification.,Verify exact DNR unit and postings; preserve as lead only until more reports or official geometry exist.,,v23.1.79,
