id,state,name,countyRegion,leadType,likelyLayer,status,priority,sourceType,coordinateConfidence,blocker,nextAction,relatedActiveOrPendingRecord,lastCheckedVersion,notes
oh-lead-mohican-state-park-group-primitive-components,OH,Mohican State Park Group / Primitive / Walk-in Components,Ashland / Mohican area,research_needed,Rustic / Primitive or Boat / Backpack,component split lead,High,Official ODNR / reservation source,No safe separate component coordinate recovered in worker pass,Keep as lead unless exact component coordinates are recovered.,Supervisor should split only if official inventory makes components clear.,Parent not active in current OH; proposed parent row above,v23.1.65,OH_W2 first-pass return. Source/citation text: ODNR Mohican State Park page; ReserveOhio component inventory; ODNR map
oh-lead-mohican-memorial-state-forest-park-and-pack,OH,Mohican-Memorial State Forest Park-and-Pack / Primitive Trail Camps,Ashland / Richland edge,research_needed,Boat / Backpack,official forest camping likely; extraction needed,High,Official ODNR state forest source / map needed,No safe trail-camp coordinate recovered,No broad state forest area marker without explicit rule/zone language.,Add only after exact designated sites or honest area marker proof is recovered.,No OH active match found,v23.1.65,OH_W2 first-pass return. Source/citation text: ODNR Mohican-Memorial State Forest page/maps; official state forest map
oh-athens-strouds-run-state-park-campground-coordinate-rescue,OH,Strouds Run State Park Campground,Athens,research_needed,Rustic / Primitive,Research Needed,High,ODNR PDF/table,ODNR camping-table proof; exact coordinate and amenities blocked.,Do not use lake/park centroid.,Add lead.,NO ACTIVE IN-LOCK OH ROW FOUND,v23.1.65,OH_W4 first-pass return. Source/citation text: ODNR camping table lists Strouds Run as a camping state park in the southeast region.
oh-v73-lake-snowden-coordinate-rescue,OH,Lake Snowden Campground,Athens / Albany,coordinate_rescue,Private Campgrounds,coordinate_rescue,High,v23.1.72 worker return / supervisor reconciliation,NO HONEST ACTIVE COORDINATE ACCEPTED,Official/source proof exists but exact campsite/campground coordinate is still blocked or medium-only.,"Use operator map, parcel/imagery check, or direct campground coordinate; consider horse-camp component if exact point emerges.",,v23.1.73,
oh-belmont-barkcamp-state-park-campground-coordinate-rescue,OH,Barkcamp State Park Campground,Belmont,research_needed,Modern Campgrounds,Research Needed,High,ODNR PDF/table,ODNR camping-table proof; exact coordinate blocked.,State park campground lead.,Add lead.,NO ACTIVE IN-LOCK OH ROW FOUND,v23.1.65,OH_W4 first-pass return. Source/citation text: ODNR camping table lists Barkcamp as a southeast-region camping park.
oh-lead-hueston-woods-state-park-campground,OH,Hueston Woods State Park Campground,Butler / Preble,coordinate_rescue,Modern Campgrounds,ODNR campground; coordinate rescue,High,Official ODNR state park/map/reservation source path,NO HONEST IMPORT COORDINATE RECOVERED in accessible tools; official map/reservation/GIS extraction needed.,"Good future active candidate, but not safe to import until campground loop/component coordinate is recovered.","Use normal browser ODNR page/reservation map, ODNR GIS/static map, or georeference official map; add active row only after point lands on campground/component.",NO ACTIVE OH MATCH FOUND in current OH.js unless otherwise noted,v23.1.65,OH_W3 first-pass return. Source/citation text: https://ohiodnr.gov/go-and-do/plan-a-visit/find-a-property/hueston-woods-state-park ; https://ohiodnr.gov/static/documents/parks/parkmaps/huestonwoodsparkmap.pdf
oh-v73-kiser-lake-coordinate-rescue,OH,Kiser Lake State Park Campground,Champaign,coordinate_rescue,Rustic / Primitive,coordinate_rescue,High,v23.1.72 worker return / supervisor reconciliation,NO HONEST ACTIVE COORDINATE ACCEPTED,Official/source proof exists but exact campsite/campground coordinate is still blocked or medium-only.,Extract ReserveOhio or georeference official map; keep Rustic unless electric/full-service proof emerges.,,v23.1.73,
oh-lead-kiser-lake-state-park-campground,OH,Kiser Lake State Park Campground,Champaign County,coordinate_rescue,Rustic / Primitive,ODNR campground; layer/coordinate rescue,High,Official ODNR state park/map/reservation source path,NO HONEST IMPORT COORDINATE RECOVERED in accessible tools; official map/reservation/GIS extraction needed.,"Good future active candidate, but not safe to import until campground loop/component coordinate is recovered.","Use normal browser ODNR page/reservation map, ODNR GIS/static map, or georeference official map; add active row only after point lands on campground/component.",NO ACTIVE OH MATCH FOUND in current OH.js unless otherwise noted,v23.1.65,OH_W3 first-pass return. Source/citation text: https://ohiodnr.gov/go-and-do/plan-a-visit/find-a-property/kiser-lake-state-park ; https://ohiodnr.gov/static/documents/parks/parkmaps/kiserlakeparkmap.pdf
oh-lead-buck-creek-state-park-campground,OH,Buck Creek State Park Campground,Clark County / Springfield,coordinate_rescue,Modern Campgrounds,ODNR/USACE reservoir campground; coordinate rescue,High,Official ODNR state park/map/reservation source path,NO HONEST IMPORT COORDINATE RECOVERED in accessible tools; official map/reservation/GIS extraction needed.,"Good future active candidate, but not safe to import until campground loop/component coordinate is recovered.","Use normal browser ODNR page/reservation map, ODNR GIS/static map, or georeference official map; add active row only after point lands on campground/component.",NO ACTIVE OH MATCH FOUND in current OH.js unless otherwise noted,v23.1.65,OH_W3 first-pass return. Source/citation text: https://ohiodnr.gov/go-and-do/plan-a-visit/find-a-property/buck-creek-state-park ; https://ohiodnr.gov/static/documents/parks/parkmaps/buckcreekparkmap.pdf
oh-v73-stonelick-coordinate-rescue,OH,Stonelick State Park Campground,Clermont,coordinate_rescue,Modern Campgrounds,coordinate_rescue,High,v23.1.72 worker return / supervisor reconciliation,NO HONEST ACTIVE COORDINATE ACCEPTED,Official/source proof exists but exact campsite/campground coordinate is still blocked or medium-only.,Resolve coordinate conflict with ODNR GIS or georeferenced campground PDF.,,v23.1.73,
oh-v73-east-fork-main-backcountry-coordinate-rescue,OH,East Fork State Park Campground / Backcountry Components,Clermont / Bethel-Batavia,coordinate_rescue,Modern + Boat/Backpack components,coordinate_rescue,High,v23.1.72 worker return / supervisor reconciliation,NO HONEST ACTIVE COORDINATE ACCEPTED,Official/source proof exists but exact campsite/campground coordinate is still blocked or medium-only.,"Extract ReserveOhio metadata, official campground map, ODNR GIS, or trail/backcountry map.",,v23.1.73,
oh-lead-east-fork-backcountry-sites-status-check,OH,East Fork hike-in / overnight primitive sites,Clermont / East Fork SP,needs_verification,Boat / Backpack,source_conflict_status_check,High,ODNR official state park/campground pages,"Official source conflict: park page references 5 no-road-access overnight sites, while campground page says no longer walk-in campsites.",Do not import until ODNR conflict is resolved.,Keep Needs Verification.,No active OH match.,v23.1.66,"From OH_W1 next-round closeout. Possible hike-in/primitive sites, but current status conflicting."
oh-lead-stonelick-state-park-campground,OH,Stonelick State Park Campground,Clermont County,coordinate_rescue,Rustic / Primitive or Modern after amenity audit,ODNR campground; layer/coordinate rescue,High,Official ODNR state park/map/reservation source path,NO HONEST IMPORT COORDINATE RECOVERED in accessible tools; official map/reservation/GIS extraction needed.,"Good future active candidate, but not safe to import until campground loop/component coordinate is recovered.","Use normal browser ODNR page/reservation map, ODNR GIS/static map, or georeference official map; add active row only after point lands on campground/component.",NO ACTIVE OH MATCH FOUND in current OH.js unless otherwise noted,v23.1.65,OH_W3 first-pass return. Source/citation text: https://ohiodnr.gov/go-and-do/plan-a-visit/find-a-property/stonelick-state-park ; https://ohiodnr.gov/static/documents/parks/parkmaps/stonelickparkmap.pdf
oh-lead-east-fork-state-park-campground,OH,East Fork State Park Campground,Clermont County / Cincinnati southeast,coordinate_rescue,Modern Campgrounds,ODNR/USACE reservoir campground; coordinate rescue,High,Official ODNR state park/map/reservation source path,NO HONEST IMPORT COORDINATE RECOVERED in accessible tools; official map/reservation/GIS extraction needed.,"Good future active candidate, but not safe to import until campground loop/component coordinate is recovered.","Use normal browser ODNR page/reservation map, ODNR GIS/static map, or georeference official map; add active row only after point lands on campground/component.",NO ACTIVE OH MATCH FOUND in current OH.js unless otherwise noted,v23.1.65,OH_W3 first-pass return. Source/citation text: https://ohiodnr.gov/go-and-do/plan-a-visit/find-a-property/east-fork-state-park ; https://ohiodnr.gov/static/documents/parks/parkmaps/eastforkparkmap.pdf
oh-lead-cowan-lake-state-park-campground,OH,Cowan Lake State Park Campground,Clinton County,coordinate_rescue,Modern Campgrounds,ODNR campground; coordinate rescue,High,Official ODNR state park/map/reservation source path,NO HONEST IMPORT COORDINATE RECOVERED in accessible tools; official map/reservation/GIS extraction needed.,"Good future active candidate, but not safe to import until campground loop/component coordinate is recovered.","Use normal browser ODNR page/reservation map, ODNR GIS/static map, or georeference official map; add active row only after point lands on campground/component.",NO ACTIVE OH MATCH FOUND in current OH.js unless otherwise noted,v23.1.65,OH_W3 first-pass return. Source/citation text: https://ohiodnr.gov/go-and-do/plan-a-visit/find-a-property/cowan-lake-state-park ; https://ohiodnr.gov/static/documents/parks/parkmaps/cowanlakeparkmap.pdf
oh-lead-independence-dam-sp-primitive-campground,OH,Independence Dam State Park Primitive Campground,Defiance / Maumee River,coordinate_rescue,Rustic / Primitive,`official_primitive_coordinate_rescue`,High,ODNR official campground,Official ODNR proof; exact camping coordinate not recovered.,Good Maumee River corridor rustic add after coordinate rescue.,Add lead.,No active OH match.,v23.1.65,OH_W1 first-pass return. Source/citation text: ODNR says the campground at Independence Dam State Park is along the Maumee River and offers seasonal primitive tent-only campsites. ([Ohio Department of Natural Resources][11])
oh-v73-delaware-state-park-coordinate-rescue,OH,Delaware State Park Campground,Delaware,coordinate_rescue,Modern Campgrounds,coordinate_rescue,High,v23.1.72 worker return / supervisor reconciliation,NO HONEST ACTIVE COORDINATE ACCEPTED,Official/source proof exists but exact campsite/campground coordinate is still blocked or medium-only.,"Extract ReserveOhio metadata, ODNR GIS, or georeference official campground PDF.",,v23.1.73,
oh-lead-alum-creek-primitive-horse-camp,OH,Alum Creek primitive bridle / horse camp,Delaware / Alum Creek bridle trail system,research_needed,Rustic / Primitive,Separate primitive/horse component lead,High,Official ODNR state park/map/reservation source path,NO HONEST IMPORT COORDINATE RECOVERED in accessible tools; official map/reservation/GIS extraction needed.,"Good future active candidate, but not safe to import until campground loop/component coordinate is recovered.","Use normal browser ODNR page/reservation map, ODNR GIS/static map, or georeference official map; add active row only after point lands on campground/component.",NO ACTIVE OH MATCH FOUND in current OH.js unless otherwise noted,v23.1.65,OH_W3 first-pass return. Source/citation text: https://ohiodnr.gov/static/documents/parks/parkmaps/alumcreekparkmap.pdf
oh-lead-alum-creek-state-park-campground,OH,Alum Creek State Park Campground,Delaware / Columbus north,coordinate_rescue,Modern Campgrounds,ODNR campground; coordinate extraction needed,High,Official ODNR state park/map/reservation source path,NO HONEST IMPORT COORDINATE RECOVERED in accessible tools; official map/reservation/GIS extraction needed.,"Good future active candidate, but not safe to import until campground loop/component coordinate is recovered.","Use normal browser ODNR page/reservation map, ODNR GIS/static map, or georeference official map; add active row only after point lands on campground/component.",NO ACTIVE OH MATCH FOUND in current OH.js unless otherwise noted,v23.1.65,OH_W3 first-pass return. Source/citation text: https://ohiodnr.gov/go-and-do/plan-a-visit/find-a-property/alum-creek-state-park ; https://ohiodnr.gov/static/documents/parks/parkmaps/alumcreekparkmap.pdf
oh-lead-delaware-state-park-campground,OH,Delaware State Park Campground,Delaware County,coordinate_rescue,Modern Campgrounds,ODNR campground; coordinate rescue,High,Official ODNR state park/map/reservation source path,NO HONEST IMPORT COORDINATE RECOVERED in accessible tools; official map/reservation/GIS extraction needed.,"Good future active candidate, but not safe to import until campground loop/component coordinate is recovered.","Use normal browser ODNR page/reservation map, ODNR GIS/static map, or georeference official map; add active row only after point lands on campground/component.",NO ACTIVE OH MATCH FOUND in current OH.js unless otherwise noted,v23.1.65,OH_W3 first-pass return. Source/citation text: https://ohiodnr.gov/go-and-do/plan-a-visit/find-a-property/delaware-state-park ; https://ohiodnr.gov/static/documents/parks/parkmaps/delawareparkmap.pdf
oh-lead-kelleys-island-sp-campground-coordinate-rescue,OH,Kelleys Island State Park Campground,Erie / Kelleys Island,coordinate_rescue,Modern Campgrounds,`official_proof_coordinate_rescue`,High,ODNR official campground/PDF,Official ODNR campground/map proof; no exact coordinate extracted.,"Island campground, public-facing and valid.",Add coordinate-rescue lead.,No active OH match.,v23.1.65,"OH_W1 first-pass return. Source/citation text: ODNR lists electric, non-electric and full-hookup sites; ODNR campground map gives 920 Division Street and shows showerhouse/restroom, dump station, potable water and campsite layout. ([Ohio Department of Natural Resources][3])"
oh-lead-harrison-lake-sp-campground-coordinate-rescue,OH,Harrison Lake State Park Campground,Fulton / Fayette,coordinate_rescue,Modern Campgrounds,`official_proof_coordinate_rescue`,High,ODNR official campground/PDF,ODNR campground map/address found; no exact lat/lng extracted.,Good active candidate after coordinate rescue.,Add lead.,No active OH match.,v23.1.65,"OH_W1 first-pass return. Source/citation text: ODNR lists 91 full-hookup, 58 electric, 13 non-electric sites plus showers/flush toilets; campground map gives 26246 Harrison Lake Road and shows showerhouse/restrooms. ([Ohio Department of Natural Resources][7])"
oh-greene-narrows-reserve-primitive-camping,OH,Narrows Reserve Primitive Camping,Greene / Beavercreek / Creekside Trail,coordinate_rescue,Boat / Backpack,coordinate_rescue,High,Greene County official,NO HONEST ACTIVE COORDINATE ACCEPTED,Do not pin river access unless campsite coincides,Add lead,,v23.1.71,
oh-greene-angels-pass-park-camping,OH,Angels Pass Park Campsites,Greene / Beavercreek Township / Creekside Trail,coordinate_rescue,Rustic / Primitive,coordinate_rescue,High,Greene County official,NO HONEST ACTIVE COORDINATE ACCEPTED,Good small overlooked local campground,Add lead; coordinate rescue,,v23.1.71,
oh-greene-jacoby-road-launch-primitive-camping,OH,Jacoby Road Launch Primitive Camping,Greene / Xenia / Little Miami Scenic Trail,coordinate_rescue,Boat / Backpack,coordinate_rescue,High,Greene County official,NO HONEST ACTIVE COORDINATE ACCEPTED,"The camping proof is explicit, but boat-launch proxy risk is high",Add lead,,v23.1.71,
oh-greene-old-town-reserve-primitive-camping,OH,Old Town Reserve Primitive Camping,Greene / Xenia / Little Miami Scenic Trail,coordinate_rescue,Rustic / Primitive,coordinate_rescue,High,Greene County official,NO HONEST ACTIVE COORDINATE ACCEPTED,MyRec confirms tent-only primitive camping,Add lead; coordinate rescue,,v23.1.71,
oh-v73-john-bryan-coordinate-rescue,OH,John Bryan State Park Campground,Greene / Yellow Springs,coordinate_rescue,Modern or Rustic pending split,coordinate_rescue,High,v23.1.72 worker return / supervisor reconciliation,NO HONEST ACTIVE COORDINATE ACCEPTED,Official/source proof exists but exact campsite/campground coordinate is still blocked or medium-only.,Extract ReserveOhio or ODNR GIS.,,v23.1.73,
oh-lead-john-bryan-state-park-campground,OH,John Bryan State Park Campground,Greene County / Yellow Springs,coordinate_rescue,Rustic / Primitive,ODNR campground; coordinate rescue,High,Official ODNR state park/map/reservation source path,NO HONEST IMPORT COORDINATE RECOVERED in accessible tools; official map/reservation/GIS extraction needed.,"Good future active candidate, but not safe to import until campground loop/component coordinate is recovered.","Use normal browser ODNR page/reservation map, ODNR GIS/static map, or georeference official map; add active row only after point lands on campground/component.",NO ACTIVE OH MATCH FOUND in current OH.js unless otherwise noted,v23.1.65,OH_W3 first-pass return. Source/citation text: https://ohiodnr.gov/go-and-do/plan-a-visit/find-a-property/john-bryan-state-park ; https://ohiodnr.gov/static/documents/parks/parkmaps/johnbryanparkmap.pdf
oh-v73-greene-county-primitive-camping-coordinate-rescue,OH,Greene County primitive camping components,Greene County Little Miami / Creekside corridor,coordinate_rescue,Rustic / Primitive,coordinate_rescue,High,v23.1.72 worker return / supervisor reconciliation,NO HONEST ACTIVE COORDINATE ACCEPTED,Official/source proof exists but exact campsite/campground coordinate is still blocked or medium-only.,"Extract Greene County map/reservation metadata/agency coordinates for Constitution Park, Jacoby, Narrows, Old Town, Angels Pass, Mill Bridge.",,v23.1.73,
oh-guernsey-salt-fork-state-park-campground-coordinate-rescue,OH,Salt Fork State Park Campground,Guernsey,research_needed,Modern Campgrounds,Research Needed,High,ODNR PDF/table,ODNR camping-table proof; exact coordinate blocked.,Large obvious state-park campground; needs exact pin.,Add lead.,NO ACTIVE IN-LOCK OH ROW FOUND,v23.1.65,OH_W4 first-pass return. Source/citation text: ODNR camping table lists Salt Fork as a southeast-region camping park.
oh-v73-great-parks-and-five-rivers-trail-camping,OH,"Great Parks / Five Rivers group, trailside, and backcountry campsite coordinate rescue",Hamilton / Montgomery / Miami Valley,coordinate_rescue,Rustic / Boat-Backpack,coordinate_rescue,High,v23.1.72 worker return / supervisor reconciliation,NO HONEST ACTIVE COORDINATE ACCEPTED,Official/source proof exists but exact campsite/campground coordinate is still blocked or medium-only.,"Georeference official maps, reservation metadata, or agency coordinates; do not use park entrances/parking as campsite pins.",,v23.1.73,
oh-riverbend-recreation-area-campground-coordinate-qa,OH,Riverbend Recreation Area Campground,Hancock / Findlay,correction_candidate,Boat / Backpack,correction_candidate,High,Tourism/ODNR + existing package-local active,NO HONEST ACTIVE COORDINATE ACCEPTED,Current active coordinate may need QA. Don’t delete; verify before moving.,Supervisor coordinate QA,,v23.1.71,
oh-correction-van-buren-state-park-campground,OH,Van Buren State Park Campground,Hancock edge / current active OH baseline,correction_candidate,Modern Campgrounds or Rustic / Primitive after ODNR amenity audit,existing active row needs source/layer enrichment,High,Active app row + ODNR source needed,Existing active app coordinate only; do not treat as newly proofed.,Only active Ohio row found in current repo baseline.,Enrich existing row with official ODNR source and confirm layer/amenities.,MATCHED ACTIVE RECORD s957,v23.1.65,OH_W3 first-pass return. Source/citation text: data/states/OH.js active row s957; add ODNR page/map/reservation source during build.
oh-hardin-county-fairgrounds-camping-public-access-check,OH,Hardin County Fairgrounds Camping,Hardin north/west edge / Kenton,coordinate_rescue,Rustic / Primitive,coordinate_rescue,High,Fairground/operator partial + coordinate lead,NO HONEST ACTIVE COORDINATE ACCEPTED,Do not import from directory alone,Add lead,,v23.1.71,
oh-v73-harrison-state-forest-campgrounds,OH,Harrison State Forest Ronsheim and Trailriders campgrounds,Harrison,coordinate_rescue,Rustic / Primitive,coordinate_rescue,High,v23.1.72 worker return / supervisor reconciliation,NO HONEST ACTIVE COORDINATE ACCEPTED,Official/source proof exists but exact campsite/campground coordinate is still blocked or medium-only.,Georeference ODNR forest map/PDF or obtain ODNR GIS points.,,v23.1.73,
oh-harrison-harrison-state-forest-ronsheim-trailriders-campgrounds-coordinate-rescue,OH,Harrison State Forest — Ronsheim Campground and Trailriders Campground,Harrison,coordinate_rescue,Rustic / Primitive,coordinate_rescue,High,ODNR / Ohio State Forests,NO HONEST ACTIVE COORDINATE ACCEPTED,Strong southeast/east Ohio miss,"Add lead, likely two component records after coordinate extraction",,v23.1.71,
oh-v73-rocky-fork-coordinate-rescue,OH,Rocky Fork State Park Campground,Highland,coordinate_rescue,Modern Campgrounds,coordinate_rescue,High,v23.1.72 worker return / supervisor reconciliation,NO HONEST ACTIVE COORDINATE ACCEPTED,Official/source proof exists but exact campsite/campground coordinate is still blocked or medium-only.,Extract ReserveOhio metadata or georeference official campground PDF.,,v23.1.73,
oh-lead-paint-creek-state-park-campground,OH,Paint Creek State Park Campground,Highland / Ross edge,coordinate_rescue,Modern Campgrounds,ODNR campground; coordinate rescue,High,Official ODNR state park/map/reservation source path,NO HONEST IMPORT COORDINATE RECOVERED in accessible tools; official map/reservation/GIS extraction needed.,"Good future active candidate, but not safe to import until campground loop/component coordinate is recovered.","Use normal browser ODNR page/reservation map, ODNR GIS/static map, or georeference official map; add active row only after point lands on campground/component.",NO ACTIVE OH MATCH FOUND in current OH.js unless otherwise noted,v23.1.65,OH_W3 first-pass return. Source/citation text: https://ohiodnr.gov/go-and-do/plan-a-visit/find-a-property/paint-creek-state-park ; https://ohiodnr.gov/static/documents/parks/parkmaps/paintcreekparkmap.pdf
oh-v73-paint-creek-component-coordinate-rescue,OH,Paint Creek State Park Campground / Horse Camp Component,Highland / Ross edge,coordinate_rescue,Modern + Rustic components,coordinate_rescue,High,v23.1.72 worker return / supervisor reconciliation,NO HONEST ACTIVE COORDINATE ACCEPTED,Official/source proof exists but exact campsite/campground coordinate is still blocked or medium-only.,"Extract ReserveOhio, official campground PDF, ODNR GIS; do not use horse-camp coordinate without source-tied proof.",,v23.1.73,
oh-lead-rocky-fork-state-park-campground,OH,Rocky Fork State Park Campground,Highland County,coordinate_rescue,Modern Campgrounds,ODNR campground; coordinate rescue,High,Official ODNR state park/map/reservation source path,NO HONEST IMPORT COORDINATE RECOVERED in accessible tools; official map/reservation/GIS extraction needed.,"Good future active candidate, but not safe to import until campground loop/component coordinate is recovered.","Use normal browser ODNR page/reservation map, ODNR GIS/static map, or georeference official map; add active row only after point lands on campground/component.",NO ACTIVE OH MATCH FOUND in current OH.js unless otherwise noted,v23.1.65,OH_W3 first-pass return. Source/citation text: https://ohiodnr.gov/go-and-do/plan-a-visit/find-a-property/rocky-fork-state-park ; https://ohiodnr.gov/static/documents/parks/parkmaps/rockyforkparkmap.pdf
oh-hocking-hocking-hills-state-park-primitive-hikein-campground-coordinate-rescue,OH,Hocking Hills Primitive Hike-in Campground,Hocking,research_needed,Boat / Backpack,Research Needed,High,ODNR reservation system,Official reservation proof found; exact site/area coordinate blocked.,Split from main Hocking Hills campground.,Add lead.,NO ACTIVE IN-LOCK OH ROW FOUND,v23.1.65,OH_W4 first-pass return. Source/citation text: ODNR reservation page separately lists Hocking Hills Primitive Hike-In Campground as tent-only primitive hike-in camping. ([Ohio Department of Natural Resources][13])
oh-hocking-hocking-hills-state-park-main-campground-coordinate-rescue,OH,Hocking Hills State Park Main Campground,Hocking,research_needed,Modern Campgrounds,Research Needed,High,ODNR / reservation system,Official camping proof recovered; exact campground coordinate needs ODNR/ReserveOhio extraction.,Strong state-park lead.,Add lead.,NO ACTIVE IN-LOCK OH ROW FOUND,v23.1.65,"OH_W4 first-pass return. Source/citation text: ODNR reservation page lists full-hookup, electric, and non-electric campground inventory at Hocking Hills; ODNR state camping table confirms Hocking Hills camping. ([Ohio Department of Natural Resources][13])"
oh-hocking-hocking-state-forest-designated-reservation-campsites-coordinate-rescue,OH,Hocking State Forest Designated Campsites / Horse Camp,Hocking State Forest,research_needed,Rustic / Primitive,Research Needed,High,ODNR,Official proof recovered; exact campsite coordinates blocked.,Do not use trailhead or forest centroid.,Add lead.,NO ACTIVE IN-LOCK OH ROW FOUND,v23.1.65,OH_W4 first-pass return. Source/citation text: ODNR says Hocking State Forest campsites are reservation-only and limited to designated areas. ([Ohio Department of Natural Resources][26])
oh-lead-findley-sp-campground-coordinate-rescue,OH,Findley State Park Campground,Huron / Wellington edge,coordinate_rescue,Modern Campgrounds,`official_proof_coordinate_rescue`,High,ODNR official campground/PDF,Official ODNR proof/map; directory coordinate found but needs supervisor acceptance if used.,Huron County is inside lock; good candidate after coordinate rescue.,Add lead.,No active OH match.,v23.1.65,"OH_W1 first-pass return. Source/citation text: ODNR says Findley campground has showers, flush toilets, laundry and dump station; ODNR campground PDF shows campground layout and washhouse/latrine symbols. ([Ohio Department of Natural Resources][9])"
oh-jackson-jackson-lake-state-park-campground-coordinate-rescue,OH,Jackson Lake State Park Campground,Jackson,research_needed,Rustic / Primitive,Research Needed,High,ODNR,Official proof recovered; exact coordinate blocked.,Electric alone is not Modern.,Add lead as Rustic / Primitive unless shower/flush proof appears.,NO ACTIVE IN-LOCK OH ROW FOUND,v23.1.65,OH_W4 first-pass return. Source/citation text: ODNR result says Jackson Lake campground is seasonally open and has 34 sites with 50-amp service. ([Ohio Department of Natural Resources][22])
oh-v73-fernwood-hidden-hollow-coordinate-rescue,OH,Fernwood State Forest Hidden Hollow Campground,Jefferson,coordinate_rescue,Rustic / Primitive,coordinate_rescue,High,v23.1.72 worker return / supervisor reconciliation,NO HONEST ACTIVE COORDINATE ACCEPTED,Official/source proof exists but exact campsite/campground coordinate is still blocked or medium-only.,Georeference ODNR forest map/PDF or obtain ODNR GIS point.,,v23.1.73,
oh-jefferson-fernwood-state-forest-hidden-hollow-campground-coordinate-rescue,OH,Fernwood State Forest — Hidden Hollow Campground,Jefferson / Bloomingdale area,coordinate_rescue,Rustic / Primitive,coordinate_rescue,High,ODNR / Ohio State Forests,NO HONEST ACTIVE COORDINATE ACCEPTED,Good eastern Ohio non-modern lead,Add durable lead,,v23.1.71,
oh-lawrence-wayne-nf-oak-hill-campground,OH,Oak Hill Campground / Pine Knob Loop component,Lawrence / Wayne NF / Lake Vesuvius,correction_candidate,Modern Campgrounds or Rustic / Primitive — preserve existing unless corrected,correction_candidate,High,USDA / USFS,NO HONEST ACTIVE COORDINATE ACCEPTED,Best fix is to update existing Oak Hill record/alias/details rather than add Pine Knob as a second pin,Resolve Pine Knob lead into existing Oak Hill record,,v23.1.71,
oh-lead-indian-lake-state-park-campground,OH,Indian Lake State Park Campground,Logan / Auglaize edge,coordinate_rescue,Modern Campgrounds,ODNR campground; coordinate rescue,High,Official ODNR state park/map/reservation source path,NO HONEST IMPORT COORDINATE RECOVERED in accessible tools; official map/reservation/GIS extraction needed.,"Good future active candidate, but not safe to import until campground loop/component coordinate is recovered.","Use normal browser ODNR page/reservation map, ODNR GIS/static map, or georeference official map; add active row only after point lands on campground/component.",NO ACTIVE OH MATCH FOUND in current OH.js unless otherwise noted,v23.1.65,OH_W3 first-pass return. Source/citation text: https://ohiodnr.gov/go-and-do/plan-a-visit/find-a-property/indian-lake-state-park ; https://ohiodnr.gov/static/documents/parks/parkmaps/indianlakeparkmap.pdf
oh-lead-cannaley-treehouse-village-tent-platforms-schema,OH,Cannaley Treehouse Village / Tent Platforms,Lucas / Oak Openings / Metroparks Toledo,coordinate_rescue,Boat / Backpack or Needs Verification by schema,Overnight facility proven by official Metroparks family; schema unclear,High,Official park district page/reservation source needed,Official page family identifies Cannaley Treehouse Village as featured attraction; exact tent platform/site coordinates and map schema unresolved,Handoff explicitly says return lead if treehouse/cabin/platform schema unclear,Supervisor schema decision; then split into Boat/Backpack/Overnight Facility if allowed,No Cannaley active match found in v23.1.65 snippets/search,v23.1.66,"From OH_W2 next-round closeout. Treehouses, cabins/platform-style overnight facilities; not ordinary campground loop"
oh-lead-maumee-bay-sp-campground-coordinate-rescue,OH,Maumee Bay State Park Campground,Lucas / Oregon / Lake Erie shore,coordinate_rescue,Modern Campgrounds,`official_proof_coordinate_rescue`,High,ODNR official campground/map,Official ODNR proof and map/address found; no safe campground-loop coordinate extracted.,Strong active candidate once coordinate rescued.,Extract ReserveOhio / ODNR map coordinate.,No active OH match.,v23.1.65,OH_W1 first-pass return. Source/citation text: ODNR says the large family campground offers electric and full-hookup sites; ODNR park map gives 1400 State Park Road and shows campground/showerhouse/latrine features. ([Ohio Department of Natural Resources][1])
oh-lead-maumee-river-water-trail-camping-geometry,OH,Maumee River Water Trail / Metroparks-Toledo Camping Geometry Check,Lucas / Wood / Henry / Defiance Maumee River corridor,coordinate_rescue,Boat / Backpack or Boondocking / Dispersed if official sites exist,Area/route lead only,High,Official StoryMaps / Metroparks water trail / ODNR source family,No official campsite coordinate set recovered here; water-trail source path exists,"Area/rule/route opportunity, but current pass did not recover separate official named sites",Extract StoryMap/ArcGIS layers or agency source; add only named official sites,Active Mary Jane Thurston duplicate; Independence Dam candidate separate,v23.1.66,From OH_W2 next-round closeout. Possible official water-trail/canoe camping sites/route context; not proven here as separate points
oh-v73-metroparks-toledo-platforms-and-walkin-camps,OH,Metroparks Toledo platforms and walk-in campground coordinates,Lucas / Wood / Maumee River,coordinate_rescue,Rustic / Boat-Backpack,coordinate_rescue,High,v23.1.72 worker return / supervisor reconciliation,NO HONEST ACTIVE COORDINATE ACCEPTED,Official/source proof exists but exact campsite/campground coordinate is still blocked or medium-only.,Georeference official campground/platform maps or reservation metadata; re-open old day-use rejects only where current official camping proof exists.,,v23.1.73,
oh-madison-london-trailside-camping,OH,London Trailside Camping / Prairie Grass Trailhead,Madison / London / Ohio-to-Erie Trail,coordinate_rescue,Boat / Backpack,coordinate_rescue,High,Friends of Madison County Parks & Trails official,NO HONEST ACTIVE COORDINATE ACCEPTED,Strong non-modern bike/hike trail camping lead,Add lead; promote after coordinate QA,,v23.1.71,
oh-lead-deer-creek-state-park-campground,OH,Deer Creek State Park Campground,Madison / Pickaway,coordinate_rescue,Modern Campgrounds,ODNR campground; coordinate rescue,High,Official ODNR state park/map/reservation source path,NO HONEST IMPORT COORDINATE RECOVERED in accessible tools; official map/reservation/GIS extraction needed.,"Good future active candidate, but not safe to import until campground loop/component coordinate is recovered.","Use normal browser ODNR page/reservation map, ODNR GIS/static map, or georeference official map; add active row only after point lands on campground/component.",NO ACTIVE OH MATCH FOUND in current OH.js unless otherwise noted,v23.1.65,OH_W3 first-pass return. Source/citation text: https://ohiodnr.gov/go-and-do/plan-a-visit/find-a-property/deer-creek-state-park ; https://ohiodnr.gov/static/documents/parks/parkmaps/deercreekparkmap.pdf
oh-plain-city-pastime-park-campground,OH,Pastime Park Campground,Madison / Plain City,coordinate_rescue,Modern Campgrounds + primitive tent component,coordinate_rescue,High,Village official,NO HONEST ACTIVE COORDINATE ACCEPTED,Split primitive tent sites if later mapped,Add lead; coordinate rescue,,v23.1.71,
oh-meigs-forked-run-state-park-campground-coordinate-rescue,OH,Forked Run State Park Campground,Meigs,research_needed,Modern Campgrounds,Research Needed,High,ODNR PDF/table,ODNR camping-table proof; exact coordinate blocked.,No lake-center pin.,Add lead.,NO ACTIVE IN-LOCK OH ROW FOUND,v23.1.65,OH_W4 first-pass return. Source/citation text: ODNR camping table lists Forked Run in the southeast camping region.
oh-lead-grand-lake-st-marys-state-park-campground,OH,Grand Lake St. Marys State Park Campground,Mercer / Auglaize,coordinate_rescue,Modern Campgrounds,ODNR campground; coordinate rescue,High,Official ODNR state park/map/reservation source path,NO HONEST IMPORT COORDINATE RECOVERED in accessible tools; official map/reservation/GIS extraction needed.,"Good future active candidate, but not safe to import until campground loop/component coordinate is recovered.","Use normal browser ODNR page/reservation map, ODNR GIS/static map, or georeference official map; add active row only after point lands on campground/component.",NO ACTIVE OH MATCH FOUND in current OH.js unless otherwise noted,v23.1.65,OH_W3 first-pass return. Source/citation text: https://ohiodnr.gov/go-and-do/plan-a-visit/find-a-property/grand-lake-st-marys-state-park ; https://ohiodnr.gov/static/documents/parks/parkmaps/grandlakestmarysparkmap.pdf
oh-mercer-county-fairgrounds-campground,OH,Mercer County Fairgrounds Campground,Mercer / Celina,coordinate_rescue,Rustic / Primitive or Modern pending public status,coordinate_rescue,High,Fairgrounds official,NO HONEST ACTIVE COORDINATE ACCEPTED,Could be more than event-only; needs public availability confirmation,Add/update lead,,v23.1.71,
oh-lead-sycamore-state-park-group-camp,OH,Sycamore State Park group / equestrian campground check,Montgomery / Dayton west,research_needed,Rustic / Primitive or Needs Verification,Official component proof needed,High,Official ODNR state park/map/reservation source path,NO HONEST IMPORT COORDINATE RECOVERED in accessible tools; official map/reservation/GIS extraction needed.,"Good future active candidate, but not safe to import until campground loop/component coordinate is recovered.","Use normal browser ODNR page/reservation map, ODNR GIS/static map, or georeference official map; add active row only after point lands on campground/component.",NO ACTIVE OH MATCH FOUND in current OH.js unless otherwise noted,v23.1.65,OH_W3 first-pass return. Source/citation text: https://ohiodnr.gov/go-and-do/plan-a-visit/find-a-property/sycamore-state-park ; https://ohiodnr.gov/static/documents/parks/parkmaps/sycamoreparkmap.pdf
oh-morgan-burr-oak-state-park-campground-coordinate-rescue,OH,Burr Oak State Park Campground,Morgan / Athens edge,research_needed,Modern Campgrounds,Research Needed,High,ODNR,Official camping proof recovered; exact campground coordinate blocked.,"State park lead, not duplicate of Wayne NF Burr Oak Cove.",Add lead.,NO ACTIVE IN-LOCK OH ROW FOUND,v23.1.65,"OH_W4 first-pass return. Source/citation text: ODNR reservation pages list Burr Oak campground with electric, non-electric, and tent-only inventory; state camping table confirms Burr Oak camping. ([Ohio Department of Natural Resources][17])"
oh-morgan-burr-oak-backpack-trail-camping-coordinate-rescue,OH,Burr Oak Backpack Trail Primitive Camps,Morgan / Burr Oak region,research_needed,Boat / Backpack,Research Needed,High,ODNR / regional source family,Official/source-family proof needs extraction; exact points blocked.,Needs cautious handling.,Add lead.,NO ACTIVE IN-LOCK OH ROW FOUND,v23.1.65,OH_W4 first-pass return. Source/citation text: ODNR state camping table confirms Burr Oak overnight camping; backpack component needs official map extraction before import.
oh-appalachian-hills-aep-recreation-land-legacy-camping-proof-check,OH,Appalachian Hills / Former AEP Recreation Land Legacy Camping,Morgan / Muskingum / Noble / Perry,research_needed,Boondocking / Dispersed,Needs Verification,High,AEP / ODNR source family,"Official AEP/ODNR source family found, but current camping geometry and current ODNR/Jesse Owens structure need reconciliation.",Needs serious reconciliation before import.,Keep Needs Verification / geometry lead.,NO ACTIVE IN-LOCK OH ROW FOUND,v23.1.65,"OH_W4 first-pass return. Source/citation text: AEP legacy recreation source references camping/fishing/hiking/hunting access, while current ODNR/Jesse Owens/Appalachian Hills sources show changed state management and campground development. ([AEP][37])"
oh-muskingum-perry-morgan-jesse-owens-big-muskie-campground-coordinate-rescue,OH,Jesse Owens State Park / Big Muskie Campground update,Morgan / Muskingum / Perry edge,coordinate_rescue,Modern Campgrounds + Rustic / Primitive components,coordinate_rescue,High,ODNR / Ohio State Parks,NO HONEST ACTIVE COORDINATE ACCEPTED,Existing leads need update for 2026 Big Muskie expansion,Update/add lead; promote after coordinate extraction,,v23.1.71,
oh-v73-jesse-owens-big-muskie-and-primitive-system,OH,Jesse Owens State Park Big Muskie / Primitive No-Fee Campground System,Morgan / Muskingum / Perry edge,coordinate_rescue,Modern + Rustic components,coordinate_rescue,High,v23.1.72 worker return / supervisor reconciliation,NO HONEST ACTIVE COORDINATE ACCEPTED,Official/source proof exists but exact campsite/campground coordinate is still blocked or medium-only.,Extract ReserveOhio/ODNR GIS/current campground map; separate Big Muskie modern from primitive no-fee components.,,v23.1.73,
oh-lead-mt-gilead-state-park-campground,OH,Mt. Gilead State Park Campground,Morrow County,coordinate_rescue,Rustic / Primitive or Modern after amenity audit,ODNR campground; coordinate rescue,High,Official ODNR state park/map/reservation source path,NO HONEST IMPORT COORDINATE RECOVERED in accessible tools; official map/reservation/GIS extraction needed.,"Good future active candidate, but not safe to import until campground loop/component coordinate is recovered.","Use normal browser ODNR page/reservation map, ODNR GIS/static map, or georeference official map; add active row only after point lands on campground/component.",NO ACTIVE OH MATCH FOUND in current OH.js unless otherwise noted,v23.1.65,OH_W3 first-pass return. Source/citation text: https://ohiodnr.gov/go-and-do/plan-a-visit/find-a-property/mt-gilead-state-park ; https://ohiodnr.gov/static/documents/parks/parkmaps/mtgileadparkmap.pdf
oh-muskingum-blue-rock-state-park-campground-coordinate-rescue,OH,Blue Rock State Park Campground,Muskingum,research_needed,Rustic / Primitive,Research Needed,High,ODNR,Official proof recovered; exact coordinate blocked.,Not Modern because electric/hookups absent.,Add lead.,NO ACTIVE IN-LOCK OH ROW FOUND,v23.1.65,"OH_W4 first-pass return. Source/citation text: ODNR says Blue Rock campground has non-electric sites, latrine restrooms, and seasonal camp store with showers. ([Ohio Department of Natural Resources][23])"
oh-muskingum-dillon-state-park-equestrian-camp-coordinate-rescue,OH,Dillon State Park Equestrian Camp,Muskingum,research_needed,Rustic / Primitive,Research Needed,High,ODNR,Official proof recovered; exact coordinate blocked.,Split from main campground.,Add lead.,NO ACTIVE IN-LOCK OH ROW FOUND,v23.1.65,OH_W4 first-pass return. Source/citation text: ODNR says Dillon has a 19-site non-electric equestrian campground. ([Ohio Department of Natural Resources][24])
oh-muskingum-dillon-state-park-main-campground-coordinate-rescue,OH,Dillon State Park Main Campground,Muskingum,research_needed,Modern Campgrounds,Research Needed,High,ODNR,Official proof recovered; exact coordinate blocked.,Strong Modern lead.,Add lead.,NO ACTIVE IN-LOCK OH ROW FOUND,v23.1.65,"OH_W4 first-pass return. Source/citation text: ODNR says Dillon has 195 sites with full-hookup/electric/non-electric options, showers, flush toilets, and dump station. ([Ohio Department of Natural Resources][24])"
oh-muskingum-perry-morgan-jesse-owens-state-park-full-service-campground-coordinate-rescue,OH,Jesse Owens State Park / Appalachian Hills Full-Service Campground,Muskingum / Morgan / Perry,research_needed,Modern Campgrounds,Research Needed,High,ODNR / Ohio Governor release,Official proof recovered; exact campground coordinate blocked.,New/high-value campground; likely part of current build priority.,Add lead.,NO ACTIVE IN-LOCK OH ROW FOUND,v23.1.65,"OH_W4 first-pass return. Source/citation text: ODNR says Jesse Owens has primitive camping and a full-service reservation campground; official 2026 state release references new Appalachian Hills visitor center, campground, and cabins. ([Ohio Department of Natural Resources][25])"
oh-muskingum-perry-morgan-jesse-owens-primitive-campgrounds-coordinate-rescue,OH,Jesse Owens State Park Primitive Campgrounds,Muskingum / Morgan / Perry,research_needed,Rustic / Primitive,Research Needed,High,ODNR,Official proof recovered; exact campground coordinates blocked.,Don’t import old AEP guesses without current ODNR proof.,Add lead.,NO ACTIVE IN-LOCK OH ROW FOUND,v23.1.65,OH_W4 first-pass return. Source/citation text: ODNR says Jesse Owens State Park has four no-fee primitive campgrounds plus a full-service campground. ([Ohio Department of Natural Resources][25])
oh-muskingum-muskingum-river-parkway-lock-campsites-coordinate-rescue,OH,Muskingum River Parkway Lock Campsites,Muskingum / Morgan / Washington river corridor,research_needed,Rustic / Primitive,Research Needed,High,ODNR PDF/table,ODNR camping-table proof; exact lock/campsite coordinates blocked.,"Do not use river center, dam, or marina pins.",Add lead.,NO ACTIVE IN-LOCK OH ROW FOUND,v23.1.65,OH_W4 first-pass return. Source/citation text: ODNR camping table lists Muskingum River as a southeast-region camping park.
oh-noble-wolf-run-state-park-campground-coordinate-rescue,OH,Wolf Run State Park Campground,Noble,research_needed,Modern Campgrounds,Research Needed,High,ODNR PDF/table,ODNR camping-table proof; exact coordinate blocked.,Do not use lake center.,Add lead.,NO ACTIVE IN-LOCK OH ROW FOUND,v23.1.65,OH_W4 first-pass return. Source/citation text: ODNR camping table lists Wolf Run in the southeast camping region.
oh-lead-east-harbor-sp-campground-coordinate-rescue,OH,East Harbor State Park Campground,Ottawa / Lakeside-Marblehead,coordinate_rescue,Modern Campgrounds,`official_proof_coordinate_rescue`,High,ODNR official campground/PDF,Official campground PDF/address found; no lat/lng extracted.,Do not use marina/park/beach proxy.,Add lead; extract official coordinate.,No active OH match.,v23.1.65,"OH_W1 first-pass return. Source/citation text: ODNR says East Harbor offers full-hookup, electric, non-electric and ADA sites; the ODNR campground PDF gives 1169 North Buck Road and shows restrooms, dump station, drinking water, etc. ([Ohio Department of Natural Resources][2])"
oh-lead-middle-bass-island-sp-primitive-campground,OH,Middle Bass Island State Park Campground,Ottawa / Middle Bass Island,coordinate_rescue,Boat / Backpack,`official_primitive_island_coordinate_rescue`,High,ODNR official campground/state park,Official ODNR campground proof; no exact coordinate extracted.,Layer as Boat / Backpack due island access and primitive/no-RV camping.,Add lead; extract coordinate.,No active OH match.,v23.1.65,"OH_W1 first-pass return. Source/citation text: ODNR says Middle Bass Island offers primitive camping, no RVs, early May to mid-October; campground page says 10 non-electric reservation sites. ([Ohio Department of Natural Resources][5])"
oh-lead-middle-bass-island-state-park-primitive-camping,OH,Middle Bass Island State Park Primitive Camping,Ottawa / Middle Bass Island,coordinate_rescue,Rustic / Primitive or Boat / Backpack after access review,Official/secondary proof says primitive camping exists; exact point blocked,High,ODNR official source family; secondary source,No safe exact camping coordinate recovered; island/park page source only,"Candidate may be active later, but not with marina/Lonz Mansion coordinate",Extract ODNR map/permit coordinate; classify Rustic/Primitive vs Boat/Backpack by access,No Middle Bass active match found in v23.1.65 snippets/search,v23.1.66,From OH_W2 next-round closeout. Primitive island camping; ferry/boat access likely; exact access and amenities need official source
oh-lead-north-bass-island-sp-primitive-camping-coordinate-rescue,OH,North Bass Island State Park Primitive Camping,Ottawa / North Bass Island,coordinate_rescue,Boat / Backpack,`official_primitive_island_coordinate_rescue`,High,ODNR official state park,Official ODNR proof; exact camping coordinate not recovered.,Needs careful coordinate rescue; do not use island center.,Add lead.,No active OH match.,v23.1.65,OH_W1 first-pass return. Source/citation text: ODNR identifies North Bass Island as a primitive getaway offering primitive camping and historic home rentals. ([Ohio Department of Natural Resources][6])
oh-lead-north-bass-island-state-park-primitive-camping,OH,North Bass Island State Park Primitive/Island Camping Check,Ottawa / North Bass Island,coordinate_rescue,Rustic / Primitive or Boat / Backpack,Public camping status/coordinate unclear from accessible sources,High,ODNR official source family needed,No safe coordinate; no final public overnight proof recovered here,Lead only until public overnight camping and coordinate are confirmed,Normal browser ODNR check or agency contact,No North Bass active match found in v23.1.65 snippets/search,v23.1.66,From OH_W2 next-round closeout. Possible island primitive/permit camping; public status and exact location unresolved
oh-ottawa-county-fairgrounds-camping-public-access-check,OH,Ottawa County Fairgrounds Camping,Ottawa / Oak Harbor,coordinate_rescue,Rustic / Primitive,coordinate_rescue,High,County fairground/operator + coordinate support,NO HONEST ACTIVE COORDINATE ACCEPTED,Do not promote until public access is clear,Add lead,,v23.1.71,
oh-lead-south-bass-island-sp-campground-coordinate-rescue,OH,South Bass Island State Park Campground,Ottawa / Put-in-Bay / South Bass Island,coordinate_rescue,Modern Campgrounds,`official_proof_coordinate_rescue`,High,ODNR official campground/PDF,Official ODNR proof and campground PDF; no exact coordinate extracted.,Valid island campground; do not confuse with Oak Point day-use/boater park.,Add lead.,No active OH match.,v23.1.65,"OH_W1 first-pass return. Source/citation text: ODNR says South Bass Island offers electric, full-service and primitive sites May through mid-October; ODNR campground map gives 1523 Catawba Avenue and shows campground facilities. ([Ohio Department of Natural Resources][4])"
oh-paulding-county-fairgrounds-camping-public-access-check,OH,Paulding County Fairgrounds Camping,Paulding / Paulding,coordinate_rescue,Rustic / Primitive,coordinate_rescue,High,Official fairground/board document,NO HONEST ACTIVE COORDINATE ACCEPTED,"Real lead, not ready active",Add lead,,v23.1.71,
oh-v73-deer-creek-coordinate-rescue,OH,Deer Creek State Park Campground,Pickaway / Mt. Sterling,coordinate_rescue,Modern Campgrounds,coordinate_rescue,High,v23.1.72 worker return / supervisor reconciliation,NO HONEST ACTIVE COORDINATE ACCEPTED,Official/source proof exists but exact campsite/campground coordinate is still blocked or medium-only.,Extract ReserveOhio coordinate or georeference official campground PDF.,,v23.1.73,
oh-lead-aw-marion-state-park-campground,OH,A.W. Marion State Park Campground,Pickaway County,coordinate_rescue,Rustic / Primitive or Modern after amenity audit,ODNR campground; coordinate rescue,High,Official ODNR state park/map/reservation source path,NO HONEST IMPORT COORDINATE RECOVERED in accessible tools; official map/reservation/GIS extraction needed.,"Good future active candidate, but not safe to import until campground loop/component coordinate is recovered.","Use normal browser ODNR page/reservation map, ODNR GIS/static map, or georeference official map; add active row only after point lands on campground/component.",NO ACTIVE OH MATCH FOUND in current OH.js unless otherwise noted,v23.1.65,OH_W3 first-pass return. Source/citation text: https://ohiodnr.gov/go-and-do/plan-a-visit/find-a-property/a-w-marion-state-park ; https://ohiodnr.gov/static/documents/parks/parkmaps/awmarionparkmap.pdf
oh-pike-pike-lake-state-park-campground-coordinate-rescue,OH,Pike Lake State Park Campground,Pike,research_needed,Modern Campgrounds,Research Needed,High,ODNR PDF/table,ODNR camping-table proof; exact coordinate blocked.,State park lead.,Add lead.,NO ACTIVE IN-LOCK OH ROW FOUND,v23.1.65,OH_W4 first-pass return. Source/citation text: ODNR camping table lists Pike Lake in the southeast camping region.
oh-v73-hueston-woods-component-coordinate-rescue,OH,Hueston Woods campground/equestrian/group components,Preble / Butler edge,coordinate_rescue,Modern + Rustic components,coordinate_rescue,High,v23.1.72 worker return / supervisor reconciliation,NO HONEST ACTIVE COORDINATE ACCEPTED,Official/source proof exists but exact campsite/campground coordinate is still blocked or medium-only.,"Extract from ReserveOhio, official campground PDF, or ODNR GIS; do not collapse component loops if map supports split.",,v23.1.73,
oh-ross-scioto-trail-state-park-campground-coordinate-rescue,OH,Scioto Trail State Park Campground,Ross,research_needed,Rustic / Primitive,Research Needed,High,ODNR PDF/table,ODNR camping-table proof; exact coordinate blocked.,Likely low-service but needs proof.,Add lead.,NO ACTIVE IN-LOCK OH ROW FOUND,v23.1.65,OH_W4 first-pass return. Source/citation text: ODNR camping table lists Scioto Trail in the southeast camping region.
oh-ross-great-seal-state-park-primitive-equestrian-campground-coordinate-rescue,OH,Great Seal State Park Campground,Ross / Chillicothe / Appalachian foothills,coordinate_rescue,Rustic / Primitive,coordinate_rescue,High,ODNR / Ohio State Parks,NO HONEST ACTIVE COORDINATE ACCEPTED,In scope via Ross east / Appalachian foothills,Add durable lead,,v23.1.71,
oh-ross-tar-hollow-state-park-campground-coordinate-rescue,OH,Tar Hollow State Park Campground,Ross / Hocking edge,research_needed,Modern Campgrounds,Research Needed,High,ODNR,Official camping proof recovered; exact coordinate blocked.,Split from backpack and horse-camp systems.,Add lead.,NO ACTIVE IN-LOCK OH ROW FOUND,v23.1.65,OH_W4 first-pass return. Source/citation text: ODNR state camping table lists Tar Hollow; ODNR reservation result confirms camping inventory.
oh-ross-tar-hollow-logan-backpack-trail-camps-coordinate-rescue,OH,Tar Hollow Logan Backpack Trail Primitive Camps,Ross / Tar Hollow,research_needed,Boat / Backpack,Research Needed,High,ODNR,Official trail-camping proof found; exact campsite coordinates blocked.,Do not pin to fire tower unless official site point is extracted.,Add lead.,NO ACTIVE IN-LOCK OH ROW FOUND,v23.1.65,OH_W4 first-pass return. Source/citation text: ODNR reservation/source result identifies primitive backpack sites on the Logan Backpack Trail and fire-tower backpack camping context. ([Ohio Department of Natural Resources][18])
oh-ross-tar-hollow-state-forest-horse-camp-coordinate-rescue,OH,Tar Hollow State Forest Horse Camp,Ross / Tar Hollow State Forest,research_needed,Rustic / Primitive,Research Needed,High,ODNR,Official proof recovered; exact coordinate blocked.,Strong rustic lead.,Add lead.,NO ACTIVE IN-LOCK OH ROW FOUND,v23.1.65,"OH_W4 first-pass return. Source/citation text: ODNR says Tar Hollow State Forest has a 46-site primitive horse camp on Poe Run Road, with latrines and no electric or drinking water. ([Ohio Department of Natural Resources][19])"
oh-scioto-shawnee-state-park-turkey-creek-campground-coordinate-rescue,OH,Shawnee State Park — Turkey Creek Campground,Scioto,research_needed,Modern Campgrounds,Research Needed,High,ODNR,Official proof recovered; exact campground coordinate blocked.,Split from Ohio River Campground and Bear Lake Horse Camp.,Add lead.,NO ACTIVE IN-LOCK OH ROW FOUND,v23.1.65,"OH_W4 first-pass return. Source/citation text: ODNR says Shawnee’s Turkey Creek campground has 86 electric and 21 non-electric sites, showers, flush toilets, dump station, and laundry. ([Ohio Department of Natural Resources][20])"
oh-scioto-shawnee-ohio-river-campground-marina-coordinate-rescue,OH,Shawnee State Park — Ohio River Campground & Marina,Scioto / Ohio River,research_needed,Modern Campgrounds,Research Needed,High,ODNR,Official proof recovered; exact campground coordinate blocked.,"Campground is valid, but don’t use marina center if separate.",Add lead.,NO ACTIVE IN-LOCK OH ROW FOUND,v23.1.65,"OH_W4 first-pass return. Source/citation text: ODNR says the Ohio River Campground & Marina has 80 paved full-hookup sites, shower house, flush toilets, and laundry. ([Ohio Department of Natural Resources][20])"
oh-scioto-shawnee-bear-lake-horse-camp-coordinate-rescue,OH,Shawnee State Forest / Bear Lake Horse Camp,Scioto / Shawnee State Forest,research_needed,Rustic / Primitive,Research Needed,High,ODNR,Official proof recovered; exact coordinate blocked.,Split from Shawnee State Park main campgrounds.,Add lead.,NO ACTIVE IN-LOCK OH ROW FOUND,v23.1.65,OH_W4 first-pass return. Source/citation text: ODNR says Bear Lake Horse Camp has 58 primitive campsites and is managed by Shawnee State Forest. ([Ohio Department of Natural Resources][20])
oh-scioto-shawnee-state-forest-backpack-camps-coordinate-rescue,OH,Shawnee State Forest Backpack Camps,Scioto / Shawnee State Forest,research_needed,Boat / Backpack,Research Needed,High,ODNR,Official source family found; exact campsite coordinates blocked.,Do not use trailhead or forest office.,Add lead.,NO ACTIVE IN-LOCK OH ROW FOUND,v23.1.65,OH_W4 first-pass return. Source/citation text: ODNR source family confirms Shawnee State Forest camping/backpacking context; exact backpack-site coordinates need forest map extraction. ([Ohio Department of Natural Resources][21])
oh-lead-lake-loramie-state-park-campground,OH,Lake Loramie State Park Campground,Shelby / Auglaize,coordinate_rescue,Modern Campgrounds,ODNR campground; coordinate rescue,High,Official ODNR state park/map/reservation source path,NO HONEST IMPORT COORDINATE RECOVERED in accessible tools; official map/reservation/GIS extraction needed.,"Good future active candidate, but not safe to import until campground loop/component coordinate is recovered.","Use normal browser ODNR page/reservation map, ODNR GIS/static map, or georeference official map; add active row only after point lands on campground/component.",NO ACTIVE OH MATCH FOUND in current OH.js unless otherwise noted,v23.1.65,OH_W3 first-pass return. Source/citation text: https://ohiodnr.gov/go-and-do/plan-a-visit/find-a-property/lake-loramie-state-park ; https://ohiodnr.gov/static/documents/parks/parkmaps/lakeloramieparkmap.pdf
oh-vinton-lake-alma-state-park-campground-coordinate-rescue,OH,Lake Alma State Park Campground,Vinton,research_needed,Modern Campgrounds,Research Needed,High,ODNR PDF/table,ODNR camping-table proof; exact coordinate blocked.,Good state-park lead.,Add lead.,NO ACTIVE IN-LOCK OH ROW FOUND,v23.1.65,OH_W4 first-pass return. Source/citation text: ODNR camping table lists Lake Alma in the southeast camping region.
oh-vinton-lake-hope-state-park-campground-coordinate-rescue,OH,Lake Hope State Park Campground,Vinton,research_needed,Modern Campgrounds,Research Needed,High,ODNR,Official proof recovered; exact campground coordinate blocked.,Main campground should be mapped separately from Zaleski backpack/equestrian sites.,Add lead.,NO ACTIVE IN-LOCK OH ROW FOUND,v23.1.65,"OH_W4 first-pass return. Source/citation text: ODNR says Lake Hope has 46 electric sites, 143 non-electric sites, and camper cabins; state camping table confirms Lake Hope camping. ([Ohio Department of Natural Resources][14])"
oh-vinton-vinton-furnace-hunters-camp-coordinate-rescue,OH,Vinton Furnace Hunters Camp,Vinton / Vinton Furnace State Forest,research_needed,Rustic / Primitive,Research Needed,High,ODNR,Official proof recovered; exact camp coordinate blocked.,"Strong reject-prevention note: only Hunters Camp, not general forest camping.",Add lead.,NO ACTIVE IN-LOCK OH ROW FOUND,v23.1.65,OH_W4 first-pass return. Source/citation text: ODNR says camping is allowed only at the Hunters Camp at Vinton Furnace. ([Ohio Department of Natural Resources][27])
oh-vinton-zaleski-state-forest-backpack-campsites-coordinate-rescue,OH,Zaleski State Forest Backpack Campsites,Vinton / Zaleski State Forest,research_needed,Boat / Backpack,Research Needed,High,ODNR,Official proof recovered; exact campsite coordinates blocked.,Do not pin to forest office or trailhead.,Add lead.,NO ACTIVE IN-LOCK OH ROW FOUND,v23.1.65,OH_W4 first-pass return. Source/citation text: ODNR says Zaleski backpack campsites are primitive and have latrine and year-round potable water. ([Ohio Department of Natural Resources][15])
oh-vinton-zaleski-state-forest-horse-hunter-camping-coordinate-rescue,OH,Zaleski State Forest Horse / Hunter Camping,Vinton / Zaleski State Forest,research_needed,Rustic / Primitive,Research Needed,High,ODNR,Official source family found; component coordinates blocked.,Component split needed.,Add lead.,NO ACTIVE IN-LOCK OH ROW FOUND,v23.1.65,OH_W4 first-pass return. Source/citation text: ODNR Lake Hope/Zaleski source family references equestrian and hunter camping in the Zaleski/Lake Hope camping system. ([Ohio Department of Natural Resources][16])
oh-v73-caesar-creek-horse-camp-coordinate-rescue,OH,Caesar Creek Horseman’s Camp,Warren / Caesar Creek,coordinate_rescue,Rustic / Primitive,coordinate_rescue,High,v23.1.72 worker return / supervisor reconciliation,NO HONEST ACTIVE COORDINATE ACCEPTED,Official/source proof exists but exact campsite/campground coordinate is still blocked or medium-only.,Extract ODNR map coordinate or georeference official equestrian campground PDF.,,v23.1.73,
oh-lead-caesar-creek-horse-camp,OH,Caesar Creek Horse Camp,Warren / Clinton / Greene,research_needed,Rustic / Primitive,Separate horse-camp component lead,High,Official ODNR state park/map/reservation source path,NO HONEST IMPORT COORDINATE RECOVERED in accessible tools; official map/reservation/GIS extraction needed.,"Good future active candidate, but not safe to import until campground loop/component coordinate is recovered.","Use normal browser ODNR page/reservation map, ODNR GIS/static map, or georeference official map; add active row only after point lands on campground/component.",NO ACTIVE OH MATCH FOUND in current OH.js unless otherwise noted,v23.1.65,OH_W3 first-pass return. Source/citation text: https://ohiodnr.gov/static/documents/parks/parkmaps/caesarcreekparkmap.pdf
oh-lead-caesar-creek-state-park-campground,OH,Caesar Creek State Park Campground,Warren / Clinton / Greene,coordinate_rescue,Modern Campgrounds,ODNR/USACE reservoir campground; coordinate rescue,High,Official ODNR state park/map/reservation source path,NO HONEST IMPORT COORDINATE RECOVERED in accessible tools; official map/reservation/GIS extraction needed.,"Good future active candidate, but not safe to import until campground loop/component coordinate is recovered.","Use normal browser ODNR page/reservation map, ODNR GIS/static map, or georeference official map; add active row only after point lands on campground/component.",NO ACTIVE OH MATCH FOUND in current OH.js unless otherwise noted,v23.1.65,OH_W3 first-pass return. Source/citation text: https://ohiodnr.gov/go-and-do/plan-a-visit/find-a-property/caesar-creek-state-park ; https://ohiodnr.gov/static/documents/parks/parkmaps/caesarcreekparkmap.pdf
oh-wayne-national-forest-dispersed-camping-rule-area,OH,Wayne NF Dispersed / OHV Camping Rule Area,Wayne NF units,correction_candidate,Boondocking / Dispersed,correction_candidate,High,USDA / USFS,NO HONEST ACTIVE COORDINATE ACCEPTED,Do not add OHV trailheads as individual campsite pins,Update existing rule marker wording/source,,v23.1.71,
pa-conewago-campground-coordinate-rescue,PA,Conewago Campground,Adams / Biglerville-Gettysburg area,coordinate_rescue,Private Campgrounds,coordinate_rescue,High,Directory / discovery lead,Directory/discovery source identifies campground; public access/current operator needs confirmation,Not enough for active import.,"Find operator/municipal source, address-map check, then promote or reject.",,v23.1.62,https://www.camping.org/campgrounds/pennsylvania/gettysburg/gettysburg-battlefield-resort
pa-lead-michaux-state-forest-at-hike-in-campsite-extraction,PA,Michaux State Forest AT / Hike-In / Primitive Backpack Camping,Adams / Cumberland / Franklin edge,coordinate_rescue,Boat / Backpack / Boondocking / Dispersed,Official rule + designated-site extraction lead,High,PA DCNR official,"DCNR rule proof and map/PDF lead, exact points not extracted",South-central edge target; not a normal campground,Add durable lead,,v23.1.64,DCNR says backpack campers may use trailside sites along the AT or other state forest hiking trails under limits; DCNR material also identifies hike-in campsites and rustic camp areas needing map extraction. ([Pennsylvania Government][16])
pa-lead-michaux-state-forest-designated-campsites-gis-extraction,PA,Michaux State Forest designated roadside / hike-in / rustic campsites,Adams / Franklin / Cumberland,coordinate_rescue,Boondocking / Dispersed; Boat / Backpack for hike-in; Rustic / Primitive where rustic area applies,Official designated camping system; exact DCNR point extraction needed,High,PA DCNR + ReserveAmerica + ArcGIS,ReserveAmerica confirms site classes; DCNR GIS has exact point layer but point rows not extracted,Do not use the Michaux district office GPS as a campground coordinate; ReserveAmerica itself describes it as the district office location. ([Pennsylvania State Parks][3]),Add durable extraction lead; promote exact individual sites after GIS query.,,v23.1.64,"Michaux camping page says the forest offers two roadside campsites; ReserveAmerica search shows `Roadside (2)`, `Roadside Hike-in (18)`, and `State Forest Rustic (26)`. ([Pennsylvania Government][2])"
pa-appalachian-trail-michaux-camping-rule-lead,PA,Appalachian Trail camping rules - Michaux / south-central PA,Adams / Franklin / Cumberland / AT corridor,coordinate_rescue,Boat / Backpack,rule_lead / reject_trap_watch,High,Appalachian Trail Conservancy / DCNR,Official/ATC rule proof; camping varies by land manager; no fake shelter/trailhead pin,"Prevent workers from importing AT trailheads, parking lots, or battlefield/historic lots as camping.",Extract official shelter/campsite coordinates only; otherwise keep rule lead.,,v23.1.62,https://appalachiantrail.org/experience/hike-the-trail/explore-by-state/pennsylvania/ ; https://www.pa.gov/agencies/dcnr/recreation/where-to-go/state-forests/find-a-forest/michaux/camping
pa-michaux-state-forest-designated-roadside-and-backpack-camping,PA,Michaux State Forest designated roadside + backpack camping rule/geometry,Adams / Franklin / Cumberland / Michaux State Forest,coordinate_rescue,Boondocking / Dispersed,geometry_extraction_needed,High,PA DCNR state forest camping page / reservation system,Official DCNR rule proof; designated state forest campsites reserved through PA reservation system; no single honest point,"Do not use district office, trailheads, or AT parking as boondocking pins.",Extract PA State Forest Camping Sites GIS/reservation data; consider individual designated site imports.,,v23.1.62,https://www.pa.gov/agencies/dcnr/recreation/where-to-go/state-forests/find-a-forest/michaux/camping ; https://maps.dcnr.pa.gov/bof/camping/
pa-drummer-boy-camping-resort-coordinate-rescue,PA,Drummer Boy Camping Resort,Adams / Gettysburg,coordinate_rescue,Private Campgrounds,coordinate_rescue,High,Private operator,Operator proof and address found; no source-backed coordinate extracted in accessible pass,Do not confuse with Gettysburg NMP or Hanover St city point.,"Normal browser map/parcel spot-check, then promote as active.",,v23.1.62,https://thousandtrails.com/pennsylvania/drummer-boy-camping-resort ; https://www.rvonthego.com/pennsylvania/drummer-boy-camping-resort/
pa-gettysburg-battlefield-koa-coordinate-rescue,PA,Gettysburg / Battlefield KOA Holiday,Adams / Gettysburg,coordinate_rescue,Private Campgrounds,coordinate_rescue,High,Private operator / KOA,KOA operator proof; no source-backed coordinate extracted in accessible pass,Obvious miss; should not stay lead-only once normal map coordinate is recovered.,"Normal browser/map spot-check, then promote active.",,v23.1.62,https://koa.com/campgrounds/gettysburg/
pa-friendship-village-campground-coordinate-rescue,PA,Friendship Village Campground & RV Park,Bedford / Bedford area,coordinate_rescue,Private Campgrounds,coordinate_rescue,High,Private operator / discovery,Obvious Bedford-area private campground; coordinate/source not fully extracted in accessible pass,Likely obvious active candidate.,Operator proof + coordinate rescue.,,v23.1.62,Search family: Bedford PA campground / RV park
pa-buchanan-state-forest-designated-campsites,PA,Buchanan State Forest designated campsites,Bedford / Fulton / Franklin ridge corridor,coordinate_rescue,Boondocking / Dispersed,geometry_extraction_needed,High,PA DCNR / ReserveAmerica,"Official ReserveAmerica proof: singular remote dispersed campsites, some walk-in; no coordinate extraction completed",Good high-value boondocking-style candidate once official site coordinates are extracted.,Extract PA State Forest Camping Sites GIS/reservation data.,,v23.1.62,https://pennsylvaniastateparks.reserveamerica.com/camping/buchanan-state-forest/r/campgroundDetails.do?contractCode=PA&parkId=880263 ; https://maps.dcnr.pa.gov/bof/camping/
pa-heritage-cove-resort-coordinate-rescue,PA,Heritage Cove Resort,Bedford / Saxton-Raystown south,coordinate_rescue,Private Campgrounds,coordinate_rescue,High,Private operator,Operator proof for 200+ full-hookup sites; no coordinate extracted,High-priority obvious miss in Raystown south corridor.,"Normal browser map/parcel spot-check, then promote active.",,v23.1.62,https://heritagecove.com/
pa-shawnee-state-park-campground-coordinate-extraction,PA,Shawnee State Park Campground,Bedford / Shawnee Lake,coordinate_rescue,Modern Campgrounds,coordinate_rescue,High,PA DCNR / ReserveAmerica,Official DCNR campground proof; accessible source did not expose exact campground GPS; NO HONEST ACTIVE COORDINATE YET,"Do not use Shawnee Lake center, office, or beach.",Extract campground map/reservation metadata coordinate.,,v23.1.62,https://www.pa.gov/agencies/dcnr/recreation/where-to-go/state-parks/find-a-park/shawnee-state-park/stay ; https://pennsylvaniastateparks.reserveamerica.com/camping/shawnee-state-park/r/campgroundDetails.do?contractCode=PA&parkId=880313
pa-lead-berks-blue-rocks-family-campground,PA,Blue Rocks Family Campground,Berks,coordinate_rescue,Private Campgrounds,lead_coordinate_rescue,High,Operator,Operator proof + address; coordinate rescue needed,Add lead; coordinate rescue next,Add lead,,v23.1.62,"Operator says campground occupies 100+ forested acres and has 200 campsites; contact page gives 341 Sousley Road, Lenhartsville. ([bluerockscampground.com][29])"
pa-wrights-orchard-station-campground-coordinate-rescue,PA,Wrights Orchard Station Campground,Blair / Altoona-Tyrone corridor,coordinate_rescue,Private Campgrounds,coordinate_rescue,High,Directory / operator follow-up,PA Camping directory identifies campground; coordinate not extracted,Blair County obvious miss.,Operator proof + map coordinate rescue.,,v23.1.62,https://www.pacamping.com/find-a-campground?lat=40.40759430&long=-78.07100050
pa-lead-bradford-pine-cradle-lake-family-campground-coordinate-rescue,PA,Pine Cradle Lake Family Campground,Bradford / Rome / Ulster mailing,coordinate_rescue,Private Campgrounds,Coordinate rescue lead,High,Operator + tourism,"Operator address + interactive map, no extracted lat/lon / Medium pending","Strong add, but exact coordinate not extracted in this pass","Normal browser map click or operator map extraction, then active import",,v23.1.62,"Operator lists physical address, campsites, cabins/cottages, interactive map; VisitPA lists 200 campsites. ([Pine Cradle Lake][13])"
pa-lead-bradford-sugar-creek-rv-park-public-status,PA,Sugar Creek RV Park,Bradford / Towanda,coordinate_rescue,Needs Verification,lead_public_status,High,Facebook + weak directories only,Address only; no non-Facebook/operator proof recovered,Target explicitly required non-Facebook/operator proof if possible; not recovered,Keep lead; verify operator/public status,,v23.1.64,"Facebook and unverified directories list Sugar Creek RV Park at/near 20963 US-6 / Roosevelt Highway, Towanda, but I did not recover durable non-Facebook operator proof or public transient details. ([Facebook][6])"
pa-lead-north-branch-susquehanna-bof-island-campsite-extraction,PA,North Branch Susquehanna Water Trail Bureau of Forestry Island Campsites,Bradford / Wyoming / Luzerne / Columbia corridor,coordinate_rescue,Boat / Backpack,Official island-camping extraction lead,High,PA DCNR / PFBC official,"Official DCNR/PFBC proof, no island coordinates extracted",Exact island/site coordinates were not accessible in the current source pass,Add durable lead,,v23.1.64,DCNR Loyalsock State Forest says primitive water-trail camping is allowed at several Bureau of Forestry-managed river island campsites along the North Branch; PFBC describes the North Branch corridor. ([Pennsylvania Government][14])
pa-lead-north-branch-susquehanna-water-trail-island-camping-extraction,PA,North Branch Susquehanna Water Trail Island Camping,Bradford / Wyoming / Luzerne / Columbia corridor,coordinate_rescue,Boat / Backpack,Official water-trail lead,High,DCNR / water trail sources,Official water-trail rule proof; exact island/site extraction needed,Needs island/site list and current postings,Add lead; GIS/agency contact,,v23.1.62,Official sources say Bureau of Forestry-managed islands may be open to through-camping if not posted. ([Pennsylvania Government][19])
pa-lead-bucks-colonial-woods-family-camping-resort,PA,Colonial Woods Family Camping Resort,Bucks,coordinate_rescue,Private Campgrounds,lead_coordinate_rescue,High,Operator / tourism,Operator proof + address; coordinate rescue needed,Strong private lead,Add lead,,v23.1.62,"Operator advertises RV, cabin, and tent camping; Visit Bucks gives address 545 Lonely Cottage Drive, Upper Black Eddy. ([Colonial Woods][27])"
pa-lead-bucks-lake-towhee-campground-proof-coordinate-rescue,PA,Lake Towhee Campground,Bucks,coordinate_rescue,Rustic / Primitive likely,lead_proof_coordinate_rescue,High,County official + map lead,Official camping-rule/map hints; exact campground proof/coordinate not safely recovered,Do not active-add from broad park marker,Keep lead,,v23.1.64,"Bucks camping rules mention Lake Towhee campground dump station use; county/map references indicate camping, but accessible proof was fragmented and exact campground coordinate was not safely recovered. ([Bucks County][11])"
pa-lead-bucks-tinicum-park-campground,PA,Tinicum Park Campground,Bucks,coordinate_rescue,Rustic / Primitive,lead_coordinate_rescue,High,Bucks County / township/tourism,Official/local proof; exact coordinate rescue needed,Add as lead until county campground map coordinate is confirmed,Add lead,,v23.1.62,County facility metadata includes camping; local/tourism sources describe family camping and eight campsites. ([Bucks County][25])
pa-lead-bucks-tohickon-valley-park-campground,PA,Tohickon Valley Park Campground,Bucks,coordinate_rescue,Rustic / Primitive,lead_coordinate_rescue,High,Bucks County,Official county proof; coordinate rescue needed,Layer Rustic unless modern amenities are later proven,Add lead,,v23.1.62,Bucks County lists 22 family/individual campsites and two group camping areas at Tohickon Valley Park; county rules mention dump station at Tohickon Valley Campground. ([Bucks County][24])
pa-butler-moraine-link-road-overnight-shelter-coordinate-rescue,PA,Moraine State Park — Link Road Overnight Shelter,Butler,coordinate_rescue,Boat / Backpack,Research Needed,High,PA DCNR,Official proof recovered; exact shelter coordinate blocked.,Important trap/valid exception.,Add lead; later exact coordinate.,,v23.1.62,"DCNR says camping is prohibited in Moraine State Park except the Link Road Overnight Shelter on the North Country Trail, by reservation only. ([Pennsylvania Government][27])"
pa-lead-prince-gallitzin-crooked-run-campground-coordinate-rescue,PA,Crooked Run Campground / Prince Gallitzin State Park,Cambria,coordinate_rescue,Modern Campgrounds,lead_coordinate_rescue,High,PA DCNR / reservation source,Official proof recovered; exact campground coordinate not safely recovered,Needs reservation-map or DCNR map coordinate extraction,Add durable lead; promote after coordinate rescue,,v23.1.62,"DCNR lists a 398-site campground with electric/full-hookup options, showers, camp store, laundry, beach, and boating; coordinate sources seen appear park/general, not safely exact campground-loop proof. ([Pennsylvania Government][15])"
pa-lead-carbon-jim-thorpe-camping-resort-coordinate-rescue,PA,Jim Thorpe Camping Resort,Carbon / Jim Thorpe,coordinate_rescue,Private Campgrounds,Coordinate rescue lead,High,Operator + tourism,Operator/address proof; no extracted coordinate,Nearby Mauch Chunk also exists; do not merge,Promote after coordinate extraction,,v23.1.62,Operator/tourism confirm wooded campground at 129 Lentz Trail with RV/tent/cabin options. ([jimthorpecamping][37])
pa-lead-carbon-don-laine-campground-coordinate-rescue,PA,Don Laine Campground,Carbon / Palmerton,coordinate_rescue,Private Campgrounds,Coordinate rescue lead,High,Operator,Operator/address proof; no coordinate extracted,Strong active candidate once coordinate recovered,Promote after coordinate extraction,,v23.1.62,Operator confirms RV/tent sites and hookups at 790 57 Drive. ([DonLaine Campground][39])
pa-lead-bald-eagle-state-park-rustic-camping-area-coordinate-rescue,PA,Bald Eagle State Park Rustic Camping Area,Centre,coordinate_rescue,Rustic / Primitive,Official rustic area; coordinate rescue needed,High,PA DCNR,No exact rustic-area coordinate recovered,Do not use main park GPS as the rustic-area pin without map check.,Add coordinate-rescue lead.,,v23.1.62,"DCNR says the rustic area has 34 walk-to tent sites and 34 camping-vehicle sites, drinking water, non-flush restrooms with sink, and dump station. ([Pennsylvania Government][16])"
pa-lead-cook-forest-thompson-eddy-canoe-kayak-campsites-point-extraction,PA,Cook Forest Thompson Eddy Canoe/Kayak Campsites,Clarion / Forest / Clarion River,coordinate_rescue,Boat / Backpack,"Official campsite lead, point blocked",High,PA DCNR official,"Official DCNR proof, no exact coordinate extracted","Do not pin bridge, launch, or river mile",Add durable lead,,v23.1.64,"DCNR confirms three canoe/kayak campsites at Thompson Eddy downstream of Gravel Lick Bridge, one-night tents-only use. ([Pennsylvania Government][8])"
pa-clarion-cook-forest-state-park-ridge-campground-coordinate-rescue,PA,Cook Forest State Park Ridge Campground,Clarion / Forest / Jefferson,coordinate_rescue,Modern Campgrounds,Research Needed,High,PA DCNR / ReserveAmerica,Official camping proof recovered; exact campground coordinate blocked.,Strong add once coordinate extracted.,Add lead; GIS/reservation map extraction.,,v23.1.62,"DCNR says Cook Forest has 210 campsites; full-hookup sites have water, 50-amp electric, and sewage hookup; state camping page lists Cook Forest camping April–December. ([Pennsylvania Government][20])"
pa-clarion-rustic-acres-rv-resort-campground-coordinate-rescue,PA,Rustic Acres RV Resort & Campground,Clarion / Shippenville,coordinate_rescue,Private Campgrounds,Research Needed,High,Operator,Operator proof recovered; coordinate not extracted.,Obvious Clarion private campground.,Add lead.,,v23.1.62,"Operator says Rustic Acres offers full hookups, glamping, Wi-Fi, family/pet-friendly camping, and direct hiking/biking trail access. ([camprustic.com][40])"
pa-clarion-cook-forest-thompson-eddy-river-camping-coordinate-rescue,PA,Cook Forest Thompson Eddy River Camping,Clarion River / Cook Forest,coordinate_rescue,Boat / Backpack,Research Needed,High,PA DCNR,Official river-camping proof recovered; exact coordinate blocked.,Should not be lumped into main campground.,Add lead; extract exact river site coordinate.,,v23.1.62,"DCNR guide text says a canoe/kayak camping area with three sites is at Thompson Eddy, downstream of Gravel Lick Bridge, for river travelers only. ([DCNR eLibrary][21])"
pa-lead-cook-forest-thompson-eddy-river-camping-coordinate-rescue,PA,Cook Forest State Park — Thompson Eddy River Camping,Clarion River / Cook Forest SP,coordinate_rescue,Boat / Backpack,coordinate_rescue / water_component_handoff,High,PA DCNR official Stay the Night + recreational guide,Official proof found but no exact official coordinate recovered; NO HONEST COORDINATE,This is real camping but not active-safe without exact water-site coordinate or official site marker. Coordinate with Worker 6 water/backpack scope.,Add/update lead; extract Thompson Eddy site coordinates from official map/GIS or agency contact.,,v23.1.64,"https://www.pa.gov/agencies/dcnr/recreation/where-to-go/state-parks/find-a-park/cook-forest-state-park/stay ; DCNR states three canoe/kayak camping sites are at Thompson Eddy downstream of Gravel Lick Bridge, limited to one night and tent use for river travelers."
pa-clear-creek-callen-run-roadside-campsites-gis-rescue,PA,Clear Creek State Forest — Callen Run Tract Roadside Campsites,Clear Creek State Forest,coordinate_rescue,Boondocking / Dispersed,Research Needed,High,Official PA DCNR,Official proof for five designated sites; exact GIS points not extracted.,Strong lead; should become exact active points after GIS extraction.,Add lead; GIS extraction next.,,v23.1.64,DCNR says Clear Creek has five designated and reservable roadside campsites in the Callen Run Tract. ([Pennsylvania Government][3])
pa-lead-moshannon-state-forest-roadside-campsites-gis-extraction,PA,Moshannon State Forest designated roadside campsites,Clearfield / Centre,coordinate_rescue,Boondocking / Dispersed,Official designated roadside campsite system,High,PA DCNR / ReserveAmerica,Reservation/GIS extraction needed,Do not use Moshannon district/forest center coordinate.,Add durable lead.,,v23.1.62,"ReserveAmerica says Moshannon has designated roadside campsites identified by signpost/name, no amenities, though some may have fire ring and picnic table. ([Pennsylvania State Parks][33])"
pa-lead-sproul-state-forest-roadside-campsites-gis-extraction,PA,Sproul State Forest designated roadside campsites,Clinton / Centre,coordinate_rescue,Boondocking / Dispersed,Official designated roadside campsite system,High,PA DCNR / ReserveAmerica,Interactive GIS/reservation extraction needed,Better represented as individual designated-site points or an area/rule lead after GIS extraction.,Add durable lead.,,v23.1.62,"DCNR says Sproul motorized roadside campsites are reservable and visible in the interactive State Forest Camping Sites GIS map; ReserveAmerica says sites are remote designated signed sites with no amenities and are for motorized units, not tent camping. ([Pennsylvania Government][31])"
pa-lead-columbia-bloomsburg-fairgrounds-event-camping,PA,Bloomsburg Fairgrounds Event Camping,Columbia / Bloomsburg,coordinate_rescue,Overnight Parking / Rest Areas,Event-only camping lead,High,Fairgrounds official,Official fair/event camping proof; no general campground proof,Needs schema/Tod decision: event-only overnight parking vs reject,Add lead or reject guardrail depending app policy,,v23.1.62,"Fairgrounds pages describe RV/camping lots for fair and grounds events, with hookups depending on lot. ([Bloomsburg Fair][54])"
pa-lead-columbia-lake-glory-campground-coordinate-rescue,PA,Lake Glory Campground / Knoebels,Columbia / Catawissa,coordinate_rescue,Private Campgrounds,Coordinate rescue lead,High,Operator,Operator address; no extracted coordinate,Do not confuse with amusement-park office,Promote after coordinate rescue,,v23.1.62,"Knoebels confirms tent, camper, RV and cabin camping at Lake Glory, address 96 Eisenhower Rd. ([Knoebels Amusement Resort][46])"
pa-lead-columbia-jd-campground-coordinate-rescue,PA,J&D Campground,Columbia / Catawissa-Bloomsburg area,coordinate_rescue,Private Campgrounds,Coordinate rescue lead,High,Operator,Operator address; no extracted coordinate,Strong lead,Promote after coordinate extraction,,v23.1.62,Operator confirms family RV/tent campground at 973 Southern Drive with amenities. ([jdcampground.com][47])
pa-nw-state-forest-motorized-roadside-camping-geometry-lead,PA,Northwest PA State Forest Motorized Roadside Campsites — Geometry Lead,Cornplanter / Clear Creek / Elk / Moshannon district overlaps,coordinate_rescue,Boondocking / Dispersed,Research Needed,High,PA DCNR,No safe area marker yet; exact campsite GIS required.,Needs GIS extraction before active import.,Add geometry lead.,,v23.1.62,"DCNR says motorized roadside camping requires permits, must be at designated campsites, and has no modern conveniences. DCNR also provides an interactive PA State Forest Camp Sites GIS map. ([Pennsylvania Government][25])"
pa-cornplanter-primitive-backpack-camping-area-rule-lead,PA,Cornplanter State Forest Primitive Backpack Camping Rule Area,Cornplanter State Forest,coordinate_rescue,Boat / Backpack,Research Needed,High,Official PA DCNR,"Official rule proof exists, but no exact area/route marker selected.","Could become area/rule candidate later, but exact useful marker not resolved here.",Keep as area/rule lead.,,v23.1.64,"DCNR permits primitive backpack camping in much of Cornplanter State Forest, with restrictions near natural areas, roads, trails, and water; permits required for multi-night and some conditions. ([Pennsylvania Government][2])"
pa-cornplanter-hunter-run-division-roadside-campsite-gis-rescue,PA,Cornplanter State Forest — Hunter Run Division Roadside Campsite,Cornplanter State Forest / Forest-Warren area,coordinate_rescue,Boondocking / Dispersed,Research Needed,High,Official PA DCNR,Official DCNR page proves one designated roadside campsite; exact GIS point not extracted.,Strong proof; coordinate still blocked.,Add durable lead; GIS extraction next.,,v23.1.64,DCNR says Cornplanter has one roadside campsite for public use at the Hunter Run Division along Jamison Run Road; camping must use designated sites and reservations. ([Pennsylvania Government][2])
pa-crawford-conneaut-lake-family-campground-coordinate-rescue,PA,Conneaut Lake Family Campground,Crawford / Conneaut Lake,coordinate_rescue,Private Campgrounds,Research Needed,High,Operator,Operator proof recovered; exact coordinate needs map check.,Obvious Crawford miss.,Add lead.,,v23.1.62,Operator says new ownership in 2025 and campground minutes from Conneaut Lake and Pymatuning with public activities. ([conneautlakefamilycampground.com][34])
pa-crawford-pineview-camplands-coordinate-rescue,PA,Pineview Camplands,Crawford / Linesville,coordinate_rescue,Private Campgrounds,Research Needed,High,Operator,Operator address recovered; public/access details need strengthening.,Needs stronger operator details before active import.,Add lead.,,v23.1.62,"Operator page lists Pineview Camplands at 15075 Shermansville Road, Linesville, with contact info. ([Pineview Camplands][35])"
pa-crawford-meadville-campground-coordinate-rescue,PA,Meadville Campground,Crawford / Meadville,coordinate_rescue,Private Campgrounds,Research Needed,High,Operator,Operator address/proof recovered; coordinate needs map check.,Strong private campground lead.,Add lead.,,v23.1.62,"Operator lists seasonal RV lots, monthly RV lots, short-term RV lots, cabins, tent sites, and address 25164 State Route 27, Meadville. ([meadvillecampground.com][33])"
pa-crawford-pymatuning-jamestown-campground-coordinate-rescue,PA,Pymatuning State Park — Jamestown Campground,Crawford / Pymatuning,coordinate_rescue,Modern Campgrounds,Research Needed,High,PA DCNR / ReserveAmerica,Official camping proof recovered; exact campground coordinate blocked.,Split Jamestown and Linesville; do not use park office/lake center.,Add lead.,,v23.1.62,DCNR state camping page separately lists Pymatuning Jamestown Campground April–October; ReserveAmerica confirms Pymatuning has full-hookup booking categories. ([Pennsylvania Government][26])
pa-crawford-pymatuning-linesville-campground-coordinate-rescue,PA,Pymatuning State Park — Linesville Campground,Crawford / Pymatuning,coordinate_rescue,Modern Campgrounds,Research Needed,High,PA DCNR / tourism,Official camping proof recovered; exact campground coordinate blocked.,Keep separate from Jamestown.,Add lead.,,v23.1.62,DCNR state camping page separately lists Linesville Campground April–October; Crawford tourism identifies Linesville Campground at Pymatuning. ([Pennsylvania Government][26])
pa-western-village-rv-park-coordinate-rescue,PA,Western Village RV Park,Cumberland / Carlisle,coordinate_rescue,Private Campgrounds,coordinate_rescue,High,Private operator / discovery,Obvious Cumberland/Carlisle campground found in search family; coordinate/source not fully extracted,Keep separate from Carlisle Fairgrounds event-only camping.,Operator proof + coordinate rescue.,,v23.1.62,https://visitcumberlandvalley.com/ ; search family: Carlisle campground
pa-mountain-creek-campground-coordinate-rescue,PA,Mountain Creek Campground,Cumberland / Gardners-Carlisle area,coordinate_rescue,Private Campgrounds,coordinate_rescue,High,Private operator / directory discovery,Obvious campground found in Gettysburg/Cumberland sweep; coordinate/source not fully extracted,Likely obvious active candidate after coordinate rescue.,Operator proof + map check.,,v23.1.62,https://www.pacamping.com/find-a-campground?category=7&lat=39.76350160&long=-77.37541870&region=1
pa-harrisburg-east-campground-coordinate-rescue,PA,Harrisburg East Campground,Dauphin / Harrisburg-East,coordinate_rescue,Private Campgrounds,coordinate_rescue,High,Private operator / discovery,Obvious Harrisburg-area private campground; coordinate/source not fully extracted,Obvious miss for Dauphin/Hershey region.,Operator proof + coordinate rescue.,,v23.1.62,Search family: Harrisburg PA campground / RV park
pa-hersheypark-camping-resort-coordinate-rescue,PA,Hersheypark Camping Resort,Dauphin / Hershey-Hummelstown,coordinate_rescue,Private Campgrounds,coordinate_rescue,High,Private operator,Operator proof for RV/tent/cabin campground; no exact coordinate extracted here,Obvious campground miss in Hershey corridor.,"Normal browser map/parcel spot-check, then promote active.",,v23.1.62,https://www.hersheyparkcampingresort.com/ ; https://www.hersheypark.com/stay-with-us/hersheypark-camping-resort
pa-elk-state-forest-roadside-campsite-system-gis-rescue,PA,Elk State Forest Roadside Campsite System,Elk State Forest,coordinate_rescue,Boondocking / Dispersed,Research Needed,High,Official PA DCNR,Official system proof; exact points blocked.,Should become multiple exact active points after extraction.,Add lead.,,v23.1.64,"DCNR says Elk State Forest also has 11 roadside campsites throughout the forest, with permit/reservation requirements and no utility hookups/dump/trash facilities. ([Pennsylvania Government][5])"
pa-elk-hicks-run-camping-area-gis-rescue,PA,Hicks Run Camping Area — Elk State Forest,Elk State Forest,coordinate_rescue,Rustic / Primitive,Research Needed,High,Official PA DCNR,Official DCNR camping-area proof; exact site points blocked.,Strong rustic camping-area lead.,Add lead; GIS extraction.,,v23.1.64,"DCNR says Hicks Run Camping Area has 15 RV and tent designated sites, including 4 non-electric tent sites and 11 non-electric motorized sites. ([Pennsylvania Government][5])"
pa-elk-dark-hollow-equestrian-camping-area-gis-rescue,PA,Dark Hollow Equestrian Camping Area — Elk State Forest,Elk State Forest / Bell Draft Road,coordinate_rescue,Rustic / Primitive,Research Needed,High,Official PA DCNR,Official proof; exact site points blocked.,Needs exact campsite points.,Add lead.,,v23.1.64,"DCNR identifies Dark Hollow as one of two Elk State Forest equestrian camping areas along Bell Draft Road, with non-electric motorized sites and self-contained toilet requirement. ([Pennsylvania Government][5])"
pa-elk-gaswell-equestrian-camping-area-gis-rescue,PA,Gaswell Equestrian Camping Area — Elk State Forest,Elk State Forest / Bell Draft Road,coordinate_rescue,Rustic / Primitive,Research Needed,High,Official PA DCNR,Official proof; exact site points blocked.,"Strong lead, coordinate blocked.",Add lead.,,v23.1.64,"DCNR identifies Gaswell as an Elk State Forest equestrian camping area along Bell Draft Road, part of 15 total equestrian designated sites. ([Pennsylvania Government][5])"
pa-erie-presque-isle-passage-rv-park-coordinate-rescue,PA,Presque Isle Passage RV Park,Erie,coordinate_rescue,Private Campgrounds,Research Needed,High,Operator,Operator proof recovered; exact coordinate needs map check.,Obvious Erie miss.,Add lead.,,v23.1.62,"Operator says it has RV sites, tent spots, and 30+ rental units. ([Presque Isle Passage][31])"
pa-erie-lampe-campground-coordinate-rescue,PA,Lampe Campground,Erie / Lake Erie,coordinate_rescue,Modern Campgrounds,Research Needed,High,Port of Erie official page,Operator/public authority proof recovered; exact coordinate not extracted.,Strong public/authority campground lead.,Add lead; map-check address.,,v23.1.62,"Port of Erie page lists 56 waterfront campsites with water/electric, restrooms, dump station, laundry, and shower facilities. ([Erie Western PA Port Authority][29])"
pa-erie-pine-lane-campground-coordinate-rescue,PA,Pine Lane Campground,Erie / Lake Erie Bluffs edge,coordinate_rescue,Private Campgrounds,Research Needed,High,Operator,Operator proof recovered; exact coordinate needs map check.,Seasonal wording needed if imported.,Add lead.,,v23.1.62,"Operator says Pine Lane is a 24-acre, 100-site mostly seasonal campground adjacent to Lake Erie and Erie Bluffs State Park. ([Pine Lane Campground][32])"
pa-erie-saras-campground-coordinate-rescue,PA,Sara’s Campground,Erie / Presque Isle corridor,coordinate_rescue,Private Campgrounds,Research Needed,High,Operator,Operator proof recovered; exact coordinate needs map check.,Obvious Lake Erie campground miss.,Add lead.,,v23.1.62,Operator says Sara’s offers Lake Erie camping with 100+ campsites for tents/campers near Presque Isle and Waldameer. ([Sara’s Campground][30])
pa-lead-fayette-tall-oaks-campground,PA,Tall Oaks Campground,Fayette / Farmington,coordinate_rescue,Private Campgrounds,lead_coordinate_rescue,High,Operator / tourism,Operator proof + address; coordinate rescue needed,Obvious Ohiopyle-area private miss,Add lead,,v23.1.62,"Operator advertises tent, camper, RV, and group sites in the Ohiopyle/Laurel Highlands area; operator/tourism source gives 544 Camp Riamo Road, Farmington. ([tall-oaks-campground.com][31])"
pa-forest-deer-meadow-campground-coordinate-rescue,PA,Deer Meadow Campground,Forest / Cooksburg,coordinate_rescue,Private Campgrounds,Research Needed,High,County tourism,County tourism address found; operator proof/coordinate needs check.,Good lead.,Add lead.,,v23.1.62,"Forest County list includes Deer Meadow Campground at 2761 Forest Road, Cooksburg. ([forestcounty.com][17])"
pa-forest-forest-lodge-campground-coordinate-rescue,PA,Forest Lodge & Campground,Forest / Marienville,coordinate_rescue,Private Campgrounds,Research Needed,High,County tourism,County tourism address found; operator proof/coordinate needs check.,Durable lead.,Add lead.,,v23.1.62,"Forest County campground list includes Forest Lodge & Campground at 44078 PA-66, Marienville. ([forestcounty.com][17])"
pa-forest-forest-ridge-cabins-campground-coordinate-rescue,PA,Forest Ridge Cabins & Campground,Forest / Marienville,coordinate_rescue,Private Campgrounds,Research Needed,High,County tourism,County tourism address found; operator proof/coordinate needs check.,Good lead.,Add lead.,,v23.1.62,"Forest County list includes Forest Ridge Cabins & Campgrounds at 3566 Loleta Road, Marienville. ([forestcounty.com][17])"
pa-forest-double-r-campground-coordinate-rescue,PA,Double R Campground,Forest / Tionesta,coordinate_rescue,Private Campgrounds,Research Needed,High,County tourism,County tourism address found; operator proof/coordinate needs check.,Good durable lead.,Add lead.,,v23.1.62,"Forest County campground list includes Double R Campground at 152 Double R Lane, Tionesta, with seasonal RV and tent camping category context. ([forestcounty.com][17])"
pa-forest-flying-w-ranch-camping-coordinate-rescue,PA,Flying W Ranch Camping,Forest / Tionesta,coordinate_rescue,Private Campgrounds,Research Needed,High,County tourism,County tourism address found; campground status needs operator check.,"Could be public-facing, but not active-ready.",Add lead.,,v23.1.62,"Forest County list includes Flying W Ranch at 685 Flying W Ranch Road, Tionesta. ([forestcounty.com][17])"
pa-forest-nason-trust-primitive-camping-coordinate-rescue,PA,The Nason Trust Primitive Camping,Forest / Tionesta,coordinate_rescue,Rustic / Primitive,Research Needed,High,County tourism,County tourism proof found; exact coordinate and access rules need check.,Not enough for active import yet.,Add lead.,,v23.1.62,"Forest County list identifies The Nason Trust at 13685 PA-666, Tionesta, as primitive camping/equestrian/sportsman’s haven. ([forestcounty.com][17])"
pa-forest-kellettville-recreation-area-campground-coordinate-rescue,PA,Kellettville Recreation Area Campground,Forest / Tionesta Lake,coordinate_rescue,Rustic / Primitive,Research Needed,High,Recreation.gov / USACE / county tourism,Official campground family found; exact coordinate blocked.,Good lead; not active without coordinate.,Add lead.,,v23.1.62,Recreation.gov search lists Kellettville Recreation Area near Marienville; Forest County tourism lists Kellettville/Kellettville Campground as a camping facility. ([Recreation.gov][18])
pa-forest-outflow-recreation-area-campground-coordinate-rescue,PA,Outflow Recreation Area Campground,Forest / Tionesta Lake,coordinate_rescue,Modern Campgrounds,Research Needed,High,Recreation.gov / USACE / county tourism,Official campground family found; exact coordinate blocked.,Hold until coordinate is defensible.,Add lead.,,v23.1.62,Forest County tourism lists Outflow Recreation Area at 477 Spillway Road and identifies it as a camping facility; Tionesta Lake source says camping ranges from boat-access sites to hot showers/full hookups. ([forestcounty.com][17])
pa-forest-tionesta-rec-area-campground-coordinate-rescue,PA,Tionesta Recreation Area Campground,Forest / Tionesta Lake,coordinate_rescue,Modern Campgrounds,Research Needed,High,Recreation.gov / USACE,Official proof recovered; exact campground coordinate not recovered from accessible text.,Strong official campground; not imported because coordinate not recovered.,Add durable lead; extract Recreation.gov/USACE coordinate.,,v23.1.62,Recreation.gov confirms Tionesta Rec Area Campground below Tionesta Dam; Forest County tourism lists it as one of the Tionesta Lake camping facilities. ([Recreation.gov][16])
pa-twin-bridge-campground-coordinate-rescue,PA,Twin Bridge Campground,Franklin / Chambersburg,coordinate_rescue,Private Campgrounds,coordinate_rescue,High,Campground directory / operator follow-up needed,PA Camping directory address proof; coordinate not extracted,Likely active after current operator/source check.,Map spot-check and current operator proof.,,v23.1.62,https://www.pacamping.com/find-a-campground?category=7&lat=39.76350160&long=-77.37541870&region=1
pa-saunderosa-park-coordinate-rescue,PA,Saunderosa Park Campground,Franklin / Mercersburg area,coordinate_rescue,Private Campgrounds,coordinate_rescue,High,Discovery/source family,Obvious Franklin County campground; current public access/coordinate needs source confirmation,Needs public-facing overnight proof and coordinate.,Operator proof + coordinate rescue.,,v23.1.62,Search family: Franklin County PA campground / Mercersburg campground
pa-lead-buchanan-state-forest-roadside-hikein-gis-extraction,PA,Buchanan State Forest roadside / hike-in campsites,Fulton / Bedford / Franklin,coordinate_rescue,Boondocking / Dispersed; Boat / Backpack for hike-in,Official designated campsite system; exact point extraction needed,High,PA DCNR + ReserveAmerica + ArcGIS,Official DCNR proof + ReserveAmerica counts; point GIS still needed,This is a high-value extraction set.,Add extraction lead; promote exact site rows after GIS/PDF extraction.,,v23.1.64,Buchanan DCNR page says motorized roadside camping is only at designated sites and always requires permit/reservation; ReserveAmerica shows `Roadside (55)` and `Roadside Hike-in (10)`. ([Pennsylvania Government][5])
pa-lead-cowans-gap-a-b-campground-component-coordinate-split,PA,Cowans Gap State Park — A/B Campground Component Split,Fulton / Cowans Gap SP,coordinate_rescue,Modern Campgrounds,component_coordinate_rescue,High,PA DCNR camping locations map + campground map,Official component proof found but separate A/B coordinates not recovered; NO HONEST SPLIT COORDINATES,Do not create two fake rows using one coordinate.,Add/update lead for A/B component extraction.,,v23.1.64,https://www.pa.gov/agencies/dcnr/recreation/what-to-do/stay-overnight/rv-and-tent-campsites/camping-locations-map ; DCNR camping locations map lists Cowans Gap A Campground and B Campground separately.
pa-lead-ryerson-station-state-park-campground-coordinate-rescue,PA,Ryerson Station State Park Campground,Greene,coordinate_rescue,Modern Campgrounds likely,lead_coordinate_rescue,High,PA DCNR,Official proof recovered; coordinate not safely recovered,Shower/flush proof should be confirmed before final Modern classification,Add lead,,v23.1.62,"DCNR confirms campground; Stay the Night page lists 35 tent/trailer sites, electric and full-hookup sites. ([Pennsylvania Government][16])"
pa-rothrock-state-forest-primitive-and-roadside-camping,PA,Rothrock State Forest primitive/backpack/roadside camping rule/geometry,Huntingdon / Blair edge / Rothrock State Forest,coordinate_rescue,Boondocking / Dispersed,geometry_extraction_needed,High,PA DCNR / ReserveAmerica,Official DCNR/ReserveAmerica state forest camping proof; exact site coordinates not extracted,Do not use Rothrock district office or Penn-Roosevelt park point as camping pin.,Extract PA State Forest Camping Sites GIS/reservation data.,,v23.1.62,https://www.pa.gov/agencies/dcnr/recreation/where-to-go/state-forests/find-a-forest/rothrock/camping ; https://pennsylvaniastateparks.reserveamerica.com/camping/rothrock-state-forest/r/campgroundDetails.do?contractCode=PA&parkId=880264 ; https://maps.dcnr.pa.gov/bof/camping/
pa-lead-rothrock-state-forest-roadside-campsites-gis-extraction,PA,Rothrock State Forest designated roadside campsites,Huntingdon / Centre / Mifflin,coordinate_rescue,Boondocking / Dispersed,Official designated roadside system; exact points needed,High,PA DCNR + ReserveAmerica + ArcGIS,Official DCNR proof + ReserveAmerica/GIS path,"Outside source/search snippets indicate eight sites, but final proof should come from DCNR GIS/ReserveAmerica rows, not directory summaries.",Add durable extraction lead.,,v23.1.64,"DCNR says Rothrock motorized roadside camping may only be done at designated sites, requires permit/reservation, has no developed facilities, no electric hookups, no dump stations, and no trash disposal. ([Pennsylvania Government][6])"
pa-lead-rothrock-state-forest-backpack-watertrail-rule-area,PA,Rothrock State Forest primitive backpack / Juniata water-trail camping rule areas,Huntingdon / Centre / Mifflin,geometry_or_gis_extraction,Boat / Backpack,Official rule-area proof; geometry/point detail needed,High,PA DCNR,Official rule proof; no exact site points,"If mapped before exact points, popup must be very explicit.","Add rule/geometry lead, not an exact campsite pin.",,v23.1.64,DCNR says backpack campers may camp in most areas with listed exclusions; it also says the Juniata River Water Trail has limited designated primitive water-trail camping on Bureau of Forestry-managed lands. ([Pennsylvania Government][6])
pa-pleasant-hills-campground-coordinate-rescue,PA,Pleasant Hills Campground,Huntingdon / Hesston-Raystown,coordinate_rescue,Private Campgrounds,coordinate_rescue,High,Private operator,Operator proof and address found; coordinate not recovered from reliable source,Obvious campground miss; should be active once coordinate verified.,Map spot-check and promote active.,,v23.1.62,https://phcampground.com/
pa-raystown-nancys-boat-to-shore-coordinate-extraction,PA,Nancy's Boat-to-Shore Campground - Raystown Lake,Huntingdon / Raystown Lake USACE,coordinate_rescue,Boat / Backpack,coordinate_rescue,High,USACE / Recreation.gov,Recreation.gov official camping proof; no campsite/shoreline coordinate extracted from accessible source; NO HONEST ACTIVE COORDINATE YET,Do not use Aitch Boat Launch or lake-center as campsite proxy.,Extract reservation-map metadata or USACE GIS/site coordinates.,,v23.1.62,https://www.recreation.gov/camping/campgrounds/251963
pa-honey-bear-campground-coordinate-rescue,PA,Honey Bear Campground,Huntingdon / Raystown-Huntingdon,coordinate_rescue,Private Campgrounds,coordinate_rescue,High,Directory / operator follow-up,PA Camping directory identifies campground and address; coordinate/current operator needs confirmation,Potential obvious active after operator proof.,Operator proof + map coordinate rescue.,,v23.1.62,https://www.pacamping.com/find-a-campground?lat=40.40759430&long=-78.07100050
pa-trough-creek-state-park-campground-coordinate-extraction,PA,Trough Creek State Park Campground,Huntingdon / Trough Creek State Park,coordinate_rescue,Rustic / Primitive,coordinate_rescue,High,PA DCNR state park page / campground map link,Official campground proof; no DCNR campground GPS extracted in accessible pass; NO HONEST ACTIVE COORDINATE YET,Do not use park office or Paradise Furnace/parking coordinates.,Open DCNR campground PDF/GIS/reservation map and extract campground point.,,v23.1.62,https://www.pa.gov/agencies/dcnr/recreation/where-to-go/state-parks/find-a-park/trough-creek-state-park/stay
pa-jefferson-clear-creek-state-park-campground-coordinate-rescue,PA,Clear Creek State Park Campground,Jefferson,coordinate_rescue,Modern Campgrounds,Research Needed,High,PA DCNR,Official proof recovered; exact campground coordinate blocked.,Strong state-park lead.,Add lead.,,v23.1.62,DCNR says Clear Creek State Park has camping and rustic cabins; PA state camping page lists Clear Creek camping April–December. ([Pennsylvania Government][22])
pa-lead-clear-creek-state-park-canoe-kayak-campsites-point-extraction,PA,Clear Creek State Park Canoe/Kayak Campsites,Jefferson / Clarion River,coordinate_rescue,Boat / Backpack,"Official campsite lead, point blocked",High,PA DCNR official,"Official DCNR proof, no exact site coordinate extracted",Do not reuse main campground centroid,Add durable lead,,v23.1.64,"DCNR confirms two canoe/kayak campsites at the southern end of the Clear Creek campground for multi-day Clarion River trips, one-night tents-only use. ([Pennsylvania Government][7])"
pa-lead-clear-creek-canoe-kayak-campsites-component-split,PA,Clear Creek State Park — Canoe/Kayak Campsites CC01–CC02,Jefferson / Clarion River,coordinate_rescue,Boat / Backpack,coordinate_rescue / component_split,High,PA DCNR official Stay the Night + campground map,Official proof found; exact component coordinates not safely recovered; NO HONEST COORDINATE,"Good component lead, not an active split until exact site coordinates are recovered.",Add/update lead for component coordinate extraction.,,v23.1.64,https://www.pa.gov/agencies/dcnr/recreation/where-to-go/state-parks/find-a-park/clear-creek-state-park/stay ; DCNR says two canoe/kayak campsites are at the southern end of the campground for multi-day Clarion River trips.
pa-lead-tuscarora-juniata-river-island-campsites-gis-extraction,PA,Tuscarora State Forest Juniata River island campsites,Juniata River / Tuscarora State Forest,coordinate_rescue,Boat / Backpack,Official water-trail camping proof; coordinates needed,High,PA DCNR,Official rule proof; exact island campsite points not extracted,Do not use river midpoint or boat launch.,Add durable Boat / Backpack extraction lead.,,v23.1.64,"DCNR says six primitive water-trail campsites exist on department-managed Juniata River islands in Tuscarora State Forest, no permit required, groups of 10 or fewer, two-night limit. ([Pennsylvania Government][4])"
pa-lead-lackawanna-highland-campgrounds-coordinate-rescue,PA,Highland Campgrounds,Lackawanna / Dalton,coordinate_rescue,Private Campgrounds,Coordinate rescue lead,High,Operator,Operator address; no extracted coordinate,Likely active candidate after coordinate rescue,Promote after coordinate extraction,,v23.1.62,"Operator lists wooded tent/RV/cabin campground at 105 Whispering Winds Lane, Dalton. ([Highland Campgrounds, Inc.][30])"
pa-lead-pinchot-state-forest-designated-backpack-watertrail-campsite-extraction,PA,Pinchot State Forest Roadside / Backpack / Water-Trail Camping,Lackawanna / Luzerne / Wyoming / nearby,coordinate_rescue,Boondocking / Dispersed / Boat / Backpack,Official state-forest extraction lead,High,PA DCNR official,DCNR rule proof + state campsite map lead,Manny Gordon / Moon Lake / Thornhurst sites should become exact records if coordinates are available,Add durable lead,,v23.1.64,"DCNR says Pinchot backpack permits are required in some circumstances; state forest info identifies designated camping at Moon Lake, Manny Gordon, and Thornhurst dispersed sites; DCNR camping map has campsite availability records. ([Pennsylvania Government][18])"
pa-old-mill-stream-campground-coordinate-rescue,PA,Old Mill Stream Campground,Lancaster / Dutch Wonderland,coordinate_rescue,Private Campgrounds,coordinate_rescue,High,Private operator,Operator proof; no source-backed coordinate extracted,Obvious Lancaster campground.,Map spot-check and promote active.,,v23.1.62,https://www.dutchwonderland.com/old-mill-stream-campground/ ; https://pacamping.com/campgrounds/old-mill-stream-campground
pa-elizabethtown-hershey-koa-coordinate-rescue,PA,Elizabethtown / Hershey KOA Holiday,Lancaster / Elizabethtown,coordinate_rescue,Private Campgrounds,coordinate_rescue,High,Private operator / KOA,KOA/operator proof and address found; no source-backed coordinate extracted,Obvious Lancaster/Hershey corridor campground.,Map spot-check and promote active.,,v23.1.62,https://koa.com/campgrounds/elizabethtown/ ; https://hersheykoa.com/
pa-country-acres-campground-coordinate-rescue,PA,Country Acres Campground,Lancaster / Gordonville-Bird-in-Hand corridor,coordinate_rescue,Private Campgrounds,coordinate_rescue,High,Tourism/directory discovery,Discovery proof from Lancaster campground directory; operator/current coordinate not extracted,Do not omit; but not active without current operator coordinate/proof.,Find operator page/address and map-check.,,v23.1.62,https://lancasterpa.com/campgrounds/
pa-tucquan-park-family-campground-coordinate-rescue,PA,Tucquan Park Family Campground,Lancaster / Holtwood-Pequea corridor,coordinate_rescue,Private Campgrounds,coordinate_rescue,High,Tourism/directory discovery,Obvious Lancaster campground found in sweep; public/current details need confirmation,Likely public-facing but needs operator/current proof.,Find operator source and map-check coordinate.,,v23.1.62,https://lancasterpa.com/campgrounds/
pa-circle-m-rv-camping-resort-coordinate-rescue,PA,Circle M RV & Camping Resort,Lancaster / Lancaster-Susquehanna corridor,coordinate_rescue,Private Campgrounds,coordinate_rescue,High,Tourism/directory discovery,Obvious Lancaster campground found in sweep; current operator/coordinate needs confirmation,Potential Thousand Trails/membership style access should be checked.,Operator proof + coordinate rescue.,,v23.1.62,https://lancasterpa.com/campgrounds/
pa-spring-gulch-rv-resort-coordinate-rescue,PA,Spring Gulch RV Resort,Lancaster / New Holland,coordinate_rescue,Private Campgrounds,coordinate_rescue,High,Private operator / Thousand Trails,Operator proof and address found; no source-backed coordinate extracted,"Private campground/RV resort, not boondocking.",Map spot-check and promote active.,,v23.1.62,https://thousandtrails.com/pennsylvania/spring-gulch-rv-campground
pa-white-oak-campground-coordinate-rescue,PA,White Oak Campground,Lancaster / Quarryville-Strasburg area,coordinate_rescue,Private Campgrounds,coordinate_rescue,High,Tourism/directory discovery,Obvious Lancaster campground found in directory sweep; source/coordinate not fully extracted,Potential active after coordinate rescue.,Coordinate rescue and operator proof check.,,v23.1.62,https://lancasterpa.com/campgrounds/
pa-mill-bridge-village-camp-resort-coordinate-rescue,PA,Mill Bridge Village Camp Resort,Lancaster / Ronks area,coordinate_rescue,Private Campgrounds,coordinate_rescue,High,Tourism/directory discovery,Obvious Lancaster campground found in directory sweep; source/coordinate not fully extracted,Do not import until operator proof/current public access confirmed.,Coordinate rescue and operator proof check.,,v23.1.62,https://lancasterpa.com/campgrounds/
pa-lead-lancaster-mill-creek-camping-area-coordinate-verification,PA,Mill Creek Camping Area,Lancaster / South-central,coordinate_rescue,Rustic / Primitive likely,lead_coordinate_verification,High,County official reference + directory coordinate,County page family recovered indirectly; coordinate only from directories,Do not treat directory coordinate alone as final proof,Add/update lead; verify current active row if present,,v23.1.64,"Directory references Lancaster County Mill Creek Camping Area at 19 Nature’s Way and county URL; county site exposes Mill Creek Camping Area in navigation, but full official details/coordinate were not recovered in accessible text. ([Camping][20])"
pa-hershey-road-campground-coordinate-rescue,PA,Hershey Road Campground,Lancaster/Dauphin edge / Elizabethtown,coordinate_rescue,Private Campgrounds,coordinate_rescue,High,Private operator,Operator proof and address found; no source-backed lat/long extracted,Obvious miss; should be promoted after coordinate rescue.,"Normal browser map spot-check, then promote active.",,v23.1.62,https://www.hersheyrvpark.com/ ; https://www.hersheyrvpark.com/contact/
pa-lead-laurel-highlands-hiking-trail-shelter-area-point-extraction,PA,Laurel Highlands Hiking Trail Shelter Areas,Laurel Ridge / Cambria-Somerset-Westmoreland-Fayette corridor,coordinate_rescue,Boat / Backpack,Official shelter-system extraction lead,High,PA DCNR official,"Official DCNR proof, exact shelter-area points not extracted",Do not use trailhead or trail midpoint,Add durable lead,,v23.1.64,"DCNR says the Laurel Highlands Hiking Trail has eight overnight shelter areas spaced along the 70-mile trail; shelter areas include Adirondack shelters, tent space, vault toilets, and camping is limited to shelter areas. ([Pennsylvania Government][15])"
pa-lead-laurel-highlands-hiking-trail-shelter-areas-coordinate-extraction,PA,Laurel Highlands Hiking Trail overnight shelter areas,Laurel Ridge / Forbes relationship; Somerset / Westmoreland / Fayette / Cambria edge,coordinate_rescue,Boat / Backpack,Official backpack shelter system; exact shelter-area coordinates needed,High,PA DCNR,Official proof; shelter-area coordinates not extracted,"This is trail camping, not general Forbes dispersed camping.",Add extraction lead; promote each shelter area when coordinates are recovered.,,v23.1.64,"DCNR says Laurel Highlands Hiking Trail has eight overnight areas, each with five shelters, 25 tent spaces, firewood/fireplaces/fire rings/pit toilets, and reservations up to 11 months ahead. ([Pennsylvania Government][8])"
pa-jonestown-hershey-ne-koa-coordinate-rescue,PA,Jonestown / Hershey NE KOA Journey,Lebanon / Jonestown-Hershey NE,coordinate_rescue,Private Campgrounds,coordinate_rescue,High,Private operator / KOA discovery,Obvious KOA/private campground; coordinate/source not fully extracted,Potentially in/near Lebanon County lock.,Operator proof + coordinate rescue.,,v23.1.62,Search family: Jonestown Hershey NE KOA campground
pa-lead-lehigh-allentown-koa-journey,PA,Allentown KOA Journey,Lehigh,coordinate_rescue,Private Campgrounds,lead_coordinate_rescue,High,KOA operator,Operator proof + address; coordinate rescue needed,Obvious Lehigh Valley private miss,Add lead,,v23.1.62,"KOA lists Allentown KOA Journey at 6750 KOA Drive, New Tripoli, open Apr. 1–Nov. 1, with RV/tent camping. ([KOA][28])"
pa-loyalsock-roadside-masten-bridle-camping-system-gis-rescue,PA,Loyalsock State Forest Roadside / Masten / Bridle Camping System,Loyalsock State Forest north/west overlap,coordinate_rescue,Mixed: Boondocking / Dispersed + Rustic / Primitive,Research Needed,High,Official PA DCNR,Official proof; exact points blocked.,Borderline geography; include as north/west overlap lead only.,Add lead; GIS extraction/scope reconciliation.,,v23.1.64,"DCNR lists roadside sites, hike-in sites, Masten CCC Camping Area with latrine, and Bridle Trailhead Camping Area with horse facilities/restroom. ([Pennsylvania Government][11])"
pa-lead-luzerne-columbia-bodnarosa-campground-coordinate-rescue,PA,Bodnarosa Campground,"Luzerne / Columbia border, Berwick area",coordinate_rescue,Private Campgrounds,Coordinate/county rescue lead,High,Tourism/local,Tourism address; county edge unresolved,Berwick/Salem county boundary needs exact placement,Map-click and county confirmation,,v23.1.62,Tourism source confirms cabins/RV/tent campground; listing gives 1175 Salem Blvd. ([DiscoverNEPA][50])
pa-lead-luzerne-council-cup-campground-coordinate-rescue,PA,Council Cup Campground,Luzerne / Wapwallopen,coordinate_rescue,Private Campgrounds,Coordinate rescue lead,High,Operator + county tourism,Tourism/operator address; no extracted coordinate,Strong active candidate after coordinate rescue,Promote after coordinate extraction,,v23.1.62,"Luzerne tourism lists RV/tent/cabin sites, dump, electric/water; operator confirms seasonal campground. ([visitluzernecounty.com][51])"
pa-lead-tiadaghton-state-forest-pine-creek-campgrounds-gis-extraction,PA,Tiadaghton State Forest Pine Creek Valley camping areas,Lycoming / Pine Creek corridor,coordinate_rescue,Rustic / Primitive,Official state forest campground system; extraction needed,High,PA DCNR / ReserveAmerica,Interactive GIS/reservation metadata needed,Likely multiple rows once named campgrounds are extracted.,Add durable extraction lead.,,v23.1.62,"ReserveAmerica says Tiadaghton has Pine Creek Valley rustic tent camping areas near canoe launches, fishing access, hiking trails, and Pine Creek Rail Trail; vault toilets are at Tomb Flats and Black Walnut Bottom. DCNR says motorized roadside sites use the interactive GIS map. ([Pennsylvania State Parks][30])"
pa-forest-morrison-boat-access-campground-coordinate-rescue,PA,Morrison Boat Access Campground,McKean / Allegheny Reservoir,coordinate_rescue,Boat / Backpack,Research Needed,High,Recreation.gov / USFS,Recreation.gov/ANF campground family confirms name; exact coordinate not recovered in accessible text.,Durable lead; do not use boat launch or reservoir centroid.,Add lead.,,v23.1.62,Recreation.gov ANF list includes Morrison Boat Access Campground among Allegheny NF campgrounds. ([Recreation.gov][19])
pa-mckean-pine-grove-boat-access-campground-coordinate-rescue,PA,Pine Grove Boat Access Campground,McKean / Allegheny Reservoir,coordinate_rescue,Boat / Backpack,Research Needed,High,Recreation.gov / USFS,Recreation.gov/ANF campground family confirms name; exact coordinate blocked.,Do not pin to marina/launch.,Add lead.,,v23.1.62,Recreation.gov ANF list includes Pine Grove Boat Access Campground among Allegheny NF campgrounds. ([Recreation.gov][19])
pa-mercer-rv-village-camping-resort-coordinate-rescue,PA,RV Village Camping Resort,Mercer,coordinate_rescue,Private Campgrounds,Research Needed,High,Operator,Operator address recovered; coordinate needs map check.,Strong lead.,Add lead.,,v23.1.62,"Operator lists RV Village Camping Resort at 235 Skyline Drive, Mercer, and says it serves overnight/longer-term camping. ([RV Village Campground][39])"
pa-mercer-mercer-grove-city-koa-coordinate-rescue,PA,Mercer / Grove City KOA Holiday,Mercer / Grove City,coordinate_rescue,Private Campgrounds,Research Needed,High,Operator,Operator proof recovered; exact coordinate needs map check.,Obvious private campground.,Add lead.,,v23.1.62,KOA page says campground open April 1–October 31 near I-79/I-80 and Grove City. ([KOA][38])
pa-mercer-shenango-rec-area-campground-coordinate-rescue,PA,Shenango Recreation Area Campground,Mercer / Shenango River Lake,coordinate_rescue,Modern Campgrounds,Research Needed,High,Recreation.gov / USACE,Official campground proof and address recovered; exact coordinate needs map extraction.,Strong Modern lead.,Add lead; promote after coordinate.,,v23.1.62,"Recreation.gov says Shenango has over 300 campsites, many electric, flush toilets, water, showers, dump station, boat ramp, and address 492 West Lake Road, Transfer. ([Recreation.gov][36])"
pa-mercer-adventure-bound-shenango-coordinate-rescue,PA,Adventure Bound Shenango,Mercer / Transfer,coordinate_rescue,Private Campgrounds,Research Needed,High,Operator,Operator address/proof recovered; exact coordinate needs map check.,Obvious private campground near Shenango.,Add lead.,,v23.1.62,"Operator says campground at 559 East Crestview Drive, Transfer, with full-hookup RV sites, tent campsites, cabins, and lodge rentals. ([abcamping.com][37])"
pa-lead-state-forest-backpack-rule-area-geometry-sc-sw,PA,SC/SW PA state forest primitive backpack camping rule-area geometry,Michaux / Tuscarora / Rothrock / Buchanan / Forbes,geometry_or_gis_extraction,Boat / Backpack,Official broad primitive backpack rule opportunity; geometry needed before mapping,High,PA DCNR,Official rule proof; no exact broad-area geometry extracted,"If Tod wants area/rule markers, this needs careful warning wording and preferably polygons/outline, not random dots.",Add geometry lead; no active marker from this pass.,,v23.1.64,"PA DCNR primitive camping guidance says motorized roadside camping requires a permit and can only be done at designated sites; forest-specific pages also allow primitive backpack camping with exclusions such as roads, trails, water, natural areas, and posted closures. ([Pennsylvania Government][8])"
pa-lead-delaware-water-gap-at-through-hiker-backcountry-camping,PA,Delaware Water Gap AT Through-Hiker Backcountry Camping,Monroe / Pike / AT corridor,coordinate_rescue,Boat / Backpack,Official rule lead,High,NPS,NPS rule proof; no exact point import,Needs exact legal campsite/shelter/rule geometry,"Add lead, not active pin",,v23.1.62,NPS says backcountry camping is only allowed along the Appalachian Trail for through-hikers on multi-day trips; no other backcountry camping opportunities. ([National Park Service][22])
pa-lead-dwgnra-at-through-hiker-backcountry-rule-geometry,PA,Delaware Water Gap AT Through-Hiker Backcountry Camping Rule,Monroe / Pike / AT corridor,geometry_or_gis_extraction,Boat / Backpack,"Official rule lead, geometry blocked",High,NPS official,"NPS rule proof, no exact corridor geometry extracted",Not a pin until route/area geometry is handled honestly,Add durable lead,,v23.1.64,"NPS says backcountry camping is permitted only along the Appalachian Trail for through-hikers on multi-night trips, with restrictions; no shelters exist in the NRA. ([National Park Service][13])"
pa-lead-green-lane-deep-creek-campground,PA,Deep Creek Campground / Green Lane Park,Montgomery,coordinate_rescue,Rustic / Primitive,lead_coordinate_rescue,High,Montgomery County,Official county campground proof; exact coordinate needed,Not Modern; no electric/water/dump,Add lead,,v23.1.62,"County reservation page lists Deep Creek Campground with 30 campsites, no electric, no water hookup, and no RV dump. ([Montgomery County Recreation][23])"
pa-moshannon-medix-grade-road-roadside-campsites-gis-rescue,PA,Moshannon State Forest — Medix Grade Road Roadside Campsites,Moshannon State Forest,coordinate_rescue,Boondocking / Dispersed,Research Needed,High,Official PA DCNR,Official proof; exact points blocked.,Good GIS extraction target.,Add lead.,,v23.1.64,"DCNR says Moshannon has 19 designated motorized roadside sites, including 10 along Medix Grade Road. ([Pennsylvania Government][6])"
pa-moshannon-shaggers-inn-camping-area-gis-rescue,PA,Shaggers Inn Camping Area — Moshannon State Forest,Moshannon State Forest,coordinate_rescue,Rustic / Primitive,Research Needed,High,Official PA DCNR,Official proof; exact points blocked.,Active import should wait for exact points.,Add lead.,,v23.1.64,DCNR says several of Moshannon’s designated motorized roadside sites are in Shaggers Inn Camping Area. ([Pennsylvania Government][6])
pa-moshannon-yellow-snake-equestrian-camping-area-gis-rescue,PA,Yellow Snake Camping Area — Moshannon State Forest,Moshannon State Forest,coordinate_rescue,Rustic / Primitive,Research Needed,High,Official PA DCNR,Official proof; exact points blocked.,Coordinate blocked.,Add lead.,,v23.1.64,DCNR identifies Yellow Snake Camping Area as ideal for equestrian users within Moshannon’s designated campsite system. ([Pennsylvania Government][6])
pa-dcnr-bof-camping-designated-campsites-gis-extraction,PA,PA DCNR Designated State Forest Campsites GIS Layer,NW / North-Central PA state forests,external_access_required,Mixed,External Extraction Needed,High,Official PA DCNR ArcGIS REST,"Official ArcGIS point layer has Latitude/Longitude fields, but feature export could not be rendered here.",This is the master extraction path. Do not hand-enter from forest centroids.,Export layer 0 from DCNR service and filter to assignment geography.,,v23.1.64,"DCNR `BOF/Camping` MapServer lists “Designated Campsites” as a point feature layer; fields include `Latitude`, `Longitude`, `Type`, `Permit`, `Water`, `Latrines`, `CampingArea`, and reservation IDs. ([PA DCNR GIS][1])"
pa-loyalsock-north-branch-susquehanna-river-island-camping-geometry-lead,PA,Loyalsock / North Branch Susquehanna River Island Primitive Camping,North Branch Susquehanna / Loyalsock State Forest management,coordinate_rescue,Boat / Backpack,Research Needed,High,Official PA DCNR,Official rule proof exists; exact islands/points not extracted.,Do not pin random islands.,Add geometry lead.,,v23.1.64,"DCNR says primitive water-trail camping is permitted on North Branch Susquehanna river islands managed by the Bureau of Forestry, with restrictions and ownership uncertainty warnings. ([Pennsylvania Government][11])"
pa-lead-northampton-driftstone-campground,PA,Driftstone Campground,Northampton,coordinate_rescue,Private Campgrounds,lead_coordinate_rescue,High,Operator,Operator proof + address; coordinate rescue needed,Strong Delaware River private lead,Add lead,,v23.1.62,"Operator lists tent, popup, trailer, and motorhome sites along the Delaware River; contact/map source gives 2755 River Road, Mt. Bethel. ([driftstone.com][30])"
pa-tuscarora-state-forest-designated-roadside-and-primitive-camping,PA,Tuscarora State Forest designated roadside + primitive camping rule/geometry,Perry / Cumberland / Franklin / Tuscarora State Forest,coordinate_rescue,Boondocking / Dispersed,geometry_extraction_needed,High,PA DCNR / ReserveAmerica / DCNR state forest camping map,Official ReserveAmerica/DCNR state forest camping rule proof; no individual site coordinates extracted,Avoid fake trailhead pins.,Extract official camping-site layer or reservation metadata.,,v23.1.62,https://pennsylvaniastateparks.reserveamerica.com/camping/tuscarora-state-forest/r/campgroundDetails.do?contractCode=PA&parkId=880261 ; https://maps.dcnr.pa.gov/bof/camping/
pa-lead-tuscarora-state-forest-roadside-hikein-equestrian-gis-extraction,PA,Tuscarora State Forest roadside / hike-in / equestrian campsites,Perry / Juniata / Franklin / Huntingdon / Mifflin edge,coordinate_rescue,Boondocking / Dispersed; Boat / Backpack for hike-in; Rustic / Primitive for equestrian camping area,Official designated camping system; exact point extraction needed,High,PA DCNR + ReserveAmerica + ArcGIS,Official rules + ReserveAmerica count; exact GIS points still needed,"This should become individual site records, not a Tuscarora centroid.",Add extraction lead; split by roadside / hike-in / equestrian after GIS pull.,,v23.1.64,"DCNR says Tuscarora has approximately 55 motorized roadside campsites marked with red fiberglass posts, including roadside, roadside hike-in, and equestrian camping opportunities; it directs users to the interactive State Forest Camping Sites GIS map. ReserveAmerica shows `Roadside (43)`, `Roadside Hike-in (5)`, and `State Forest Equestrian (5)`. ([Pennsylvania Government][4])"
pa-lead-dwgnra-valley-view-group-campsites-coordinate-extraction,PA,Valley View Group Campsites,Pike / Delaware Water Gap NRA / Delaware River,coordinate_rescue,Boat / Backpack,Official coordinate-rescue lead,High,NPS + Recreation.gov official,"NPS/Recreation.gov proof, no exact campground coordinate extracted","Strong official lead, but not import-safe yet",Add durable lead,,v23.1.64,"Recreation.gov describes five primitive Valley View group campsites along the Delaware River with fire rings, picnic tables, and vault toilets, accessible by vehicle or paddle. ([Recreation.gov][11])"
pa-lead-pike-kittatinny-river-beach-campground-coordinate-rescue,PA,Kittatinny’s River Beach Campground,Pike / Milford / Delaware River,coordinate_rescue,Private Campgrounds,Coordinate rescue lead,High,Operator/tourism,Operator/tourism address; coordinate not extracted,Do not use Delaware River/boat launch as coordinate,Add lead; promote after coordinate rescue,,v23.1.62,Operator and tourism sources confirm 160+ tent/RV/cabin sites at 378 Routes 6 & 209. ([Poconos][26])
pa-lead-delaware-water-gap-river-campsites-alosa-valley-view-extraction,PA,Delaware Water Gap NRA Primitive River Camps / Alosa / Valley View / Rivers Bend,Pike / Monroe / Delaware River corridor,coordinate_rescue,Boat / Backpack,Official campsite-system lead,High,NPS / Recreation.gov,NPS proof; exact campsite coordinates not extracted,Need NPS/Recreation.gov site metadata,Add lead; extract official points,,v23.1.62,"NPS confirms primitive river campsites by reservation, Alosa boater campsites, and Valley View/Rivers Bend group camp options. ([National Park Service][21])"
pa-lead-delaware-state-forest-designated-backpack-roadside-campsite-extraction,PA,Delaware State Forest Designated / Backpack Camping,Pike / Monroe / Wayne / Carbon edge,coordinate_rescue,Boondocking / Dispersed,Official state-forest extraction lead,High,PA DCNR official,DCNR rule proof + campsite map portal lead,Needs designated campsite layer extraction,Add durable lead,,v23.1.64,DCNR says Delaware State Forest allows primitive backpack camping under restrictions; Buckhorn material identifies motorized camping spots and a primitive camping area; DCNR also has a statewide campsite map portal. ([Pennsylvania Government][17])
pa-lead-delaware-state-forest-designated-campsites-gis-extraction,PA,Delaware State Forest Designated Roadside / Backpack Camping,Pike / Monroe / Wayne / Carbon edge,coordinate_rescue,Boondocking / Dispersed,Official rule/area lead,High,PA DCNR state forest,Official DCNR rule proof; exact designated points needed,Needs official map/GIS extraction for designated sites,Add lead; use DCNR GIS/QGIS/GeoPDF extraction,,v23.1.62,"DCNR says Delaware State Forest has established motorized campsites, no hookups/dump/trash, and primitive backpack camping rules. ([Pennsylvania Government][15])"
pa-lead-susquehannock-state-forest-roadside-primitive-campsites-gis-extraction,PA,Susquehannock State Forest primitive / roadside campsite system,Potter / Clinton / Cameron region,coordinate_rescue,Boondocking / Dispersed,Official primitive campsite system,High,PA DCNR / ReserveAmerica,Roadside campsite map / GIS extraction needed,Do not create a fake forest-center pin.,Add durable lead.,,v23.1.62,DCNR says Susquehannock roadside campsites may be viewed through the interactive GIS map or the Susquehannock Roadside Campsite Map; ReserveAmerica says primitive camping has no amenities for tents/RVs. ([Pennsylvania Government][32])
pa-lead-schuylkill-tuscarora-state-park-overnight-cottages-yurts-schema-check,PA,Tuscarora State Park Overnight Cottages / Yurts,Schuylkill,coordinate_rescue,Needs Verification,"Overnight lodging lead, not normal campground",High,PA DCNR + official reservation,ReserveAmerica/DCNR GPS / High,Needs schema decision: import overnight state-park lodging or reject as not campground,Supervisor/schema decision,,v23.1.62,"DCNR/ReserveAmerica confirm camping cottages/yurts and shower house context, but not a normal tent/RV campground. ([Pennsylvania Government][10])"
pa-lead-schuylkill-christmas-pines-campground-coordinate-rescue,PA,Christmas Pines Campground,Schuylkill / Auburn,coordinate_rescue,Private Campgrounds,Coordinate rescue lead,High,Operator,Operator address; no extracted coordinate,Likely active after coordinate rescue,Promote after coordinate extraction,,v23.1.62,"Operator lists campground at 450 Red Church Rd, Auburn. ([Christmas Pines][45])"
pa-lead-weiser-state-forest-schuylkill-roadside-backpack-campsite-extraction,PA,Weiser State Forest Schuylkill-Area Roadside / Backpack Campsites,Schuylkill / Weiser SF tracts,coordinate_rescue,Boondocking / Dispersed,Official state-forest extraction lead,High,PA DCNR official,"DCNR proof + map leads, no exact points extracted",Schuylkill portion needs tract-specific filtering,Add durable lead,,v23.1.64,DCNR says Weiser State Forest has campsites in Dauphin and Schuylkill counties; Weiser “at a glance” describes 20 roadside campsites and backpack camping; Port Clinton tract map identifies roadside campsites. ([Pennsylvania Government][19])
pa-lead-weiser-state-forest-schuylkill-camping-extraction,PA,Weiser State Forest — Schuylkill-Area Designated Camping,Schuylkill / Weiser SF tracts,coordinate_rescue,Boondocking / Dispersed,Official rule/area lead,High,PA DCNR state forest,Official DCNR proof; tract/site extraction needed,Need tract-specific site coordinates,Add lead,,v23.1.62,DCNR says Weiser State Forest has campsites across Dauphin and Schuylkill counties. ([Pennsylvania Government][18])
pa-lead-bald-eagle-state-forest-roadside-hikein-campsites-gis-extraction,PA,Bald Eagle State Forest roadside / hike-in campsites,Snyder / Union / Centre / Mifflin / Clinton,coordinate_rescue,Boondocking / Dispersed,Official state forest camping system,High,PA DCNR / ReserveAmerica,Reservation/GIS extraction needed,Strong state-forest lead across assigned counties.,Add durable lead.,,v23.1.62,"ReserveAmerica says Bald Eagle State Forest includes Snyder, Union, Centre, Mifflin, and Clinton counties and lists roadside/roadside-hike-in booking categories. ([Pennsylvania State Parks][34])"
pa-lead-somerset-pioneer-lakes-rv-park,PA,Pioneer Lakes RV Park,Somerset,coordinate_rescue,Private Campgrounds,lead_coordinate_rescue,High,Operator / tourism,Operator proof + address; coordinate rescue needed,"Add durable lead, then coordinate rescue",Add lead,,v23.1.62,"Operator describes a 185-acre campground/recreational area; tourism source gives 273 Trent Road, Somerset. ([Pioneer Lakes][32])"
pa-lead-somerset-quemahoning-family-recreation-area-coordinate-rescue,PA,Quemahoning Family Recreation Area Campground,Somerset,coordinate_rescue,Modern Campgrounds likely,lead_coordinate_rescue,High,Operator / authority,Official/operator proof recovered; safe campground coordinate not recovered,Do not use reservoir/lake center or vague GPS result,Add/update lead; coordinate rescue next,,v23.1.64,"Operator confirms public campground/recreation area with RV and tent reservation classes; Stonycreek source supports public access, tent/RV/group camping, restrooms, and showers. ([Que Family Rec][7])"
pa-lead-youghiogheny-river-lake-outflow-campground,PA,Outflow Campground / Youghiogheny River Lake,Somerset / Confluence,coordinate_rescue,Modern Campgrounds likely,lead_coordinate_rescue,High,Recreation.gov / USACE/local official,Official/USACE proof + address; coordinate/amenity rescue needed,Need map/reservation metadata; verify shower/flush before Modern final,Add lead,,v23.1.62,Recreation.gov confirms Outflow Camping at Youghiogheny River Lake; local official source gives 1579 Mae West Road and 63 campsites with and without electricity plus tent-only areas. ([Recreation.gov][19])
pa-lead-forbes-state-forest-roadside-backpack-gis-extraction,PA,Forbes State Forest roadside / primitive backpack camping,Somerset / Fayette / Westmoreland / Cambria / Indiana,coordinate_rescue,Boondocking / Dispersed; Boat / Backpack for backpacking,Official state-forest camping system; exact site extraction needed,High,PA DCNR + ArcGIS,Official DCNR proof; exact site points not extracted,"Forbes has a lot of no-camping traps; don’t use overlooks, waterfalls, warming huts, picnic areas, or pull-offs.",Add extraction lead.,,v23.1.64,"Forbes DCNR page says motorized roadside campsites require permit/reservation, are available April 2 through the last day of regular rifle deer season, and users must use the interactive GIS map for locations; backpack camping is allowed in most areas with specific closures. ([Pennsylvania Government][7])"
pa-lead-forbes-state-forest-roadside-camping-area-rule,PA,Forbes State Forest Roadside / Primitive Camping,Somerset / Fayette / Westmoreland region,coordinate_rescue,Boondocking / Dispersed,lead_area_rule,High,PA DCNR / GIS/PDF,Official rule-area proof; individual site/GIS extraction required,"Requires GIS/PDF extraction, not a fake centroid",Add lead / future geometry extraction,,v23.1.62,DCNR says Forbes has motorized roadside campsites by reservation/permit and primitive backpack camping rules; DCNR references interactive state forest camping GIS and PDFs with site coordinate details. ([Pennsylvania Government][17])
pa-lead-youghiogheny-river-lake-component-campgrounds,PA,Youghiogheny River Lake Campground Components,Somerset / Fayette edge,coordinate_rescue,Rustic / Primitive + Modern split likely,lead_source_family,High,Recreation.gov / USACE,Recreation.gov source family; component coordinate extraction needed,Do not collapse to lake centroid,Add lead for component-by-component rescue,,v23.1.62,"Recreation.gov identifies four campground opportunities at Youghiogheny River Lake: Mill Run Recreation Area, Outflow Camping, Somerfield North, and Youghiogheny Recreation Area. ([Recreation.gov][20])"
pa-sproul-roadside-rv-campsites-gis-rescue,PA,Sproul State Forest Roadside RV Campsites,Sproul State Forest,coordinate_rescue,Boondocking / Dispersed,Research Needed,High,Official PA DCNR,Official proof; exact points blocked.,Do not import office coordinate.,Add lead.,,v23.1.64,DCNR says Sproul has nine roadside campsites for overnight camping in RVs; tent camping is not permitted and self-contained toilets are required. ([Pennsylvania Government][7])
pa-lead-dcnr-state-forest-designated-campsites-master-gis-extraction,PA,PA DCNR State Forest Designated Campsites GIS master extraction,State forest systems statewide; filter to SC/SW assignment forests first,geometry_or_gis_extraction,Boondocking / Dispersed; Rustic / Primitive; Boat / Backpack depending site type,Official GIS point layer found; query extraction still needed,High,Official PA DCNR ArcGIS REST,Official ArcGIS point layer with Latitude/Longitude fields; extraction blocked in this environment,This is the real route. Do not hand-place forest centroids.,"Query layer 0 and filter `ParkResForestName` / district / county for Michaux, Tuscarora, Rothrock, Buchanan, Forbes, Laurel Ridge-related records.",,v23.1.64,"DCNR REST says the service is camping sites on PA state forest lands; layer is `Designated Campsites`; fields include `Name`, `Type`, `FireRing`, `PicnicTables`, `TrailerAccess`, `Permit`, `Water`, `Latrines`, `CampingArea`, `Description`, `ParkResForestName`, `ParkRes_ParkID`, `ParkRes_SiteID`, `Latitude`, and `Longitude`. ([PA DCNR GIS][1])"
pa-lead-loyalsock-state-forest-roadside-backpack-watertrail-campsite-extraction,PA,Loyalsock State Forest Roadside / Backpack / Water-Trail Camping,Sullivan / Bradford / Lycoming edge,coordinate_rescue,Boondocking / Dispersed / Boat / Backpack,Official state-forest extraction lead,High,PA DCNR official,"DCNR rule proof, no exact points extracted","Good system lead, not exact enough yet",Add durable lead,,v23.1.64,DCNR says Loyalsock supports primitive water-trail camping on Bureau of Forestry islands and state forest camping opportunities; related backlog includes Masten/bridle/roadside/backpack systems. ([Pennsylvania Government][14])
pa-lead-loyalsock-state-forest-camping-extraction,PA,Loyalsock State Forest Roadside / Masten / Bridle / Backpack / Water-Trail Camping,Sullivan / Bradford / Lycoming edge,coordinate_rescue,Boondocking / Dispersed,Official rule/area lead,High,PA DCNR state forest,Official DCNR rule proof; exact site extraction needed,Exact points needed before active site import,Add lead; GIS/QGIS pass,,v23.1.62,"DCNR identifies Masten CCC Camping Area, Bridle Trailhead, roadside/hike-in options, water-trail islands, and primitive backpacking. ([Pennsylvania Government][17])"
pa-lead-sullivan-pioneer-campground-coordinate-rescue,PA,Pioneer Campground,Sullivan / Muncy Valley / Laporte,coordinate_rescue,Private Campgrounds,Coordinate rescue lead,High,Operator + directory,Operator/address proof; no extracted coordinate,Strong lead,Promote after map-click,,v23.1.62,Operator says campground is open early April–early December; Good Sam lists address 307 Pioneer Trail. ([pioneercampground.com][52])
pa-lead-sullivan-falling-waters-campground-coordinate-rescue,PA,Falling Waters Campground,Sullivan / Shunk,coordinate_rescue,Private Campgrounds,Coordinate rescue lead,High,Operator + tourism,Operator/address proof; no extracted coordinate,Good active candidate after coordinate rescue,Promote after coordinate extraction,,v23.1.62,"Operator confirms 64 sites with electric/water/sewer hookups, tent sites, cabins, dump station and restrooms; tourism lists address. ([fallingwaterscampground.com][53])"
pa-lead-susquehanna-shore-forest-campground-coordinate-rescue,PA,Shore Forest Campground,Susquehanna / Hop Bottom,coordinate_rescue,Private Campgrounds,Coordinate rescue lead,High,Operator + tourism,Operator/address proof; no extracted coordinate,Strong lead,Promote after map-click,,v23.1.62,"Operator/tourism confirms cabins, RV and tent camping at 121 The Driveway, Hop Bottom. ([Shore Forest Campground][31])"
pa-lead-susquehanna-montrose-campground-coordinate-rescue,PA,Montrose Campground,Susquehanna / New Milford-Montrose area,coordinate_rescue,Private Campgrounds,Coordinate rescue lead,High,PA Campground Owners Association listing,Campground directory proof; no extracted coordinate,Facebook/operator dependency likely,Verify operator source and coordinate,,v23.1.62,"PA campground directory lists Montrose Campground at 403 Pratt Road, New Milford. ([PA Camping][33])"
pa-lead-susquehanna-shady-rest-campground-coordinate-rescue,PA,Shady Rest Campground,Susquehanna / Union Dale area,coordinate_rescue,Private Campgrounds,Coordinate/address rescue lead,High,Tourism / local,Tourism proof; exact address conflict unresolved,Conflicting/weak address trail; do not import until resolved,Normal browser/operator confirmation,,v23.1.62,"Susquehanna tourism source confirms RV-capable sites, dump station, cable/Wi-Fi hotspot. ([VisitSusqCo][32])"
pa-susquehannock-dyer-equestrian-camping-area-gis-rescue,PA,Dyer Equestrian Camping Area — Susquehannock State Forest,Susquehannock State Forest,coordinate_rescue,Rustic / Primitive,Research Needed,High,Official PA DCNR,Official proof; exact points blocked.,Coordinate blocked.,Add lead.,,v23.1.64,"DCNR identifies Dyer as a Susquehannock State Forest equestrian camping area; sites offer trailer parking, hitching post, picnic table, and fire ring. ([Pennsylvania Government][8])"
pa-susquehannock-horsey-hilton-equestrian-camping-area-gis-rescue,PA,Horsey Hilton Equestrian Camping Area — Susquehannock State Forest,Susquehannock State Forest,coordinate_rescue,Rustic / Primitive,Research Needed,High,Official PA DCNR,Official proof; exact points blocked.,Coordinate blocked.,Add lead.,,v23.1.64,"DCNR identifies Horsey Hilton as a Susquehannock equestrian camping area with trailer parking, hitching post, picnic table, and fire ring. ([Pennsylvania Government][8])"
pa-susquehannock-roadside-campsite-system-gis-rescue,PA,Susquehannock State Forest Roadside Campsite System,Susquehannock State Forest,coordinate_rescue,Boondocking / Dispersed,Research Needed,High,Official PA DCNR,Official system proof; exact points blocked.,Strong system lead.,Add lead.,,v23.1.64,"DCNR says Susquehannock has roadside campsites and equestrian camping areas, all designated/reservation-based; no hookups/dump/trash. ([Pennsylvania Government][8])"
pa-tiadaghton-state-forest-roadside-hikein-rustic-campsite-system-gis-rescue,PA,Tiadaghton State Forest Roadside / Hike-in / Rustic Campsite System,Tiadaghton State Forest,coordinate_rescue,Mixed: Boondocking / Dispersed + Boat / Backpack + Rustic / Primitive,Research Needed,High,Official PA DCNR,Official system proof; exact points blocked.,Mixed system; do not import as one vague pin.,Add lead; GIS extraction/split.,,v23.1.64,"DCNR lists roadside campsites, roadside hike-in sites, trailside campsites including Bonnell Flats, and rustic campsites including Black Walnut Bottom and Tomb Flats. ([Pennsylvania Government][9])"
pa-lead-tioga-state-forest-improved-camping-areas-gis-extraction,PA,"Tioga State Forest improved camping areas — Asaph, County Bridge, Hoffman, Tiadaghton",Tioga,coordinate_rescue,Rustic / Primitive,Official state forest camping system; coordinates/site extraction needed,High,PA DCNR / ReserveAmerica,Interactive GIS/reservation metadata needed,Strong official lead; exact camp-area points need GIS/devtools/QGIS.,Add durable lead.,,v23.1.62,"ReserveAmerica says Tioga State Forest has four improved camping areas — Hoffman, Tiadaghton, Asaph, and County Bridge — with picnic tables, fire rings, latrines, and no other amenities; DCNR says Asaph/County Bridge require reservations and points users to the interactive State Forest Camping Sites GIS map. ([Pennsylvania State Parks][29])"
pa-tioga-state-forest-roadside-hikein-trailside-camping-system-gis-rescue,PA,Tioga State Forest Roadside / Hike-in / Trailside Camping System,Tioga State Forest,coordinate_rescue,Mixed: Boondocking / Dispersed + Boat / Backpack + Rustic / Primitive,Research Needed,High,Official PA DCNR,Official system proof; exact points blocked.,"Strong system lead, coordinate blocked.",Add lead.,,v23.1.64,"DCNR says Tioga has five types of motorized/roadside campsite opportunities, including roadside, hike-in, and trailside camping areas such as Darling Run, Hoffman Farm, and Tiadaghton Camping Areas. ([Pennsylvania Government][10])"
pa-venango-oil-creek-state-park-campground-coordinate-rescue,PA,Oil Creek State Park Campground,Venango,coordinate_rescue,Rustic / Primitive,Research Needed,High,PA DCNR,Official camping proof recovered; exact campground coordinate blocked.,Hold as lead until component details confirmed.,Add lead.,,v23.1.62,PA state camping page lists Oil Creek State Park camping year-round. ([Pennsylvania Government][26])
pa-venango-oil-creek-trail-shelters-coordinate-rescue,PA,Oil Creek State Park Trail Shelters / Backpack Camping,Venango,coordinate_rescue,Boat / Backpack,Research Needed,High,PA DCNR,Official stay-night proof exists in state camping list; exact shelter coordinates not recovered.,Do not pin to park office.,Add lead.,,v23.1.62,State camping page lists Oil Creek State Park year-round; DCNR overnight brochure also lists Oil Creek with shelter/backpacking-style overnight symbols. ([Pennsylvania Government][26])
pa-clear-creek-danner-primitive-camping-area-gis-rescue,PA,Danner Primitive Camping Area — Clear Creek State Forest,Venango / Clear Creek State Forest / Kennerdell Tract,coordinate_rescue,Rustic / Primitive,Research Needed,High,Official PA DCNR,Official DCNR proof; exact point/area coordinate blocked.,High-value lead from prior PA backlog.,Add lead; GIS/reservation extraction.,,v23.1.64,"DCNR describes Danner Primitive Camping Area along the Allegheny River in the Kennerdell Tract, with picnic table, campfire ring, vault toilet, and permit/reservation requirements. ([Pennsylvania Government][4])"
pa-warren-chapman-state-park-campground-coordinate-rescue,PA,Chapman State Park Campground,Warren,coordinate_rescue,Modern Campgrounds,Research Needed,High,PA DCNR,Official camping proof recovered; exact coordinate blocked.,Good state park campground lead.,Add lead.,,v23.1.62,PA state camping page lists Chapman State Park camping April–December. ([Pennsylvania Government][26])
pa-lead-wayne-keen-lake-camping-cottage-resort-coordinate-rescue,PA,Keen Lake Camping & Cottage Resort,Wayne / Waymart,coordinate_rescue,Private Campgrounds,Coordinate rescue lead,High,Operator + tourism,Operator address/interactive map; no extracted lat/lon,Strong active candidate once coordinate is recovered,Map-click/operator-map extraction,,v23.1.62,"Operator/tourism confirms tenting, RV camping, glamping, rentals and campground map at 155 Keen Lake Rd. ([PA Camping][28])"
pa-lead-loyalhanna-lake-bush-recreation-area-campground,PA,Bush Recreation Area Campground / Loyalhanna Lake,Westmoreland,coordinate_rescue,Modern Campgrounds,lead_coordinate_rescue,High,Recreation.gov / USACE,Recreation.gov/USACE proof + address; coordinate rescue needed,Strong lead; needs campground coordinate,Add lead,,v23.1.62,"Recreation.gov and USACE describe Bush Recreation Area campground at Loyalhanna Lake with full RV hookup to primitive tent sites, flush toilets, drinking water, showers, and dump station. ([Recreation.gov][21])"
pa-lead-westmoreland-donegal-campground,PA,Donegal Campground,Westmoreland,coordinate_rescue,Private Campgrounds,lead_coordinate_rescue,High,Operator,Operator proof + address; coordinate rescue needed,Needs coordinate and amenities confirmation,Add lead,,v23.1.62,"Operator lists Donegal Campground at 106 Yeckel Drive, open Apr. 1–Oct. 31, with campground map/rates. ([donegalcampground.com][33])"
pa-lead-westmoreland-county-organized-group-camping-system,PA,Westmoreland County Parks Organized Group Camping Areas,Westmoreland,coordinate_rescue,Rustic / Primitive or Needs Verification,lead_group_camping,High,County official,Official county proof; group-only details/coordinates needed,Do not active-add as normal campground yet,Add lead,,v23.1.62,"Westmoreland County says organized group camping is available in some county parks, but no individual/family camping; application/permit process required. ([westmorelandcountypa.gov][34])"
pa-lead-wyoming-rustic-creek-former-cozy-creek-coordinate-rescue,PA,Rustic Creek Family Campground / former Cozy Creek,Wyoming / Tunkhannock,coordinate_rescue,Private Campgrounds,Coordinate rescue lead,High,Operator + tourism,Operator address; no extracted coordinate,Obvious miss; coordinate still pending,Promote after map-click,,v23.1.62,"Operator/tourism confirm year-round campground, tent sites, full-hookup RV sites, cabins at 30 Vacation Lane. ([Rustic Creek Family Campground][34])"
pa-lead-wyoming-stony-mountain-family-campground-coordinate-rescue,PA,Stony Mountain Family Campground,Wyoming / Tunkhannock,coordinate_rescue,Private Campgrounds,Coordinate rescue lead,High,Operator + tourism,Operator address; no extracted coordinate,Strong lead,Promote after map-click,,v23.1.62,"Operator/tourism confirm campground at 644 Stony Mountain Rd with wooded/open area, lake, playground/store. ([Stony Mountain Family Campgrou][35])"
pa-lead-codorus-campground-coordinate-correction,PA,Codorus State Park Campground / Camping Components,York / Codorus SP,coordinate_rescue,Modern Campgrounds,coordinate_correction / component_verification,High,PA DCNR official page + ReserveAmerica,Official camping proof found; exact current campground-loop coordinate not recovered from official source in this pass; NO HONEST COORDINATE,This is specifically a coordinate-correction target if current active row uses broad park coordinate.,Add/update lead; supervisor should extract official campground PDF coordinate before active correction.,,v23.1.64,https://www.pa.gov/agencies/dcnr/recreation/where-to-go/state-parks/find-a-park/codorus-state-park ; https://pennsylvaniastateparks.reserveamerica.com/camping/codorus-state-park/r/campgroundDetails.do?contractCode=PA&parkId=880316
pa-gifford-pinchot-state-park-campground-coordinate-and-closure-note,PA,Gifford Pinchot State Park Campground,York / Gifford Pinchot State Park,coordinate_rescue,Modern Campgrounds,coordinate_rescue / future_closure_note,High,PA DCNR / ReserveAmerica / DCNR 2025 closure news,Official campground proof and campground-office address available; current 2026 closure begins 2026-09-08; coordinate needs map verification,"If imported before closure date, popup must include closure starting Sept. 8, 2026. If integration occurs after closure, hold/reject until reopened.",Supervisor decide active-with-seasonal-closure vs lead-only based on integration date.,,v23.1.62,https://www.pa.gov/agencies/dcnr/recreation/where-to-go/state-parks/find-a-park/gifford-pinchot-state-park/stay ; https://pennsylvaniastateparks.reserveamerica.com/camping/gifford-pinchot-state-park/r/campgroundDetails.do?contractCode=PA&parkId=880306 ; https://www.pa.gov/agencies/dcnr/newsroom/shapiro-administration-invests--8-million-to-improve-campground-0
oh-lead-shawnee-state-forest-adams-edge-backpack-geometry,OH,Shawnee State Forest backpack / primitive camping geometry — Adams edge,Adams / Scioto edge,research_needed,Boat / Backpack or Boondocking / Dispersed,Area/geometry lead; verify assigned boundary,Medium,Official area/rule/GIS source path,AREA/RULE LEAD ONLY — no point coordinate.,Do not import broad forest/river centroids.,"Use ODNR Forestry/parks GIS, official maps, or agency contact to extract designated campsites/areas or reject if no overnight camping.",NO ACTIVE OH MATCH FOUND in current OH.js unless otherwise noted,v23.1.65,OH_W3 first-pass return. Source/citation text: https://ohiodnr.gov/go-and-do/plan-a-visit/find-a-property/shawnee-state-forest
oh-lead-brush-creek-state-forest-camping-check,OH,Brush Creek State Forest camping / bridle-trail overnight check,Adams County,research_needed,Boondocking / Dispersed or Rustic / Primitive if official,Area/rule proof needed,Medium,Official area/rule/GIS source path,AREA/RULE LEAD ONLY — no point coordinate.,Do not import broad forest/river centroids.,"Use ODNR Forestry/parks GIS, official maps, or agency contact to extract designated campsites/areas or reject if no overnight camping.",NO ACTIVE OH MATCH FOUND in current OH.js unless otherwise noted,v23.1.65,OH_W3 first-pass return. Source/citation text: https://ohiodnr.gov/go-and-do/plan-a-visit/find-a-property/brush-creek-state-forest
oh-lead-grand-river-water-trail-overnight-camping-proof,OH,Grand River Water Trail / Scenic River Overnight Camping Proof,Ashtabula / Lake / Geauga corridor,research_needed,Boat / Backpack or Boondocking / Dispersed,possible corridor lead; no official overnight site recovered,Medium,Official river/water-trail/GIS source needed,No exact official campsite/overnight access point recovered,Boat launches and river accesses are reject traps unless overnight camping is explicitly allowed.,Keep as lead; add sites only with official overnight proof or community standard.,No OH active match found,v23.1.65,OH_W2 first-pass return. Source/citation text: ODNR Scenic Rivers / Grand River water trail sources; county park/municipal canoe access pages
oh-athens-lake-snowden-campground-coordinate-rescue,OH,Lake Snowden Campground,Athens,research_needed,Rustic / Primitive,Research Needed,Medium,Hocking College / operator,Official/operator proof recovered; exact campground coordinate not extracted.,Electric alone does not justify Modern.,Add lead.,NO ACTIVE IN-LOCK OH ROW FOUND,v23.1.65,"OH_W4 first-pass return. Source/citation text: Lake Snowden official sources describe daily/weekly/monthly/seasonal camping with 125 sites, including 95 electric and 30 primitive sites. ([lakesnowden.hocking.edu][28])"
oh-nv-strouds-run-camping-status,OH,Strouds Run State Park campground/camping status,Athens County / Strouds Run,needs_verification,Needs Verification,camping status unclear in accessible pass,Medium,ODNR / park map needed,NO HONEST COORDINATE FOUND.,Could be no-camping/day-use trap or hidden component; needs confirmation.,Check ODNR/ReserveOhio and local Athens-area official pages.,No active duplicate confirmed.,v23.1.66,From OH_W3 next-round closeout. Target family listed; accessible pass did not prove an official campground/component.
oh-lead-butler-county-governor-bebb-campground,OH,Governor Bebb MetroPark campground / Pioneer Village group camping,Butler County,coordinate_rescue,Rustic / Primitive or Needs Verification,County park/group camping lead,Medium,Official county/regional/operator source path,NO HONEST IMPORT COORDINATE RECOVERED; address/reservation/map spot-check needed.,Promotion-ready only after address point is verified on camping loop/RV area/campground entrance.,Use normal browser map/imagery/reservation map to recover coordinate; promote if point lands on campground area and amenities layer is proven.,NO ACTIVE OH MATCH FOUND in current OH.js unless otherwise noted,v23.1.65,OH_W3 first-pass return. Source/citation text: https://www.yourmetroparks.net/parks/governor-bebb-metropark
oh-future-buck-creek-sp-campground-renovation-status-check,OH,Buck Creek State Park Campground renovation status,Clark / Springfield area,out_of_scope_future_lead,Modern Campgrounds,future_lead,Medium,ODNR / Ohio State Parks,NO HONEST ACTIVE COORDINATE ACCEPTED,Out of geographic lock,Park for future west/central Ohio pass,,v23.1.71,
oh-clark-enon-beach-campground-public-proof-check,OH,Enon Beach Campground,Clark / Springfield-Enon,needs_verification,Private Campgrounds,Needs Verification,Medium,Directory/social lead,"Directory GPS found, but current operator proof is weak/stale/Facebook-heavy.",Do not import from Facebook/directory alone.,Keep Needs Verification.,NO ACTIVE IN-LOCK OH ROW FOUND,v23.1.66,"From OH_W4 next-round closeout. Private campground/RV camping appears real; public status likely, but source quality weak."
oh-lead-enon-beach-campground,OH,Enon Beach Campground,Clark County / Enon-Springfield,coordinate_rescue,Private Campgrounds,Operator campground lead,Medium,Official county/regional/operator source path,NO HONEST IMPORT COORDINATE RECOVERED; address/reservation/map spot-check needed.,Promotion-ready only after address point is verified on camping loop/RV area/campground entrance.,Use normal browser map/imagery/reservation map to recover coordinate; promote if point lands on campground area and amenities layer is proven.,NO ACTIVE OH MATCH FOUND in current OH.js unless otherwise noted,v23.1.65,OH_W3 first-pass return. Source/citation text: https://enonbeach.com/
oh-lead-beechwood-acres-camping-resort,OH,Beechwood Acres Camping Resort,Clinton / Cowan Lake area,coordinate_rescue,Private Campgrounds,Operator campground lead,Medium,Official county/regional/operator source path,NO HONEST IMPORT COORDINATE RECOVERED; address/reservation/map spot-check needed.,Promotion-ready only after address point is verified on camping loop/RV area/campground entrance.,Use normal browser map/imagery/reservation map to recover coordinate; promote if point lands on campground area and amenities layer is proven.,NO ACTIVE OH MATCH FOUND in current OH.js unless otherwise noted,v23.1.65,OH_W3 first-pass return. Source/citation text: https://beechwoodacres.com/
oh-clinton-pine-cove-campground-seasonal-permanent-check,OH,Pine Cove Campground,Clinton / Wilmington,needs_verification,Private Campgrounds,Needs Verification,Medium,Operator + county tourism,"Address found, but operator says seasonal/permanent monthly only.",Not a general public overnight campground.,Keep Needs Verification.,NO ACTIVE IN-LOCK OH ROW FOUND,v23.1.66,From OH_W4 next-round closeout. Seasonal/permanent monthly RV park.
oh-lead-pine-cove-campground,OH,Pine Cove Campground,Clinton/Warren edge,coordinate_rescue,Private Campgrounds,Operator campground lead,Medium,Official county/regional/operator source path,NO HONEST IMPORT COORDINATE RECOVERED; address/reservation/map spot-check needed.,Promotion-ready only after address point is verified on camping loop/RV area/campground entrance.,Use normal browser map/imagery/reservation map to recover coordinate; promote if point lands on campground area and amenities layer is proven.,NO ACTIVE OH MATCH FOUND in current OH.js unless otherwise noted,v23.1.65,OH_W3 first-pass return. Source/citation text: Current operator source needed; directory-only lead from obvious sweep
oh-lead-darke-county-fairgrounds-camping,OH,Darke County Fairgrounds camping,Darke County / Greenville,research_needed,Overnight Parking or Modern/Rustic after proof,Fairgrounds public non-event camping proof needed,Medium,Official fairgrounds source path,Do not use fair office/gate/centroid as campground coordinate.,Fairgrounds are recurring traps; public non-event camping must be explicit.,"Check official fairgrounds camping/RV policy, reservation/contact page, and map; add lead/reject depending proof.",NO ACTIVE OH MATCH FOUND in current OH.js unless otherwise noted,v23.1.65,OH_W3 first-pass return. Source/citation text: Official fairgrounds/county source needed
oh-lead-great-miami-little-miami-river-camping-check,OH,Great Miami / Little Miami River corridor overnight camping check,Dayton-Cincinnati river corridors,research_needed,Boat / Backpack or Boondocking / Dispersed if proven,Water-trail/river corridor lead,Medium,Official area/rule/GIS source path,AREA/RULE LEAD ONLY — no point coordinate.,Do not import broad forest/river centroids.,"Use ODNR Forestry/parks GIS, official maps, or agency contact to extract designated campsites/areas or reject if no overnight camping.",NO ACTIVE OH MATCH FOUND in current OH.js unless otherwise noted,v23.1.65,OH_W3 first-pass return. Source/citation text: Great Miami Riverway / Little Miami Scenic River official source family
oh-lead-sunbury-columbus-north-koa,OH,Sunbury / Columbus North KOA Holiday,Delaware County / Sunbury,coordinate_rescue,Private Campgrounds,Operator campground lead,Medium,Official county/regional/operator source path,NO HONEST IMPORT COORDINATE RECOVERED; address/reservation/map spot-check needed.,Promotion-ready only after address point is verified on camping loop/RV area/campground entrance.,Use normal browser map/imagery/reservation map to recover coordinate; promote if point lands on campground area and amenities layer is proven.,NO ACTIVE OH MATCH FOUND in current OH.js unless otherwise noted,v23.1.65,OH_W3 first-pass return. Source/citation text: https://koa.com/campgrounds/columbus-north/
oh-lead-camp-sandusky-private-campground,OH,Camp Sandusky,Erie / Sandusky,coordinate_rescue,Private Campgrounds,`operator_proof_coordinate_rescue`,Medium,Private/operator official,Operator proof found; exact coordinate not extracted.,Public-facing private campground; in scope.,Add lead.,No active OH match.,v23.1.65,"OH_W1 first-pass return. Source/citation text: Operator says Camp Sandusky offers RV sites, tent camping and cabins near Cedar Point; campground info notes bathhouse facilities. ([Facebook][20])"
oh-lead-sandusky-bayshore-koa,OH,Sandusky / Bayshore KOA Holiday,Erie / Sandusky,coordinate_rescue,Private Campgrounds,`operator_proof_coordinate_rescue`,Medium,Private/operator official,KOA/operator proof found; exact coordinate not extracted.,Public-facing private campground.,Add lead.,No active OH match.,v23.1.65,"OH_W1 first-pass return. Source/citation text: KOA lists RV, tent and cabin/site options, including full-hookup RV sites; local destination listing identifies 294 campsites and showers/full-hookups. ([KOA][21])"
oh-lead-lighthouse-point-rv-campground,OH,Lighthouse Point RV Sites at Cedar Point,Erie / Sandusky / Lake Erie shore,coordinate_rescue,Private Campgrounds,`operator_proof_coordinate_rescue`,Medium,Private/operator official,Operator proof found; exact RV campground coordinate not extracted.,"Needs campground-area coordinate, not Cedar Point general address.",Add lead.,No active OH match.,v23.1.65,OH_W1 first-pass return. Source/citation text: Cedar Point/Six Flags says Lighthouse Point has cottages/cabins plus 145 RV campsites; regional listing says luxury RV sites have full hookups. ([Six Flags][23])
oh-lead-crystal-rock-campground,OH,Crystal Rock Campground,Erie / Sandusky-Castalia,coordinate_rescue,Private Campgrounds,`operator_proof_coordinate_rescue`,Medium,Private/operator official,Operator proof found; exact coordinate not extracted.,Public-facing private campground.,Add lead.,No active OH match.,v23.1.65,"OH_W1 first-pass return. Source/citation text: Operator lists RV, tent, cabin and primitive/electric camping options; amenities page confirms modern restrooms and hot showers. ([Crystal Rock Campground][22])"
oh-lead-sandusky-rv-resort,OH,Sandusky RV Resort,Erie / Sandusky-Milan,coordinate_rescue,Private Campgrounds,`operator_proof_coordinate_rescue`,Medium,Private/operator official,Operator proof found; exact coordinate not extracted.,Public-facing private campground.,Add lead.,No active OH match.,v23.1.65,"OH_W1 first-pass return. Source/citation text: Operator says sites have full hookup with water, sewer and 30/50 amp electric; amenities include restrooms, hot showers, laundry and Wi-Fi. ([RVC Outdoor Destinations][24])"
oh-expo-center-korbel-rv-park-event-camping,OH,Ohio Expo Center / Korbel Campgrounds RV Park,Franklin / Columbus,needs_verification,Private Campgrounds / Event-venue camping,needs_verification,Medium,Ohio Expo Center official,NO HONEST ACTIVE COORDINATE ACCEPTED,Don’t import as ordinary campground without supervisor approval,Needs verification / policy call,,v23.1.71,
oh-franklin-alton-rv-park,OH,Alton RV Park,Franklin / Galloway / Columbus west,coordinate_rescue,Private Campgrounds,coordinate_rescue,Medium,Operator official + directory coordinate cross-check,NO HONEST ACTIVE COORDINATE ACCEPTED,Could become active quickly after spot-check,Add lead,,v23.1.71,
oh-lead-bluegrass-campground,OH,Bluegrass Campground,Fulton / Swanton,coordinate_rescue,Private Campgrounds,`operator_proof_coordinate_rescue`,Medium,Private/operator official,Operator proof found; exact coordinate not extracted.,Public-facing private campground.,Add lead.,No active OH match.,v23.1.65,"OH_W1 first-pass return. Source/citation text: Operator describes a family-oriented RV park with year-round nightly sites, seasonal camping and cabin rentals; site also references bathrooms/showers/laundry. ([Bluegrass Campground][27])"
oh-lead-superior-made-rv-resort-former-big-sandy,OH,Superior Made RV Resort / former Big Sandy Campground,Fulton / Swanton / Oak Openings edge,coordinate_rescue,Private Campgrounds,`operator_opening_status_coordinate_rescue`,Medium,Private/operator + reservation platform,"Operator proof found, but opening/status and exact coordinate need final confirmation.",Do not import stale Big Sandy separately unless still operating independently.,Add lead; verify current open status.,No active OH match.,v23.1.65,OH_W1 first-pass return. Source/citation text: Operator says the former Big Sandy Campground is being transformed into Superior Made RV Resort; Campspot says the resort will offer 180 RV sites with seasonal and nightly availability. ([Superior Made RV Res][28])
oh-wayne-nf-iron-ridge-campground-coordinate-rescue,OH,Iron Ridge Campground,Gallia / Wayne NF / Lake Vesuvius area,coordinate_rescue,Modern Campgrounds,Research Needed,Medium,USFS / Recreation.gov,Official/Rec.gov proof recovered; exact campground coordinate not safely extracted here.,Strong Modern lead; do not use Lake Vesuvius center.,Add lead; promote after coordinate extraction.,NO ACTIVE IN-LOCK OH ROW FOUND,v23.1.65,"OH_W4 first-pass return. Source/citation text: Wayne NF camping page lists Iron Ridge / Oak Hill as developed campgrounds; Recreation.gov describes Iron Ridge RV/tent sites with many electric hookups, flush toilets, showers, drinking water, water hookups, and dump station. ([US Forest Service][10])"
oh-lead-greene-county-fairgrounds-camping,OH,Greene County Fairgrounds camping,Greene County / Xenia,research_needed,Overnight Parking or Modern/Rustic after proof,Fairgrounds public non-event camping proof needed,Medium,Official fairgrounds source path,Do not use fair office/gate/centroid as campground coordinate.,Fairgrounds are recurring traps; public non-event camping must be explicit.,"Check official fairgrounds camping/RV policy, reservation/contact page, and map; add lead/reject depending proof.",NO ACTIVE OH MATCH FOUND in current OH.js unless otherwise noted,v23.1.65,OH_W3 first-pass return. Source/citation text: Official fairgrounds/county source needed
oh-hamilton-hamilton-county-fairgrounds-camping-public-access-check,OH,Hamilton County Fairgrounds Camping,Hamilton / Cincinnati,needs_verification,Needs Verification,Needs Verification,Medium,Social/community lead,Social-only/fairground lead; no clean official ordinary public camping proof.,Do not import from Facebook-only lead.,Keep Needs Verification.,NO ACTIVE IN-LOCK OH ROW FOUND,v23.1.66,From OH_W4 next-round closeout. Possible fair/event camping.
oh-lead-winton-woods-campground,OH,Winton Woods Campground,Hamilton / Cincinnati north,coordinate_rescue,Modern Campgrounds or mixed Modern/Rustic split,Official Great Parks campground; coordinate/amenity split rescue,Medium,Official county/regional/operator source path,NO HONEST IMPORT COORDINATE RECOVERED; address/reservation/map spot-check needed.,Promotion-ready only after address point is verified on camping loop/RV area/campground entrance.,Use normal browser map/imagery/reservation map to recover coordinate; promote if point lands on campground area and amenities layer is proven.,NO ACTIVE OH MATCH FOUND in current OH.js unless otherwise noted,v23.1.65,OH_W3 first-pass return. Source/citation text: https://www.greatparks.org/parks/winton-woods ; reservation: https://ohgreatparksweb.myvscloud.com/webtrac/web/siterentals.html?Location=Winton+Woods+Campground
oh-lead-lake-isabella-campground,OH,Lake Isabella Campground,Hamilton / Clermont edge,coordinate_rescue,Rustic / Primitive or Private/Public modern after proof,Great Parks reservation-system campground lead,Medium,Official county/regional/operator source path,NO HONEST IMPORT COORDINATE RECOVERED; address/reservation/map spot-check needed.,Promotion-ready only after address point is verified on camping loop/RV area/campground entrance.,Use normal browser map/imagery/reservation map to recover coordinate; promote if point lands on campground area and amenities layer is proven.,NO ACTIVE OH MATCH FOUND in current OH.js unless otherwise noted,v23.1.65,OH_W3 first-pass return. Source/citation text: https://ohgreatparksweb.myvscloud.com/webtrac/web/siterentals.html
oh-lead-miami-whitewater-forest-campground,OH,Miami Whitewater Forest Campground,Hamilton / Harrison,coordinate_rescue,Rustic / Primitive or Modern after shower/restroom proof,Official Great Parks campground; coordinate/amenity rescue,Medium,Official county/regional/operator source path,NO HONEST IMPORT COORDINATE RECOVERED; address/reservation/map spot-check needed.,Promotion-ready only after address point is verified on camping loop/RV area/campground entrance.,Use normal browser map/imagery/reservation map to recover coordinate; promote if point lands on campground area and amenities layer is proven.,NO ACTIVE OH MATCH FOUND in current OH.js unless otherwise noted,v23.1.65,OH_W3 first-pass return. Source/citation text: https://www.greatparks.org/parks/miami-whitewater-forest
oh-lead-miami-whitewater-forest-group-campground,OH,Miami Whitewater Forest Group Campground,Hamilton / Harrison,coordinate_rescue,Rustic / Primitive or Info / Reference,Official group-camp component lead,Medium,Official county/regional/operator source path,NO HONEST IMPORT COORDINATE RECOVERED; address/reservation/map spot-check needed.,Promotion-ready only after address point is verified on camping loop/RV area/campground entrance.,Use normal browser map/imagery/reservation map to recover coordinate; promote if point lands on campground area and amenities layer is proven.,NO ACTIVE OH MATCH FOUND in current OH.js unless otherwise noted,v23.1.65,OH_W3 first-pass return. Source/citation text: https://www.greatparks.org/parks/miami-whitewater-forest
oh-lead-winton-woods-possum-run-group-campground,OH,Possum Run Group Campground,Hamilton / Winton Woods,coordinate_rescue,Rustic / Primitive or Info / Reference,Official group-camp component lead,Medium,Official county/regional/operator source path,NO HONEST IMPORT COORDINATE RECOVERED; address/reservation/map spot-check needed.,Promotion-ready only after address point is verified on camping loop/RV area/campground entrance.,Use normal browser map/imagery/reservation map to recover coordinate; promote if point lands on campground area and amenities layer is proven.,NO ACTIVE OH MATCH FOUND in current OH.js unless otherwise noted,v23.1.65,OH_W3 first-pass return. Source/citation text: https://www.greatparks.org/parks/winton-woods
oh-lead-riverbend-recreation-area-campground,OH,Riverbend Recreation Area Campground,Hancock / Findlay,coordinate_rescue,Boat / Backpack,`official_tourism_coordinate_rescue`,Medium,Hancock/Findlay tourism and park district source family,Public/park proof found; exact campground coordinate not recovered.,Better as Boat / Backpack because sites are not car-accessible.,Add lead.,No active OH match.,v23.1.65,"OH_W1 first-pass return. Source/citation text: Visit Findlay says Riverbend Campgrounds is a Class C primitive facility with four tent sites, picnic tables/fire rings, and walk-in access; Riverbend Recreation Area page also lists primitive camping. ([Visit Findlay][19])"
oh-arrowhead-lake-rv-park-coordinate-rescue,OH,Arrowhead Lake RV Park,Hancock / Williamstown-Findlay edge,coordinate_rescue,Private Campgrounds,coordinate_rescue,Medium,Operator + tourism,NO HONEST ACTIVE COORDINATE ACCEPTED,Good operator lead; coordinate not safe yet,Add coordinate-rescue lead,,v23.1.71,
oh-hocking-hocking-hills-koa-holiday-coordinate-rescue,OH,Hocking Hills KOA Holiday,Hocking,research_needed,Private Campgrounds,Research Needed,Medium,Operator,Operator proof and address found; coordinate needs map check.,Obvious private campground.,Add lead.,NO ACTIVE IN-LOCK OH ROW FOUND,v23.1.65,"OH_W4 first-pass return. Source/citation text: KOA page identifies Hocking Hills KOA Holiday at 29150 Pattor Road, with RV, tent, and cabin camping. ([KOA][31])"
oh-hocking-jellystone-park-hocking-hills-coordinate-rescue,OH,Jellystone Park Hocking Hills,Hocking,research_needed,Private Campgrounds,Research Needed,Medium,Operator,Operator proof found; coordinate needs map check.,Obvious private campground.,Add lead.,NO ACTIVE IN-LOCK OH ROW FOUND,v23.1.65,OH_W4 first-pass return. Source/citation text: Operator says Jellystone Hocking Hills offers RV sites and glamping/lodging. ([Camp Jellystone][33])
oh-hocking-pine-creek-cabins-camping-resort-coordinate-rescue,OH,Pine Creek Cabins & Camping Resort,Hocking,research_needed,Private Campgrounds,Research Needed,Medium,Operator,Operator proof found; coordinate needs map check.,Obvious private campground.,Add lead.,NO ACTIVE IN-LOCK OH ROW FOUND,v23.1.65,OH_W4 first-pass return. Source/citation text: Operator says Pine Creek has 50 RV sites and 10 cabins. ([Pine Creek Cabins][34])
oh-hocking-top-o-the-caves-campground-coordinate-rescue,OH,Top O’ The Caves Campground,Hocking,research_needed,Private Campgrounds,Research Needed,Medium,Operator,Operator proof found; coordinate needs map check.,Obvious Hocking Hills private campground.,Add lead.,NO ACTIVE IN-LOCK OH ROW FOUND,v23.1.65,"OH_W4 first-pass return. Source/citation text: Operator describes Top O’ The Caves as a 60-acre campground/resort with camping, pool, playground, arcade, and fishing pond. ([Top O' The Caves][32])"
oh-hocking-campbell-cove-campground-coordinate-rescue,OH,Campbell Cove Campground,Hocking / Lake Logan area,research_needed,Private Campgrounds,Research Needed,Medium,Operator,Operator proof recovered; coordinate needs map check.,Obvious private Hocking-region campground.,Add lead.,NO ACTIVE IN-LOCK OH ROW FOUND,v23.1.65,"OH_W4 first-pass return. Source/citation text: Operator says Campbell Cove has 140+ RV sites, tent camping, cabins, powered sites, and full hookups on most sites. ([Campbell Cove Campground][30])"
oh-wayne-nf-lake-vesuvius-group-campground-two-points-coordinate-rescue,OH,Lake Vesuvius Group Campground / Two Points Group Camp,Lawrence / Wayne NF,research_needed,Rustic / Primitive,Research Needed,Medium,USFS / Recreation.gov,Official proof found; exact group-camp coordinate blocked.,Do not merge with Oak Hill unless component split is intentionally skipped.,Add lead.,NO ACTIVE IN-LOCK OH ROW FOUND,v23.1.65,"OH_W4 first-pass return. Source/citation text: USFS Lake Vesuvius page describes two developed family campgrounds and a group camp; Recreation.gov/USFS source says group site supports up to 50 tent campers and has vault toilets, showers, and drinking water. ([Recreation.gov][11])"
oh-wayne-nf-pine-knob-loop-campground-coordinate-rescue,OH,Pine Knob Loop Campground,Lawrence / Wayne NF / Lake Vesuvius,research_needed,Rustic / Primitive,Research Needed,Medium,USFS official,Listed by USFS but exact coordinate and services blocked.,Possible component of Lake Vesuvius campground system.,Add lead.,NO ACTIVE IN-LOCK OH ROW FOUND,v23.1.65,"OH_W4 first-pass return. Source/citation text: Wayne NF camping page lists Pine Knob Loop adjacent to Oak Hill Campground, and seasonal Wayne NF info treats Pine Knob separately from Oak Hill. ([US Forest Service][10])"
oh-lead-buckeye-lake-koa-columbus-east,OH,Buckeye Lake / Columbus East KOA Holiday,Licking / Buckeye Lake area,coordinate_rescue,Private Campgrounds,Operator campground lead,Medium,Official county/regional/operator source path,NO HONEST IMPORT COORDINATE RECOVERED; address/reservation/map spot-check needed.,Promotion-ready only after address point is verified on camping loop/RV area/campground entrance.,Use normal browser map/imagery/reservation map to recover coordinate; promote if point lands on campground area and amenities layer is proven.,NO ACTIVE OH MATCH FOUND in current OH.js unless otherwise noted,v23.1.65,OH_W3 first-pass return. Source/citation text: https://koa.com/campgrounds/buckeye-lake/
oh-lead-lazy-river-at-granville,OH,Lazy River At Granville Campground,Licking County / Granville,coordinate_rescue,Private Campgrounds,Operator campground lead,Medium,Official county/regional/operator source path,NO HONEST IMPORT COORDINATE RECOVERED; address/reservation/map spot-check needed.,Promotion-ready only after address point is verified on camping loop/RV area/campground entrance.,Use normal browser map/imagery/reservation map to recover coordinate; promote if point lands on campground area and amenities layer is proven.,NO ACTIVE OH MATCH FOUND in current OH.js unless otherwise noted,v23.1.65,OH_W3 first-pass return. Source/citation text: https://www.lazyriveratgranville.com/
oh-needs-lorain-county-fairgrounds-camping,OH,Lorain County Fairgrounds Camping,Lorain / Wellington,research_needed,Needs Verification,fairground camping possible; public non-event status unclear,Medium,Fairgrounds/event source needed,Fairgrounds address only; camping area not safely isolated,Avoid fair office/arena/gate proxy.,Keep Needs Verification until public non-event use is proven.,No OH active match found,v23.1.65,OH_W2 first-pass return. Source/citation text: Lorain County Fair official camping info if any
oh-lead-wiregrass-lake-campground-georeference,OH,Wiregrass Lake Campground,Lucas / Holland,research_needed,Boat / Backpack,`official_pdf_site_georeference_needed`,Medium,Metroparks Toledo official/PDF,Official PDF has campsite symbols; no lat/lng extracted.,Do not use lake center.,Add lead.,No active OH match.,v23.1.65,OH_W1 first-pass return. Source/citation text: Metroparks says Wiregrass has three individual primitive tent-only campsites near the lakeshore; the official PDF shows Campsites 1–3 around Wiregrass Lake. ([Metroparks Toledo][15])
oh-lead-farnsworth-campground-maumee-river,OH,Farnsworth Campground,Lucas / Maumee River corridor,coordinate_rescue,Boat / Backpack,`official_river_tent_coordinate_rescue`,Medium,Metroparks Toledo official,Official Metroparks proof; exact campsite coordinate not recovered.,Good river-corridor camping lead.,Add lead.,No active OH match.,v23.1.65,"OH_W1 first-pass return. Source/citation text: Metroparks says Farnsworth sites allow tent camping along the Maumee River, with individual and group sites, fire rings, and May–October overnight camping. ([Metroparks Toledo][16])"
oh-lead-cannonball-prairie-overnight-camping-check,OH,Cannonball Prairie Metropark Overnight Camping Check,Lucas / Metroparks Toledo,coordinate_rescue,Needs Verification,Seed target; no overnight proof recovered in accessible source snippet,Medium,Official park district page/map needed,No safe campground coordinate; official park page/map/reservation check needed,Keep as lead/reject-trap until overnight camping is proven,Check official reservations and park map; reject if day-use only,No Cannonball active match found in v23.1.65 snippets/search,v23.1.66,"From OH_W2 next-round closeout. Unknown; possible event/special-use, not proven public camping"
oh-lead-cannaley-treehouse-village-oak-openings,OH,Cannaley Treehouse Village / tent platforms,Lucas / Oak Openings Preserve,coordinate_rescue,Boat / Backpack / Needs Supervisor Review,`official_overnight_unique_getaway_coordinate_rescue`,Medium,Metroparks Toledo official,Official Metroparks proof; exact platform/village coordinate not extracted.,Supervisor should decide whether treehouses/platforms belong as camping/unique overnight records.,Add lead.,No active OH match.,v23.1.65,"OH_W1 first-pass return. Source/citation text: Metroparks says Cannaley Treehouse Village includes public overnight treehouses and tree-attached raised platforms for tent/hammock camping, with restrooms and showers nearby. ([Metroparks Toledo][13])"
oh-lead-oak-openings-white-oak-springbrook-campgrounds,OH,Oak Openings Preserve — White Oak / Springbrook Campgrounds,Lucas / Swanton-Whitehouse,coordinate_rescue,Rustic / Primitive,`official_metroparks_component_coordinate_rescue`,Medium,Metroparks Toledo official,Official Metroparks proof; exact component coordinates need extraction.,Should be split into White Oak and Springbrook if coordinate points are recovered.,Add lead.,No active OH match.,v23.1.65,OH_W1 first-pass return. Source/citation text: Metroparks says Oak Openings has two campgrounds and cabins; White Oak has eight individual and two group tent sites; Springbrook has primitive sites and horse-camp options. ([Metroparks Toledo][12])
oh-lead-cannonball-prairie-campground,OH,Cannonball Prairie Campground,Lucas / Wabash Cannonball Trail corridor,coordinate_rescue,Boat / Backpack,`official_walk_in_primitive_coordinate_rescue`,Medium,Metroparks Toledo official,Official Metroparks proof; exact campsites need map extraction.,Walk-in/tent primitive style fits Boat / Backpack better than drive-in campground.,Add lead.,No active OH match.,v23.1.65,"OH_W1 first-pass return. Source/citation text: Metroparks says Cannonball Prairie has three primitive individual tent campsites, tent-only, reservation required, with fire rings and year-round camping. ([Metroparks Toledo][14])"
oh-lead-twin-acres-campground,OH,Twin Acres Campground,Lucas / Whitehouse,coordinate_rescue,Private Campgrounds,`operator_proof_coordinate_rescue`,Medium,Private/operator official,Operator proof found; exact coordinate not extracted.,Public-facing private campground.,Add lead.,No active OH match.,v23.1.65,OH_W1 first-pass return. Source/citation text: Operator has reservation/rate pages; rate page lists nightly water/electric and water/electric/sewer pull-through options. ([Twin Acres Campground][26])
oh-lead-blue-creek-campground,OH,Blue Creek Campground,Lucas / Whitehouse area,coordinate_rescue,Rustic / Primitive,`official_temporary_primitive_coordinate_rescue`,Medium,Metroparks Toledo official,Official Metroparks proof; exact coordinate not recovered.,Temporary status should be noted in popup if imported.,Add lead.,No active OH match.,v23.1.65,"OH_W1 first-pass return. Source/citation text: Metroparks says Blue Creek Campground has three individual tent-only primitive campsites, reservations required, and is temporary. ([Metroparks Toledo][17])"
oh-needs-canfield-fairgrounds-camping,OH,Canfield Fairgrounds Camping,Mahoning / Canfield,research_needed,Needs Verification,real fairground camping likely; public non-event status unclear,Medium,Fairgrounds/event source needed,Fairgrounds address only; camping-area/public use not fully proven,Do not import event-only fair camping without public/transient proof.,Agency/operator contact or official camping page needed.,No OH active match found,v23.1.65,OH_W2 first-pass return. Source/citation text: Canfield Fairgrounds official site; fair camping information if public/off-season
oh-lead-mercer-county-fairgrounds-camping,OH,Mercer County Fairgrounds camping,Mercer County / Celina,research_needed,Overnight Parking or Modern/Rustic after proof,Fairgrounds public non-event camping proof needed,Medium,Official fairgrounds source path,Do not use fair office/gate/centroid as campground coordinate.,Fairgrounds are recurring traps; public non-event camping must be explicit.,"Check official fairgrounds camping/RV policy, reservation/contact page, and map; add lead/reject depending proof.",NO ACTIVE OH MATCH FOUND in current OH.js unless otherwise noted,v23.1.65,OH_W3 first-pass return. Source/citation text: Official fairgrounds/county source needed
oh-lead-miami-county-fairgrounds-camping,OH,Miami County Fairgrounds camping,Miami County / Troy,research_needed,Overnight Parking or Modern/Rustic after proof,Fairgrounds public non-event camping proof needed,Medium,Official fairgrounds source path,Do not use fair office/gate/centroid as campground coordinate.,Fairgrounds are recurring traps; public non-event camping must be explicit.,"Check official fairgrounds camping/RV policy, reservation/contact page, and map; add lead/reject depending proof.",NO ACTIVE OH MATCH FOUND in current OH.js unless otherwise noted,v23.1.65,OH_W3 first-pass return. Source/citation text: Official fairgrounds/county source needed
oh-monroe-county-parks-campground-system-coordinate-rescue,OH,Monroe County Parks Campground System,Monroe,coordinate_rescue,Rustic / Primitive,Research Needed,Medium,County official,Official county proof found; individual campground names/coordinates blocked.,High-value public county system lead.,Add lead; split into individual rows after coordinates.,NO ACTIVE IN-LOCK OH ROW FOUND,v23.1.65,OH_W4 first-pass return. Source/citation text: Monroe County Parks says the county has seven developed campgrounds and directs visitors to call for reservations. ([monroecountyohio.com][29])
oh-lead-five-rivers-twin-valley-backpacking-campsites,OH,Twin Valley Trail / Five Rivers MetroParks backpacking campsites,Montgomery / Preble / Germantown-Twin Creek corridor,coordinate_rescue,Boat / Backpack,Backpacking / hike-in component extraction lead,Medium,Official county/regional/operator source path,NO HONEST IMPORT COORDINATE RECOVERED; address/reservation/map spot-check needed.,Promotion-ready only after address point is verified on camping loop/RV area/campground entrance.,Use normal browser map/imagery/reservation map to recover coordinate; promote if point lands on campground area and amenities layer is proven.,NO ACTIVE OH MATCH FOUND in current OH.js unless otherwise noted,v23.1.65,OH_W3 first-pass return. Source/citation text: https://www.metroparks.org/
oh-lead-dayton-koa-resort,OH,Dayton KOA Resort / Brookville,Montgomery / Preble edge,coordinate_rescue,Private Campgrounds,Operator campground lead,Medium,Official county/regional/operator source path,NO HONEST IMPORT COORDINATE RECOVERED; address/reservation/map spot-check needed.,Promotion-ready only after address point is verified on camping loop/RV area/campground entrance.,Use normal browser map/imagery/reservation map to recover coordinate; promote if point lands on campground area and amenities layer is proven.,NO ACTIVE OH MATCH FOUND in current OH.js unless otherwise noted,v23.1.65,OH_W3 first-pass return. Source/citation text: https://koa.com/campgrounds/dayton/
oh-morgan-private-campground-cluster-coordinate-rescue,OH,Morgan County Private Campground Cluster,Morgan,research_needed,Private Campgrounds,Research Needed,Medium,County tourism support,Official tourism list found; individual operator proof/coordinates need extraction.,Durable lead cluster; should be split later.,Add lead.,NO ACTIVE IN-LOCK OH ROW FOUND,v23.1.65,"OH_W4 first-pass return. Source/citation text: Morgan County tourism lists multiple campground/RV names, including Katie’s Duds & Suds RV Park, MoCo RV Park and Cabins, Burr Oak Family Resort Campground, Riversedge, and state park options. ([Visit Morgan County][36])"
oh-morgan-riversedge-campground-marina-coordinate-rescue,OH,Riversedge Campground & Marina,Morgan / Muskingum River,research_needed,Private Campgrounds,Research Needed,Medium,Operator,Operator proof found; coordinate needs map check.,Do not use marina/boat ramp as campsite pin unless it is the campground entrance.,Add lead.,NO ACTIVE IN-LOCK OH ROW FOUND,v23.1.65,"OH_W4 first-pass return. Source/citation text: Operator describes 70 acres along the Muskingum River, full-hookup RV sites, bathhouse with hot showers, riverside tent sites, boat ramp/dock, and rentals. ([Riversedge Website][35])"
oh-lead-ohio-state-forest-gis-camping-policy,OH,Ohio state forest designated camping / no-dispersed-camping policy geometry,Ohio central/southwest source-system,research_needed,Info / Reference or Boondocking / Dispersed only where designated,statewide rule-source lead constrained to geography,Medium,Official area/rule/GIS source path,AREA/RULE LEAD ONLY — no point coordinate.,Do not import broad forest/river centroids.,"Use ODNR Forestry/parks GIS, official maps, or agency contact to extract designated campsites/areas or reject if no overnight camping.",NO ACTIVE OH MATCH FOUND in current OH.js unless otherwise noted,v23.1.65,OH_W3 first-pass return. Source/citation text: ODNR Forestry official rules/GIS source needed
oh-camp-perry-rv-camping-public-status-check,OH,Camp Perry Lodging/RV/Camping Public-Access Check,Ottawa / Camp Perry,needs_verification,Needs Verification,Public availability unclear / may be military or event-restricted,Medium,Official Camp Perry / lodging source needed,No safe public-facing campground coordinate,Needs Verification rather than active due public-access ambiguity,Verify public/non-event overnight access; reject if restricted,No Camp Perry active match found in v23.1.65 snippets/search,v23.1.66,From OH_W2 next-round closeout. Potential RV/camping/lodging but access may be restricted or event-specific
oh-lead-camp-sabroske-coordinate-rescue,OH,Camp Sabroske,Ottawa / Oak Harbor,coordinate_rescue,Private Campgrounds,`operator_or_directory_coordinate_rescue`,Medium,Directory lead/support,Public campground proof surfaced but operator source not fully recovered here.,Keep as lead; not active without stronger operator proof.,Add lead.,No active OH match.,v23.1.65,"OH_W1 first-pass return. Source/citation text: Spot2Nite lists Camp Sabroske with 31 RV spaces, electricity/water, unlimited tent sites and cabins near Lake Erie. ([Spot2Nite][29])"
oh-cedarlane-rv-resort-coordinate-rescue,OH,Cedarlane RV Resort,Ottawa / Port Clinton-Catawba,coordinate_rescue,Private Campgrounds,coordinate_rescue,Medium,Operator,NO HONEST ACTIVE COORDINATE ACCEPTED,Do not use Catawba/lake/marina proxy,Add durable coordinate-rescue lead,,v23.1.71,
oh-gilboa-quarry-rv-park-campground-coordinate-rescue,OH,Gilboa Quarry RV Park / Tent Camping,Putnam / Gilboa-Ottawa edge,coordinate_rescue,Private Campgrounds,coordinate_rescue,Medium,Operator + tourism/address support,NO HONEST ACTIVE COORDINATE ACCEPTED,In-scope Putnam edge; diving/quarry feature should not become a proxy pin,Add coordinate-rescue lead,,v23.1.71,
oh-lead-white-star-park-campground,OH,White Star Park Campground,Sandusky / Gibsonburg,coordinate_rescue,Modern Campgrounds,`official_county_coordinate_rescue`,Medium,Sandusky County Park District official,Official county campground proof and address found; no safe coordinate extracted.,Major county campground miss.,Add lead; promote after coordinate rescue.,No active OH match.,v23.1.65,OH_W1 first-pass return. Source/citation text: Sandusky County Park District says White Star campground is open April 15–Nov. 1; reservation page lists primitive and electric/water site types; FAQ says White Star sites have water and electric. ([Love My Parks][18])
oh-lead-shelby-county-fairgrounds-camping,OH,Shelby County Fairgrounds camping,Shelby County / Sidney,research_needed,Overnight Parking or Modern/Rustic after proof,Fairgrounds public non-event camping proof needed,Medium,Official fairgrounds source path,Do not use fair office/gate/centroid as campground coordinate.,Fairgrounds are recurring traps; public non-event camping must be explicit.,"Check official fairgrounds camping/RV policy, reservation/contact page, and map; add lead/reject depending proof.",NO ACTIVE OH MATCH FOUND in current OH.js unless otherwise noted,v23.1.65,OH_W3 first-pass return. Source/citation text: Official fairgrounds/county source needed
oh-lead-cedarbrook-campground,OH,Cedarbrook Campground,Warren County / Lebanon,coordinate_rescue,Private Campgrounds,Operator campground lead,Medium,Official county/regional/operator source path,NO HONEST IMPORT COORDINATE RECOVERED; address/reservation/map spot-check needed.,Promotion-ready only after address point is verified on camping loop/RV area/campground entrance.,Use normal browser map/imagery/reservation map to recover coordinate; promote if point lands on campground area and amenities layer is proven.,NO ACTIVE OH MATCH FOUND in current OH.js unless otherwise noted,v23.1.65,OH_W3 first-pass return. Source/citation text: https://www.cedarbrookcampground.com/
oh-lead-lebanon-cincinnati-ne-koa,OH,Lebanon / Cincinnati NE KOA Holiday,Warren County / Lebanon,coordinate_rescue,Private Campgrounds,Operator campground lead,Medium,Official county/regional/operator source path,NO HONEST IMPORT COORDINATE RECOVERED; address/reservation/map spot-check needed.,Promotion-ready only after address point is verified on camping loop/RV area/campground entrance.,Use normal browser map/imagery/reservation map to recover coordinate; promote if point lands on campground area and amenities layer is proven.,NO ACTIVE OH MATCH FOUND in current OH.js unless otherwise noted,v23.1.65,OH_W3 first-pass return. Source/citation text: https://koa.com/campgrounds/cincinnati-northeast/
oh-lead-armco-park-campground,OH,Warren County Armco Park Campground,Warren County / Lebanon,coordinate_rescue,Modern Campgrounds or Rustic / Primitive,County park campground lead,Medium,Official county/regional/operator source path,NO HONEST IMPORT COORDINATE RECOVERED; address/reservation/map spot-check needed.,Promotion-ready only after address point is verified on camping loop/RV area/campground entrance.,Use normal browser map/imagery/reservation map to recover coordinate; promote if point lands on campground area and amenities layer is proven.,NO ACTIVE OH MATCH FOUND in current OH.js unless otherwise noted,v23.1.65,OH_W3 first-pass return. Source/citation text: https://www.co.warren.oh.us/parks/
oh-lead-warren-county-fairgrounds-camping,OH,Warren County Fairgrounds camping,Warren County / Lebanon,research_needed,Overnight Parking or Modern/Rustic after proof,Fairgrounds public non-event camping proof needed,Medium,Official fairgrounds source path,Do not use fair office/gate/centroid as campground coordinate.,Fairgrounds are recurring traps; public non-event camping must be explicit.,"Check official fairgrounds camping/RV policy, reservation/contact page, and map; add lead/reject depending proof.",NO ACTIVE OH MATCH FOUND in current OH.js unless otherwise noted,v23.1.65,OH_W3 first-pass return. Source/citation text: Official fairgrounds/county source needed
oh-lead-morgans-riverside-campground,OH,Morgan's Riverside Campground / Little Miami River,Warren County / Oregonia,coordinate_rescue,Private Campgrounds / Boat-Backpack support,Operator campground/canoe-livery lead,Medium,Official county/regional/operator source path,NO HONEST IMPORT COORDINATE RECOVERED; address/reservation/map spot-check needed.,Promotion-ready only after address point is verified on camping loop/RV area/campground entrance.,Use normal browser map/imagery/reservation map to recover coordinate; promote if point lands on campground area and amenities layer is proven.,NO ACTIVE OH MATCH FOUND in current OH.js unless otherwise noted,v23.1.65,OH_W3 first-pass return. Source/citation text: https://www.morganscanoe.com/
oh-lead-olive-branch-campground,OH,Olive Branch Campground,Warren County / Oregonia,coordinate_rescue,Private Campgrounds,Operator campground lead,Medium,Official county/regional/operator source path,NO HONEST IMPORT COORDINATE RECOVERED; address/reservation/map spot-check needed.,Promotion-ready only after address point is verified on camping loop/RV area/campground entrance.,Use normal browser map/imagery/reservation map to recover coordinate; promote if point lands on campground area and amenities layer is proven.,NO ACTIVE OH MATCH FOUND in current OH.js unless otherwise noted,v23.1.65,OH_W3 first-pass return. Source/citation text: https://www.olivebranchcampground.com/
oh-lead-frontier-campground-waynesville,OH,Frontier Campground,Warren County / Waynesville-Caesar Creek,coordinate_rescue,Private Campgrounds,Operator campground lead,Medium,Official county/regional/operator source path,NO HONEST IMPORT COORDINATE RECOVERED; address/reservation/map spot-check needed.,Promotion-ready only after address point is verified on camping loop/RV area/campground entrance.,Use normal browser map/imagery/reservation map to recover coordinate; promote if point lands on campground area and amenities layer is proven.,NO ACTIVE OH MATCH FOUND in current OH.js unless otherwise noted,v23.1.65,OH_W3 first-pass return. Source/citation text: https://frontiercamping.com/ or current operator source needed
oh-washington-county-licensed-rv-campground-cluster-public-proof-coordinate-rescue,OH,Washington County licensed campground/RV park cluster,Washington / Marietta / Ohio River corridor,coordinate_rescue,Private Campgrounds,coordinate_rescue,Medium,County public health / official county list,NO HONEST ACTIVE COORDINATE ACCEPTED,"County licensing is a lead, not final proof that each is public-facing",Add cluster lead for follow-up,,v23.1.71,
oh-wayne-nf-kinderhook-horse-camping-trailhead-trap-check,OH,Kinderhook Horse Trailhead / Possible Horse Camping,Washington / Wayne NF,research_needed,Rustic / Primitive,Needs Verification,Medium,USFS official,Official source gives trailhead coordinate but not enough campground proof.,Don’t import trailhead coordinate as campground yet.,Verify with USFS map or district contact.,NO ACTIVE IN-LOCK OH ROW FOUND,v23.1.65,"OH_W4 first-pass return. Source/citation text: USFS search result identifies Kinderhook Horse Trail System / Trailhead with GPS and horse-camping category, but the page is also clearly a trailhead facility with vault toilet and no potable water. ([US Forest Service][12])"
oh-lead-toledo-east-stony-ridge-koa,OH,Toledo East / Stony Ridge KOA Journey,Wood / Stony Ridge-Perrysburg edge,coordinate_rescue,Private Campgrounds,`operator_proof_coordinate_rescue`,Medium,Private/operator official,KOA/operator proof found; exact coordinate not extracted.,Public-facing private campground.,Add lead.,No active OH match.,v23.1.65,"OH_W1 first-pass return. Source/citation text: KOA says the campground has full-hookup sites, picnic tables/fire rings, Wi-Fi, and other amenities; KOA site-type page lists water/electric and full-hookup styles. ([KOA][25])"
pa-anf-recreation-gov-facility-api-coordinate-extraction,PA,Allegheny NF Recreation.gov Facility Coordinate Extraction,ANF counties,external_access_required,Mixed,External Extraction Needed,Medium,USFS / Recreation.gov,Some facilities still need Recreation.gov facility API/details.,Requires Recreation.gov facility API or normal browser.,Supervisor/API follow-up.,,v23.1.62,"Recreation.gov lists 17 ANF campgrounds/facilities including Morrison and Pine Grove, but not all facility coordinates were exposed in accessible text. ([Recreation.gov][19])"
pa-penn-roosevelt-state-park-camping-status,PA,Penn-Roosevelt State Park overnight/camping status,Centre/Huntingdon edge / Rothrock State Forest,needs_verification,Needs Verification,camping_status_unclear,Medium,PA DCNR state park page,"Official DCNR page gives park GPS but states currently no reservable facilities; coordinate is park, not campsite; MEDIUM for park only",Do not import from park GPS alone until overnight facility/current camping rule is confirmed.,Agency/forest district confirmation or reservation/GIS check.,,v23.1.62,https://www.pa.gov/agencies/dcnr/recreation/where-to-go/state-parks/find-a-park/penn-roosevelt-state-park
pa-dcnr-state-forest-campsite-gis-extraction,PA,PA DCNR State Forest Campsite GIS Extraction,Clear Creek / Cornplanter / Elk / Moshannon overlaps,external_access_required,Boondocking / Dispersed,External Extraction Needed,Medium,PA DCNR,DCNR interactive GIS/API needed.,This is where GDAL/API/devtools earns its kibble.,GIS/API extraction pass.,,v23.1.62,"DCNR states motorized roadside camping is permit-required and designated-site-only, and provides an interactive State Forest Camp Sites GIS map. ([Pennsylvania Government][25])"
pa-state-parks-reserveamerica-coordinate-extraction,PA,PA DCNR State Park Campground Coordinate Extraction — NW Counties,Crawford / Warren / Jefferson / Clarion / Butler / Venango,external_access_required,Mixed,External Extraction Needed,Medium,PA DCNR / ReserveAmerica,ReserveAmerica/DCNR maps needed for exact campground coordinates.,"Requires normal browser reservation-map metadata, DCNR PDF georeference, or GIS extraction.",Supervisor/GIS follow-up.,,v23.1.62,"DCNR lists multiple in-geography state park campgrounds: Chapman, Clear Creek, Cook Forest, Oil Creek, Pymatuning Jamestown/Linesville, Moraine backpack shelter; exact campground coordinates are not exposed cleanly in accessible text. ([Pennsylvania Government][26])"
pa-private-campground-address-mapcheck-batch,PA,Private Campground Address Map-Check Batch,Erie / Crawford / Mercer / Forest / Clarion,external_access_required,Private Campgrounds,External Extraction Needed,Medium,Operator / county tourism,Operator addresses exist; map/imagery/parcel checks needed before active coordinates.,"Bulldog rule allows address-based medium coordinates after map check, but that spot-check was not available from accessible text alone.",Normal browser worker pass.,,v23.1.62,"Multiple operator/county pages provide campground addresses and public-facing proof; many do not expose numeric coordinates. Examples include Lampe, Meadville, Adventure Bound, RV Village, Forest County campground list. ([Erie Western PA Port Authority][29])"
pa-lead-uniontown-koa-holiday-status-conflict,PA,Uniontown KOA Holiday,Fayette / Connellsville area,needs_verification,Private Campgrounds,needs_verification,Medium,KOA/directory conflict,"Operator-style references exist, but closure conflict found",Needs current operator confirmation before import,Verify current operating status,,v23.1.62,KOA-related source describes campground on the Youghiogheny River/GAP corridor; another directory marks Uniontown KOA Holiday as permanently closed. ([KOA][35])
pa-needs-lambs-creek-recreation-area-no-overnight-proof,PA,Lambs Creek Recreation Area,Tioga,needs_verification,Needs Verification,"Recreation.gov facility found, but appears day-use/group shelter rather than overnight campground",Medium,Recreation.gov,No campground coordinate recommended,Do not import as campground unless USACE confirms overnight camping.,Add verification/reject-watch lead.,,v23.1.62,"Recreation.gov describes Lambs Creek as a group shelter/picnic/day-use facility with boat ramp and rail trail access, not an overnight campground. ([Recreation.gov][36])"
pa-needs-wayne-lake-mocatek-campground-public-transient-status,PA,Lake Moc-A-Tek Campground,Wayne / Lakeville area,needs_verification,Private Campgrounds,Public transient status unclear,Medium,Operator,Operator GPS / Medium,Needs clarity on transient public camping versus seasonal-only/cabin-only,Contact operator or inspect current booking flow,,v23.1.62,Operator says seasonal RV sites plus cabins/yurts/cottages; earlier official FAQ/source indicated no daily/weekend RV rentals. ([Lake Mocatek Campground][29])
