id,state,name,countyRegion,leadType,likelyLayer,status,priority,sourceType,coordinateConfidence,blocker,nextAction,relatedActiveOrPendingRecord,lastCheckedVersion,notes
in-lead-metea-county-park-camping-policy,IN,Metea County Park Group / Primitive Camping Check,Allen / Leo-Cedarville,research_needed,Rustic / Primitive or group/youth,Needs policy verification,High,County park source family / public discovery,Group camping / overnight rules unclear in accessible source pass,"Do not import park centroid, nature center, or trailhead.",Add lead only.,,v23.1.68,Allen County Parks/Metea source family checked as likely group/outdoor education site; public overnight campground status not proven here.
in-lead-in-bartholomew-blue-canoe-livery-water-trail-camping-coordinate-rescue,IN,Blue’s Canoe Livery Water-Trail Camping,Bartholomew edge / Driftwood River,coordinate_rescue,Boat / Backpack / Private,Research Needed,High,Indiana DNR water-trail page,Official DNR water-trail camping list; exact campground coordinate not recovered.,Edge county but within Bartholomew edge in assignment.,Add lead.,,v23.1.68,"Indiana DNR lists Blue’s Canoe Livery on Driftwood River as a public water-trail camping location with address 6700 W. Lowell Road, Columbus. ([Indiana Government][39])"
in-lead-in-brown-monroe-yellowwood-morgan-monroe-tecumseh-trail-backcountry-camping-geometry,IN,Tecumseh Trail / Yellowwood-Morgan-Monroe Backcountry Camping,Brown / Monroe / Morgan,research_needed,Boat / Backpack / Boondocking split pending,Research Needed,High,Indiana DNR official,Official rule proof; trail geometry needed.,Important non-modern lead.,Add lead.,,v23.1.68,"DNR says dispersed camping is allowed along Tecumseh Trail through Morgan-Monroe and Yellowwood and in backcountry areas, but not on private-property trail sections; registration is required at Morgan-Monroe and Yellowwood. ([Indiana Government][10])"
in-lead-yellowwood-state-forest-family-horse-carryin,IN,Yellowwood State Forest Family / Horse / Carry-in Camping Components,Brown / Monroe / Yellowwood State Forest,coordinate_rescue,Rustic / Primitive / Boat-Backpack,coordinate_rescue,High,IN_W3 v23.1.69 worker return / supervisor reconciliation,NO HONEST ACTIVE COORDINATE ACCEPTED,Strong non-modern component lead.,Extract component coordinates from DNR maps/GIS or agency contact.,,v23.1.69,
in-lead-in-brown-yellowwood-state-forest-family-campground-coordinate-rescue,IN,Yellowwood State Forest Primitive Family Campground,Brown / Yellowwood State Forest,research_needed,Rustic / Primitive,Research Needed,High,Indiana DNR / ReserveAmerica,Official reservation proof; exact family campground point blocked.,High-value non-modern state-forest candidate.,Add lead.,,v23.1.68,ReserveAmerica says Yellowwood has 74 primitive campsites plus 11 primitive horse campsites and backcountry camping is permitted; DNR state forest page confirms primitive/equestrian campgrounds. ([Indiana State Parks][12])
in-lead-in-brown-yellowwood-state-forest-horse-camp-coordinate-rescue,IN,Yellowwood State Forest Primitive Horse Camp,Brown / Yellowwood State Forest,research_needed,Rustic / Primitive,Research Needed,High,Indiana DNR / ReserveAmerica,Official reservation proof; exact horse-camp point blocked.,Split from family campground.,Add lead.,,v23.1.68,ReserveAmerica says Yellowwood has 11 primitive horse campsites and equestrian camping; the state forest recreation page also lists primitive family and equestrian campgrounds. ([Indiana State Parks][12])
in-lead-in-clark-clark-state-forest-equestrian-campground-coordinate-rescue,IN,Clark State Forest Equestrian Campground,Clark,coordinate_rescue,Rustic / Primitive,Research Needed,High,Indiana DNR official,Official proof; exact horse campground coordinate blocked.,Split from family campground.,Add lead.,,v23.1.68,"DNR says Clark’s equestrian campground is west of I-65 off Winding Road, with 28 sites, hitching posts, pit toilets, water, dump station, and comfort station. ([Indiana Government][14])"
in-lead-in-clark-clark-state-forest-family-campground-coordinate-rescue,IN,Clark State Forest Family Campground,Clark,coordinate_rescue,Rustic / Primitive,Research Needed,High,Indiana DNR official,Official proof; exact campground coordinate blocked.,Split from horse campground.,Add lead.,,v23.1.68,"DNR says Clark State Forest has two nonelectric campgrounds; the family campground is east of I-65 off Winding Road with 40 sites, pit toilets, water, dump station access, and comfort station access. ([Indiana Government][14])"
in-lead-in-clark-deam-lake-state-recreation-area-equestrian-campground-coordinate-rescue,IN,Deam Lake SRA Equestrian Campground,Clark,coordinate_rescue,Rustic / Primitive / Modern split pending,Research Needed,High,Indiana DNR official,Official proof; exact horse-camp coordinate blocked.,Might be Modern if shower/comfort station proof is confirmed; otherwise equestrian layer split.,Add lead.,,v23.1.68,"DNR says Deam Lake’s equestrian campground has 63 electric sites with hitching posts and 36 electric sites with horse stalls, connecting to Clark State Forest trails. ([Indiana Government][27])"
in-lead-in-clark-jackson-washington-knobstone-trail-dispersed-camping-geometry,IN,Knobstone Trail Dispersed Camping System,Clark / Jackson / Washington,research_needed,Boondocking / Dispersed,Research Needed,High,Indiana DNR official,Official rule proof; trail geometry needed.,High-value boondocking/backpack lead.,Add lead.,,v23.1.68,"DNR says dispersed camping is allowed on sections of the Knobstone Trail in Clark and Jackson-Washington State Forest, with restrictions including no camping on certain mile segments and no camping through Fish & Wildlife property. ([Indiana Government][10])"
in-lead-knobstone-trail-dispersed-backcountry-camping,IN,Knobstone Trail Dispersed / Backcountry Camping Rule and Geometry,Clark / Jackson-Washington / southern IN state forests,coordinate_rescue,Boat / Backpack / Boondocking,coordinate_rescue,High,IN_W3 v23.1.69 worker return / supervisor reconciliation,NO HONEST ACTIVE COORDINATE ACCEPTED,Important non-modern trail camping lead.,Extract trail route/eligible public-land geometry and any designated camp points.,,v23.1.69,
in-lead-clark-state-forest-family-equestrian,IN,Clark State Forest Family and Equestrian Campgrounds,Clark / Scott,coordinate_rescue,Rustic / Primitive,coordinate_rescue,High,IN_W3 v23.1.69 worker return / supervisor reconciliation,NO HONEST ACTIVE COORDINATE ACCEPTED,Strong Rustic/Primitive component lead.,Extract exact family/equestrian campground coordinates.,,v23.1.69,
in-lead-in-crawford-obannon-woods-stagestop-primitive-youth-canoe-camp-coordinate-rescue,IN,O’Bannon Woods / Stagestop Primitive & Youth Camping,Crawford / Harrison,coordinate_rescue,Rustic / Primitive / Boat access component,Research Needed,High,Indiana DNR / ReserveAmerica,Official reservation proof; component coordinate blocked.,Split from main O’Bannon electric/equestrian campground.,Add lead.,,v23.1.68,"ReserveAmerica says O’Bannon Woods offers electrical, non-electric and electric equestrian campsites, plus primitive and youth camping at Stagestop Campground; canoe access is also available at Stagestop. ([Indiana State Parks][17])"
in-lead-in-crawford-come-again-horse-camp-coordinate-rescue,IN,Come Again Horse Camp,Crawford / Harrison-Crawford Forest edge,coordinate_rescue,Private Campgrounds,Research Needed,High,County tourism lead,Tourism/operator lead; exact coordinate/operator proof needs direct check.,Strong obvious horse-camp lead.,Add lead.,,v23.1.68,"Crawford County tourism lists Come Again Horse Camp at 6192 S. Wyandotte Cave Road with water, electric hookups, hitching posts, pavilion, and direct access to Harrison-Crawford State Forest horse trails. ([Come to Crawford][38])"
in-lead-hemlock-cliffs-roadside-dispersed-sites,IN,Hoosier NF Hemlock Cliffs Roadside Dispersed Camping Map Area,Crawford / Hoosier NF,coordinate_rescue,Boondocking / Dispersed,coordinate_rescue,High,IN_W3 v23.1.69 worker return / supervisor reconciliation,NO HONEST ACTIVE COORDINATE ACCEPTED,Conflicting/trap-prone source family; keep as lead until exact designated sites are isolated.,Extract official sites and add rejected trap for Hemlock Cliffs recreation area camping.,,v23.1.69,
in-lead-birdseye-roadside-dispersed-sites,IN,Hoosier NF Birdseye Roadside Dispersed Camping Map Area,Dubois / Crawford / Hoosier NF,coordinate_rescue,Boondocking / Dispersed,coordinate_rescue,High,IN_W3 v23.1.69 worker return / supervisor reconciliation,NO HONEST ACTIVE COORDINATE ACCEPTED,Good geometry target.,Extract official map/site points.,,v23.1.69,
in-lead-in-dubois-orange-patoka-lake-fisherman-primitive-campground-coordinate-rescue,IN,Patoka Lake Fisherman / Primitive Campground,Dubois / Orange / Crawford edge,coordinate_rescue,Rustic / Primitive,Research Needed,High,Indiana DNR PDF / ReserveAmerica,Official map/PDF proof; exact campground coordinate blocked.,High-value non-modern split.,Add lead.,,v23.1.68,"DNR Patoka map text says the fisherman campground is primarily for anglers and primitive campers, with pit toilets and water available; ReserveAmerica lists Patoka primitive campground. ([Indiana Government][21])"
in-lead-in-dubois-orange-patoka-lake-youth-tent-area-coordinate-rescue,IN,Patoka Lake Youth Tent Area,Dubois / Orange / Crawford edge,coordinate_rescue,Rustic / Primitive,Research Needed,High,Indiana DNR PDF,Official map/PDF proof; exact youth area coordinate blocked.,Do not collapse into modern campground.,Add lead.,,v23.1.68,DNR Patoka map text says a Youth Tent Area is available near the fisherman/primitive camping context. ([Indiana Government][21])
in-lead-mary-gray-bird-sanctuary-camping,IN,Mary Gray Bird Sanctuary Camping,Fayette / Connersville area,coordinate_rescue,Rustic / Primitive,public_discovery_coordinate_rescue,High,Public discovery lead; final proof must be operator/official,No import coordinate assigned. Needs operator/current proof plus address-map/imagery check.,Audubon/organization-operated camping candidate; public reservation/access rules need official verification.,"Open operator page/reservation system; verify public overnight camping, amenities, address, and coordinate. Promote only if address/map lands on campground area.",,v23.1.68,Public discovery sweep lead. Use operator website/reservation/address as final proof before active import; do not use Google/directory result alone.
in-lead-whitewater-river-campground,IN,Whitewater River Campground,Franklin / Brookville-Whitewater corridor,coordinate_rescue,Private Campgrounds,public_discovery_coordinate_rescue,High,Public discovery lead; final proof must be operator/official,No import coordinate assigned. Needs operator/current proof plus address-map/imagery check.,Public-facing campground in Whitewater corridor; operator proof and exact campground point required.,"Open operator page/reservation system; verify public overnight camping, amenities, address, and coordinate. Promote only if address/map lands on campground area.",,v23.1.68,Public discovery sweep lead. Use operator website/reservation/address as final proof before active import; do not use Google/directory result alone.
in-lead-in-harrison-crawford-blue-river-canoe-camping-check,IN,Blue River Canoe Camping / Primitive River Stops,Harrison / Crawford / Blue River,research_needed,Boat / Backpack,Needs Verification,High,Indiana DNR / discovery,"Official forest page proves canoe ramps and Adventure Trail camping, but not separate Blue River canoe camps.",Keep as Needs Verification.,Agency/water-trail source needed.,,v23.1.68,"DNR Harrison-Crawford page confirms Blue River access and Adventure Trail backpack camping, but no separate official canoe-camp point was recovered. ([Indiana Government][16])"
in-lead-harrison-crawford-adventure-trail-shelters,IN,Harrison-Crawford Adventure Trail Shelters / Primitive Sites,Harrison / Crawford / Ohio River edge,coordinate_rescue,Boat / Backpack,coordinate_rescue,High,IN_W3 v23.1.69 worker return / supervisor reconciliation,NO HONEST ACTIVE COORDINATE ACCEPTED,High-value Boat/Backpack lead.,Extract shelter/primitive site points from official map/GIS or DNR contact.,,v23.1.69,
in-lead-in-harrison-crawford-adventure-trail-backpack-shelters-coordinate-rescue,IN,Harrison-Crawford Adventure Trail Backpack Shelters / Primitive Sites,Harrison / Crawford / O’Bannon overlap,research_needed,Boat / Backpack,Research Needed,High,Indiana DNR official + official PDF,Official proof; exact shelters/sites require map extraction.,Good Boat / Backpack lead.,Add lead.,,v23.1.68,DNR says Adventure Trail permits overnight backpack camping and has four shelters and two primitive sites; official Adventure Trail map says overnight shelters are first-come and camping along the AHT is permitted. ([Indiana Government][16])
in-lead-obannon-woods-horse-group-canoe-components,IN,O’Bannon Woods Horseman / Group / Canoe Components,Harrison / Ohio River / Blue River edge,coordinate_rescue,Rustic / Primitive / Boat-Backpack / Modern split,coordinate_rescue,High,IN_W3 v23.1.69 worker return / supervisor reconciliation,NO HONEST ACTIVE COORDINATE ACCEPTED,Good component split but closure trap present.,Extract active components; reject closed Stagestop/canoe access until reopening proof.,,v23.1.69,
in-lead-summit-lake-youth-tent,IN,Summit Lake State Park Youth Tent Camp,Henry / New Castle,coordinate_rescue,Rustic / Primitive,coordinate_rescue / component_split,High,Official Indiana DNR,No exact youth tent coordinate recovered.,Add as separate only if map confirms distinct camp component.,Extract youth tent coordinate or keep as component note under main campground.,,v23.1.68,https://www.in.gov/dnr/state-parks/parks-lakes/summit-lake-state-park/ — DNR provides youth tent camping map link.
in-lead-summit-lake-youth-tent-coordinate-rescue,IN,Summit Lake Youth Tent Areas,Henry / Summit Lake,coordinate_rescue,Rustic / Primitive,coordinate_rescue,High,SUPERVISOR v23.1.69 worker return / supervisor reconciliation,NO HONEST ACTIVE COORDINATE ACCEPTED,Official youth tent loops exist; separate coordinates not recovered.,Extract DNR youth tent map/georeference or ReserveAmerica site metadata.,,v23.1.69,
in-lead-berry-ridge-sundance-roadside-dispersed-sites,IN,Hoosier NF Berry Ridge / Sundance Lake Roadside Dispersed Camping Map Area,Hoosier NF / Sundance Lake area,coordinate_rescue,Boondocking / Dispersed,coordinate_rescue,High,IN_W3 v23.1.69 worker return / supervisor reconciliation,NO HONEST ACTIVE COORDINATE ACCEPTED,High-value designated dispersed cluster.,Extract exact points/geometry from official PDF/GIS.,,v23.1.69,
in-lead-salamonie-youth-tent-components,IN,Salamonie Lake Youth Tent Areas,Huntington / Salamonie Lake,coordinate_rescue,Rustic / Primitive or group/youth,Coordinate rescue,High,Official state DNR,Named youth components; coordinates not recovered,Preserve as lead; not a lake-center pin.,Add durable lead.,,v23.1.68,DNR Salamonie page lists Lost Bridge West SRA 7 Youth Tent Areas and youth tent map.
in-lead-in-je-roush-fwa-primitive-sites,IN,J.E. Roush Lake FWA Primitive Sites,Huntington / Wells,coordinate_rescue,Rustic / Primitive,Verified camping; coordinate medium,High,DNR/FWA source family; secondary source confirms facilities,"FWA campground/map context; medium, not exact site",Held from active import during v23.1.68 because coordinate/status/source confidence still needs rescue or exact component extraction.,Promote after source QA.,,v23.1.68,Indiana DNR old FWA source path identified; secondary summary lists 20 primitive sites.
in-lead-jackson-washington-state-forest-backcountry-youth-family,IN,Jackson-Washington State Forest Family / Youth / Backcountry Camping,Jackson / Washington,coordinate_rescue,Rustic / Primitive / Boat-Backpack,coordinate_rescue,High,IN_W3 v23.1.69 worker return / supervisor reconciliation,NO HONEST ACTIVE COORDINATE ACCEPTED,Strong non-modern lead.,Extract DNR map/GIS/trail-camp points.,,v23.1.69,
in-lead-in-jackson-washington-state-forest-family-campground-coordinate-rescue,IN,Jackson-Washington State Forest Family Campground,Jackson / Washington,research_needed,Rustic / Primitive,Research Needed,High,Indiana DNR official,Official proof; exact campground point blocked.,Good non-modern lead.,Add lead.,,v23.1.68,"DNR says primitive class C camping is available; some sites are waterfront on Knob Lake and others are in woods/pines, with accessible sites; youth camping and backcountry camping are also listed. ([Indiana Government][15])"
in-lead-in-jackson-washington-state-forest-youth-camp-coordinate-rescue,IN,Jackson-Washington State Forest Youth Tent Campground,Jackson / Washington,coordinate_rescue,Rustic / Primitive,Research Needed,High,Indiana DNR official,Official proof; exact youth camp coordinate blocked.,Public eligibility may be group-only.,Add lead.,,v23.1.68,DNR says a Youth Tent Campground is available for scouts and groups near the forest office in Jackson County at Trail 3 trailhead. ([Indiana Government][15])
in-lead-kankakee-river-watertrail-camping-identity-rescue,IN,Kankakee River Official Water-Trail Camping Identity Rescue,Kankakee / Lake / Porter / Jasper / Newton river corridor,coordinate_rescue,Boat / Backpack,coordinate_rescue,High,IN_W3 v23.1.69 worker return / supervisor reconciliation,NO HONEST ACTIVE COORDINATE ACCEPTED,Needs external/agency source if official camping exists; otherwise likely reject future access-point traps.,Agency contact / official water-trail map acquisition.,,v23.1.69,
in-lead-kankakee-river-water-trail-camp-coordinate-rescue,IN,Kankakee River Water Trail listed campground / Lake County Parks listing,Kankakee River corridor / LaPorte-Starke edge,coordinate_rescue,Boat / Backpack,identity_rescue,High,Worker 1 IN revised public-discovery return,Coordinate not import-safe in first pass,DNR water-trail coordinate exists but manager/identity label needs confirmation before active import.,Run address/map/official map/reservation/GIS coordinate rescue; then decide active/lead/reject.,,v23.1.68,
in-lead-mounds-state-park-youth-tent,IN,Mounds State Park Youth Tent Areas,Madison / Anderson,coordinate_rescue,Rustic / Primitive,coordinate_rescue / component_split,High,Official Indiana DNR,No exact youth tent coordinate recovered.,Potential separate Rustic/Primitive component if mapped distinctly.,Extract coordinate or include as note under main campground.,,v23.1.68,https://www.in.gov/dnr/state-parks/parks-lakes/mounds-state-park/ — DNR lists Youth Tent Areas and youth tent campground map.
in-lead-mounds-sp-youth-tent-coordinate-rescue,IN,Mounds State Park Youth Tent Areas,Madison / Anderson,coordinate_rescue,Rustic / Primitive,coordinate_rescue,High,SUPERVISOR v23.1.69 worker return / supervisor reconciliation,NO HONEST ACTIVE COORDINATE ACCEPTED,Official youth tent proof; no component coordinate recovered.,Extract ReserveAmerica component metadata; do not use parent campground coordinate.,,v23.1.69,
in-lead-in-needs-county-primitive-group-camps,IN,Central Indiana county/park-district primitive and group camp systems,Marion ring / county parks / youth/group camp systems,coordinate_rescue,Needs Verification,public_access_and_coordinate_unclear,High,County/city/park-district follow-up,No coordinate assigned.,"Potential non-modern value, but needs official park-district confirmation.",Search county park reservation catalogs and call/email agencies if pages are unclear.,,v23.1.68,County/city park searches required by assignment; public primitive/group camp availability needs official page/reservation proof.
in-lead-mississinewa-youth-tent-components,IN,Mississinewa Lake Youth Tent Areas,Miami / Mississinewa Lake,coordinate_rescue,Rustic / Primitive or group/youth,Coordinate rescue,High,Official state DNR,Named component but no coordinate,Not an active campground until component coordinate and public/group rules are clear.,Add durable lead.,,v23.1.68,DNR Mississinewa page lists Youth Tent Areas.
in-lead-hickory-ridge-roadside-dispersed-sites,IN,Hoosier NF Hickory Ridge Roadside Dispersed Camping Map Area,Monroe / Brown / Hoosier NF,coordinate_rescue,Boondocking / Dispersed,coordinate_rescue,High,IN_W3 v23.1.69 worker return / supervisor reconciliation,NO HONEST ACTIVE COORDINATE ACCEPTED,High-value designated dispersed cluster.,Extract official PDF/site points or GIS; add exact site/cluster records or outline.,,v23.1.69,
in-lead-in-monroe-charles-c-deam-wilderness-designated-campsites-coordinate-rescue,IN,Charles C. Deam Wilderness Designated / Backpack Campsites,Monroe / Hoosier NF,research_needed,Boat / Backpack,Research Needed,High,USFS official GeoPDF lead,Official wilderness proof; exact campsite points need GeoPDF extraction.,"Do not pin Grubb Ridge, Hickory Ridge, or Blackwell parking as campsites.",Add lead; extract exact designated sites.,,v23.1.68,"USFS says Deam Wilderness has 36 miles of hiking/backpacking/horse trails and current conditions reference designated campsites, including temporary closures; page links a GeoPDF map. ([US Forest Service][11])"
in-lead-deam-wilderness-backpack-sites,IN,Charles C. Deam Wilderness Designated / Backpack Camping Extraction,Monroe / Hoosier NF / Deam Wilderness,coordinate_rescue,Boat / Backpack,coordinate_rescue,High,IN_W3 v23.1.69 worker return / supervisor reconciliation,NO HONEST ACTIVE COORDINATE ACCEPTED,High-value Boat/Backpack/area-rule lead.,Extract designated campsite points or wilderness/camping restriction geometry.,,v23.1.69,
in-lead-shades-backpack-camp-coordinate-rescue,IN,Shades State Park Backpack Camp,Montgomery / Shades SP,coordinate_rescue,Boat / Backpack,coordinate_rescue,High,SUPERVISOR v23.1.69 worker return / supervisor reconciliation,NO HONEST ACTIVE COORDINATE ACCEPTED,Official backpack camp proof; exact camp coordinate not recovered.,Extract DNR map georeference or ReserveAmerica site metadata. Do not use main campground GPS.,,v23.1.69,
in-lead-shades-canoe-camp-coordinate-rescue,IN,Shades State Park Canoe Camp,Montgomery / Sugar Creek,coordinate_rescue,Boat / Backpack,coordinate_rescue,High,SUPERVISOR v23.1.69 worker return / supervisor reconciliation,NO HONEST ACTIVE COORDINATE ACCEPTED,Official canoe camp proof; exact camp coordinate not recovered.,Extract ReserveAmerica site metadata or DNR map georeference.,,v23.1.69,
in-lead-shades-backpack-sites,IN,Shades State Park Backpack Camp,Montgomery / Waveland / Sugar Creek,coordinate_rescue,Boat / Backpack,coordinate_rescue / backpack_component,High,Official Indiana DNR,No exact backpack-site point recovered.,Top-value Boat / Backpack candidate; do not use trailhead as campsite pin.,Extract site/area point from DNR backpack and canoe campground map.,,v23.1.68,https://www.in.gov/dnr/state-parks/parks-lakes/shades-state-park/ — DNR lists Backpack / 7 sites; backpack camp is reached by the backpack trail and is seasonally closed late October through early April.
in-lead-shades-canoe-camp,IN,Shades State Park Canoe Camp,Montgomery / Waveland / Sugar Creek,coordinate_rescue,Boat / Backpack,coordinate_rescue / canoe_component,High,Official Indiana DNR,No exact canoe-camp point recovered.,High-priority water-access component; do not use canoe livery or river center as campsite pin.,Extract canoe-camp point from DNR map or official GIS/reservation metadata.,,v23.1.68,https://www.in.gov/dnr/state-parks/parks-lakes/shades-state-park/ — DNR lists Canoe Camp / 10 sites and a backpack/canoe campground map.
in-lead-shades-state-park-nonelectric-campground,IN,Shades State Park Non-electric Campground,Montgomery / Waveland / Sugar Creek,coordinate_rescue,Rustic / Primitive,coordinate_rescue,High,Official Indiana DNR,No safe campground-loop coordinate from parsed source.,High-priority non-modern official lead.,Extract non-electric campground point from DNR campground map or reservation metadata.,,v23.1.68,"https://www.in.gov/dnr/state-parks/parks-lakes/shades-state-park/ — DNR lists Non-Electric / 105 sites, Backpack / 7 sites, Canoe Camp / 10 sites, Youth Tent Areas, and campground maps."
in-lead-morgan-monroe-low-gap-backcountry,IN,Morgan-Monroe State Forest Low Gap Backcountry / Mason-Oak-Scout Ridge Components,Morgan / Monroe,coordinate_rescue,Rustic / Primitive / Boat-Backpack,coordinate_rescue,High,IN_W3 v23.1.69 worker return / supervisor reconciliation,NO HONEST ACTIVE COORDINATE ACCEPTED,High-value non-modern lead.,Extract DNR map/GIS/component points and backcountry area geometry.,,v23.1.69,
in-lead-in-morgan-morgan-monroe-low-gap-backcountry-area-coordinate-rescue,IN,Morgan-Monroe Low Gap Backcountry Area,Morgan / Morgan-Monroe State Forest,research_needed,Boat / Backpack,Research Needed,High,Indiana DNR official,Official proof; trail/backcountry polygon or trailhead-to-area geometry needed.,"Strong lead, coordinate blocked.",Add lead.,,v23.1.68,"DNR says Low Gap Trail loops through the Back Country Area east of Low Gap Road, where overnight backpack camping is permitted; campers must register at the forest office before camping. ([Indiana Government][13])"
in-lead-tecumseh-trail-dispersed-shelters,IN,Tecumseh Trail Dispersed Camping and Shelters,Morgan-Monroe / Yellowwood State Forests,coordinate_rescue,Boat / Backpack / Boondocking,coordinate_rescue,High,IN_W3 v23.1.69 worker return / supervisor reconciliation,NO HONEST ACTIVE COORDINATE ACCEPTED,High-value Boat/Backpack/dispersed trail lead.,Extract official trail/shelter geometry or contact DNR.,,v23.1.69,
in-lead-willow-slough-fwa-primitive-campground-coordinate-rescue,IN,Willow Slough FWA Primitive Campground,Newton / Morocco / Kankakee farm-marsh country,coordinate_rescue,Rustic / Primitive,coordinate_rescue,High,Worker 1 IN revised public-discovery return,Coordinate not import-safe in first pass,"Official camping proof exists, but public directory coordinates conflict. Need DNR map/GIS/property-office coordinate. Do not use J.C. Murphey Lake center or headquarters.",Run address/map/official map/reservation/GIS coordinate rescue; then decide active/lead/reject.,,v23.1.68,
in-lead-in-chain-olakes-sp-primitive-campground,IN,Chain O'Lakes State Park Primitive Campground,Noble / Albion,coordinate_rescue,Rustic / Primitive,Verified Legal,High,Official state DNR,DNR map/component context; medium shared campground-system coordinate pending exact map extraction,Held from active import during v23.1.68 because coordinate/status/source confidence still needs rescue or exact component extraction.,Promote or hold as lead depending on supervisor coordinate threshold.,,v23.1.68,DNR Chain O'Lakes page lists Primitive / 33 sites and campground maps.
in-lead-chain-olakes-rally-youth-components,IN,Chain O'Lakes Rally Campground / Youth Tent Areas,Noble / Chain O'Lakes,coordinate_rescue,Rustic / Primitive or group/youth,Coordinate rescue,High,Official state DNR,Component map needed,"Preserve as lead, not a fake campground dot.",Add durable lead.,,v23.1.68,DNR Chain O'Lakes page lists Rally Camp / 4 sites and Youth Tent Areas / 5 sites.
in-lead-chain-olakes-canoe-camp-coordinate-rescue,IN,Chain O'Lakes State Park Canoe Camp,Noble / Chain O'Lakes,coordinate_rescue,Boat / Backpack,Coordinate rescue,High,Official state DNR,Named component; exact canoe-camp coordinate not recovered,Good non-modern target; do not use lake center/boat launch.,Add durable lead; split into Boat / Backpack when exact point recovered.,,v23.1.68,DNR Chain O'Lakes page lists Canoe Camp / 4 sites and Backpack Canoe Camp map.
in-lead-turkey-run-youth-tent-areas-coordinate-rescue,IN,Turkey Run State Park Youth Tent Areas,Parke / Marshall,coordinate_rescue,Rustic / Primitive,coordinate_rescue,High,SUPERVISOR v23.1.69 worker return / supervisor reconciliation,NO HONEST ACTIVE COORDINATE ACCEPTED,Official youth tent component exists; no separate coordinate recovered.,Extract ReserveAmerica site/component metadata or official campground map. Do not use parent campground coordinate.,,v23.1.69,
in-lead-sugar-creek-watertrail-canoe-camping,IN,Sugar Creek canoe / overnight camping corridor review,Parke / Montgomery / Shades / Turkey Run,research_needed,Boat / Backpack,water_trail_camping_review,High,Official DNR state park components + future water trail/local proof,No point assigned; corridor/official site data not extracted.,Good Boat / Backpack / area-outline lead.,Extract Shades Canoe Camp first; then check official/local water-trail camping rules for additional legal overnight sites.,,v23.1.68,Shades DNR page proves Canoe Camp / 10 sites; Turkey Run/Shades corridor and public discovery indicate canoe-camping corridor needs official site extraction.
in-lead-sugar-creek-canoe-campground-private-cluster,IN,Sugar Creek canoe/campground private cluster,Parke / Montgomery / Sugar Creek,coordinate_rescue,Private Campgrounds / Boat / Backpack leads,public_discovery_coordinate_rescue,High,Public discovery lead; final proof must be operator/official,No import coordinate assigned. Needs operator/current proof plus address-map/imagery check.,Public discovery cluster around Sugar Creek/Turkey Run/Shades; separate actual campgrounds from canoe liveries and day-use parking.,"Open operator page/reservation system; verify public overnight camping, amenities, address, and coordinate. Promote only if address/map lands on campground area.",,v23.1.68,Public discovery sweep lead. Use operator website/reservation/address as final proof before active import; do not use Google/directory result alone.
in-lead-raccoon-sra-and-cecil-m-harden-lake-private-corridor-obvious-misses,IN,Raccoon/Cecil M. Harden Lake private/county campground corridor scan,Parke / Putnam / western central corridor,coordinate_rescue,Private Campgrounds; Rustic / Primitive,coordinate_rescue,High,IN_W2 v23.1.69 worker return / supervisor reconciliation,NO HONEST ACTIVE COORDINATE ACCEPTED,Not a final active row; prevents silent omission,Assign future worker if Tod wants statewide private/operator closeout,,v23.1.69,
in-lead-raccoon-sra-primitive-camp-coordinate-rescue,IN,Raccoon SRA Primitive Camp,Parke / Raccoon Lake,coordinate_rescue,Rustic / Primitive,coordinate_rescue,High,SUPERVISOR v23.1.69 worker return / supervisor reconciliation,NO HONEST ACTIVE COORDINATE ACCEPTED,Official primitive component proof; exact component coordinate not recovered.,Extract ReserveAmerica loop metadata or DNR campground PDF georeference.,,v23.1.69,
in-lead-raccoon-sra-youth-tent-coordinate-rescue,IN,Raccoon SRA Youth Tent Areas,Parke / Raccoon Lake,coordinate_rescue,Rustic / Primitive,coordinate_rescue,High,SUPERVISOR v23.1.69 worker return / supervisor reconciliation,NO HONEST ACTIVE COORDINATE ACCEPTED,Official youth tent component proof; exact coordinate not recovered.,Extract ReserveAmerica component metadata or DNR map.,,v23.1.69,
in-lead-raccoon-sra-primitive-youth,IN,Cecil M. Harden Lake / Raccoon SRA Primitive and Youth Tent Camping,Parke / Rockville / Raccoon Lake,coordinate_rescue,Rustic / Primitive,coordinate_rescue / primitive_component,High,Official Indiana DNR,No exact primitive/youth camp coordinate recovered.,Non-modern priority component.,Extract primitive camp and youth tent coordinates from official map.,,v23.1.68,https://www.in.gov/dnr/state-parks/parks-lakes/cecil-m-harden-lake-raccoon-sra/ — DNR lists Primitive / 35 sites and Youth Tent Areas with maps.
in-lead-turkey-run-youth-tent-areas,IN,Turkey Run State Park Youth Tent Areas,Parke / Sugar Creek / Marshall,coordinate_rescue,Rustic / Primitive,coordinate_rescue / component_split,High,Official Indiana DNR,No safe coordinate from parsed source.,Keep separate only if map/reservation data supports a distinct component point.,Extract youth tent area from DNR youth tent campground map.,,v23.1.68,https://www.in.gov/dnr/state-parks/parks-lakes/turkey-run-state-park/ — DNR lists Youth Tent Areas and youth tent camping map.
in-lead-oriole-roadside-dispersed-sites,IN,Hoosier NF Oriole Roadside Dispersed Camping Map Area,Perry / Crawford / Hoosier NF,coordinate_rescue,Boondocking / Dispersed,coordinate_rescue,High,IN_W3 v23.1.69 worker return / supervisor reconciliation,NO HONEST ACTIVE COORDINATE ACCEPTED,Good designated dispersed target.,Extract exact site points.,,v23.1.69,
in-lead-german-ridge-highwater-roadside-dispersed-sites,IN,Hoosier NF German Ridge / Highwater Roadside Dispersed Camping Map Areas,Perry / Hoosier NF,coordinate_rescue,Boondocking / Dispersed,coordinate_rescue,High,IN_W3 v23.1.69 worker return / supervisor reconciliation,NO HONEST ACTIVE COORDINATE ACCEPTED,Component split needed: campground vs dispersed roadside sites.,Extract exact designated roadside points.,,v23.1.69,
in-lead-indian-lake-roadside-dispersed-sites,IN,Hoosier NF Indian Lake Roadside Dispersed Camping Map Area,Perry / Hoosier NF,coordinate_rescue,Boondocking / Dispersed,coordinate_rescue,High,IN_W3 v23.1.69 worker return / supervisor reconciliation,NO HONEST ACTIVE COORDINATE ACCEPTED,Good designated dispersed target.,Extract exact site points.,,v23.1.69,
in-lead-mogan-ridge-roadside-dispersed-sites,IN,Hoosier NF Mogan Ridge Roadside Dispersed Camping Map Area,Perry / Hoosier NF,coordinate_rescue,Boondocking / Dispersed,coordinate_rescue,High,IN_W3 v23.1.69 worker return / supervisor reconciliation,NO HONEST ACTIVE COORDINATE ACCEPTED,Good designated dispersed target.,Extract exact site points.,,v23.1.69,
in-lead-in-pike-pike-state-forest-family-campground-coordinate-rescue,IN,Pike State Forest Family Campground,Pike,research_needed,Rustic / Primitive,Research Needed,High,Indiana DNR official,Official proof; exact campground point blocked.,Strong non-modern lead.,Add lead.,,v23.1.68,"DNR says Pike State Forest has primitive camping, self-registration, pit toilets, seasonal drinking water, picnic table/grill at each site, with 11 family sites and 25 horseman sites. ([Indiana Government][18])"
in-lead-pike-state-forest-family-horse,IN,Pike State Forest Family and Horse Campgrounds,Pike,coordinate_rescue,Rustic / Primitive,coordinate_rescue,High,IN_W3 v23.1.69 worker return / supervisor reconciliation,NO HONEST ACTIVE COORDINATE ACCEPTED,Strong equestrian/primitive lead.,Extract component coordinates.,,v23.1.69,
in-lead-in-pike-pike-state-forest-horsemans-campground-coordinate-rescue,IN,Pike State Forest Horseman’s Campground,Pike,research_needed,Rustic / Primitive,Research Needed,High,Indiana DNR official,Official proof; exact horse-camp point blocked.,Split from family campground.,Add lead.,,v23.1.68,"DNR says Pike State Forest has 25 sites in the Horseman’s Campground, plus pit toilets and seasonal drinking water. ([Indiana Government][18])"
in-lead-tippecanoe-river-sp-canoe-horse-youth-components,IN,Tippecanoe River State Park Canoe / Horsemen’s / Youth Components,Pulaski / Tippecanoe River,coordinate_rescue,Boat / Backpack / Rustic / Primitive,coordinate_rescue,High,IN_W3 v23.1.69 worker return / supervisor reconciliation,NO HONEST ACTIVE COORDINATE ACCEPTED,Use this to prevent loss of non-modern components after main campground import.,Extract official component coordinates.,,v23.1.69,
in-lead-tippecanoe-river-sp-canoe-camp-coordinate-rescue,IN,Tippecanoe River State Park Canoe Camp,Pulaski / Tippecanoe River,coordinate_rescue,Boat / Backpack,coordinate_rescue,High,Worker 1 IN revised public-discovery return,Coordinate not import-safe in first pass,DNR lists 10 canoe camp sites; exact component coordinate not recovered. Extract ReserveAmerica/DNR map metadata.,Run address/map/official map/reservation/GIS coordinate rescue; then decide active/lead/reject.,,v23.1.68,
in-lead-tippecanoe-river-sp-horsemen-youth-camps-coordinate-rescue,IN,Tippecanoe River SP Horsemen’s / Youth Tent Areas,Pulaski / Winamac,coordinate_rescue,Rustic / Primitive,coordinate_rescue,High,Worker 1 IN revised public-discovery return,Coordinate not import-safe in first pass,DNR proves primitive horsemen’s and youth tent components; extract official component coordinates.,Run address/map/official map/reservation/GIS coordinate rescue; then decide active/lead/reject.,,v23.1.68,
in-lead-tippecanoe-river-state-park-canoe-horse-youth-component-coordinates,IN,Tippecanoe River SP canoe / horsemen's / youth component coordinates,Pulaski / Winamac,coordinate_rescue,Boat / Backpack; Rustic / Primitive,coordinate_rescue,High,IN_W2 v23.1.69 worker return / supervisor reconciliation,NO HONEST ACTIVE COORDINATE ACCEPTED,Component split should not be flattened into main campground,Extract official component coordinates; add Boat/Backpack or Rustic rows,,v23.1.69,
in-lead-lieber-sunny-acres-non-electric-coordinate-rescue,IN,Lieber SRA / Cagles Mill — Sunny Acres Non-Electric Campground,Putnam / Owen edge,coordinate_rescue,Rustic / Primitive,coordinate_rescue,High,SUPERVISOR v23.1.69 worker return / supervisor reconciliation,NO HONEST ACTIVE COORDINATE ACCEPTED,Official non-electric component proof; no separate coordinate recovered.,Extract official map/GeoPDF or reservation component metadata.,,v23.1.69,
in-lead-cagles-mill-sunny-acres-nonelectric,IN,Cagles Mill Lake / Lieber SRA — Sunny Acres Non-electric Campground,Putnam / Owen edge / Cagles Mill Lake,coordinate_rescue,Rustic / Primitive,coordinate_rescue / component_split,High,Official Indiana DNR,No exact component coordinate recovered.,Non-modern priority candidate.,Extract Sunny Acres campground point from official map/reservation metadata.,,v23.1.68,https://www.in.gov/dnr/state-parks/parks-lakes/lieber-state-recreation-area-cagles-mill-lake/ — DNR lists Non-electric / 96 sites (Sunny Acres) and campground maps.
in-lead-in-scott-jefferson-hardy-lake-wooster-primitive-campground-coordinate-rescue,IN,Hardy Lake Wooster Primitive Campground,Scott / Jefferson,coordinate_rescue,Rustic / Primitive,Research Needed,High,Indiana DNR official,Official proof; exact primitive campground coordinate blocked.,Non-modern split.,Add lead.,,v23.1.68,DNR says Hardy Lake has primitive camping at Wooster and lists 8 primitive sites. ([Indiana Government][23])
in-lead-potato-creek-horse-youth-camps-coordinate-rescue,IN,Potato Creek Horsemen’s Electric / Youth Tent Areas,St. Joseph / North Liberty,coordinate_rescue,Rustic / Primitive / Modern component split,coordinate_rescue,High,Worker 1 IN revised public-discovery return,Coordinate not import-safe in first pass,DNR proves horsemen’s/youth components; extract ReserveAmerica/DNR map coordinates.,Run address/map/official map/reservation/GIS coordinate rescue; then decide active/lead/reject.,,v23.1.68,
in-lead-potato-creek-horse-youth-component-coordinate-rescue,IN,Potato Creek SP horsemen's / youth camping components,St. Joseph / North Liberty,coordinate_rescue,Rustic / Primitive,coordinate_rescue,High,IN_W2 v23.1.69 worker return / supervisor reconciliation,NO HONEST ACTIVE COORDINATE ACCEPTED,Do not use main campground or park office as component coordinate,Extract components or keep lead,,v23.1.69,
in-lead-pokagon-youth-group-component-extraction,IN,Pokagon State Park Youth Tent / Group Camp Components,Steuben / Pokagon State Park,coordinate_rescue,Rustic / Primitive or group/youth component,Coordinate rescue,High,Official state DNR,No safe separate component coordinate recovered in this pass,Do not collapse youth/group components into main modern parent unless schema chooses.,Extract official map/reservation coordinates and decide layer/schema.,,v23.1.68,"Same DNR source; DNR lists Youth Tent Areas and Camp, Group plus component maps."
in-lead-wabash-river-central-canoe-camping-review,IN,Central Wabash / Tippecanoe river primitive overnight review,Tippecanoe / Carroll / Fountain / Warren / Vermillion / Wabash corridor,research_needed,Boat / Backpack / Boondocking / Dispersed,area_rule_followup,High,Area/rule / public discovery / official rules follow-up,No point assigned.,High uncertainty but worth ledger memory because Wabash corridor was in scope.,Official water-trail/agency rule review; only promote named legal sites or honest area/rule markers.,,v23.1.68,Assignment explicitly includes Wabash/Tippecanoe central corridor and requires water-trail/canoe overnight checks.
in-lead-ross-camp-tippecanoe-county-campground-coordinate-rescue,IN,Ross Camp Campground,Tippecanoe / West Lafayette edge,coordinate_rescue,Modern + Rustic / Primitive split likely,coordinate_rescue,High,Worker 1 IN revised public-discovery return,Coordinate not import-safe in first pass,County proof/address found; exact campground loop coordinate needs Firefly or county GIS confirmation.,Run address/map/official map/reservation/GIS coordinate rescue; then decide active/lead/reject.,,v23.1.68,
in-lead-whitewater-horsemen-campground-coordinate-rescue,IN,Whitewater Memorial Horsemen’s Campground,Union / Liberty,coordinate_rescue,Rustic / Primitive,coordinate_rescue,High,SUPERVISOR v23.1.69 worker return / supervisor reconciliation,NO HONEST ACTIVE COORDINATE ACCEPTED,Official equestrian component proof; no separate horse-camp coordinate recovered.,Extract ReserveAmerica component metadata or DNR campground map point.,,v23.1.69,
in-lead-whitewater-memorial-family-campground,IN,Whitewater Memorial State Park Family Campgrounds,Union / Liberty / Whitewater River,coordinate_rescue,Modern Campgrounds,coordinate_rescue,High,Official Indiana DNR,No exact campground-loop coordinate recovered.,Likely one active Modern family campground record plus separate horsemen’s primitive component.,Extract family campground point and verify whether electric/non-electric should split or stay one record.,,v23.1.68,"https://www.in.gov/dnr/state-parks/parks-lakes/whitewater-memorial-state-park/ — DNR lists Electric / 236 sites, Non-electric / 45 sites, Camp Store, Dumping Station, and campground maps."
in-lead-whitewater-memorial-horsemens-primitive,IN,Whitewater Memorial State Park Horsemen’s Primitive Campground,Union / Liberty / Whitewater River,coordinate_rescue,Rustic / Primitive,coordinate_rescue / equestrian_component,High,Official Indiana DNR,No exact horsemen campground coordinate recovered.,High-priority non-modern/equestrian row.,Extract horsemen primitive campground coordinate from DNR map/reservation metadata.,,v23.1.68,https://www.in.gov/dnr/state-parks/parks-lakes/whitewater-memorial-state-park/ — DNR lists Horsemen’s Primitive / 37 sites and 9 miles of horseback riding trails.
in-lead-in-boundary-salamonie-lake-west-corridor,IN,Salamonie Lake / Lost Bridge West and Salamonie River State Forest camp components,Wabash / Huntington / Miami edge — Wabash corridor ambiguity,coordinate_rescue,Modern Campgrounds + Rustic / Primitive,boundary_lock_review_needed,High,Official Indiana DNR,No import coordinate assigned in this worker due to geographic-lock ambiguity.,Do not ignore: high-value non-modern/equestrian/state-forest lead. Supervisor should assign/approve if Wabash corridor overrides county list.,"Supervisor boundary decision; if in scope, extract component points from official maps.",,v23.1.68,"https://www.in.gov/dnr/state-parks/parks-lakes/salamonie-lake/ — DNR lists Lost Bridge West Modern Electric / 245 sites, horsemen’s primitive, Apple Orchard campground, youth tent, Salamonie River State Forest horsemen and family primitive sites."
in-needs-salamonie-river-state-forest-edge,IN,Salamonie River State Forest / Wabash-region Camping Relevance,Wabash / Huntington edge,needs_verification,Rustic / Primitive or Boondocking unknown,needs_verification,High,IN_W3 v23.1.69 worker return / supervisor reconciliation,NO HONEST ACTIVE COORDINATE ACCEPTED,Lower priority than Hoosier/Deam/state-forest primary targets.,Future worker should check DNR property pages/maps and county river access rules.,,v23.1.69,
in-lead-wabash-river-watertrail-primitive-camping-identity-rescue,IN,Wabash River Water-Trail / Primitive Camping Identity Rescue,Wabash/Tippecanoe central corridor,coordinate_rescue,Boat / Backpack / Boondocking,coordinate_rescue,High,IN_W3 v23.1.69 worker return / supervisor reconciliation,NO HONEST ACTIVE COORDINATE ACCEPTED,Keep as durable lead; do not fake launch dots.,Agency/source acquisition.,,v23.1.69,
in-lead-ouabache-youth-tent-component,IN,Ouabache State Park Youth Tent Area,Wells / Bluffton,coordinate_rescue,Rustic / Primitive or group/youth,Coordinate rescue,High,Official state DNR,DNR component listed; exact coordinate not recovered,Do not collapse into main campground if map supports separate point.,Add durable lead.,,v23.1.68,DNR Ouabache page lists Youth Tent and a Youth tent map.
il-lead-idnr-primitive-hikein-equestrian-gis-backlog,IL,Illinois IDNR primitive/hike-in/equestrian campground GIS backlog,Big River SF / Sand Ridge SF / Jim Edgar Panther Creek / Siloam Springs / Moraine View / Jubilee College / Weinberg-King / Clinton / Argyle / Sangchris,gis_extraction_needed / coordinate_rescue,Rustic / Primitive / Boat / Backpack by access,gis_extraction_needed,Medium-High,IDNR maps/GIS / reservation maps / official PDFs,NO HONEST EXACT PIN,"Prior IL worker flagged multiple IDNR primitive/backpack/equestrian areas needing exact geometry, mostly EXTERNAL ACCESS REQUIRED.",Recover official IDNR maps/GIS/reservation metadata; split by park and camping type; do not add broad park centroids.,IL active 103 per manifest; exact duplicates require IL.js check,v23.1.54-historical-backfill,"This is a worker-lane backlog, not one active record."
il-lead-crab-orchard-devils-kitchen-primitive-exact,IL,Crab Orchard NWR Devils Kitchen primitive campsite coordinate rescue,Crab Orchard NWR / Devils Kitchen Lake,coordinate_rescue / official_proof_needed,Rustic / Primitive or Boat / Backpack by access,coordinate_rescue,Medium-High,USFWS/FWS refuge page/maps/GIS,NO HONEST EXACT PIN,"Prior southern IL summary found one strong primitive lead: Crab Orchard NWR Devils Kitchen with 8 primitive campsites, but no exact official coordinate recovered.",Recover official FWS map/GIS/site coordinate; reject broad refuge dispersed camping unless official overnight permission is clear.,,v23.1.54-historical-backfill,"Specific primitive site lead, not broad NWR dispersed import."
il-lead-hennepin-canal-primitive-rule-area,IL,Hennepin Canal primitive campgrounds / canal-corridor rule area,Hennepin Canal corridor,area_outline_followup / coordinate_rescue,Boat / Backpack / Rustic by access,gis_extraction_needed,Medium-High,IDNR canal maps/GIS / official primitive campground maps,NO HONEST EXACT PIN,Prior CO/NE/KS/IL backfill context flagged Hennepin Canal primitive campgrounds and rule area.,"Extract official primitive campground points and canal-corridor camping rules; avoid locks, trailheads, and visitor centers as campsite pins.",,v23.1.54-historical-backfill,Linear corridor; future line/route support would help.
il-lead-siloam-springs-backpack-horse-sites,IL,Siloam Springs hike-in / horse-ride hike-in campsites,Adams,coordinate_rescue,Boat / Backpack / Rustic components,coordinate_rescue,Medium,Illinois DNR,Official source confirms components; exact points not recovered,Do not add separate fake point from main campground,Update lead,Main Siloam Springs active exists,v23.1.65,IL_W7 first-pass return. Source/citation text: IDNR camping page says Siloam Springs has four hike-in backpack campsites and three horse-ride/hike-in sites plus group campground
il-lead-hennepin-canal-missing-designated-campgrounds-extraction,IL,Hennepin Canal missing designated campgrounds,Bureau / Henry / Rock Island corridor,research_needed,Rustic / Primitive,Official IDNR designated campground set; partial active duplicates,Medium,IDNR,Official campground list/PDF maps; coordinates need extraction,Do not add towpath or lock/bridge centroids blindly.,Add extraction lead; later promote missing campground points.,Active duplicates exist for Lock 6 and Lock 11 only in inspected `IL.js`,v23.1.65,"IL_W5 first-pass return. Source/citation text: IDNR lists Hennepin camping locations including Lock 6, Lock 11, Lock 17, Lock 21 North Day Use Area, Bridge 14, Lock 22, Bridge 23, Lock 23, and Lock 26; IDNR says primitive Class C camping has no showers/electricity. ([Illinois Department of Natural Resources][26])"
il-lead-usace-reservoir-project-camping-extraction,IL,Illinois USACE reservoir/project camping extraction backlog,Carlyle Lake / Rend Lake / Mississippi River IL campgrounds / Kaskaskia River Project,gis_extraction_needed / coordinate_rescue,Modern / Rustic / Boat-Backpack by site,gis_extraction_needed,Medium,USACE GIS / Recreation.gov/RIDB / official campground maps,NO HONEST EXACT PIN,Prior IL exact-pass found Lake Shelbyville records but other USACE project exact coordinates were blocked.,"Use RIDB/Recreation.gov metadata, USACE GIS, and official campground maps; add only named campground/site records with overnight proof.",Lake Shelbyville 6 candidates already handled separately; IL active 103,v23.1.54-historical-backfill,"Source-system extraction task, not a broad reservoir pin."
il-lead-jepc-questing-hills-equestrian-coordinate-rescue,IL,Jim Edgar Panther Creek — Questing Hills Equestrian Campground,Cass,coordinate_rescue,Rustic / Primitive,coordinate_rescue,Medium,Illinois DNR / official guide,Official proof recovered; exact campground coordinate not safe enough yet,Do not use Prairie Lake or main office coordinate,Add/update lead; future worker should extract exact Questing Hills loop point,No active match in inspected `IL.js`,v23.1.65,IL_W7 first-pass return. Source/citation text: IDNR page and 2024 guide confirm Questing Hills equestrian campground with 51 electric sites on Questing Hills Road off County Hwy 2; exact point requires map/reservation extraction
il-lead-idnr-component-split-central-state-parks,IL,Central IL IDNR campground component split / official map extraction,Cass / Sangamon / Christian / Mason / Shelby / Adams,research_needed,Modern / Rustic / Boat-Backpack components,gis_extraction_needed,Medium,Illinois DNR / ExploreMoreIL,Existing active records use broad/simple names; official component split would improve map,This is the main area-outline/component lead for central IL state sites,Update existing lead,Existing active rows listed above; no new duplicates,v23.1.65,"IL_W7 first-pass return. Source/citation text: Applies to Jim Edgar Panther Creek, Sangchris, Spring Lake, Siloam Springs, Wolf Creek, Marshall SFWA canoe/island camping"
il-lead-castle-rock-green-river-canoe-swa-primitive,IL,Castle Rock canoe/boat primitive area and Green River SWA camping spaces geometry,Castle Rock / Green River SWA,coordinate_rescue / area_outline_followup,Boat / Backpack / Rustic / Primitive,gis_extraction_needed,Medium,IDNR maps/GIS / official site maps,NO HONEST EXACT PIN,Prior IL context flagged Castle Rock canoe/boat primitive area and Green River SWA camping spaces as geometry leads.,"Extract official coordinates/areas; determine whether access is boat/canoe, hike-in, or vehicle primitive.",,v23.1.54-historical-backfill,Do not use boat launches as campsite pins.
il-lead-clinton-carlyle-lake-boulder-campground-coordinate-rescue,IL,Boulder Campground / Carlyle Lake,Clinton / Carlyle Lake / USACE,coordinate_rescue,Modern Campgrounds likely,lead_coordinate_rescue,Medium,Recreation.gov / USACE,Official address proof; exact campground coordinate needs confirmation,Separate from Boulder Day Use trap,Add lead,No active Boulder Campground row found,v23.1.65,IL_W8 first-pass return. Source/citation text: Recreation.gov identifies Boulder Campground as camping and gives campground address/directions to 25501 Boulder Access Road. ([Recreation.gov][15])
il-lead-clinton-carlyle-lake-coles-creek-campground-coordinate-rescue,IL,Coles Creek Campground / Carlyle Lake,Clinton / Carlyle Lake / USACE,coordinate_rescue,Modern Campgrounds,lead_coordinate_rescue,Medium,Recreation.gov / USACE,Official proof recovered; exact campground coordinate not safely recovered,Do not use Carlyle Lake gateway coordinate as campground point,Add lead,No active Coles Creek row found,v23.1.65,"IL_W8 first-pass return. Source/citation text: Recreation.gov says Coles Creek has 119 campsites, electric hookups, showers, flush toilets, and group camping areas. ([Recreation.gov][13])"
il-lead-clinton-carlyle-lake-dam-west-campground-coordinate-rescue,IL,Dam West Campground / Carlyle Lake,Clinton / Carlyle Lake / USACE,coordinate_rescue,Modern Campgrounds likely,lead_coordinate_rescue,Medium,Recreation.gov / USACE,Official proof recovered; exact campground coordinate not safely recovered,Do not use visitor center or dam as pin,Add lead,No active Dam West row found,v23.1.65,IL_W8 first-pass return. Source/citation text: Recreation.gov says Dam West has 109 reservable campsites and modern amenities. ([Recreation.gov][14])
il-correction-clinton-lake-main-system,IL,Clinton Lake State Recreation Area campground system,DeWitt,correction_candidate,Modern Campgrounds,already_active_source_layer_enrichment,Medium,Illinois DNR,Existing active coordinate; official source supports amenities,Already active; enrich description/source rather than duplicate,Update existing record source/amenities if needed,Existing active `Clinton Lake State Recreation Area` `s200`,v23.1.65,IL_W7 first-pass return. Source/citation text: IDNR camping page confirms Clinton Lake has Class AA/A/B/S/C sites; showers and potable water mid-April to November
il-lead-fayette-vandalia-lake-campground-coordinate-conflict,IL,Vandalia Lake Campground,Fayette / Vandalia,coordinate_rescue,Modern Campgrounds,lead_coordinate_conflict,Medium,City official + Illinois tourism,Official city proof; coordinate conflict between directory sources,Real municipal campground; needs coordinate resolution,Add lead,No active Vandalia Lake Campground row found,v23.1.65,"IL_W8 first-pass return. Source/citation text: City of Vandalia says Vandalia Lake has overnight camping with electric outlets, modern shower with flush toilets, and RV dump station; Illinois tourism also confirms camping. ([City of Vandalia, IL][23])"
il-lead-gallatin-fiedlerland-rv-park-campground-coordinate-rescue,IL,Fiedlerland RV Park & Campground,Gallatin / Old Shawneetown,coordinate_rescue,Private Campgrounds,lead_coordinate_rescue,Medium,Operator + Illinois tourism,Operator proof + address; coordinate still needs map check,"Real campground; needs coordinate rescue, not rejection",Add lead,No active Fiedlerland row found,v23.1.65,"IL_W8 first-pass return. Source/citation text: Operator lists 778 Poplar Street, RV spots with full hookup, cabins, primitive tent camping, and tent camping with electricity; Illinois tourism confirms 23 RV sites, primitive tent camping, cabins, and bath houses. ([Fiedlerland RV Park & Campground][20])"
il-gallatin-camp-cadiz-campground,IL,Camp Cadiz Campground,Gallatin / Shawnee NF,correction_candidate,Rustic / Primitive,correction_candidate,Medium,USDA Forest Service official,Official Forest Service lat/lon; high,Not Modern. Needs source-backed layer correction,Correct existing active row,"Existing active `Camp Cadiz` found, but stale layer/subtype says modern/state",v23.1.65,"IL_W8 first-pass return. Source/citation text: Forest Service says Camp Cadiz is first-come, equestrian camping is allowed, campsites have fire rings/picnic tables, vault toilets and potable water are available, and official lat/lon is 37.57833333, -88.24416667. ([US Forest Service][4])"
il-gallatin-pine-ridge-campground-pounds-hollow,IL,Pine Ridge Campground / Pounds Hollow Recreation Area,Gallatin / Shawnee NF,correction_candidate,Rustic / Primitive,correction_candidate,Medium,USDA Forest Service official,Official Forest Service lat/lon; high,Keep Rustic/Primitive unless showers are proven; add Pounds Hollow alias so search finds it,Update existing active row,Existing active `Pine Ridge Campground` found; no active `Pounds Hollow` alias row,v23.1.65,"IL_W8 first-pass return. Source/citation text: Forest Service says Pine Ridge Campground at Pounds Hollow has 13 electric sites and 22 non-electric campsites, potable water at the campground entrance, and official lat/lon 37.615001, -88.2666667. ([US Forest Service][7])"
il-jackson-turkey-bayou-campground,IL,Turkey Bayou Campground / Oakwood Bottoms,Jackson / Shawnee NF,correction_candidate,Rustic / Primitive,correction_candidate,Medium,USDA Forest Service official,Official Forest Service lat/lon; high,"Formal primitive campground belongs Rustic / Primitive, not generic boondocking, unless kept as a no-fee primitive special case",Correct existing active row,Existing active `Turkey Bayou` and `Oakwood Bottoms` rows found,v23.1.65,"IL_W8 first-pass return. Source/citation text: Forest Service says Turkey Bayou is a no-fee campground, 14-day maximum stay, no water, no restrooms, and official lat/lon 37.685, -89.41138889. ([US Forest Service][8])"
il-jackson-johnson-creek-recreation-area-campground,IL,Johnson Creek Recreation Area Campground,Jackson / Shawnee NF / Kinkaid Lake,correction_candidate,Rustic / Primitive,correction_candidate,Medium,USDA Forest Service official,Official Forest Service lat/lon; high,Move from stale state/modern ambiguity to Rustic / Primitive unless separate marina component is being mapped,Correct existing active row,"Existing active `Johnson Creek Recreation Area` found, but row is still messy and not cleanly layered",v23.1.65,"IL_W8 first-pass return. Source/citation text: Forest Service says Johnson Creek has a first-come campground, equestrian features, vault toilets, no potable water, and official lat/lon 37.83444444, -89.52055556. ([US Forest Service][6])"
il-lead-rend-lake-south-sandusky-coordinate-conflict,IL,South Sandusky Campground / Rend Lake,Jefferson/Franklin edge / Rend Lake / USACE,coordinate_rescue,Modern Campgrounds,lead_coordinate_conflict,Medium,Recreation.gov / USACE,Official campground proof; conflicting third-party coordinates,Real campground; coordinate needs one more clean pass before active import,Add lead; promote after coordinate rescue,No active South Sandusky row found,v23.1.65,"IL_W8 first-pass return. Source/citation text: Recreation.gov says South Sandusky has 124 reservable campsites, electric hookups except tent sites, dump station, hot showers, flush toilets, and drinking water. ([Recreation.gov][12])"
il-lead-kankakee-lake-alexander-rv-park-coordinate-proof,IL,Lake Alexander RV Park,Kankakee / Momence,research_needed,Private Campgrounds,Directory/official-directory lead,Medium,County resource directory,County directory proof; operator proof still needed,Do not active-import from directory alone,Add lead,No active match found,v23.1.65,IL_W6 first-pass return. Source/citation text: Kankakee County directory lists Lake Alexander RV Park at 12799 E Route 114 and says it includes campsites. ([Kankakee County][26])
il-lead-kendall-county-forest-preserve-campsites-extraction,IL,Kendall County Forest Preserve Family / Group Campsites,Kendall / Yorkville-area preserves,research_needed,Rustic / Primitive,Official system lead,Medium,Kendall County official,Official proof; site locations not visible in accessible page,Strong system lead but not active-safe yet,Add lead,No active match found,v23.1.65,"IL_W6 first-pass return. Source/citation text: Kendall County says its Forest Preserve District offers family and group campsites, with max capacities and license/policy request forms. ([Kendall County, IL][20])"
il-needs-lake-grass-lake-marina-rv-park-public-transient-status,IL,Grass Lake Marina and RV Park,Lake / Antioch / Chain O’Lakes,research_needed,Private Campgrounds,Seasonal/public status unclear,Medium,Operator/directory/social,Operator/directory proof insufficient for active,Do not import from marina/directory snippet alone,Verify transient/seasonal public camping,No active match found,v23.1.65,"IL_W6 first-pass return. Source/citation text: Search found operator/directory evidence of Grass Lake Marina/RV Park and an address, but public transient availability was not cleanly proven from an accessible operator page. ([grasslakemarina.co][22])"
il-needs-lake-spring-lake-marina-rv-park-seasonal-only,IL,Spring Lake Marina RV Park,Lake / Antioch / Spring Lake,research_needed,Private Campgrounds,Seasonal-only unclear,Medium,Operator official,Operator proof but seasonal-only,"Likely seasonal/private-site model, not normal transient campground",Hold Needs Verification,No active match found,v23.1.65,"IL_W6 first-pass return. Source/citation text: Operator says Spring Lake Marina has 14 seasonal RV sites, water/electric, clean shower/restroom, and address at 25125 Grass Lake Road. ([Spring Lake Marina][23])"
il-lead-lake-county-van-patten-woods-youth-group-campground,IL,Van Patten Woods Youth Group Campground,Lake / Wadsworth,coordinate_rescue,Rustic / Primitive,Official youth-group lead,Medium,Lake County Forest Preserves official,Official proof; exact campground coordinate not extracted,Youth-group-only: schema/policy should decide active vs lead,Add lead or active Rustic youth-group record after coordinate extraction,No active match found,v23.1.65,"IL_W6 first-pass return. Source/citation text: Lake County says Van Patten Woods has a rustic youth group campground with water pump, fire rings, firewood, parking, and toilets. ([Lake County Forest Preserves][19])"
il-lead-marshall-sfwa-canoe-island-camping,IL,Marshall SFWA canoe island camping component,Marshall / Illinois River,coordinate_rescue,Boat / Backpack,water_access_component_coordinate_rescue,Medium,Illinois DNR,Official source confirms component but no exact island campsite coordinates recovered,Do not place island/lake/river centroid,"Add/update lead, not active point",Main Marshall SFWA active record exists; no separate water-access component active,v23.1.65,IL_W7 first-pass return. Source/citation text: IDNR camping page says canoe camping is permitted on the islands; active main Marshall SFWA row exists
il-lead-hennepin-canal-central-locks-primitive-corridor,IL,Hennepin Canal primitive campgrounds / canal corridor — central Illinois locks,Marshall / Stark / Bureau / Henry edge,coordinate_rescue,Rustic / Primitive / Boat / Backpack,area_outline_followup / coordinate_rescue,Medium,Illinois DNR / existing lead memory,Existing active Lock 6 and Lock 11 points; broader corridor unresolved,Keep active rows; improve lead to avoid workers re-adding same locks,Update existing lead with active duplicate notes,Active Lock 6 and Lock 11 match; do not duplicate,v23.1.65,IL_W7 first-pass return. Source/citation text: Existing lead `il-lead-hennepin-canal-primitive-rule-area`; active Lock 6 and Lock 11 already in app; additional lock campgrounds require official map extraction
il-lead-sand-ridge-state-forest-area-rule-correction,IL,Sand Ridge State Forest backcountry/equestrian/primitive area marker correction,Mason / Sand Ridge State Forest,correction_candidate,Boondocking / Dispersed,existing_coordinate_duplicate_area_rule_cleanup,Medium,Illinois Worker 7 Bulldog return / IDNR source family,Existing active coordinate duplicate; do not add a second marker.,Runtime duplicate check showed the proposed Sand Ridge area/rule marker was skipped by coordinate duplicate against existing Illinois data.,Update existing Sand Ridge/Sand Ridge State Forest active row wording/layer as an approximate area/rule marker if needed; do not add a duplicate point.,Existing coordinate duplicate in IL runtime data,v23.1.65,Moved from active add to lead/correction during v23.1.65 QA.
il-lead-mchenry-marengo-ridge-thomas-woods-campground,IL,Marengo Ridge / Thomas Woods Campground,McHenry / Marengo,coordinate_rescue,Rustic / Primitive,Official coordinate rescue lead,Medium,McHenry County Conservation District official,Official proof; exact campground coordinate not extracted,Strong add after coordinate rescue,Add durable lead; promote after exact coordinate,No active match found,v23.1.65,IL_W6 first-pass return. Source/citation text: McHenry County says Marengo Ridge has an exclusive-use campground and Thomas Woods has 29 individual tent sites plus 18 RV sites. ([McHenry County Conservation District][17])
il-lead-mchenry-north-branch-cyclist-camping,IL,North Branch Conservation Area Overnight Cyclist Camping,McHenry / Richmond,research_needed,Boat / Backpack,Official trail-camping lead,Medium,McHenry County Conservation District official,Official proof; exact point not extracted,Do not pin North Branch preserve center,Add durable lead,No active match found,v23.1.65,"IL_W6 first-pass return. Source/citation text: MCCD says North Branch Conservation Area allows long-distance cyclists to tent camp overnight, one night max, with 4 sites and reservation requirements. ([McHenry County Conservation District][18])"
il-lead-blanchard-island-campground-coordinate-rescue,IL,Blanchard Island Recreation Area Campground,Mercer / Mississippi River,coordinate_rescue,Rustic / Primitive,USACE primitive campground proof; coordinate needs rescue,Medium,USACE + Recreation.gov,"Official proof, no import-safe coordinate recovered",Real campground; do not use island/river centroid.,Add coordinate-rescue lead.,No active name match,v23.1.65,"IL_W5 first-pass return. Source/citation text: USACE says Blanchard Island is a Class B campground with 15 primitive campsites; Recreation.gov lists picnic tables, fire rings, vault toilets, water hydrants, dump station, and boat ramp. ([MVR][5])"
il-lead-usace-wilborn-creek-primitive-tent-sites,IL,Wilborn Creek Primitive Tent Sites,Moultrie / Lake Shelbyville,coordinate_rescue,Rustic / Primitive,coordinate_rescue / map_extraction_needed,Medium,USACE map / Lake Shelbyville official camping page,No safe individual coordinate recovered; official map/source path identified,"Do not fake a point from group camp, beach, or boat ramp",Add/update lead with exact USACE map acquisition path,No active match in inspected `IL.js`,v23.1.65,IL_W7 first-pass return. Source/citation text: USACE Lake Shelbyville camping page says Wilborn Creek Primitive Tent Sites exist and refers to Wilborn Creek Recreation Area map for location and posted rules
il-lead-hansens-hideaway-ranch-family-campground-coordinate-proof,IL,Hansen’s Hideaway Ranch & Family Campground,Ogle / Oregon,coordinate_rescue,Private Campgrounds,Public campground clue; proof/coordinate incomplete,Medium,City/directory clue,Directory/city clue only; no final active proof,Do not active-import from weak directory clue alone.,Add durable lead.,No active name match,v23.1.65,"IL_W5 first-pass return. Source/citation text: City listing gives address for Hansen’s Hideaway; campground identity appears in directory-style results, but stronger operator proof was not recovered. ([City of Oregon][31])"
il-lead-castle-rock-canoe-boat-primitive-camping-geometry,IL,Castle Rock State Park canoe/boat primitive camping,Ogle / Rock River,research_needed,Boat / Backpack,Existing lead should be updated with official proof,Medium,IDNR,"Official proof, no exact primitive-site coordinates recovered","Existing lead is valid and should be strengthened, not ignored.",Update lead with official proof and extraction path.,Active `IL.js` has no Castle Rock active campground row in inspected package,v23.1.65,IL_W5 first-pass return. Source/citation text: IDNR says Castle Rock features primitive camping accessible only by canoe or boat. ([Illinois Department of Natural Resources][25])
il-needs-verification-peoria-camp-wokanda,IL,Camp Wokanda,Peoria,research_needed,Needs Verification,public_access_unclear,Medium,Peoria Park District / tourism,Public park district/tourism discovery; no normal transient campground coordinate/proof recovered,"If public transient camping is available, add as local campground; if group-only/rental-only, keep out",Supervisor/worker contact Peoria Park District or booking page,No active match,v23.1.65,IL_W7 first-pass return. Source/citation text: Discover Peoria says Camp Wokanda has cabins and tent camping / camp rental options; direct booking/public overnight rules need confirmation
il-needs-verification-mt-hawley-mobile-home-rv-peoria,IL,Mt. Hawley Mobile Home Park / RV stay claims,Peoria / Peoria corridor,needs_verification,Needs Verification,mobile_home_vs_public_rv_status_unclear,Medium,Directory/source-pattern,Directory/travel-blog claims only; no clean public campground operator proof recovered,Could be long-term residential/mobile-home rather than public campground.,Verify operator public transient/seasonal RV policy; reject if residential/nonpublic only.,No active match in inspected `IL.js,v23.1.66,From IL_W8 next-round closeout. Possible mobile home / long-term RV lots; public transient camping unclear
il-lead-private-campground-coordinate-tightening-central-il,IL,Central Illinois private campground coordinate tightening batch,Peoria / Tazewell / Sangamon / Champaign / Pike / Adams / Hancock,coordinate_rescue,Private Campgrounds,coordinate_rescue / current_status_check,Medium,Private operators / directories,Several private adds have medium/low address-map coordinates needing supervisor spot-check,Batch lead protects against delaying all imports while still flagging coordinate quality,Add one lead if supervisor wants batch follow-up,Candidate rows in this return; no active matches in inspected v23.1.57,v23.1.65,"IL_W7 first-pass return. Source/citation text: Applies to MillPoint, Prairie Pines, Evening Star, Crazy Horse, Driftwood, Jellystone Pittsfield, Nauvoo RV Park, Camp Nauvoo, Hickory Hill"
il-needs-verification-great-river-road-campground-public-non-event,IL,Great River Road Campground ordinary-public vs fairground-related use,Pike / Pleasant Hill,research_needed,Needs Verification,public_non_event_use_needs_confirmation,Medium,Tourism / directory,"Directory coordinate, medium",Could be active after confirming non-event public availability,Call/listing/official local confirmation,No active match,v23.1.65,IL_W7 first-pass return. Source/citation text: Great River Road Illinois lists campground next to Pike County Fairgrounds with hookups; directory coordinate exists
il-lead-pope-hayes-canyon-campground-coordinate-rescue,IL,Hayes Canyon Campground & Cabins,Pope / Eddyville,coordinate_rescue,Private Campgrounds,lead_coordinate_rescue,Medium,Operator + Illinois tourism,Operator proof + address; coordinate still needs map check,Real campground; coordinate rescue required,Add lead,No active Hayes Canyon row found,v23.1.65,"IL_W8 first-pass return. Source/citation text: Operator says Hayes Canyon caters to horse campers and welcomes other campers/backpackers/hikers/hunters; rates page lists RV sites with electric, water, and septic hookups. ([Hayes Canyon Campground & Cabins][21])"
il-lead-richland-lakeside-rv-park-olney-coordinate-rescue,IL,Lakeside RV Park & Campground,Richland / Olney,coordinate_rescue,Private Campgrounds,lead_coordinate_rescue,Medium,Regional tourism,Tourism/operator-ish proof + address; coordinate needs map check,Good lead but not enough coordinate proof in accessible text,Add lead,No active Lakeside RV row found,v23.1.65,"IL_W8 first-pass return. Source/citation text: Regional tourism lists Lakeside RV Park & Campground at 5238 N Silver Rd, Olney, says it welcomes overnight and seasonal stays, has rental campers, bait shop, Wi-Fi, boat docks, and fish-cleaning station. ([Discover Downstate Illinois][24])"
il-lead-lundeens-rock-river-landing-campground-coordinate-access-verification,IL,Lundeen’s Rock River Landing,Rock Island / East Moline,coordinate_rescue,Private Campgrounds,Operator campground clue; access/coordinate needs verification,Medium,Operator/source page,"Operator/source clue, no safe active coordinate","Real-looking campground, but active proof is still thin.",Add durable lead.,No active name match,v23.1.65,IL_W5 first-pass return. Source/citation text: Source identifies RV park/camping/campground at Barstow Road East Moline. ([Lundeen's landing][24])
il-saline-garden-of-gods-pharaoh-campground,IL,Garden of the Gods / Pharaoh Campground,Saline / Shawnee NF,correction_candidate,Rustic / Primitive,correction_candidate,Medium,USDA Forest Service official,Official Forest Service lat/lon; high,This is not Modern. Current row is classic stale-source-folder nonsense. Fix layer and source,Correct existing active row,"Existing active `Garden of the Gods Recreational Area` found, but it is stale/generic and marked modern/state",v23.1.65,"IL_W8 first-pass return. Source/citation text: Forest Service says Pharaoh Campground has 12 campsites, tables, fire grills, toilets, drinking water, no permit required for Garden of the Gods Wilderness camping, and official lat/lon 37.6025, -88.37944444. ([US Forest Service][3])"
il-correction-sangchris-deer-run-hickory-point,IL,Sangchris Lake State Park — Deer Run / Hickory Point / Primitive components,Sangamon / Christian,correction_candidate,Modern Campgrounds + Rustic / Primitive components,source_name_layer_cleanup,Medium,Illinois DNR / active app,Existing coordinates in IL.js; component-source correction needed,Not a new add; cleanup parent naming and layer/component descriptions,Move/correction only; do not duplicate,"Existing rows found: Deer Run `s237`, Hickory Point `s388`, Indian Grove `s418`",v23.1.65,"IL_W7 first-pass return. Source/citation text: Active file has `Deer Run Campground`, `Hickory Point Campground`, `Indian Grove Campground` as standalone state campground rows without clear parent naming; DNR Sangchris system should be reconciled"
il-shawnee-nf-dispersed-camping-area-rule,IL,Shawnee National Forest dispersed / primitive camping rule area,Shawnee NF / Southern IL,correction_candidate,Boondocking / Dispersed,correction_candidate,Medium,USDA Forest Service official,Existing broad active marker only; approximate area/rule marker; medium-low,"Existing row is useful but under-described. Needs proper Boondocking / Dispersed area/rule wording, not a fake exact campground",Convert/update existing active row,"Existing active broad `Shawnee National Forest` row found, but it is not honestly worded as an approximate area/rule marker",v23.1.65,"IL_W8 first-pass return. Source/citation text: Forest Service says primitive camping is allowed outside developed recreation areas, with restrictions, and free dispersed camping is allowed up to 14 consecutive days; it also warns not to camp in day-use areas or where overnight parking is prohibited. ([US Forest Service][1])"
il-lead-lake-shelbyville-lone-point-group-camp-component,IL,Lone Point Group Camp component,Shelby / Lake Shelbyville,research_needed,Modern Campgrounds,component_split_optional,Medium,USACE / Recreation.gov,Same GPS as Lone Point area unless exact group loop metadata extracted,Do not duplicate unless schema wants group camp as separate record,Add lead only if component split is desired,Main Lone Point add candidate in this return,v23.1.65,IL_W7 first-pass return. Source/citation text: Recreation.gov confirms Lone Point group camp area with 10 paved electric sites; main Lone Point active candidate covers system
il-lead-lake-shelbyville-opossum-creek-coordinate-rescue-duplicate-protection,IL,Opossum Creek / Opossum Creek Recreation Area duplicate guard,Shelby / Lake Shelbyville,research_needed,Modern Campgrounds,duplicate_watch,Medium,USACE / Recreation.gov,NO HONEST COORDINATE FOUND,Prevent two imports for same campground,Record duplicate-watch note when integrating,No active match yet,v23.1.65,IL_W7 first-pass return. Source/citation text: Same as Opossum Creek campground; protect against duplicate rows named “Opossum Creek Recreation Area” and “Opossum Creek Campground”
il-lead-lake-shelbyville-opossum-creek-coordinate-rescue,IL,Opossum Creek Campground,Shelby / Lake Shelbyville,coordinate_rescue,Modern Campgrounds,coordinate_rescue,Medium,USACE / Recreation.gov,Official campground proof recovered; official GPS not recovered in accessible search,Strong add once coordinate is recovered; not active in this return only because coordinate not safe,Update lead; next worker/supervisor extract coordinate,No active match in inspected `IL.js`,v23.1.65,"IL_W7 first-pass return. Source/citation text: Recreation.gov confirms Opossum Creek Campground, most sites electric, flush toilets, showers, playground and dump station; no active row in v23.1.57"
il-lead-lake-shelbyville-area-outline-usace-campgrounds,IL,Lake Shelbyville USACE campground / recreation-area geometry extraction,Shelby / Moultrie / Lake Shelbyville,research_needed,Info / Reference,area_outline_followup,Medium,USACE GIS/maps/Recreation.gov,Official campground maps / USACE recreation maps identified,Needed to refine coordinates and split components without fake dots,Update existing USACE lead,Multiple active candidates in this return; Eagle Creek active already exists,v23.1.65,IL_W7 first-pass return. Source/citation text: USACE Lake Shelbyville campground maps page lists campground maps and Wilborn/Whitley recreation areas; Recreation.gov gateway lists multiple campgrounds
il-needs-verification-kentuckiana-kampground-mackinaw,IL,Kentuckiana Kampground,Tazewell / Mackinaw / I-74 corridor,needs_verification,Private Campgrounds,public_status_coordinate_needed,Medium,Directory/search lead,Directory mention only in this pass; operator proof not recovered quickly,"Obvious enough to remember, not strong enough to import.",Add lead or resolve in next private/operator pass with operator proof.,No active match in inspected `IL.js,v23.1.66,From IL_W8 next-round closeout. Possible private campground/RV park
il-correction-spring-lake-north-oak-pine,IL,Spring Lake SFWA — North / Oak / Pine Campgrounds,Tazewell / Mason,correction_candidate,Modern Campgrounds / Rustic components,source_name_layer_cleanup,Medium,Illinois DNR / active app,Existing active coordinates; component parent naming unclear,Generic names are weak for user-facing map; should be renamed with parent where confirmed,Supervisor component reconciliation,"Existing rows found: North `s642`, Oak `s652`, Pine `s700`",v23.1.65,"IL_W7 first-pass return. Source/citation text: Active file has `North Campground`, `Oak Campground`, `Pine Campground`; likely Spring Lake system components but parent/source needs confirmation"
il-lead-will-county-primitive-system,IL,Will County Primitive Campsite System,Will / Forest Preserve District,coordinate_rescue,Rustic / Primitive,Existing system lead strengthened,Medium,Will County Forest Preserve official,Official county proof; exact site-map extraction still needed,Existing lead should be updated with named sites and source,Extract map coordinates; then add individual Rustic/Primitive records,No active site-level matches found,v23.1.65,"IL_W6 first-pass return. Source/citation text: Will County says the district offers camping at five locations; campsites are primitive, permit-required, with fire pits, accessible latrines, and water/hand pump. It names Forked Creek, Goodenow Grove, Hammel Woods, and McKinley Woods in the visible official page. ([Forest Preserve District of Will County][16])"
il-lead-oak-ridge-forest-preserve-equestrian-camping-coordinate-rescue,IL,Oak Ridge Forest Preserve Equestrian Camping Area,Winnebago,coordinate_rescue,Rustic / Primitive,County equestrian camping proof; access/coordinate details needed,Medium,Winnebago County Forest Preserves,"Official county proof, coordinate not recovered",Not enough for active point yet.,Add coordinate-rescue lead.,No active name match,v23.1.65,IL_W5 first-pass return. Source/citation text: County page mentions spacious equestrian parking lot and camping area at Oak Ridge. ([Winnebago Forest][8])
il-lead-hononegah-forest-preserve-campground-coordinate-rescue,IL,Hononegah Forest Preserve Campground,Winnebago / Rock River,coordinate_rescue,Modern Campgrounds,Official county campground proof; coordinate rescue needed,Medium,Winnebago County Forest Preserves,"Official proof, no safe campground coordinate recovered","Real campground, but I won’t fake the point.",Add coordinate-rescue lead.,No active name match,v23.1.65,IL_W5 first-pass return. Source/citation text: County campground page confirms Hononegah as one of three public campgrounds; Hononegah page describes campsites in mature oaks/hickories and boat launch to Rock River. ([Winnebago Forest][7])
il-needs-verification-hickory-hill-secor,IL,Hickory Hill Campground,Woodford / Secor,coordinate_rescue,Needs Verification,current_public_access_and_coordinate_needed,Medium,Private operator,Operator sibling contact found; exact active public-facing proof insufficient,Could be added once operator page/booking proves current public camping,Supervisor search/direct website or call,No active match,v23.1.65,IL_W7 first-pass return. Source/citation text: Central IL Camping page lists Hickory Hill contact/address but detailed campground page not fully resolved
in-lead-in-needs-allen-county-fairgrounds-camping,IN,Allen County Fairgrounds Camping,Allen / Fort Wayne,coordinate_rescue,Needs Verification,Event/fairgrounds camping unclear,Medium,Fairgrounds / public discovery,Fairgrounds address is not campground coordinate,Do not import event parking/fair office.,Hold Needs Verification or reject if event-only confirmed.,,v23.1.68,Fairgrounds found in public sweep; no clear public non-event camping proof captured.
in-lead-in-private-hipcamp-rural-camp-cluster-southern-indiana,IN,Southern Indiana Small Private / Hipcamp Rural Camp Cluster,Brown / Monroe / Ohio River / Patoka corridor,research_needed,Private / Community Reported,Needs Verification,Medium,Community/discovery only,Public discovery found many small Hipcamp-style sites; not final-proofed.,Low priority compared with official non-modern systems.,Keep Needs Verification cluster.,,v23.1.68,"Hipcamp/search results show many small private sites near Patoka, Madison, Vevay, and Brown County, but final project proof requires operator/source verification and exact coordinate discipline. ([Hipcamp][41])"
in-lead-in-clark-deam-lake-state-recreation-area-family-campground-coordinate-rescue,IN,Deam Lake SRA Family Campground,Clark,coordinate_rescue,Modern Campgrounds,Research Needed,Medium,Indiana DNR official,Official proof; exact campground coordinate blocked.,Split from equestrian campground.,Add lead.,,v23.1.68,DNR says Deam Lake has 113 electric campsites in the family campground. ([Indiana Government][27])
in-lead-in-clark-charlestown-state-park-campground-coordinate-rescue,IN,Charlestown State Park Campground,Clark / Ohio River,coordinate_rescue,Modern Campgrounds,Research Needed,Medium,Indiana DNR / ReserveAmerica,Official proof; exact campground coordinate blocked.,Do not use boat ramp or park centroid.,Add lead.,,v23.1.68,"ReserveAmerica says Charlestown’s large campground has AA water/sewer/electric sites, Class A electric sites, and modern comfort stations. ([Indiana State Parks][26])"
in-lead-in-crawford-obannon-woods-main-electric-and-equestrian-campgrounds-coordinate-rescue,IN,O’Bannon Woods Electric / Equestrian Campgrounds,Crawford / Harrison,coordinate_rescue,Modern Campgrounds / Rustic split pending,Research Needed,Medium,Indiana DNR / ReserveAmerica,Official reservation proof; exact component coordinates blocked.,Need decide whether to split horse camp separately.,Add lead.,,v23.1.68,"ReserveAmerica says O’Bannon Woods offers electrical campsites and non-electric/electric equestrian campsites; loop filters distinguish electric, group, horse electric, and horse non-electric loops. ([Indiana State Parks][17])"
in-lead-in-dubois-orange-patoka-lake-modern-campground-coordinate-rescue,IN,Patoka Lake Modern Campground,Dubois / Orange / Crawford edge,coordinate_rescue,Modern Campgrounds,Research Needed,Medium,Indiana DNR / ReserveAmerica,Official reservation proof; exact campground coordinate blocked.,Major obvious state reservoir campground.,Add lead.,,v23.1.68,"ReserveAmerica lists Patoka Lake Modern Campground Electric loop; DNR identifies Newton-Stewart, Jackson, Lick Fork, Little Patoka, Painter Creek, Walls Lake, and South Lick Fork SRAs. ([Indiana State Parks][20])"
in-lead-ebys-pines-rv-park-campground,IN,Eby’s Pines RV Park & Campground,Elkhart / Bristol,coordinate_rescue,Private Campgrounds,coordinate_rescue,Medium,Worker 1 IN revised public-discovery return,Coordinate not import-safe in first pass,"Operator proof found for RV, cabins and primitive sites; exact coordinate not recovered.",Run address/map/official map/reservation/GIS coordinate rescue; then decide active/lead/reject.,,v23.1.68,
in-lead-elkhart-campground-coordinate-rescue,IN,Elkhart Campground,Elkhart / Elkhart,coordinate_rescue,Private Campgrounds,coordinate_rescue,Medium,Worker 1 IN revised public-discovery return,Coordinate not import-safe in first pass,Operator address/proof found; exact RV-area coordinate needs map/parcel/reservation check.,Run address/map/official map/reservation/GIS coordinate rescue; then decide active/lead/reject.,,v23.1.68,
in-lead-brookville-mounds-sra-campground-coordinate-rescue,IN,Brookville Lake — Mounds SRA Campground,Franklin / Brookville Lake,coordinate_rescue,Modern Campgrounds,coordinate_rescue,Medium,SUPERVISOR v23.1.69 worker return / supervisor reconciliation,NO HONEST ACTIVE COORDINATE ACCEPTED,Official campground proof; parent GPS too broad for Mounds/Quakertown split.,Georeference DNR Brookville/Whitewater map or extract ReserveAmerica component metadata.,,v23.1.69,
in-lead-brookville-mounds-sra-campground,IN,Brookville Lake — Mounds State Recreation Area Campground,Franklin / Brookville Lake,coordinate_rescue,Modern Campgrounds,coordinate_rescue / component_split,Medium,Official Indiana DNR,No safe component coordinate from parsed source.,Split Brookville by Mounds and Quakertown; do not add one lake centroid.,Extract Mounds SRA campground loop coordinate from DNR map/reservation metadata.,,v23.1.68,"https://www.in.gov/dnr/state-parks/parks-lakes/brookville-lake/ — DNR identifies Mounds SRA, Quakertown SRA, more than 400 campsites, campground maps, Full Hookup / 62 and Electric / 388 sites."
in-lead-tippecanoe-river-run-coordinate-rescue,IN,Tippecanoe River Run,Fulton / Rochester / Tippecanoe River corridor,coordinate_rescue,Private Campgrounds,coordinate_rescue,Medium,Worker 1 IN revised public-discovery return,Coordinate not import-safe in first pass,DNR water-trail listing gives address; exact campground coordinate not recovered.,Run address/map/official map/reservation/GIS coordinate rescue; then decide active/lead/reject.,,v23.1.68,
in-lead-in-hidden-lake-campground-marion-grant,IN,Hidden Lake Campground / Marion Area Private Campground,Grant / Marion edge,coordinate_rescue,Private Campgrounds,Needs operator/source QA,Medium,Private operator / discovery source,Directory/operator address-map checked; medium-low,Held from active import during v23.1.68 because coordinate/status/source confidence still needs rescue or exact component extraction.,Supervisor verify before import.,,v23.1.68,Grant/Marion public discovery surfaced private campground; operator proof needs capture before final import.
in-lead-indianapolis-koa-holiday,IN,Indianapolis KOA Holiday,Hancock / Greenfield,coordinate_rescue,Private Campgrounds,public_discovery_coordinate_rescue,Medium,Public discovery lead; final proof must be operator/official,No import coordinate assigned. Needs operator/current proof plus address-map/imagery check.,Operator campground lead; public-facing KOA discovered in public sweep. Needs official operator page/address-map coordinate verification before active import.,"Open operator page/reservation system; verify public overnight camping, amenities, address, and coordinate. Promote only if address/map lands on campground area.",,v23.1.68,Public discovery sweep lead. Use operator website/reservation/address as final proof before active import; do not use Google/directory result alone.
in-lead-in-harrison-buffalo-trace-park-modern-campground-coordinate-rescue,IN,Buffalo Trace Park Modern Campground,Harrison / Palmyra,coordinate_rescue,Modern Campgrounds,Research Needed,Medium,County park official,Official park proof; exact coordinate not recovered.,Strong county campground candidate.,Add lead.,,v23.1.68,"Harrison County Parks says Buffalo Trace Park has 51 modern campsites with electric hookups, hydrants, shower house, and disposal station. ([Harrison County Parks][37])"
in-lead-summit-lake-state-park-campground,IN,Summit Lake State Park Campground,Henry / New Castle,coordinate_rescue,Modern Campgrounds,coordinate_rescue,Medium,Official Indiana DNR,No exact campground-loop coordinate recovered.,Potential Modern if shower/restroom triad confirmed; otherwise hold layer after reservation detail.,Extract campground coordinate and confirm Modern triad.,,v23.1.68,"https://www.in.gov/dnr/state-parks/parks-lakes/summit-lake-state-park/ — DNR lists 120 electric campsites, beach bathhouse, campground reservation and electric campground map."
in-lead-in-je-roush-fwa-full-hookup-campground,IN,J.E. Roush Lake FWA Full-Hookup Campground,Huntington / Wells / J. Edward Roush Lake,coordinate_rescue,Modern Campgrounds? / Needs service QA,Verified camping; layer needs shower proof,Medium,DNR/FWA source family; secondary source confirms facilities,FWA campground/address/map context; medium; official exact coordinate not recovered,Held from active import during v23.1.68 because coordinate/status/source confidence still needs rescue or exact component extraction.,Supervisor verify; promote if DNR page confirms service triad.,,v23.1.68,Indiana DNR old FWA source path identified by public sources; secondary summary lists 25 full hook-up and 20 primitive sites. Supervisor should verify current DNR property page/PDF before import.
in-lead-caboose-lake-campground-remington,IN,Caboose Lake Campground,Jasper / Remington / I-65-US 24,coordinate_rescue,Private Campgrounds,coordinate_rescue,Medium,Worker 1 IN revised public-discovery return,Coordinate not import-safe in first pass,Operator proof found; exact campground coordinate needs operator map or parcel check.,Run address/map/official map/reservation/GIS coordinate rescue; then decide active/lead/reject.,,v23.1.68,
in-lead-in-jefferson-clifty-falls-state-park-campground-coordinate-rescue,IN,Clifty Falls State Park Campground,Jefferson / Madison,coordinate_rescue,Modern Campgrounds,Research Needed,Medium,Indiana DNR / ReserveAmerica,Official reservation/address proof; exact campground coordinate blocked.,Do not use park entrance blindly.,Add lead.,,v23.1.68,"ReserveAmerica provides mapping address 2221 Clifty Drive and official camping page; DNR campground map shows restrooms, dump station, laundry, water fill, vault toilet, and campground facilities. ([Indiana State Parks][25])"
in-lead-in-needs-kosciusko-county-fairgrounds-camping,IN,Kosciusko County Fairgrounds Camping,Kosciusko / Warsaw,coordinate_rescue,Needs Verification,Event/fairgrounds camping unclear,Medium,Fairgrounds / public discovery,Fairgrounds address is not campground coordinate,Do not import fairground gate/office as campground.,Hold Needs Verification or reject if event-only confirmed.,,v23.1.68,Fairgrounds found in public sweep; no clear non-event public overnight camping proof captured.
in-lead-in-pike-lake-campground-warsaw,IN,Pike Lake Campground,Kosciusko / Warsaw,coordinate_rescue,Modern Campgrounds,Verified Legal,Medium,Official city/campground source family,City campground/address-map checked; medium,Held from active import during v23.1.68 because coordinate/status/source confidence still needs rescue or exact component extraction.,Add active candidate after final source QA.,,v23.1.68,Warsaw/Pike Lake campground discovered via public search; official city/campground source should be cited in final package after normal-browser QA.
in-lead-in-gordons-campground-wolcottville,IN,Gordon's Campground,LaGrange / Noble edge / Wolcottville,coordinate_rescue,Private Campgrounds,Verified operator camping,Medium,Private operator / discovery source; operator proof needed,Operator/directory address-map checked; medium,Held from active import during v23.1.68 because coordinate/status/source confidence still needs rescue or exact component extraction.,Add active candidate if operator proof captured; otherwise lead.,,v23.1.68,Gordon's Campground discovered in Wolcottville/lake sweep.
in-lead-michigan-city-campground-coordinate-rescue,IN,Michigan City Campground,LaPorte / Michigan City,coordinate_rescue,Private Campgrounds,coordinate_rescue,Medium,Worker 1 IN revised public-discovery return,Coordinate not import-safe in first pass,Operator proof/address found; needs map/parcel/reservation coordinate check.,Run address/map/official map/reservation/GIS coordinate rescue; then decide active/lead/reject.,,v23.1.68,
in-laporte-county-fairgrounds-camping-public-status,IN,LaPorte County Fairgrounds camping,LaPorte / Michigan City-South Bend corridor,needs_verification,Modern Campgrounds or Needs Verification,needs_verification,Medium,IN_W2 v23.1.69 worker return / supervisor reconciliation,NO HONEST ACTIVE COORDINATE ACCEPTED,Do not import if only fair/event camping,Verify public non-event camping or reject-memory,,v23.1.69,
in-lead-in-lawrence-spring-mill-state-park-campground-coordinate-rescue,IN,Spring Mill State Park Campground,Lawrence,coordinate_rescue,Modern Campgrounds,Research Needed,Medium,Indiana DNR / state park source family,Official state-park/source proof; exact campground coordinate blocked.,Use official reservation/map for final import proof.,Add lead.,,v23.1.68,State park source family identifies campground and camping inventory; external campground page says Spring Mill has full-hookup and electric campsites with modern restrooms/showers. ([Indiana Government][28])
in-lead-mounds-state-park-campground,IN,Mounds State Park Campground,Madison / Anderson,coordinate_rescue,Modern Campgrounds,coordinate_rescue,Medium,Official Indiana DNR,No exact campground-loop coordinate recovered.,Likely Modern if current restrooms/showers confirmed; otherwise use campground service proof from reservation detail.,Extract campground loop point; verify Modern layer.,,v23.1.68,"https://www.in.gov/dnr/state-parks/parks-lakes/mounds-state-park/ — DNR lists Electric / 75 sites, Youth Tent Areas, Dumping Station, and campground maps."
in-lead-s-h-campground,IN,S&H Campground,Madison / Greenfield-Anderson corridor,coordinate_rescue,Private Campgrounds,public_discovery_coordinate_rescue,Medium,Public discovery lead; final proof must be operator/official,No import coordinate assigned. Needs operator/current proof plus address-map/imagery check.,Public-facing campground discovered in public sweep; operator proof and address-map coordinate needed.,"Open operator page/reservation system; verify public overnight camping, amenities, address, and coordinate. Promote only if address/map lands on campground area.",,v23.1.68,Public discovery sweep lead. Use operator website/reservation/address as final proof before active import; do not use Google/directory result alone.
in-lead-lake-haven-retreat,IN,Lake Haven Retreat,Marion / Indianapolis south edge,coordinate_rescue,Private Campgrounds,public_discovery_coordinate_rescue,Medium,Public discovery lead; final proof must be operator/official,No import coordinate assigned. Needs operator/current proof plus address-map/imagery check.,Public-facing campground/RV park discovered in public sweep; operator proof and address-map coordinate needed.,"Open operator page/reservation system; verify public overnight camping, amenities, address, and coordinate. Promote only if address/map lands on campground area.",,v23.1.68,Public discovery sweep lead. Use operator website/reservation/address as final proof before active import; do not use Google/directory result alone.
in-lead-in-needs-fairground-camping-central-indiana,IN,Central Indiana fairgrounds camping cluster,Marion/Hamilton/Hancock/Shelby/Hendricks/Boone/Montgomery/Parke/Wayne/Franklin/Rush/Decatur,coordinate_rescue,Needs Verification,public_non_event_camping_unclear,Medium,Public discovery / official county fairground follow-up,No coordinate assigned.,Return as a cluster lead only if supervisor wants fairground sweep; otherwise reject individual event-only grounds when disproven.,County-by-county fairgrounds contact/reservation page review; add only if ordinary public overnight camping is official.,,v23.1.68,Source family identified by assignment/search requirements; no ordinary public non-event camping proof established in this pass.
in-lead-plymouth-jellystone-park-coordinate-rescue,IN,Plymouth Jellystone Park,Marshall / Plymouth,coordinate_rescue,Private Campgrounds,coordinate_rescue,Medium,Worker 1 IN revised public-discovery return,Coordinate not import-safe in first pass,Operator proof found; exact coordinate not recovered.,Run address/map/official map/reservation/GIS coordinate rescue; then decide active/lead/reject.,,v23.1.68,
in-lead-in-boundary-mississinewa-lake-miami-sra,IN,Mississinewa Lake / Miami SRA campground system,Miami / Peru — Wabash corridor ambiguity,coordinate_rescue,Modern Campgrounds,boundary_lock_review_needed,Medium,Official Indiana DNR,No import coordinate assigned due to lock ambiguity.,Likely belongs to a north-central/Wabash worker unless Tod confirms inclusion.,Supervisor boundary decision; then coordinate extraction if assigned.,,v23.1.68,"https://www.in.gov/dnr/state-parks/parks-lakes/mississinewa-lake/ — DNR lists Miami SRA, Red Bridge SRA, Frances Slocum SRA, Pearson Mill SRA, 400-plus-site campground, full hook-up/electric/non-electric inventory, youth tent, cabins, dump station."
in-lead-in-monroe-monroe-lake-paynetown-campground-coordinate-rescue,IN,Monroe Lake / Paynetown Campground,Monroe / Monroe Lake,coordinate_rescue,Modern Campgrounds,Research Needed,Medium,Indiana DNR / ReserveAmerica,Official reservation proof; exact campground coordinate blocked.,Do not use Monroe Lake center or marina.,Add lead.,,v23.1.68,ReserveAmerica says Monroe Lake supports camping and lists electric/non-electric booking categories; DNR Monroe page also reports current campground closures at Paynetown due to high-water conditions. ([Indiana State Parks][19])
in-lead-crawfordsville-koa-or-campground-cluster,IN,Crawfordsville campground / KOA-style private campground cluster,Montgomery / Crawfordsville,coordinate_rescue,Private Campgrounds,public_discovery_coordinate_rescue,Medium,Public discovery lead; final proof must be operator/official,No import coordinate assigned. Needs operator/current proof plus address-map/imagery check.,"Public discovery cluster; verify exact current campground/operator identities, public status, and campground addresses.","Open operator page/reservation system; verify public overnight camping, amenities, address, and coordinate. Promote only if address/map lands on campground area.",,v23.1.68,Public discovery sweep lead. Use operator website/reservation/address as final proof before active import; do not use Google/directory result alone.
in-woodland-village-rv-park-coordinate-public-status,IN,Woodland Village RV Park,Northern Indiana / Michigan City-Portage corridor,needs_verification,Private Campgrounds,needs_verification,Medium,IN_W2 v23.1.69 worker return / supervisor reconciliation,NO HONEST ACTIVE COORDINATE ACCEPTED,Do not import from generic Woodland place name or mobile-home park without public camping proof,"Resolve operator/public status, then active or reject",,v23.1.69,
in-lead-in-ohio-river-way-hipcamp-community-campsites-check,IN,Ohio River Way / Hipcamp Private River Camps Cluster,Ohio River corridor,research_needed,Private / Community Reported,Needs Verification,Medium,Tourism/community discovery,Discovery source only; no official/operator proof for each site.,Useful discovery source but not final import proof.,Keep Needs Verification / lead cluster.,,v23.1.68,"Ohio River Way promotes a Hipcamp collection for campsites near the National Water Trail, but individual sites need operator proof and coordinate honesty. ([Ohio River Way][40])"
in-lead-in-orange-patoka-pines-rv-campground-coordinate-rescue,IN,Patoka Pines RV Campground & Boat Storage,Orange / French Lick / Patoka Lake,coordinate_rescue,Private Campgrounds,Research Needed,Medium,Operator official,Operator proof; exact coordinate not recovered.,Strong private lead.,Add lead.,,v23.1.68,"Operator says Patoka Pines has 18 full-hookup sites, fiber internet, a shower house, boat storage, and is near Patoka Lake. ([patokapines.com][33])"
in-lead-in-orange-painter-creek-camp-resort-coordinate-rescue,IN,Painter Creek Camp Resort,Orange / Patoka Lake,coordinate_rescue,Private Campgrounds,Research Needed,Medium,Operator official,Operator proof; exact coordinate not recovered.,Do not use boat ramp as campground pin.,Add lead.,,v23.1.68,"Operator says Painter Creek Camp Resort is off Highway 145, one mile from Painter Creek boat ramp on Patoka Lake, and near French Lick/Patoka Lake State Park. ([PAINTER CREEK][34])"
in-lead-raccoon-sra-electric-nonelectric,IN,Cecil M. Harden Lake / Raccoon SRA Family Campgrounds,Parke / Rockville / Raccoon Lake,coordinate_rescue,Modern Campgrounds,coordinate_rescue / component_split,Medium,Official Indiana DNR,No exact family campground coordinate recovered.,Split primitive/youth from family campground if coordinates recovered.,Extract family campground point and verify component split.,,v23.1.68,"https://www.in.gov/dnr/state-parks/parks-lakes/cecil-m-harden-lake-raccoon-sra/ — DNR lists Electric / 240 sites, Non-electric / 37 sites, Primitive / 35 sites, Youth Tent Areas, Camp Store, Dumping Station, and campground maps."
in-lead-turkey-run-state-park-main-campground,IN,Turkey Run State Park Electric Campground,Parke / Sugar Creek / Marshall,coordinate_rescue,Modern Campgrounds,coordinate_rescue,Medium,Official Indiana DNR,"No active coordinate recommended. Official DNR address and campground maps exist, but parsed sources do not provide an exact campground-loop point.",Strong official campground; import should wait for campground-loop coordinate or reservation/map coordinate.,Extract campground loop point from official DNR electric campground map/reservation metadata; verify Modern triad.,,v23.1.68,"https://www.in.gov/dnr/state-parks/parks-lakes/turkey-run-state-park/ — DNR lists Electric / 213 sites, Youth Tent Areas, Camp Store, Dumping Station, and campground maps."
in-lead-lakeshore-camp-resort-portage,IN,Lakeshore Camp Resort,Porter / Portage,coordinate_rescue,Private Campgrounds,coordinate_rescue,Medium,Worker 1 IN revised public-discovery return,Coordinate not import-safe in first pass,Operator proves public-rentable full-hookup sites/cabins inside membership park; exact coordinate not recovered.,Run address/map/official map/reservation/GIS coordinate rescue; then decide active/lead/reject.,,v23.1.68,
in-lead-woodland-village-rv-park-portage,IN,Woodland Village RV Park,Porter / Portage,coordinate_rescue,Private Campgrounds,coordinate_rescue,Medium,Worker 1 IN revised public-discovery return,Coordinate not import-safe in first pass,Operator proof found; exact RV-area coordinate not recovered.,Run address/map/official map/reservation/GIS coordinate rescue; then decide active/lead/reject.,,v23.1.68,
in-lead-rising-sun-campground-tippecanoe-river,IN,Rising Sun Campground,Pulaski / Monterey / Tippecanoe River,coordinate_rescue,Private Campgrounds,coordinate_rescue,Medium,Worker 1 IN revised public-discovery return,Coordinate not import-safe in first pass,DNR lists campground as water-trail camping location; operator coordinate not recovered.,Run address/map/official map/reservation/GIS coordinate rescue; then decide active/lead/reject.,,v23.1.68,
in-lead-lieber-poplar-grove-electric-coordinate-rescue,IN,Lieber SRA / Cagles Mill — Poplar Grove Electric Campground,Putnam / Owen edge,coordinate_rescue,Modern Campgrounds,coordinate_rescue,Medium,SUPERVISOR v23.1.69 worker return / supervisor reconciliation,NO HONEST ACTIVE COORDINATE ACCEPTED,Official component proof; parent GPS only.,Extract official Poplar Grove/Sunny Acres map or ReserveAmerica loop metadata.,,v23.1.69,
in-lead-cagles-mill-poplar-grove-electric,IN,Cagles Mill Lake / Lieber SRA — Poplar Grove Electric Campground,Putnam / Owen edge / Cagles Mill Lake,coordinate_rescue,Modern Campgrounds,coordinate_rescue / component_split,Medium,Official Indiana DNR,No exact component coordinate recovered.,Component split useful: Poplar Grove electric vs Sunny Acres non-electric.,Extract Poplar Grove campground loop point and verify Modern triad.,,v23.1.68,"https://www.in.gov/dnr/state-parks/parks-lakes/lieber-state-recreation-area-cagles-mill-lake/ — DNR lists 115 Class A and 94 Class B campsites, Electric / 120 sites (Poplar Grove), Non-electric / 96 sites (Sunny Acres), dump station, and campground maps."
in-lead-in-ripley-versailles-state-park-campground-coordinate-rescue,IN,Versailles State Park Campground,Ripley,coordinate_rescue,Modern Campgrounds,Research Needed,Medium,Indiana DNR / ReserveAmerica,Official reservation proof; exact campground coordinate blocked.,Obvious in-lock state park lead.,Add lead.,,v23.1.68,ReserveAmerica returns an active Versailles State Park campground reservation page. ([Indiana State Parks][29])
in-lead-in-scott-jefferson-hardy-lake-shale-bluff-campground-coordinate-rescue,IN,Hardy Lake Shale Bluff Campground,Scott / Jefferson,coordinate_rescue,Modern Campgrounds,Research Needed,Medium,Indiana DNR / ReserveAmerica,Official proof; exact campground coordinate blocked.,Modern amenities need shower/flush confirmation from official map/facility data.,Add lead.,,v23.1.68,"DNR says Hardy Lake has two campgrounds, both open year-round, with electric available at each Shale Bluff site; state page lists 149 electric sites, primitive Wooster sites, and dump station. ([Indiana State Parks][22])"
in-lead-hidden-paradise-campground,IN,Hidden Paradise Campground,Shelby / St. Paul,coordinate_rescue,Private Campgrounds,public_discovery_coordinate_rescue,Medium,Public discovery lead; final proof must be operator/official,No import coordinate assigned. Needs operator/current proof plus address-map/imagery check.,Operator/public-facing campground discovered in public sweep; verify campground address and amenities.,"Open operator page/reservation system; verify public overnight camping, amenities, address, and coordinate. Promote only if address/map lands on campground area.",,v23.1.68,Public discovery sweep lead. Use operator website/reservation/address as final proof before active import; do not use Google/directory result alone.
in-needs-small-private-hoosier-edge-control-search,IN,Small Private / Operator Campgrounds in Hoosier Edge Control Searches,Southern Indiana Hoosier NF / Patoka / Monroe edge,needs_verification,Private Campgrounds,needs_verification,Medium,IN_W3 v23.1.69 worker return / supervisor reconciliation,NO HONEST ACTIVE COORDINATE ACCEPTED,Self-QA note: non-modern targets covered; private campground completeness requires separate public-discovery control if Tod wants it.,Assign/merge with next active-site cleanup rather than this geometry pass.,,v23.1.69,
in-lead-in-spencer-lincoln-state-park-campground-coordinate-rescue,IN,Lincoln State Park Campground,Spencer,research_needed,Modern Campgrounds,Research Needed,Medium,Indiana DNR / ReserveAmerica,ReserveAmerica GPS likely park/campground context; needs map check before active import.,Hold as lead because coordinate may be general park property.,Add lead.,,v23.1.68,"ReserveAmerica provides GPS 38.11184, -86.99849 and official Lincoln State Park camping reservation context; DNR says Lincoln offers campgrounds, cabins, and group cottages. ([Indiana State Parks][24])"
in-lead-in-circle-b-campground-angola,IN,Circle B Campground,Steuben / Angola,coordinate_rescue,Private Campgrounds,Verified operator camping,Medium,Private operator / discovery source; operator proof needed for package,Operator/directory address-map checked; medium,Held from active import during v23.1.68 because coordinate/status/source confidence still needs rescue or exact component extraction.,Add active candidate if operator proof captured; otherwise lead.,,v23.1.68,Public discovery finds campground; likely public-facing overnight use.
in-lead-in-switzerland-paul-ogle-park-campground-coordinate-rescue,IN,Paul Ogle Park Campground,Switzerland / Vevay / Ohio River,coordinate_rescue,Modern Campgrounds / Private?,Research Needed,Medium,Tourism lead,"Tourism coordinate found, but official/operator proof needs strengthening.","Good public discovery lead, but not final-proof clean.",Add lead.,,v23.1.68,"Lewis & Clark travel listing says Paul Ogle Park Campground is in Vevay on the Ohio River and gives coordinates 38.7455, -85.0648. ([Lewis and Clark Trail Experience][36])"
in-lead-in-switzerland-treasure-cove-campground-coordinate-rescue,IN,Treasure Cove Campground,Switzerland / Vevay / Ohio River,coordinate_rescue,Private Campgrounds,Research Needed,Medium,Operator official,Operator proof; exact coordinate not recovered.,Obvious Ohio River private lead.,Add lead.,,v23.1.68,"Operator says Treasure Cove is in Vevay on the Ohio River, open year-round, welcomes RVs, and each RV site has full hookups. ([Treasure Cove Campground][35])"
in-lead-wolfes-leisure-time-campground-wabash-tippecanoe-edge,IN,Wolfe’s Leisure Time Campground,Tippecanoe / Lafayette / Wabash River,coordinate_rescue,Private Campgrounds,coordinate_rescue,Medium,Worker 1 IN revised public-discovery return,Coordinate not import-safe in first pass,DNR water-trail list gives address; operator coordinate not recovered.,Run address/map/official map/reservation/GIS coordinate rescue; then decide active/lead/reject.,,v23.1.68,
in-lead-brookville-quakertown-sra-campground,IN,Brookville Lake — Quakertown State Recreation Area Campground,Union / Brookville Lake,coordinate_rescue,Modern Campgrounds,coordinate_rescue / component_split,Medium,Official Indiana DNR,No safe component coordinate from parsed source.,Component split required.,Extract Quakertown campground loop coordinate from DNR map/reservation metadata.,,v23.1.68,https://www.in.gov/dnr/state-parks/parks-lakes/brookville-lake/ — DNR identifies Quakertown SRA and campground maps for Brookville Lake.
in-lead-brookville-quakertown-sra-campground-coordinate-rescue,IN,Brookville Lake — Quakertown SRA Campground,Union / Franklin / Brookville Lake,coordinate_rescue,Modern Campgrounds,coordinate_rescue,Medium,SUPERVISOR v23.1.69 worker return / supervisor reconciliation,NO HONEST ACTIVE COORDINATE ACCEPTED,Official address and component proof; no safe campground coordinate recovered.,"Address-map/imagery check, ReserveAmerica metadata, or DNR map georeference.",,v23.1.69,
in-lead-doc-o-lake,IN,Doc-O-Lake Campground,Wayne/Fayette/Whitewater corridor candidate,coordinate_rescue,Private Campgrounds,public_discovery_coordinate_rescue,Medium,Public discovery lead; final proof must be operator/official,No import coordinate assigned. Needs operator/current proof plus address-map/imagery check.,Public discovery lead; current public/operator status and coordinate must be verified.,"Open operator page/reservation system; verify public overnight camping, amenities, address, and coordinate. Promote only if address/map lands on campground area.",,v23.1.68,Public discovery sweep lead. Use operator website/reservation/address as final proof before active import; do not use Google/directory result alone.
in-lead-indiana-beach-monticello-koa,IN,Indiana Beach / Monticello KOA Holiday,White / Monticello / Lake Shafer,coordinate_rescue,Private Campgrounds,coordinate_rescue,Medium,Worker 1 IN revised public-discovery return,Coordinate not import-safe in first pass,KOA proof found; confirm campground-area coordinate separate from amusement park front gate.,Run address/map/official map/reservation/GIS coordinate rescue; then decide active/lead/reject.,,v23.1.68,
in-lead-white-oaks-rv-camping-monticello,IN,White Oaks RV and Camping,White / Monticello / Lake Shafer-Freeman area,coordinate_rescue,Private Campgrounds,coordinate_rescue,Medium,Worker 1 IN revised public-discovery return,Coordinate not import-safe in first pass,Operator proof found; exact campground-area coordinate not recovered.,Run address/map/official map/reservation/GIS coordinate rescue; then decide active/lead/reject.,,v23.1.68,
