id,state,name,countyRegion,leadType,likelyLayer,status,priority,sourceType,coordinateConfidence,blocker,nextAction,relatedActiveOrPendingRecord,lastCheckedVersion,notes
mi-v23192-lead-pictured-rocks-rv-park-and-campground,MI,Pictured Rocks RV Park & Campground,Alger / Christmas,up_public_discovery_coordinate_or_correction_rescue_v23192,Private Campgrounds,coordinate_rescue,High,UP public-discovery worker return,NO HONEST ACTIVE-MAP COORDINATE ACCEPTED,Operator proof and address only; exact campground pin needed.,"Acquire official/operator map, reservation map, Google/Apple/Bing map POI, OSM/Overpass point, DNR/USFS GIS, aerial-confirmed campground loop, or direct agency/operator confirmation. Do not use lake centers, park centroids, offices, boat launches, ferry docks, beaches, trailheads, or broad property centers.",,v23.1.92,
mi-lead-hiawatha-rapid-river-manistique-dispersed-rule-area,MI,Hiawatha NF Rapid River / Manistique dispersed camping rule area,"Alger / Delta / Schoolcraft / Mackinac / Chippewa, especially Rapid River and Manistique Ranger District context",gis_extraction_needed / area_outline_followup,Boondocking / Dispersed or Info / Reference,area_outline_followup,High,Prior MI/UP worker/supervisor returns; USFS/MVUM/GIS follow-up needed,NO HONEST COORDINATE FOUND,Prior work proved this as an important dispersed/rule-area lead but did not recover a defensible official geometry or honest area marker. Parent/contact/gateway coordinates were not accepted as camping coordinates.,"Extract Hiawatha NF official boundary, ownership/surface-management, MVUM/dispersed rule geometry, and district-specific camping restrictions. Use QGIS/GDAL or official USFS GIS. Do not use ranger office, forest centroid, trailhead, or campground points.",None found as active rule-area row; exact Hiawatha primitive campsite records exist separately in the MI supplement.,v23.1.54-historical-backfill,This is probably the single most important UP boondocking historical lead to persist.
mi-v23192-lead-au-train-lake-campground,MI,Au Train Lake Campground,Alger / Hiawatha NF,up_public_discovery_coordinate_or_correction_rescue_v23192,Rustic / Primitive,coordinate_rescue,High,UP public-discovery worker return,NO HONEST ACTIVE-MAP COORDINATE ACCEPTED,Recreation.gov proof; only third-party coordinate captured.,"Acquire official/operator map, reservation map, Google/Apple/Bing map POI, OSM/Overpass point, DNR/USFS GIS, aerial-confirmed campground loop, or direct agency/operator confirmation. Do not use lake centers, park centroids, offices, boat launches, ferry docks, beaches, trailheads, or broad property centers.",,v23.1.92,
mi-v23192-lead-wandering-wheels-campground,MI,Wandering Wheels Campground,Alger / Munising-Hiawatha NF,up_public_discovery_coordinate_or_correction_rescue_v23192,Private Campgrounds,coordinate_rescue,High,UP public-discovery worker return,NO HONEST ACTIVE-MAP COORDINATE ACCEPTED,Tourism proof only; current direct operator proof/coordinate not captured.,"Acquire official/operator map, reservation map, Google/Apple/Bing map POI, OSM/Overpass point, DNR/USFS GIS, aerial-confirmed campground loop, or direct agency/operator confirmation. Do not use lake centers, park centroids, offices, boat launches, ferry docks, beaches, trailheads, or broad property centers.",,v23.1.92,
mi-v23192-lead-pictured-rocks-national-lakeshore-backcountry-campsite-system,MI,Pictured Rocks National Lakeshore backcountry campsite system,Alger / Pictured Rocks NL,up_public_discovery_coordinate_or_correction_rescue_v23192,Boat / Backpack,coordinate_rescue,High,UP public-discovery worker return,NO HONEST ACTIVE-MAP COORDINATE ACCEPTED,Official permit system; exact individual campsite coordinates not captured.,"Acquire official/operator map, reservation map, Google/Apple/Bing map POI, OSM/Overpass point, DNR/USFS GIS, aerial-confirmed campground loop, or direct agency/operator confirmation. Do not use lake centers, park centroids, offices, boat launches, ferry docks, beaches, trailheads, or broad property centers.",,v23.1.92,
mi-v23192-lead-munising-pictured-rocks-koa-journey,MI,Munising / Pictured Rocks KOA Journey,Alger / Wetmore,up_public_discovery_coordinate_or_correction_rescue_v23192,Private Campgrounds,coordinate_rescue,High,UP public-discovery worker return,NO HONEST ACTIVE-MAP COORDINATE ACCEPTED,KOA/operator proof and address only; exact campground pin needed.,"Acquire official/operator map, reservation map, Google/Apple/Bing map POI, OSM/Overpass point, DNR/USFS GIS, aerial-confirmed campground loop, or direct agency/operator confirmation. Do not use lake centers, park centroids, offices, boat launches, ferry docks, beaches, trailheads, or broad property centers.",,v23.1.92,
mi-v23192-lead-bay-de-noc-grand-island-trail-camping-horse-assembly-areas,MI,Bay de Noc–Grand Island Trail camping / horse assembly areas,Alger/Delta edge / M-94 corridor,up_public_discovery_coordinate_or_correction_rescue_v23192,Boat / Backpack,coordinate_rescue,High,UP public-discovery worker return,NO HONEST ACTIVE-MAP COORDINATE ACCEPTED,USFS trail/assembly area proof but in-lock coordinates/county boundary unresolved.,"Acquire official/operator map, reservation map, Google/Apple/Bing map POI, OSM/Overpass point, DNR/USFS GIS, aerial-confirmed campground loop, or direct agency/operator confirmation. Do not use lake centers, park centroids, offices, boat launches, ferry docks, beaches, trailheads, or broad property centers.",,v23.1.92,
mi-v23192-lead-bay-mills-riverview-park-and-campground-riverview-campground,MI,Bay Mills RiverView Park & Campground / Riverview Campground,Chippewa / Bay Mills-Brimley,up_public_discovery_coordinate_or_correction_rescue_v23192,Private Campgrounds,coordinate_rescue,High,UP public-discovery worker return,NO HONEST ACTIVE-MAP COORDINATE ACCEPTED,"Official/community address proof, but exact campground pin and name/address split required.","Acquire official/operator map, reservation map, Google/Apple/Bing map POI, OSM/Overpass point, DNR/USFS GIS, aerial-confirmed campground loop, or direct agency/operator confirmation. Do not use lake centers, park centroids, offices, boat launches, ferry docks, beaches, trailheads, or broad property centers.",,v23.1.92,
mi-v23192-lead-bay-mills-sunrise-rv-park-naming-coordinate-resolution,MI,Bay Mills Sunrise RV Park naming/coordinate resolution,Chippewa / Bay Mills-Brimley,up_public_discovery_coordinate_or_correction_rescue_v23192,Private Campgrounds,coordinate_rescue,High,UP public-discovery worker return,NO HONEST ACTIVE-MAP COORDINATE ACCEPTED,"Medium coordinate exists, but sources conflict between Sunrise/Riverview naming at W Lakeshore addresses.","Acquire official/operator map, reservation map, Google/Apple/Bing map POI, OSM/Overpass point, DNR/USFS GIS, aerial-confirmed campground loop, or direct agency/operator confirmation. Do not use lake centers, park centroids, offices, boat launches, ferry docks, beaches, trailheads, or broad property centers.",,v23.1.92,
mi-v23192-lead-chippewa-landing-of-bay-mills,MI,Chippewa Landing of Bay Mills,Chippewa / Bay Mills-Brimley,up_public_discovery_coordinate_or_correction_rescue_v23192,Private Campgrounds,proof_or_policy_rescue,High,UP public-discovery worker return,NO HONEST ACTIVE-MAP COORDINATE ACCEPTED,Operator/current booking proof not fully recovered.,"Acquire official/operator map, reservation map, Google/Apple/Bing map POI, OSM/Overpass point, DNR/USFS GIS, aerial-confirmed campground loop, or direct agency/operator confirmation. Do not use lake centers, park centroids, offices, boat launches, ferry docks, beaches, trailheads, or broad property centers.",,v23.1.92,
mi-v23192-lead-ojibwa-campgrounds-and-recreation-area,MI,Ojibwa Campgrounds and Recreation Area,Chippewa / Bay Mills-Brimley,up_public_discovery_coordinate_or_correction_rescue_v23192,Private Campgrounds,coordinate_rescue,High,UP public-discovery worker return,NO HONEST ACTIVE-MAP COORDINATE ACCEPTED,Tourism source only; official/operator proof and exact coordinate not recovered.,"Acquire official/operator map, reservation map, Google/Apple/Bing map POI, OSM/Overpass point, DNR/USFS GIS, aerial-confirmed campground loop, or direct agency/operator confirmation. Do not use lake centers, park centroids, offices, boat launches, ferry docks, beaches, trailheads, or broad property centers.",,v23.1.92,
mi-v23192-lead-paradise-point-rv-park,MI,Paradise Point RV Park,Chippewa / DeTour Village / Drummond ferry edge,up_public_discovery_coordinate_or_correction_rescue_v23192,Private Campgrounds,coordinate_rescue,High,UP public-discovery worker return,NO HONEST ACTIVE-MAP COORDINATE ACCEPTED,"Operator proof, but exact campground pin needed.","Acquire official/operator map, reservation map, Google/Apple/Bing map POI, OSM/Overpass point, DNR/USFS GIS, aerial-confirmed campground loop, or direct agency/operator confirmation. Do not use lake centers, park centroids, offices, boat launches, ferry docks, beaches, trailheads, or broad property centers.",,v23.1.92,
mi-v23192-lead-drummond-island-small-resort-rv-camp-cluster,MI,Drummond Island small resort/RV/camp cluster,Chippewa / Drummond Island,up_public_discovery_coordinate_or_correction_rescue_v23192,Private Campgrounds,coordinate_rescue,High,UP public-discovery worker return,NO HONEST ACTIVE-MAP COORDINATE ACCEPTED,Directory-level discovery only; many may be cabins/resorts rather than public camping.,"Acquire official/operator map, reservation map, Google/Apple/Bing map POI, OSM/Overpass point, DNR/USFS GIS, aerial-confirmed campground loop, or direct agency/operator confirmation. Do not use lake centers, park centroids, offices, boat launches, ferry docks, beaches, trailheads, or broad property centers.",,v23.1.92,
mi-v23192-lead-hiawatha-nf-primitive-campsite-systems-inside-chippewa-lock,MI,Hiawatha NF primitive campsite systems inside Chippewa lock,Chippewa / Hiawatha NF,up_public_discovery_coordinate_or_correction_rescue_v23192,Rustic / Primitive,proof_or_policy_rescue,High,UP public-discovery worker return,NO HONEST ACTIVE-MAP COORDINATE ACCEPTED,Individual primitive site geography not fully resolved.,"Acquire official/operator map, reservation map, Google/Apple/Bing map POI, OSM/Overpass point, DNR/USFS GIS, aerial-confirmed campground loop, or direct agency/operator confirmation. Do not use lake centers, park centroids, offices, boat launches, ferry docks, beaches, trailheads, or broad property centers.",,v23.1.92,
mi-v23192-lead-neebish-island-light-station-hipcamp,MI,Neebish Island Light Station Hipcamp,Chippewa / Neebish Island,up_public_discovery_coordinate_or_correction_rescue_v23192,Private Campgrounds,coordinate_rescue,High,UP public-discovery worker return,NO HONEST ACTIVE-MAP COORDINATE ACCEPTED,Private-land platform listing; project policy and exact site coordinates unclear.,"Acquire official/operator map, reservation map, Google/Apple/Bing map POI, OSM/Overpass point, DNR/USFS GIS, aerial-confirmed campground loop, or direct agency/operator confirmation. Do not use lake centers, park centroids, offices, boat launches, ferry docks, beaches, trailheads, or broad property centers.",,v23.1.92,
mi-v23192-lead-kewadin-sault-rv-park,MI,Kewadin Sault RV Park,Chippewa / Sault Ste. Marie,up_public_discovery_coordinate_or_correction_rescue_v23192,Private Campgrounds,coordinate_rescue,High,UP public-discovery worker return,NO HONEST ACTIVE-MAP COORDINATE ACCEPTED,"Official casino RV park proof, but exact RV-park area pin needed.","Acquire official/operator map, reservation map, Google/Apple/Bing map POI, OSM/Overpass point, DNR/USFS GIS, aerial-confirmed campground loop, or direct agency/operator confirmation. Do not use lake centers, park centroids, offices, boat launches, ferry docks, beaches, trailheads, or broad property centers.",,v23.1.92,
mi-v23192-lead-sherman-park-campground,MI,Sherman Park Campground,Chippewa / Sault Ste. Marie,up_public_discovery_coordinate_or_correction_rescue_v23192,Needs Verification,coordinate_rescue,High,UP public-discovery worker return,NO HONEST ACTIVE-MAP COORDINATE ACCEPTED,Official city sources conflict on amenities/layer; exact campground loop pin needed.,"Acquire official/operator map, reservation map, Google/Apple/Bing map POI, OSM/Overpass point, DNR/USFS GIS, aerial-confirmed campground loop, or direct agency/operator confirmation. Do not use lake centers, park centroids, offices, boat launches, ferry docks, beaches, trailheads, or broad property centers.",,v23.1.92,
mi-v23192-lead-soo-locks-campground,MI,Soo Locks Campground,Chippewa / Sault Ste. Marie / St. Marys River,up_public_discovery_coordinate_or_correction_rescue_v23192,Private Campgrounds,coordinate_rescue,High,UP public-discovery worker return,NO HONEST ACTIVE-MAP COORDINATE ACCEPTED,"Operator/tourism proof, but exact campground-loop pin needed.","Acquire official/operator map, reservation map, Google/Apple/Bing map POI, OSM/Overpass point, DNR/USFS GIS, aerial-confirmed campground loop, or direct agency/operator confirmation. Do not use lake centers, park centroids, offices, boat launches, ferry docks, beaches, trailheads, or broad property centers.",,v23.1.92,
mi-v23192-lead-lime-island-rustic-tent-camping-exact-platform-coordinates,MI,Lime Island Rustic Tent Camping exact platform coordinates,Chippewa / St. Marys River / Lime Island,up_public_discovery_coordinate_or_correction_rescue_v23192,Boat / Backpack,coordinate_rescue,High,UP public-discovery worker return,NO HONEST ACTIVE-MAP COORDINATE ACCEPTED,"DNR proves island tent-platform camping, but exact platform coordinates were unavailable.","Acquire official/operator map, reservation map, Google/Apple/Bing map POI, OSM/Overpass point, DNR/USFS GIS, aerial-confirmed campground loop, or direct agency/operator confirmation. Do not use lake centers, park centroids, offices, boat launches, ferry docks, beaches, trailheads, or broad property centers.",,v23.1.92,
mi-v23192-lead-sugar-island-campground,MI,Sugar Island Campground,Chippewa / Sugar Island,up_public_discovery_coordinate_or_correction_rescue_v23192,Private Campgrounds,coordinate_rescue,High,UP public-discovery worker return,NO HONEST ACTIVE-MAP COORDINATE ACCEPTED,Operator proof but exact address/campground pin and transient/seasonal access need confirmation.,"Acquire official/operator map, reservation map, Google/Apple/Bing map POI, OSM/Overpass point, DNR/USFS GIS, aerial-confirmed campground loop, or direct agency/operator confirmation. Do not use lake centers, park centroids, offices, boat launches, ferry docks, beaches, trailheads, or broad property centers.",,v23.1.92,
mi-v23192-lead-sugar-island-resort-rv-lots,MI,Sugar Island Resort RV Lots,Chippewa / Sugar Island,up_public_discovery_coordinate_or_correction_rescue_v23192,Private Campgrounds,coordinate_rescue,High,UP public-discovery worker return,NO HONEST ACTIVE-MAP COORDINATE ACCEPTED,"Operator proof for weekly RV lots, but exact location/policy fit needs confirmation.","Acquire official/operator map, reservation map, Google/Apple/Bing map POI, OSM/Overpass point, DNR/USFS GIS, aerial-confirmed campground loop, or direct agency/operator confirmation. Do not use lake centers, park centroids, offices, boat launches, ferry docks, beaches, trailheads, or broad property centers.",,v23.1.92,
mi-v23192-lead-sugar-island-sugar-shack,MI,Sugar Island Sugar Shack,Chippewa / Sugar Island,up_public_discovery_coordinate_or_correction_rescue_v23192,Private Campgrounds,coordinate_rescue,High,UP public-discovery worker return,NO HONEST ACTIVE-MAP COORDINATE ACCEPTED,Tourism/social sources only; direct operator/current camping proof and exact site location missing.,"Acquire official/operator map, reservation map, Google/Apple/Bing map POI, OSM/Overpass point, DNR/USFS GIS, aerial-confirmed campground loop, or direct agency/operator confirmation. Do not use lake centers, park centroids, offices, boat launches, ferry docks, beaches, trailheads, or broad property centers.",,v23.1.92,
mi-v23192-lead-fairport-marina-campground-proof-rescue,MI,Fairport Marina Campground proof rescue,Delta / Fairport,up_public_discovery_coordinate_or_correction_rescue_v23192,Needs Verification,coordinate_rescue,High,UP public-discovery worker return,NO HONEST ACTIVE-MAP COORDINATE ACCEPTED,Existing record downgraded to Needs Verification; source proves marina/boat access but not public campground camping.,"Acquire official/operator map, reservation map, Google/Apple/Bing map POI, OSM/Overpass point, DNR/USFS GIS, aerial-confirmed campground loop, or direct agency/operator confirmation. Do not use lake centers, park centroids, offices, boat launches, ferry docks, beaches, trailheads, or broad property centers.",,v23.1.92,
mi-v23192-lead-point-detour-boondocking-proof-rescue,MI,Point Detour boondocking proof rescue,Delta / Fairport / Garden Peninsula,up_public_discovery_coordinate_or_correction_rescue_v23192,Boondocking / Dispersed,proof_or_status_rescue,High,UP public-discovery worker return,NO HONEST ACTIVE-MAP COORDINATE ACCEPTED,Active row removed; no official exact-site proof or qualifying same-spot overnight evidence captured.,"Acquire official/operator map, reservation map, Google/Apple/Bing map POI, OSM/Overpass point, DNR/USFS GIS, aerial-confirmed campground loop, or direct agency/operator confirmation. Do not use lake centers, park centroids, offices, boat launches, ferry docks, beaches, trailheads, or broad property centers.",,v23.1.92,
mi-v23192-lead-park-place-of-the-north,MI,Park Place of the North,Delta / Ford River / Escanaba area,up_public_discovery_coordinate_or_correction_rescue_v23192,Private Campgrounds,proof_or_status_rescue,High,UP public-discovery worker return,NO HONEST ACTIVE-MAP COORDINATE ACCEPTED,Status conflict: regional source lists campground but a user report says closed permanently.,"Acquire official/operator map, reservation map, Google/Apple/Bing map POI, OSM/Overpass point, DNR/USFS GIS, aerial-confirmed campground loop, or direct agency/operator confirmation. Do not use lake centers, park centroids, offices, boat launches, ferry docks, beaches, trailheads, or broad property centers.",,v23.1.92,
mi-v23192-lead-bay-ridge-rv-park-and-campground,MI,Bay Ridge RV Park and Campground,Delta / Garden Peninsula / Garden Bay,up_public_discovery_coordinate_or_correction_rescue_v23192,Private Campgrounds,coordinate_rescue,High,UP public-discovery worker return,NO HONEST ACTIVE-MAP COORDINATE ACCEPTED,"Operator proof strong, but exact coordinate not accepted.","Acquire official/operator map, reservation map, Google/Apple/Bing map POI, OSM/Overpass point, DNR/USFS GIS, aerial-confirmed campground loop, or direct agency/operator confirmation. Do not use lake centers, park centroids, offices, boat launches, ferry docks, beaches, trailheads, or broad property centers.",,v23.1.92,
mi-v23192-lead-peninsula-point-lighthouse-access-road-dispersed-proof-rescue,MI,Peninsula Point Lighthouse Access Road dispersed proof rescue,Delta / Garden Peninsula / Hiawatha NF,up_public_discovery_coordinate_or_correction_rescue_v23192,Boondocking / Dispersed,proof_or_status_rescue,High,UP public-discovery worker return,NO HONEST ACTIVE-MAP COORDINATE ACCEPTED,Active row removed; 3+ independent same-spot report standard not met.,"Acquire official/operator map, reservation map, Google/Apple/Bing map POI, OSM/Overpass point, DNR/USFS GIS, aerial-confirmed campground loop, or direct agency/operator confirmation. Do not use lake centers, park centroids, offices, boat launches, ferry docks, beaches, trailheads, or broad property centers.",,v23.1.92,
mi-v23192-lead-gladstone-bay-campground,MI,Gladstone Bay Campground,Delta / Gladstone,up_public_discovery_coordinate_or_correction_rescue_v23192,Modern Campgrounds,coordinate_rescue,High,UP public-discovery worker return,NO HONEST ACTIVE-MAP COORDINATE ACCEPTED,"City/operator proof strong, but exact campground coordinate not accepted.","Acquire official/operator map, reservation map, Google/Apple/Bing map POI, OSM/Overpass point, DNR/USFS GIS, aerial-confirmed campground loop, or direct agency/operator confirmation. Do not use lake centers, park centroids, offices, boat launches, ferry docks, beaches, trailheads, or broad property centers.",,v23.1.92,
mi-v23192-lead-hiawatha-nf-garden-peninsula-dispersed-area-rule-geometry,MI,Hiawatha NF / Garden Peninsula dispersed area/rule geometry,Delta / Hiawatha NF,up_public_discovery_coordinate_or_correction_rescue_v23192,Boondocking / Dispersed,coordinate_rescue,High,UP public-discovery worker return,NO HONEST ACTIVE-MAP COORDINATE ACCEPTED,Broad rule context cannot support exact pins without MVUM/forest orders/GIS or qualifying community evidence.,"Acquire official/operator map, reservation map, Google/Apple/Bing map POI, OSM/Overpass point, DNR/USFS GIS, aerial-confirmed campground loop, or direct agency/operator confirmation. Do not use lake centers, park centroids, offices, boat launches, ferry docks, beaches, trailheads, or broad property centers.",,v23.1.92,
mi-v23192-lead-little-bay-de-noc-campground,MI,Little Bay De Noc Campground,Delta / Hiawatha NF / Rapid River,up_public_discovery_coordinate_or_correction_rescue_v23192,Rustic / Primitive,coordinate_rescue,High,UP public-discovery worker return,NO HONEST ACTIVE-MAP COORDINATE ACCEPTED,"Recreation.gov/USFS proof strong, but exact coordinate not accepted.","Acquire official/operator map, reservation map, Google/Apple/Bing map POI, OSM/Overpass point, DNR/USFS GIS, aerial-confirmed campground loop, or direct agency/operator confirmation. Do not use lake centers, park centroids, offices, boat launches, ferry docks, beaches, trailheads, or broad property centers.",,v23.1.92,
mi-v23192-lead-vagabond-resort-and-campground,MI,Vagabond Resort and Campground,Delta / Rapid River / Little Bay de Noc,up_public_discovery_coordinate_or_correction_rescue_v23192,Private Campgrounds,coordinate_rescue,High,UP public-discovery worker return,NO HONEST ACTIVE-MAP COORDINATE ACCEPTED,"Operator proof exists, but exact campground coordinate not accepted.","Acquire official/operator map, reservation map, Google/Apple/Bing map POI, OSM/Overpass point, DNR/USFS GIS, aerial-confirmed campground loop, or direct agency/operator confirmation. Do not use lake centers, park centroids, offices, boat launches, ferry docks, beaches, trailheads, or broad property centers.",,v23.1.92,
mi-v23192-lead-whitefish-hill-rv-park-and-campground,MI,Whitefish Hill RV Park and Campground,Delta / Rapid River / US-2,up_public_discovery_coordinate_or_correction_rescue_v23192,Private Campgrounds,coordinate_rescue,High,UP public-discovery worker return,NO HONEST ACTIVE-MAP COORDINATE ACCEPTED,Pure Michigan/operator listing exists; current operator source and exact coordinate still needed.,"Acquire official/operator map, reservation map, Google/Apple/Bing map POI, OSM/Overpass point, DNR/USFS GIS, aerial-confirmed campground loop, or direct agency/operator confirmation. Do not use lake centers, park centroids, offices, boat launches, ferry docks, beaches, trailheads, or broad property centers.",,v23.1.92,
mi-lead-delta-county-forestland-rustic-permit-rule-area,MI,Delta County Forestland rustic / permit camping rule area,Delta County,agency_contact_needed / area_outline_followup,Boondocking / Dispersed or Rustic / Primitive rule-area,agency_contact_needed,High,Prior MI/UP worker/supervisor returns,NO HONEST COORDINATE FOUND,Prior work found official/permit context but accepted coordinate/geometry was not durable enough for current map honesty rules.,"Recover official Delta County Forest/forestland permit rules, county GIS parcel/forestland polygons, registration/permit process, and any official camping area restrictions. If no geometry is available, return an approximate Area pin only with proper “borders unknown” language.","Prior context called this “import after cleanup,” but no active row found by repo search.",v23.1.54-historical-backfill,"This is a classic data/leads.js item: useful, real-looking, still blocked by official geometry/coordinate."
mi-v23192-lead-rivers-bend-rv-resort-and-campground,MI,Rivers Bend RV Resort & Campground,Dickinson / Iron Mountain area,up_public_discovery_coordinate_or_correction_rescue_v23192,Private Campgrounds,proof_or_status_rescue,High,UP public-discovery worker return,NO HONEST ACTIVE-MAP COORDINATE ACCEPTED,"Map/directory-style result surfaced, but operator proof not acquired.","Acquire official/operator map, reservation map, Google/Apple/Bing map POI, OSM/Overpass point, DNR/USFS GIS, aerial-confirmed campground loop, or direct agency/operator confirmation. Do not use lake centers, park centroids, offices, boat launches, ferry docks, beaches, trailheads, or broad property centers.",,v23.1.92,
mi-lead-hiawatha-nf-admin-boundary-surface-ownership-outline,MI,Hiawatha NF boundary + surface ownership overlay,Eastern / central UP,gis_extraction_needed,Info / Reference / Boondocking support geometry,gis_extraction_needed,High,Prior outline/source work,NO HONEST COORDINATE FOUND,Hiawatha NF administrative boundary alone is not campable land; private/state/county inholdings and exclusions matter.,Extract USFS administrative forest boundary plus surface/basic ownership layers. Use as context to support dispersed/rule-area records and prevent fake campable blobs.,Related to Hiawatha Rapid River/Manistique lead,v23.1.54-historical-backfill,"This should live as a GIS support lead, not an active campsite record."
mi-v23192-lead-western-u-p-water-trail-camping-access-opportunities,MI,Western U.P. Water Trail camping/access opportunities,Gogebic / Ontonagon / Houghton / Keweenaw / Baraga shoreline,up_public_discovery_coordinate_or_correction_rescue_v23192,Boat / Backpack,proof_or_policy_rescue,High,UP public-discovery worker return,NO HONEST ACTIVE-MAP COORDINATE ACCEPTED,Water-trail route proof only; exact overnight campsite proof not captured.,"Acquire official/operator map, reservation map, Google/Apple/Bing map POI, OSM/Overpass point, DNR/USFS GIS, aerial-confirmed campground loop, or direct agency/operator confirmation. Do not use lake centers, park centroids, offices, boat launches, ferry docks, beaches, trailheads, or broad property centers.",,v23.1.92,
mi-v23192-lead-sylvania-wilderness-individual-backcountry-campsite-coordinates,MI,Sylvania Wilderness individual backcountry campsite coordinates,Gogebic / Watersmeet / Sylvania,up_public_discovery_coordinate_or_correction_rescue_v23192,Boat / Backpack,coordinate_rescue,High,UP public-discovery worker return,NO HONEST ACTIVE-MAP COORDINATE ACCEPTED,"USFS supports Sylvania backcountry, but exact campsite coordinates not extracted.","Acquire official/operator map, reservation map, Google/Apple/Bing map POI, OSM/Overpass point, DNR/USFS GIS, aerial-confirmed campground loop, or direct agency/operator confirmation. Do not use lake centers, park centroids, offices, boat launches, ferry docks, beaches, trailheads, or broad property centers.",,v23.1.92,
mi-lead-sylvania-wilderness-backcountry-campsites-gis-extraction,MI,Sylvania Wilderness designated backcountry campsites GIS extraction,Gogebic County / Watersmeet Ranger District,gis_extraction_needed,Boat / Backpack,official_designated_sites_confirmed_gps_file_blocked,High,v23.1.55 WI/UP corridor worker return,NO HONEST EXACT PIN,"Official USFS Sylvania backcountry camping is restricted to designated campsites and the Ottawa maps page lists a Sylvania Wilderness Campsites GPS file, but Box/normal-browser download was blocked in worker environment.",Download official Sylvania Wilderness Campsites GPS coordinate file through normal browser/Box or agency request; import individual points as Boat / Backpack after duplicate and access/rule checks.,,v23.1.56,
mi-lead-gogebic-county-forest-remote-camping-geometry,MI,Gogebic County Forest remote camping ownership / permit geometry,Gogebic County Forest,gis_extraction_needed / agency_contact_needed,Boondocking / Dispersed,gis_extraction_needed,High,v23.1.55 WI/UP corridor worker return,NO HONEST EXACT PIN,Remote camping is permit-based; eligible county forest geometry and permit restrictions were not extracted.,Contact Gogebic County Forestry/GIS; obtain current permit policy and county forest polygons before any active area marker.,,v23.1.55,Do not use county office/courthouse/centroid.
mi-lead-hiawatha-nf-dispersed-mvum-geometry,MI,Hiawatha National Forest dispersed camping MVUM / ownership geometry,Hiawatha NF / central-eastern U.P.,gis_extraction_needed / area_outline_followup,Boondocking / Dispersed,gis_extraction_needed,High,USFS MVUM / forest boundary / recreation rules,AREA/RULE CONTEXT ONLY,"Official dispersed legality was previously proven, but legal campable geometry requires MVUM/ownership/rule exclusions; parent/contact GPS is not a campsite.","Extract USFS MVUM road/area restrictions, forest boundary/ownership, wilderness/closure exclusions; create/update Area/rule record if no active equivalent exists.",Possible existing MI forest context; verify against active MI files,v23.1.54-historical-backfill,Treat parent coordinate as Info/Reference or approximate area only.
mi-v23192-lead-chassell-adventure-campground,MI,Chassell Adventure Campground,Houghton / Chassell,up_public_discovery_coordinate_or_correction_rescue_v23192,Private Campgrounds,coordinate_rescue,High,UP public-discovery worker return,NO HONEST ACTIVE-MAP COORDINATE ACCEPTED,"Campspot/operator-reservation proof, but exact campground coordinate not accepted.","Acquire official/operator map, reservation map, Google/Apple/Bing map POI, OSM/Overpass point, DNR/USFS GIS, aerial-confirmed campground loop, or direct agency/operator confirmation. Do not use lake centers, park centroids, offices, boat launches, ferry docks, beaches, trailheads, or broad property centers.",,v23.1.92,
mi-v23192-lead-keweenaw-water-trail-overnight-water-access-campsites,MI,Keweenaw Water Trail overnight/water-access campsites,Houghton / Keweenaw shoreline,up_public_discovery_coordinate_or_correction_rescue_v23192,Boat / Backpack,proof_or_policy_rescue,High,UP public-discovery worker return,NO HONEST ACTIVE-MAP COORDINATE ACCEPTED,Route/overnight context only; exact public campsites not captured.,"Acquire official/operator map, reservation map, Google/Apple/Bing map POI, OSM/Overpass point, DNR/USFS GIS, aerial-confirmed campground loop, or direct agency/operator confirmation. Do not use lake centers, park centroids, offices, boat launches, ferry docks, beaches, trailheads, or broad property centers.",,v23.1.92,
mi-v23192-lead-we-energies-recreation-area-campground-cluster-tepee-lake-mountain-lake-south-ba,MI,WE Energies recreation-area campground cluster: Tepee Lake / Mountain Lake / South Bay-style leads,Iron,up_public_discovery_coordinate_or_correction_rescue_v23192,Rustic / Primitive,coordinate_rescue,High,UP public-discovery worker return,NO HONEST ACTIVE-MAP COORDINATE ACCEPTED,Names surfaced but official/current proof and coordinates not acquired.,"Acquire official/operator map, reservation map, Google/Apple/Bing map POI, OSM/Overpass point, DNR/USFS GIS, aerial-confirmed campground loop, or direct agency/operator confirmation. Do not use lake centers, park centroids, offices, boat launches, ferry docks, beaches, trailheads, or broad property centers.",,v23.1.92,
mi-v23192-lead-wilderness-shores-we-energies-recreation-camping,MI,Wilderness Shores / WE Energies recreation camping,Iron,up_public_discovery_coordinate_or_correction_rescue_v23192,Rustic / Primitive,coordinate_rescue,High,UP public-discovery worker return,NO HONEST ACTIVE-MAP COORDINATE ACCEPTED,Official/current public camping proof and geometry not acquired.,"Acquire official/operator map, reservation map, Google/Apple/Bing map POI, OSM/Overpass point, DNR/USFS GIS, aerial-confirmed campground loop, or direct agency/operator confirmation. Do not use lake centers, park centroids, offices, boat launches, ferry docks, beaches, trailheads, or broad property centers.",,v23.1.92,
mi-v23192-lead-sunset-lake-campground-bates-township-park,MI,Sunset Lake Campground / Bates Township Park,Iron / Bates Township,up_public_discovery_coordinate_or_correction_rescue_v23192,Needs Verification,coordinate_rescue,High,UP public-discovery worker return,NO HONEST ACTIVE-MAP COORDINATE ACCEPTED,Sparse official township proof; exact coordinate and layer details missing.,"Acquire official/operator map, reservation map, Google/Apple/Bing map POI, OSM/Overpass point, DNR/USFS GIS, aerial-confirmed campground loop, or direct agency/operator confirmation. Do not use lake centers, park centroids, offices, boat launches, ferry docks, beaches, trailheads, or broad property centers.",,v23.1.92,
mi-v23192-lead-runkle-lake-campground,MI,Runkle Lake Campground,Iron / Crystal Falls,up_public_discovery_coordinate_or_correction_rescue_v23192,Modern Campgrounds,coordinate_rescue,High,UP public-discovery worker return,NO HONEST ACTIVE-MAP COORDINATE ACCEPTED,"Operator proof strong, but no safe campground-loop coordinate accepted.","Acquire official/operator map, reservation map, Google/Apple/Bing map POI, OSM/Overpass point, DNR/USFS GIS, aerial-confirmed campground loop, or direct agency/operator confirmation. Do not use lake centers, park centroids, offices, boat launches, ferry docks, beaches, trailheads, or broad property centers.",,v23.1.92,
mi-v23192-lead-isle-royale-national-park-campground-system,MI,Isle Royale National Park Campground System,Keweenaw / Isle Royale,up_public_discovery_coordinate_or_correction_rescue_v23192,Boat / Backpack,proof_or_policy_rescue,High,UP public-discovery worker return,NO HONEST ACTIVE-MAP COORDINATE ACCEPTED,"NPS proves 36 foot/watercraft-only campgrounds, but exact campground set not extracted.","Acquire official/operator map, reservation map, Google/Apple/Bing map POI, OSM/Overpass point, DNR/USFS GIS, aerial-confirmed campground loop, or direct agency/operator confirmation. Do not use lake centers, park centroids, offices, boat launches, ferry docks, beaches, trailheads, or broad property centers.",,v23.1.92,
mi-v23192-lead-wilderness-resort-llc-lac-la-belle-campground,MI,Wilderness Resort LLC / Lac La Belle Campground,Keweenaw / Lac La Belle,up_public_discovery_coordinate_or_correction_rescue_v23192,Private Campgrounds,coordinate_rescue,High,UP public-discovery worker return,NO HONEST ACTIVE-MAP COORDINATE ACCEPTED,"Operator proof, but exact campground coordinate not accepted.","Acquire official/operator map, reservation map, Google/Apple/Bing map POI, OSM/Overpass point, DNR/USFS GIS, aerial-confirmed campground loop, or direct agency/operator confirmation. Do not use lake centers, park centroids, offices, boat launches, ferry docks, beaches, trailheads, or broad property centers.",,v23.1.92,
mi-v23192-lead-muskallonge-lake-state-park-campground,MI,Muskallonge Lake State Park Campground,Luce,up_public_discovery_coordinate_or_correction_rescue_v23192,Modern Campgrounds,coordinate_rescue,High,UP public-discovery worker return,NO HONEST ACTIVE-MAP COORDINATE ACCEPTED,"Official source/address, but exact campground-loop coordinate rescue required.","Acquire official/operator map, reservation map, Google/Apple/Bing map POI, OSM/Overpass point, DNR/USFS GIS, aerial-confirmed campground loop, or direct agency/operator confirmation. Do not use lake centers, park centroids, offices, boat launches, ferry docks, beaches, trailheads, or broad property centers.",,v23.1.92,
mi-v23192-lead-perch-lake-state-forest-campground,MI,Perch Lake State Forest Campground,Luce,up_public_discovery_coordinate_or_correction_rescue_v23192,Rustic / Primitive,coordinate_rescue,High,UP public-discovery worker return,NO HONEST ACTIVE-MAP COORDINATE ACCEPTED,Official campground proof; exact coordinate not recovered.,"Acquire official/operator map, reservation map, Google/Apple/Bing map POI, OSM/Overpass point, DNR/USFS GIS, aerial-confirmed campground loop, or direct agency/operator confirmation. Do not use lake centers, park centroids, offices, boat launches, ferry docks, beaches, trailheads, or broad property centers.",,v23.1.92,
mi-v23192-lead-pretty-lake-pathway-walk-in-paddle-in-sites-19-26,MI,Pretty Lake Pathway Walk-in / Paddle-in Sites #19–#26,Luce,up_public_discovery_coordinate_or_correction_rescue_v23192,Boat / Backpack,coordinate_rescue,High,UP public-discovery worker return,NO HONEST ACTIVE-MAP COORDINATE ACCEPTED,Official component proof; exact individual site coordinates not recovered.,"Acquire official/operator map, reservation map, Google/Apple/Bing map POI, OSM/Overpass point, DNR/USFS GIS, aerial-confirmed campground loop, or direct agency/operator confirmation. Do not use lake centers, park centroids, offices, boat launches, ferry docks, beaches, trailheads, or broad property centers.",,v23.1.92,
mi-v23192-lead-reed-and-green-bridge-state-forest-campground,MI,Reed & Green Bridge State Forest Campground,Luce,up_public_discovery_coordinate_or_correction_rescue_v23192,Rustic / Primitive,coordinate_rescue,High,UP public-discovery worker return,NO HONEST ACTIVE-MAP COORDINATE ACCEPTED,Official campground proof; exact coordinate not recovered.,"Acquire official/operator map, reservation map, Google/Apple/Bing map POI, OSM/Overpass point, DNR/USFS GIS, aerial-confirmed campground loop, or direct agency/operator confirmation. Do not use lake centers, park centroids, offices, boat launches, ferry docks, beaches, trailheads, or broad property centers.",,v23.1.92,
mi-v23192-lead-kritters-campground,MI,Kritters Campground,Luce / Newberry,up_public_discovery_coordinate_or_correction_rescue_v23192,Private Campgrounds,coordinate_rescue,High,UP public-discovery worker return,NO HONEST ACTIVE-MAP COORDINATE ACCEPTED,Operator source; campground coordinate not verified.,"Acquire official/operator map, reservation map, Google/Apple/Bing map POI, OSM/Overpass point, DNR/USFS GIS, aerial-confirmed campground loop, or direct agency/operator confirmation. Do not use lake centers, park centroids, offices, boat launches, ferry docks, beaches, trailheads, or broad property centers.",,v23.1.92,
mi-v23192-lead-natalie-state-forest-campground,MI,Natalie State Forest Campground,Luce / Newberry,up_public_discovery_coordinate_or_correction_rescue_v23192,Rustic / Primitive,coordinate_rescue,High,UP public-discovery worker return,NO HONEST ACTIVE-MAP COORDINATE ACCEPTED,Official campground proof; exact coordinate not recovered.,"Acquire official/operator map, reservation map, Google/Apple/Bing map POI, OSM/Overpass point, DNR/USFS GIS, aerial-confirmed campground loop, or direct agency/operator confirmation. Do not use lake centers, park centroids, offices, boat launches, ferry docks, beaches, trailheads, or broad property centers.",,v23.1.92,
mi-v23192-lead-newberry-campground-former-newberry-koa,MI,Newberry Campground / former Newberry KOA,Luce / Newberry,up_public_discovery_coordinate_or_correction_rescue_v23192,Private Campgrounds,coordinate_rescue,High,UP public-discovery worker return,NO HONEST ACTIVE-MAP COORDINATE ACCEPTED,Operator source; campground coordinate not verified.,"Acquire official/operator map, reservation map, Google/Apple/Bing map POI, OSM/Overpass point, DNR/USFS GIS, aerial-confirmed campground loop, or direct agency/operator confirmation. Do not use lake centers, park centroids, offices, boat launches, ferry docks, beaches, trailheads, or broad property centers.",,v23.1.92,
mi-v23192-lead-sherman-s-resort-and-campground,MI,Sherman’s Resort and Campground,Mackinac / Curtis / South Manistique Lake,up_public_discovery_coordinate_or_correction_rescue_v23192,Private Campgrounds,coordinate_rescue,High,UP public-discovery worker return,NO HONEST ACTIVE-MAP COORDINATE ACCEPTED,Operator source; exact RV/camping area coordinate not verified.,"Acquire official/operator map, reservation map, Google/Apple/Bing map POI, OSM/Overpass point, DNR/USFS GIS, aerial-confirmed campground loop, or direct agency/operator confirmation. Do not use lake centers, park centroids, offices, boat launches, ferry docks, beaches, trailheads, or broad property centers.",,v23.1.92,
mi-v23192-lead-epoufette-bay-campground-and-park,MI,Epoufette Bay Campground & Park,Mackinac / Epoufette,up_public_discovery_coordinate_or_correction_rescue_v23192,Modern Campgrounds,coordinate_rescue,High,UP public-discovery worker return,NO HONEST ACTIVE-MAP COORDINATE ACCEPTED,Tourism/community evidence; local/operator coordinate not verified.,"Acquire official/operator map, reservation map, Google/Apple/Bing map POI, OSM/Overpass point, DNR/USFS GIS, aerial-confirmed campground loop, or direct agency/operator confirmation. Do not use lake centers, park centroids, offices, boat launches, ferry docks, beaches, trailheads, or broad property centers.",,v23.1.92,
mi-v23192-lead-byce-s-michihistrigan-campground-bar-and-cabins,MI,Byce’s Michihistrigan Campground Bar and Cabins,Mackinac / Gould City,up_public_discovery_coordinate_or_correction_rescue_v23192,Private Campgrounds,coordinate_rescue,High,UP public-discovery worker return,NO HONEST ACTIVE-MAP COORDINATE ACCEPTED,Operator source and address; campground coordinate not verified.,"Acquire official/operator map, reservation map, Google/Apple/Bing map POI, OSM/Overpass point, DNR/USFS GIS, aerial-confirmed campground loop, or direct agency/operator confirmation. Do not use lake centers, park centroids, offices, boat launches, ferry docks, beaches, trailheads, or broad property centers.",,v23.1.92,
mi-v23192-lead-carp-river-campground,MI,Carp River Campground,Mackinac / Hiawatha NF east,up_public_discovery_coordinate_or_correction_rescue_v23192,Rustic / Primitive,coordinate_rescue,High,UP public-discovery worker return,NO HONEST ACTIVE-MAP COORDINATE ACCEPTED,Official USFS/Recreation.gov proof; exact coordinate not recovered.,"Acquire official/operator map, reservation map, Google/Apple/Bing map POI, OSM/Overpass point, DNR/USFS GIS, aerial-confirmed campground loop, or direct agency/operator confirmation. Do not use lake centers, park centroids, offices, boat launches, ferry docks, beaches, trailheads, or broad property centers.",,v23.1.92,
mi-v23192-lead-les-cheneaux-landing-resort-campground,MI,Les Cheneaux Landing Resort campground,Mackinac / Les Cheneaux,up_public_discovery_coordinate_or_correction_rescue_v23192,Private Campgrounds,coordinate_rescue,High,UP public-discovery worker return,NO HONEST ACTIVE-MAP COORDINATE ACCEPTED,Facebook/directory snippets only; operator/official proof and coordinate not recovered.,"Acquire official/operator map, reservation map, Google/Apple/Bing map POI, OSM/Overpass point, DNR/USFS GIS, aerial-confirmed campground loop, or direct agency/operator confirmation. Do not use lake centers, park centroids, offices, boat launches, ferry docks, beaches, trailheads, or broad property centers.",,v23.1.92,
mi-v23192-lead-cedarville-rv-park,MI,Cedarville RV Park,Mackinac / Les Cheneaux / Cedarville,up_public_discovery_coordinate_or_correction_rescue_v23192,Private Campgrounds,coordinate_rescue,High,UP public-discovery worker return,NO HONEST ACTIVE-MAP COORDINATE ACCEPTED,Operator/tourism address; coordinate not verified.,"Acquire official/operator map, reservation map, Google/Apple/Bing map POI, OSM/Overpass point, DNR/USFS GIS, aerial-confirmed campground loop, or direct agency/operator confirmation. Do not use lake centers, park centroids, offices, boat launches, ferry docks, beaches, trailheads, or broad property centers.",,v23.1.92,
mi-v23192-lead-loons-point-campground,MI,Loons Point Campground,Mackinac / Les Cheneaux / Cedarville,up_public_discovery_coordinate_or_correction_rescue_v23192,Private Campgrounds,coordinate_rescue,High,UP public-discovery worker return,NO HONEST ACTIVE-MAP COORDINATE ACCEPTED,Operator/tourism source; coordinate not verified.,"Acquire official/operator map, reservation map, Google/Apple/Bing map POI, OSM/Overpass point, DNR/USFS GIS, aerial-confirmed campground loop, or direct agency/operator confirmation. Do not use lake centers, park centroids, offices, boat launches, ferry docks, beaches, trailheads, or broad property centers.",,v23.1.92,
mi-v23192-lead-barefoot-s-resort-rv-campsites,MI,Barefoot’s Resort RV Campsites,Mackinac / Les Cheneaux / Hill Island,up_public_discovery_coordinate_or_correction_rescue_v23192,Private Campgrounds,coordinate_rescue,High,UP public-discovery worker return,NO HONEST ACTIVE-MAP COORDINATE ACCEPTED,Tourism/operator proof; island/access classification and coordinate unresolved.,"Acquire official/operator map, reservation map, Google/Apple/Bing map POI, OSM/Overpass point, DNR/USFS GIS, aerial-confirmed campground loop, or direct agency/operator confirmation. Do not use lake centers, park centroids, offices, boat launches, ferry docks, beaches, trailheads, or broad property centers.",,v23.1.92,
mi-v23192-lead-evans-cut-river-store-cabins-and-campground,MI,"Evans Cut River Store, Cabins and Campground",Mackinac / Naubinway-Epoufette,up_public_discovery_coordinate_or_correction_rescue_v23192,Private Campgrounds,coordinate_rescue,High,UP public-discovery worker return,NO HONEST ACTIVE-MAP COORDINATE ACCEPTED,Operator source/address; campground coordinate not verified.,"Acquire official/operator map, reservation map, Google/Apple/Bing map POI, OSM/Overpass point, DNR/USFS GIS, aerial-confirmed campground loop, or direct agency/operator confirmation. Do not use lake centers, park centroids, offices, boat launches, ferry docks, beaches, trailheads, or broad property centers.",,v23.1.92,
mi-v23192-lead-island-view-camp-and-rv-park,MI,Island View Camp & RV Park,Mackinac / St. Ignace,up_public_discovery_coordinate_or_correction_rescue_v23192,Private Campgrounds,coordinate_rescue,High,UP public-discovery worker return,NO HONEST ACTIVE-MAP COORDINATE ACCEPTED,Operator address/source; coordinate not verified.,"Acquire official/operator map, reservation map, Google/Apple/Bing map POI, OSM/Overpass point, DNR/USFS GIS, aerial-confirmed campground loop, or direct agency/operator confirmation. Do not use lake centers, park centroids, offices, boat launches, ferry docks, beaches, trailheads, or broad property centers.",,v23.1.92,
mi-v23192-lead-lakeshore-rv-park-campground,MI,Lakeshore RV Park Campground,Mackinac / St. Ignace,up_public_discovery_coordinate_or_correction_rescue_v23192,Private Campgrounds,coordinate_rescue,High,UP public-discovery worker return,NO HONEST ACTIVE-MAP COORDINATE ACCEPTED,Operator/tourism address; coordinate not verified.,"Acquire official/operator map, reservation map, Google/Apple/Bing map POI, OSM/Overpass point, DNR/USFS GIS, aerial-confirmed campground loop, or direct agency/operator confirmation. Do not use lake centers, park centroids, offices, boat launches, ferry docks, beaches, trailheads, or broad property centers.",,v23.1.92,
mi-v23192-lead-st-ignace-mackinac-island-koa-holiday,MI,St. Ignace / Mackinac Island KOA Holiday,Mackinac / St. Ignace,up_public_discovery_coordinate_or_correction_rescue_v23192,Private Campgrounds,coordinate_rescue,High,UP public-discovery worker return,NO HONEST ACTIVE-MAP COORDINATE ACCEPTED,KOA/operator source; coordinate not verified.,"Acquire official/operator map, reservation map, Google/Apple/Bing map POI, OSM/Overpass point, DNR/USFS GIS, aerial-confirmed campground loop, or direct agency/operator confirmation. Do not use lake centers, park centroids, offices, boat launches, ferry docks, beaches, trailheads, or broad property centers.",,v23.1.92,
mi-v23192-lead-tiki-rv-park-and-campground,MI,Tiki RV Park & Campground,Mackinac / St. Ignace,up_public_discovery_coordinate_or_correction_rescue_v23192,Private Campgrounds,coordinate_rescue,High,UP public-discovery worker return,NO HONEST ACTIVE-MAP COORDINATE ACCEPTED,Operator address; coordinate not verified.,"Acquire official/operator map, reservation map, Google/Apple/Bing map POI, OSM/Overpass point, DNR/USFS GIS, aerial-confirmed campground loop, or direct agency/operator confirmation. Do not use lake centers, park centroids, offices, boat launches, ferry docks, beaches, trailheads, or broad property centers.",,v23.1.92,
mi-v23192-lead-brasswire-campground,MI,Brasswire Campground,Marquette / Ishpeming,up_public_discovery_coordinate_or_correction_rescue_v23192,Rustic / Primitive,proof_or_policy_rescue,High,UP public-discovery worker return,NO HONEST ACTIVE-MAP COORDINATE ACCEPTED,"Address/operator proof exists, but exact loop/entrance not verified.","Acquire official/operator map, reservation map, Google/Apple/Bing map POI, OSM/Overpass point, DNR/USFS GIS, aerial-confirmed campground loop, or direct agency/operator confirmation. Do not use lake centers, park centroids, offices, boat launches, ferry docks, beaches, trailheads, or broad property centers.",,v23.1.92,
mi-v23192-lead-country-village-rv-park-and-vacation-homes,MI,Country Village RV Park & Vacation Homes,Marquette / Ishpeming,up_public_discovery_coordinate_or_correction_rescue_v23192,Private Campgrounds,proof_or_policy_rescue,High,UP public-discovery worker return,NO HONEST ACTIVE-MAP COORDINATE ACCEPTED,"Operator address and site count proof, but exact RV park/site area not verified.","Acquire official/operator map, reservation map, Google/Apple/Bing map POI, OSM/Overpass point, DNR/USFS GIS, aerial-confirmed campground loop, or direct agency/operator confirmation. Do not use lake centers, park centroids, offices, boat launches, ferry docks, beaches, trailheads, or broad property centers.",,v23.1.92,
mi-v23192-lead-kona-hills-campground,MI,Kona Hills Campground,Marquette / Marquette north shore,up_public_discovery_coordinate_or_correction_rescue_v23192,Rustic / Primitive,coordinate_rescue,High,UP public-discovery worker return,NO HONEST ACTIVE-MAP COORDINATE ACCEPTED,"Operator source confirms rustic campground, but exact campground pin needed.","Acquire official/operator map, reservation map, Google/Apple/Bing map POI, OSM/Overpass point, DNR/USFS GIS, aerial-confirmed campground loop, or direct agency/operator confirmation. Do not use lake centers, park centroids, offices, boat launches, ferry docks, beaches, trailheads, or broad property centers.",,v23.1.92,
mi-v23192-lead-ski-kwe-zaag-igan-lake-state-forest-campground,MI,Ski-Kwe zaag’igan Lake State Forest Campground,Marquette / Republic southwest,up_public_discovery_coordinate_or_correction_rescue_v23192,Rustic / Primitive,coordinate_rescue,High,UP public-discovery worker return,NO HONEST ACTIVE-MAP COORDINATE ACCEPTED,DNR proof exists; third-party coordinate requires official/map/aerial verification.,"Acquire official/operator map, reservation map, Google/Apple/Bing map POI, OSM/Overpass point, DNR/USFS GIS, aerial-confirmed campground loop, or direct agency/operator confirmation. Do not use lake centers, park centroids, offices, boat launches, ferry docks, beaches, trailheads, or broad property centers.",,v23.1.92,
mi-lead-marquette-county-forest-registration-rule-area,MI,Marquette County Forest camping registration / rule area,Marquette County,agency_contact_needed / area_outline_followup,Boondocking / Dispersed or Info / Reference,agency_contact_needed,High,Prior MI/UP worker/supervisor returns,NO HONEST COORDINATE FOUND,Prior work found official county forest registration/rule context but no coordinate-bearing parent point was accepted.,"Recover Marquette County Forest camping registration rules, official map/GIS boundaries, allowed-use restrictions, and any registration/contact workflow. Use county GIS/official PDFs or agency contact.",Prior context called this official but coordinate-blocked; no active row found by repo search.,v23.1.54-historical-backfill,"Do not use county offices, courthouse, road commission, or broad county centroid."
mi-lead-marquette-county-forest-registration-gis,MI,Marquette County Forest camping registration rule area GIS extraction,Marquette County Forest,gis_extraction_needed / area_outline_followup,Boondocking / Dispersed,gis_extraction_needed,High,County ArcGIS / FetchGIS / county camping registration rules,NO HONEST AREA PIN SELECTED,Official county ArcGIS/WebMap exists but no usable FeatureServer/MapServer/GeoJSON/polygon endpoint was confirmed in prior pass.,Inspect Marquette County ArcGIS WebMap item 69bd46f984b54df5bc92b211088e4b6e via DevTools/ArcGIS REST; extract county forest polygon or mark agency-contact-needed.,,v23.1.54-historical-backfill,"This is a geometry extraction lead, not a camping dot."
mi-v23192-lead-j-w-wells-state-park-campground,MI,J.W. Wells State Park Campground,Menominee / Cedar River / M-35,up_public_discovery_coordinate_or_correction_rescue_v23192,Modern Campgrounds,coordinate_rescue,High,UP public-discovery worker return,NO HONEST ACTIVE-MAP COORDINATE ACCEPTED,"DNR proof strong, but exact campground loop coordinate not captured.","Acquire official/operator map, reservation map, Google/Apple/Bing map POI, OSM/Overpass point, DNR/USFS GIS, aerial-confirmed campground loop, or direct agency/operator confirmation. Do not use lake centers, park centroids, offices, boat launches, ferry docks, beaches, trailheads, or broad property centers.",,v23.1.92,
mi-v23192-lead-fox-park,MI,Fox Park,Menominee / Cedarville Township / M-35,up_public_discovery_coordinate_or_correction_rescue_v23192,Modern Campgrounds,coordinate_rescue,High,UP public-discovery worker return,NO HONEST ACTIVE-MAP COORDINATE ACCEPTED,"County/township proof strong, but exact campground-loop coordinate not accepted.","Acquire official/operator map, reservation map, Google/Apple/Bing map POI, OSM/Overpass point, DNR/USFS GIS, aerial-confirmed campground loop, or direct agency/operator confirmation. Do not use lake centers, park centroids, offices, boat launches, ferry docks, beaches, trailheads, or broad property centers.",,v23.1.92,
mi-v23192-lead-island-resort-and-casino-rv-park,MI,Island Resort & Casino RV Park,Menominee / Harris / US-2,up_public_discovery_coordinate_or_correction_rescue_v23192,Private Campgrounds,coordinate_rescue,High,UP public-discovery worker return,NO HONEST ACTIVE-MAP COORDINATE ACCEPTED,"Operator proof strong, but exact RV-park coordinate not accepted.","Acquire official/operator map, reservation map, Google/Apple/Bing map POI, OSM/Overpass point, DNR/USFS GIS, aerial-confirmed campground loop, or direct agency/operator confirmation. Do not use lake centers, park centroids, offices, boat launches, ferry docks, beaches, trailheads, or broad property centers.",,v23.1.92,
mi-v23192-lead-kleinke-park,MI,Kleinke Park,Menominee / M-35 / Green Bay,up_public_discovery_coordinate_or_correction_rescue_v23192,Modern Campgrounds,coordinate_rescue,High,UP public-discovery worker return,NO HONEST ACTIVE-MAP COORDINATE ACCEPTED,"County proof strong, but exact campsite/loop coordinate not accepted.","Acquire official/operator map, reservation map, Google/Apple/Bing map POI, OSM/Overpass point, DNR/USFS GIS, aerial-confirmed campground loop, or direct agency/operator confirmation. Do not use lake centers, park centroids, offices, boat launches, ferry docks, beaches, trailheads, or broad property centers.",,v23.1.92,
mi-v23192-lead-river-park-menominee-county-river-park,MI,River Park / Menominee County River Park,Menominee / Menominee River,up_public_discovery_coordinate_or_correction_rescue_v23192,Rustic / Primitive,coordinate_rescue,High,UP public-discovery worker return,NO HONEST ACTIVE-MAP COORDINATE ACCEPTED,Active wrong-coordinate record removed; correct coordinate not acquired.,"Acquire official/operator map, reservation map, Google/Apple/Bing map POI, OSM/Overpass point, DNR/USFS GIS, aerial-confirmed campground loop, or direct agency/operator confirmation. Do not use lake centers, park centroids, offices, boat launches, ferry docks, beaches, trailheads, or broad property centers.",,v23.1.92,
mi-v23192-lead-shakey-lakes-park,MI,Shakey Lakes Park,Menominee / Stephenson area,up_public_discovery_coordinate_or_correction_rescue_v23192,Modern Campgrounds,coordinate_rescue,High,UP public-discovery worker return,NO HONEST ACTIVE-MAP COORDINATE ACCEPTED,"County proof strong, but exact campground-loop coordinate not accepted.","Acquire official/operator map, reservation map, Google/Apple/Bing map POI, OSM/Overpass point, DNR/USFS GIS, aerial-confirmed campground loop, or direct agency/operator confirmation. Do not use lake centers, park centroids, offices, boat launches, ferry docks, beaches, trailheads, or broad property centers.",,v23.1.92,
mi-lead-hiawatha-west-zone-mvum-gis-extraction-v23155,MI,Hiawatha West Zone MVUM / ownership / dispersed-rule geometry extraction,Munising and Rapid River / Manistique Ranger Districts,gis_extraction_needed,Boondocking / Dispersed / Area geometry support,external_access_required,High,v23.1.55 WI/UP corridor worker return,NO HONEST EXACT PIN,"Hiawatha MVUM/geospatial support exists, but clean Hiawatha dispersed-camping legality text and geometry were not recovered in worker pass.","Extract official MVUM roads/routes, forest boundary, ownership/inholding exclusions, camping restrictions and current dispersed-camping rule text.",,v23.1.55,
mi-v23192-lead-sunshine-motel-cabins-and-campground,MI,"Sunshine Motel, Cabins & Campground",Ontonagon / M-64 west of Ontonagon,up_public_discovery_coordinate_or_correction_rescue_v23192,Private Campgrounds,proof_or_policy_rescue,High,UP public-discovery worker return,NO HONEST ACTIVE-MAP COORDINATE ACCEPTED,"Chamber names campground, but current direct operator campground/rates/sites proof is weak.","Acquire official/operator map, reservation map, Google/Apple/Bing map POI, OSM/Overpass point, DNR/USFS GIS, aerial-confirmed campground loop, or direct agency/operator confirmation. Do not use lake centers, park centroids, offices, boat launches, ferry docks, beaches, trailheads, or broad property centers.",,v23.1.92,
mi-v23192-lead-porcupine-mountains-backcountry-campsites-area-system,MI,Porcupine Mountains Backcountry Campsites Area/System,Ontonagon / Porcupine Mountains,up_public_discovery_coordinate_or_correction_rescue_v23192,Boat / Backpack,coordinate_rescue,High,UP public-discovery worker return,NO HONEST ACTIVE-MAP COORDINATE ACCEPTED,"Official backcountry system proof exists, but individual campsite coordinates/system geometry not extracted.","Acquire official/operator map, reservation map, Google/Apple/Bing map POI, OSM/Overpass point, DNR/USFS GIS, aerial-confirmed campground loop, or direct agency/operator confirmation. Do not use lake centers, park centroids, offices, boat launches, ferry docks, beaches, trailheads, or broad property centers.",,v23.1.92,
mi-v23192-lead-porcupine-mountains-lost-creek-rustic-outpost-campground,MI,Porcupine Mountains Lost Creek Rustic Outpost Campground,Ontonagon / Porcupine Mountains,up_public_discovery_coordinate_or_correction_rescue_v23192,Rustic / Primitive,coordinate_rescue,High,UP public-discovery worker return,NO HONEST ACTIVE-MAP COORDINATE ACCEPTED,"Official DNR component proof, but exact campground coordinate not extracted.","Acquire official/operator map, reservation map, Google/Apple/Bing map POI, OSM/Overpass point, DNR/USFS GIS, aerial-confirmed campground loop, or direct agency/operator confirmation. Do not use lake centers, park centroids, offices, boat launches, ferry docks, beaches, trailheads, or broad property centers.",,v23.1.92,
mi-v23192-lead-porcupine-mountains-union-river-outpost-campground,MI,Porcupine Mountains Union River Outpost Campground,Ontonagon / Porcupine Mountains,up_public_discovery_coordinate_or_correction_rescue_v23192,Rustic / Primitive,coordinate_rescue,High,UP public-discovery worker return,NO HONEST ACTIVE-MAP COORDINATE ACCEPTED,"Official DNR component proof, but exact campground coordinate not extracted.","Acquire official/operator map, reservation map, Google/Apple/Bing map POI, OSM/Overpass point, DNR/USFS GIS, aerial-confirmed campground loop, or direct agency/operator confirmation. Do not use lake centers, park centroids, offices, boat launches, ferry docks, beaches, trailheads, or broad property centers.",,v23.1.92,
mi-v23192-lead-union-river-s-big-bear-campground,MI,Union River’s Big Bear Campground,Ontonagon / Silver City / Porkies gateway,up_public_discovery_coordinate_or_correction_rescue_v23192,Private Campgrounds,coordinate_rescue,High,UP public-discovery worker return,NO HONEST ACTIVE-MAP COORDINATE ACCEPTED,"Operator proof, but exact campground coordinate not accepted.","Acquire official/operator map, reservation map, Google/Apple/Bing map POI, OSM/Overpass point, DNR/USFS GIS, aerial-confirmed campground loop, or direct agency/operator confirmation. Do not use lake centers, park centroids, offices, boat launches, ferry docks, beaches, trailheads, or broad property centers.",,v23.1.92,
mi-lead-ottawa-nf-dispersed-mvum-geometry,MI,Ottawa National Forest dispersed camping MVUM / ownership geometry,Ottawa NF / western U.P.,gis_extraction_needed / area_outline_followup,Boondocking / Dispersed,gis_extraction_needed,High,USFS MVUM / forest boundary / recreation rules,AREA/RULE CONTEXT ONLY,"Official dispersed legality was previously proven, but legal campable geometry requires MVUM/ownership/rule exclusions; parent/contact GPS is not a campsite.","Extract USFS MVUM road/area restrictions, forest boundary/ownership, wilderness/closure exclusions; create/update Area/rule record if no active equivalent exists.",Possible existing MI forest context; verify against active MI files,v23.1.54-historical-backfill,Treat parent coordinate as Info/Reference or approximate area only.
mi-lead-ottawa-nf-campground-gps-list-extraction,MI,Ottawa National Forest official campground GPS coordinate list extraction,Ottawa National Forest / western Upper Peninsula,official_gps_index_extraction / coordinate_audit,Rustic / Primitive; Boat / Backpack for designated wilderness/backcountry points by access,external_access_required,High,USFS official maps/GPS coordinate source identified by Worker 1 closeout,NO SINGLE MAP PIN — extraction/audit source only,"Ottawa NF maps page lists official campground GPS coordinates and Sylvania Wilderness Campsites GPS coordinates, but the Box/normal-browser download was not accessible in the worker environment.",Download official Ottawa NF GPS coordinate files through normal browser/Box or agency request; compare all active Ottawa campground points and extract Sylvania/backcountry campsite points as Boat / Backpack after access classification.,Ottawa NF active campground records; mi-lead-sylvania-wilderness-backcountry-campsites-gis-extraction,v23.1.56,"Extraction source, not an active campsite row. Do not add random coordinates from non-official map search if official GPS file can be obtained."
mi-v23192-lead-indian-lake-state-park-south-modern-west-semi-modern-component-split,MI,Indian Lake State Park South Modern / West Semi-Modern component split,Schoolcraft,up_public_discovery_coordinate_or_correction_rescue_v23192,Modern Campgrounds,proof_or_policy_rescue,High,UP public-discovery worker return,NO HONEST ACTIVE-MAP COORDINATE ACCEPTED,Existing single record may underrepresent separate DNR campground components.,"Acquire official/operator map, reservation map, Google/Apple/Bing map POI, OSM/Overpass point, DNR/USFS GIS, aerial-confirmed campground loop, or direct agency/operator confirmation. Do not use lake centers, park centroids, offices, boat launches, ferry docks, beaches, trailheads, or broad property centers.",,v23.1.92,
mi-v23192-lead-north-gemini-lake-state-forest-campground,MI,North Gemini Lake State Forest Campground,Schoolcraft,up_public_discovery_coordinate_or_correction_rescue_v23192,Rustic / Primitive,coordinate_rescue,High,UP public-discovery worker return,NO HONEST ACTIVE-MAP COORDINATE ACCEPTED,Official/tourism proof; exact coordinate not recovered.,"Acquire official/operator map, reservation map, Google/Apple/Bing map POI, OSM/Overpass point, DNR/USFS GIS, aerial-confirmed campground loop, or direct agency/operator confirmation. Do not use lake centers, park centroids, offices, boat launches, ferry docks, beaches, trailheads, or broad property centers.",,v23.1.92,
mi-v23192-lead-mead-creek-state-forest-campground,MI,Mead Creek State Forest Campground,Schoolcraft / Germfask area,up_public_discovery_coordinate_or_correction_rescue_v23192,Rustic / Primitive,coordinate_rescue,High,UP public-discovery worker return,NO HONEST ACTIVE-MAP COORDINATE ACCEPTED,Official campground proof; exact coordinate not recovered.,"Acquire official/operator map, reservation map, Google/Apple/Bing map POI, OSM/Overpass point, DNR/USFS GIS, aerial-confirmed campground loop, or direct agency/operator confirmation. Do not use lake centers, park centroids, offices, boat launches, ferry docks, beaches, trailheads, or broad property centers.",,v23.1.92,
mi-v23192-lead-big-island-lake-wilderness-designated-campsites,MI,Big Island Lake Wilderness Designated Campsites,Schoolcraft / Hiawatha NF,up_public_discovery_coordinate_or_correction_rescue_v23192,Boat / Backpack,coordinate_rescue,High,UP public-discovery worker return,NO HONEST ACTIVE-MAP COORDINATE ACCEPTED,Official designated-site system; exact individual site coordinates not recovered.,"Acquire official/operator map, reservation map, Google/Apple/Bing map POI, OSM/Overpass point, DNR/USFS GIS, aerial-confirmed campground loop, or direct agency/operator confirmation. Do not use lake centers, park centroids, offices, boat launches, ferry docks, beaches, trailheads, or broad property centers.",,v23.1.92,
mi-v23193-lead-hiawatha-recreationgov-usfs-facility-geometry-schoolcraft-mackinac,MI,Recreation.gov / USFS facility geometry — Hiawatha NF Schoolcraft-Mackinac,Schoolcraft / Mackinac / Hiawatha NF,recreationgov_usfs_geometry_extraction,Rustic / Primitive,external_access_required,High,Worker 4 U.P. lead table,NO HONEST ACTIVE-MAP COORDINATE ACCEPTED,Worker 4 found Hiawatha NF facility pages/gateway but exact facility geometry remained incomplete in snippets.,"Run a narrow source-system rescue, not broad discovery: official GIS/API/PDF/reservation-map extraction first, then OSM/Overpass and live map POI only to locate candidate geometry. Do not create exact pins from broad source-system evidence. Return active records only for honest site/loop/area coordinates; otherwise keep an improved lead with source trail and next acquisition path.",,v23.1.93,Use Recreation.gov/RIDB/USFS facility maps/API where possible.
mi-v23192-lead-indian-lake-rv-resort-and-campground,MI,Indian Lake RV Resort & Campground,Schoolcraft / Manistique,up_public_discovery_coordinate_or_correction_rescue_v23192,Private Campgrounds,coordinate_rescue,High,UP public-discovery worker return,NO HONEST ACTIVE-MAP COORDINATE ACCEPTED,Operator/tourism address; campground-area coordinate not verified.,"Acquire official/operator map, reservation map, Google/Apple/Bing map POI, OSM/Overpass point, DNR/USFS GIS, aerial-confirmed campground loop, or direct agency/operator confirmation. Do not use lake centers, park centroids, offices, boat launches, ferry docks, beaches, trailheads, or broad property centers.",,v23.1.92,
mi-v23192-lead-fox-river-state-forest-campground,MI,Fox River State Forest Campground,Schoolcraft / Seney area,up_public_discovery_coordinate_or_correction_rescue_v23192,Rustic / Primitive,coordinate_rescue,High,UP public-discovery worker return,NO HONEST ACTIVE-MAP COORDINATE ACCEPTED,Official campground proof; exact coordinate not recovered.,"Acquire official/operator map, reservation map, Google/Apple/Bing map POI, OSM/Overpass point, DNR/USFS GIS, aerial-confirmed campground loop, or direct agency/operator confirmation. Do not use lake centers, park centroids, offices, boat launches, ferry docks, beaches, trailheads, or broad property centers.",,v23.1.92,
mi-lead-state-forest-dispersed-up-geometry,MI,Michigan DNR State Forest dispersed camping eligible-land geometry,Upper Peninsula state forest lands,gis_extraction_needed / area_outline_followup,Boondocking / Dispersed,gis_extraction_needed,High,Michigan DNR Ownership Parcels / state forest camping rules / GIS,NO HONEST AREA PIN SELECTED,"Prior work supports broad state-forest dispersed legality, but the right campable geometry is DNR ownership parcels/eligible forestry land, not broad project boundaries or county centroids.",Extract Michigan DNR ownership parcel/Forestry-managed land geometry; flag posted closures/restrictions including Luce/Two Hearted caution areas; create honest Area/rule marker or future polygon.,,v23.1.54-historical-backfill,Do not create a U.P. centroid or forest-office pin.
mi-lead-mi-dnr-state-forest-dispersed-camping-up-rule-area,MI,Michigan DNR State Forest dispersed camping — UP rule area,Upper Peninsula statewide DNR forest lands,gis_extraction_needed / area_outline_followup,Boondocking / Dispersed / Info / Reference,active_area_marker_added_geometry_still_needed,High,Prior MI/UP work; DNR GIS/map tool follow-up,OFFICIAL AREA/RULE MARKER — VERIFY BEFORE USE,"Prior work proved the Michigan state forest dispersed-camping rule context, including DNR land/rule restrictions, but exact DNR land geometry remained the real need.","Extract production-quality Michigan DNR state forest land polygons and dispersed camping rule context. The MI-HUNT state forest layer was flagged as UAT/test-host quality, so production confirmation is required.",mi-v23155-up-state-forest-dispersed-rule-area,v23.1.55,"If already active elsewhere, mark resolved during supervisor reconciliation; don’t duplicate. Approximate active area/rule marker added in v23.1.55; keep this lead for DNR GIS, one-mile campground buffer, and excluded-land geometry."
mi-lead-ottawa-nf-dispersed-camping-rule-area,MI,Ottawa National Forest dispersed camping rule area,"Western UP / Gogebic, Ontonagon, Iron, Houghton, Baraga area",gis_extraction_needed / area_outline_followup,Boondocking / Dispersed or Info / Reference,active_area_marker_added_geometry_still_needed,High,Prior MI/UP worker/supervisor returns; USFS GIS needed,NO HONEST COORDINATE FOUND,Prior work found Ottawa NF dispersed camping rule context but did not recover a defensible official parent/access coordinate without geocoding.,"Extract official Ottawa NF boundary, surface ownership/basic ownership, MVUM/dispersed camping restrictions, and any official dispersed-camping rule pages/maps. Do not use forest office, forest centroid, or random road pullout.",mi-v23155-ottawa-nf-dispersed-rule-area,v23.1.55,Keep separate from official exact Ottawa campground records. Approximate active area/rule marker added in v23.1.55; keep this lead for MVUM/ownership geometry upgrade.
mi-lead-ottawa-nf-wilderness-campsites-geometry,MI,Ottawa NF wilderness campsite layer,Western UP / Ottawa NF wilderness areas,gis_extraction_needed,Boat / Backpack or Rustic / Primitive by access,gis_extraction_needed,High,v23.1.55 WI/UP corridor worker return,NO HONEST EXACT PIN,Official USFS wilderness campsite dataset identified but not extracted.,Download/extract Ottawa NF Recreation Wilderness Campsites zip/kmz and convert exact official points after layer/access classification.,,v23.1.55,
wi-lead-brule-river-sf-backpack-camping-geometry,WI,Brule River State Forest backpack/special-camp-registration geometry,Brule River State Forest / Bois Brule corridor,area_outline_followup / gis_extraction_needed,Boat / Backpack,gis_extraction_needed,High,WI DNR state forest rules / river corridor maps / GIS,NO HONEST EXACT PIN,"Prior work supports backpack camping with special registration/permit context, but exact allowed zones/corridor geometry was not packaged.","Extract WI DNR Brule River SF boundary, backpack/special camp registration rules, corridor restrictions, and any official campsite/zone map.",,v23.1.54-historical-backfill,Do not use canoe landings or park office as campsite pins.
wi-lead-cnf-forestwide-dispersed-mvum-geometry,WI,Chequamegon-Nicolet NF forestwide dispersed camping geometry / MVUM upgrade,Chequamegon-Nicolet NF,gis_extraction_needed / area_outline_followup,Boondocking / Dispersed,gis_extraction_needed,High,USFS CNF rules / MVUM / forest ownership GIS,NO HONEST EXACT PIN,"Prior work supports CNF dispersed rule-area/context, but campable land/road context needs MVUM and ownership checks.","Extract CNF forest boundary, ownership, MVUM routes/closures, wilderness exclusions, and build Area/rule marker or future polygon; cross-link existing dispersed cluster leads.",Possible active WI CNF context unknown; WI consolidated in data/states/WI.js,v23.1.54-historical-backfill,Do not make a forest-center pin.
wi-lead-flambeau-river-sf-canoe-primitive-extraction,WI,Flambeau River State Forest primitive canoe camps / river-corridor extraction,Flambeau River State Forest / Flambeau River corridor,coordinate_rescue / area_outline_followup,Boat / Backpack,gis_extraction_needed,High,WI DNR river maps / official campsite maps / GIS,NO HONEST EXACT PIN,"Primitive canoe camp areas exist in prior work, but exact official pins/geometry require extraction.",Extract official WI DNR campsite map/GIS or georeference official river map; separate exact site pins from broader corridor/rule record.,,v23.1.54-historical-backfill,"Water-access primitive, not drive-in dispersed."
wi-lead-florence-county-forest-permit-rule-areas,WI,Florence County forest permit/rule camping areas,Florence County,area_outline_followup / agency_contact_needed,Boondocking / Dispersed or Info / Reference,area_outline_followup,High,Prior county-forest lead + official county proof needed,NO HONEST COORDINATE FOUND,"Prior project notes repeatedly flag Florence county forest rules, but no accessible official geometry/coordinate package was recovered here.","Recover official Florence County forest camping rules, map/GIS, permit areas, and exact allowed camping language.",Possible overlap with active WI county safe-adds; verify WI.js.,v23.1.54-historical-backfill,Keep separate from CNF Lakewood/Florence ranger-district records.
wi-lead-cnf-perch-lake-trail-campsites-coordinate-rescue,WI,Perch Lake Trail and Campsites,Florence County / west of Florence,coordinate_rescue,Boat / Backpack,official_camping_confirmed_coordinate_rescue,High,v23.1.55 WI/UP corridor worker return,NO HONEST EXACT PIN,USFS confirms five walk-in campsites but exact campsite coordinates were not recovered. Trailhead/parking should not be used as campsite pins.,Extract official USFS GIS/trail map/geospatial PDF or agency coordinate for campsite/area marker.,,v23.1.55,Do not confuse with Perch Lake Recreation Area in the Washburn District.
wi-lead-cnf-goodman-robinson-community-mvum-clusters,WI,CNF Goodman / Robinson / Florence-Armstrong dispersed cluster MVUM rescue,Goodman / Robinson Lake / Florence-Armstrong corridor,community_review / gis_extraction_needed,Boondocking / Dispersed,community_review,High,Community-supported leads + USFS MVUM/ownership check,LEAD/COMMUNITY COORDINATES ONLY,"Prior WI backfill produced seed rows for Goodman dispersed sites 1–4, Robinson Lake cluster, and CNF cluster cleanup; this W10 row preserves the area/MVUM dependency rather than individual dot chasing.",Verify 3+ independent overnight reports per cluster; run point-in-USFS/MVUM/ownership check; reject fake lake/landing/trailhead pins.,Possible WI historical backfill seed rows; not visible in current data/leads.js,v23.1.54-historical-backfill,"This is an area-cluster lead; exact site rows should be handled by WI worker/backfill, not W10."
wi_lincoln_county_forest_dispersed_area_rule_geometry,WI,Lincoln County Forest dispersed camping rule area,Lincoln County,area_rule,Boondocking / Dispersed,area_rule_geometry,High,,,"County rules allow limited county-forest camping, but county forest polygon/restricted zones are needed.",Build area/rule marker only after county forest geometry and restrictions are available.,,v23.1.79,
wi-lead-cnf-goodman-dispersed-sites-1-4,WI,Goodman dispersed sites 1–4 / CNF hard lead cluster,Marinette / Forest / Florence edge,community_review / coordinate_rescue / gis_extraction_needed,Boondocking / Dispersed,community_review,High,Prior hard-lead list + USFS dispersed-camping rule context,NO HONEST COORDINATE FOUND,"Prior project notes repeatedly identify Goodman dispersed 1–4 as hard leads, but official exact point proof was not recovered in accessible material.","Verify whether these are legal CNF dispersed sites, official designated dispersed sites, or community-supported spots. If 3+ independent overnight reports cluster and no official disproof exists, return Community Supported candidate. Also check MVUM/USFS restrictions.",Possible overlap with active CNF / county safe-add records; verify exact names/nearby coordinates in WI.js.,v23.1.54-historical-backfill,"Keep as lead, not active add, until specific legal point/area proof is recovered."
wi-lead-county-forest-permit-rule-areas-batch1,WI,Wisconsin county forest permit/rule area geometry batch 1,Marinette / Oconto / Florence / Price / Rusk County Forests,area_outline_followup / agency_contact_needed,Boondocking / Dispersed,area_outline_followup,High,County forest rules / Wisconsin DNR county forest polygons / county contacts,NO HONEST EXACT PIN,Prior county-forest work found official dispersed/primitive legality for several counties but did not package all cautious rule-area records.,"Check active WI file first; for counties not already active, pair official camping rules with county forest polygon/context; add approximate Area marker only where geometry cannot be extracted.",Langlade and Sawyer are already active/pending from v23.1.16/v23.1.48 context; do not duplicate them,v23.1.54-historical-backfill,Split into separate rows during implementation if schema prefers one county per lead.
wi-lead-marinette-county-forest-permit-rule-areas,WI,Marinette County forest permit/rule camping areas,Marinette County,area_outline_followup / agency_contact_needed,Boondocking / Dispersed or Info / Reference,area_outline_followup,High,Prior county-forest lead + official county proof needed,NO HONEST COORDINATE FOUND,"Prior project notes identify Marinette permit camping as important, but current accessible material does not provide official polygon/permit-area geometry.","Recover county forest camping/permit page, downloadable map, GIS layer, or agency contact. If official rule area is broad, use approximate Area pin or outline; do not use courthouse/forest office.",Possible active county safe-adds; verify WI.js.,v23.1.54-historical-backfill,"Good data/leads.js item even if some exact records are already active, because permit-area geometry may still be unresolved."
wi-lead-cnf-forestwide-dispersed-area-geometry,WI,Chequamegon-Nicolet NF forestwide dispersed camping area geometry,Northern Wisconsin CNF units,area_outline_followup / gis_extraction_needed,Boondocking / Dispersed / Area,area_outline_followup,High,Official USFS dispersed rules + MVUM/geometry,OFFICIAL AREA/RULE MARKER or APPROXIMATE AREA PIN — BORDERS UNKNOWN,"CNF official page supports dispersed camping outside developed campgrounds with specific distance, stay, MVUM, campfire, parking, and Leave No Trace rules. ([US Forest Service][1])",Extract CNF boundary/MVUM/road-access geometry; create Area/rule marker only if clear popup says not exact campsite or boundary.,May overlap active CNF rule-area records; verify WI.js.,v23.1.54-historical-backfill,"Durable lead for future geometry, not a replacement for exact campground records."
wi-lead-cnf-robinson-lake-cluster,WI,Robinson Lake cluster,Oconto / Lakewood-Laona edge,community_review / coordinate_rescue / duplicate_watch,Boondocking / Dispersed or Rustic / Primitive,community_review,High,Prior hard-lead list + CNF official rules,NO HONEST COORDINATE FOUND,"Prior notes identify a Robinson Lake cluster, but accessible backfill material does not prove exact legal campsites or active duplicates.","Check WI.js for Robinson/Oconto permit-area records, then verify official CNF/county forest status. If not active, run official + community proof pass.",Possible overlap with v23.1.23 Oconto/Robinson correction work.,v23.1.54-historical-backfill,High duplicate-watch value because Oconto/Robinson has been revisited more than once.
wi-lead-chippewa-flowage-primitive-island-campsite-coordinate-rescue,WI,Chippewa Flowage primitive island campsites,Sawyer County / Chippewa Flowage,coordinate_rescue / unattainable_from_accessible_sources,Boat / Backpack,unattainable_from_accessible_sources,High,Prior worker rejection + official DNR coordinate search needed,NO HONEST COORDINATE FOUND,"Prior Worker 1 closure said official public coordinates were not recovered; lake centers, islands centers, dams, and boat landings are not acceptable campsite coordinates.","Reopen only if Wisconsin DNR, reservation metadata, official map/GIS, or coordinate table exposes exact site points. Otherwise keep out of active map and remember the trap.",None confirmed,v23.1.54-historical-backfill,Put in leads rather than active adds; also add reject trap below for fake coordinates.
wi-lead-st-croix-namekagon-nps-campsite-extraction,WI,St. Croix / Namekagon NPS water-trail campsite coordinate extraction,St. Croix National Scenic Riverway / Namekagon River,coordinate_rescue / area_outline_followup,Boat / Backpack,coordinate_rescue,High,NPS maps/GIS / official water trail campsite tables,NO HONEST EXACT PIN,Prior work kept exact coordinates Needs Verification; broad river context is not enough for campsite pins.,"Extract NPS official campsite coordinates or georeference official maps; avoid landings, river midpoints, and parking lots as campsite pins.",Possible existing Needs Verification only,v23.1.54-historical-backfill,Cross-state lead; split by state if implementation requires state-only rows. Cross-state WI/MN lead; split by state during follow-up if exact sites are recovered.
mi-lead-mcdonald-lake-county-park-coordinate-rescue,MI,McDonald Lake County Park / McDonald Dam Park Rustic Tent Sites,Gogebic County,coordinate_rescue,Rustic / Primitive,coordinate_rescue,Medium-High,v23.1.55 WI/UP corridor worker return,NO HONEST EXACT PIN,County confirms four designated tent sites but the official coordinate/source would risk lake/dam/boat-launch proxy use.,"Use Gogebic County GIS, park map image, or agency contact to obtain exact campground/site coordinate.",,v23.1.55,
mi-lead-gogebic-county-forest-remote-camping-special-use-permit,MI,Gogebic County Forest remote camping special-use permit rule area,Gogebic County / western UP,agency_contact_needed / area_outline_followup,Boondocking / Dispersed or Info / Reference,agency_contact_needed,Medium-High,Prior MI/UP worker/supervisor returns,NO HONEST COORDINATE FOUND,"Prior project context says Gogebic County Forest remote camping is official by special-use permit, but geometry/coordinate/import state was not preserved.","Recover official county permit rules, forest boundaries/parcels, registration process, and honest area marker/geometry.",None found active,v23.1.54-historical-backfill,Good lead for a western UP county-forest worker.
mi-lead-ottawa-nf-western-up-forest-road-community-clusters,MI,Ottawa NF / western UP forest-road community boondocking clusters,Western UP,community_review / gis_extraction_needed,Boondocking / Dispersed,community_review,Medium-High,Prior UP boondocking discussions; community proof standard now allows 3+ reports,NO HONEST COORDINATE FOUND,Earlier workflow was stricter and may have held usable community clusters. The current rule allows 3+ independent same-spot overnight reports unless clearly disproven.,"Recheck only prior named clusters from project notes/workers, not statewide new scouting. If 3+ independent same-spot overnight reports exist and no official conflict appears, promote to Community-supported candidate with warning text.",None found,v23.1.54-historical-backfill,Do not require land-ownership proof by itself; ownership uncertainty goes in warning text under current rule.
wi-lead-county-forest-permit-rule-areas-batch2,WI,Wisconsin county forest permit/rule area geometry batch 2,Bayfield / Oneida / Washburn / Douglas County Forests,area_outline_followup / agency_contact_needed,Boondocking / Dispersed,area_outline_followup,Medium-High,County forest rules / Wisconsin DNR county forest polygons / county contacts,NO HONEST EXACT PIN,"Prior statewide county-forest pass indicated official dispersed/primitive legality, but these were not narrowed into safe active adds in the available build notes.","Verify current county rules, polygon boundaries, permit requirements, and duplicate status; add only honest Area/rule records.",Possible active WI context unknown; verify against WI.js,v23.1.54-historical-backfill,"Ashland, Vilas, Forest, Taylor were not harvested here because prior work left them Needs Verification, not proven rule-area candidates."
wi-lead-gov-earl-high-falls-canoe-campsites-coordinate-rescue,WI,Governor Earl Peshtigo River State Forest — High Falls Canoe Campsites,Marinette County / High Falls Reservoir / Peshtigo River State Forest,coordinate_rescue / official_map_georeference,Boat / Backpack,official_map_confirmed_georeference_needed,Medium-High,Wisconsin DNR official PDF/map named campsite system,NO HONEST EXACT PIN — named campsites shown on official map but no lat/lon table recovered,DNR PDF/map shows named canoe campsite symbols but exact coordinates need Widen/DNR map data or QGIS/GDAL georeference. Do not hand-place from screenshot.,"Use DNR Widen downloads, reservation metadata, QGIS/GDAL georeferencing or agency GIS to recover exact points for Loon Landing, Mallard’s Cove, Eagle’s Nest and Honker’s Hideaway.",wi-lead-gov-earl-peshtigo-remote-boat-in-site-geometry,v23.1.56,"Boat/canoe-access primitive campsites. Do not use reservoir center, dam, launch or parking area as campsite pin."
wi-lead-gov-earl-peshtigo-remote-boat-in-site-geometry,WI,Governor Earl Peshtigo River State Forest remote / boat-in campsite system,Marinette County / Peshtigo River corridor,gis_extraction_needed / coordinate_rescue,Boat / Backpack and Rustic / Primitive by access,gis_extraction_needed,Medium-High,v23.1.55 WI/UP corridor worker return,NO HONEST EXACT PIN,"Official DNR system exists, but exact remote/boat-in site coordinates require map extraction.",Georeference DNR maps or extract official campsite map assets; split boat-in vs remote access.,,v23.1.55,
wi-lead-marinette-goodman-park-campground-coordinate-rescue,WI,Goodman Park Campground,Marinette County / Town of Silver Cliff / Peshtigo River,coordinate_rescue,Rustic / Primitive,official_campground_confirmed_coordinate_needed,Medium-High,v23.1.55 WI/UP corridor worker return,NO HONEST EXACT PIN,Official county page confirms campground but no exact lat/lon was recovered from accessible source.,Extract official coordinate from Marinette County GIS/Konect/reservation map or agency contact before active import.,,v23.1.55,
wi-lead-marinette-mcclintock-park-campground-coordinate-rescue,WI,McClintock Park Campground,Marinette County / Town of Silver Cliff / Peshtigo River,coordinate_rescue,Rustic / Primitive,official_campground_confirmed_coordinate_needed,Medium-High,v23.1.55 WI/UP corridor worker return,NO HONEST EXACT PIN,Official county page confirms campground but no exact lat/lon was recovered from accessible source.,Extract official coordinate from Marinette County GIS/Konect/reservation map or agency contact before active import.,,v23.1.55,
wi-lead-oconto-machickanee-permit-area-geometry-upgrade,WI,Oconto County / Machickanee permit areas A–M,Oconto County,area_outline_followup / duplicate_watch,Boondocking / Dispersed,area_outline_followup,Medium-High,Prior package/worker notes + county-map geometry needed,NO HONEST COORDINATE FOUND,"Prior work appears to have clarified Oconto permit-area layers, but area geometry/outline may still be worth preserving as a future lead.","Check WI.js for active Oconto/Machickanee A–M records. If active, update this as geometry-upgrade-only. If not active, run official county proof.",Likely active or partially active from prior WI cleanup; verify by ID/name.,v23.1.54-historical-backfill,"This is mainly a duplicate-watch / geometry-upgrade lead, not a new point-add recommendation."
wi-mi-lead-menominee-river-sra-canoe-walkin-campsite-geometry,WI/MI,Menominee River State Recreation Area canoe/walk-in campsite and river-corridor geometry,Marinette WI / Dickinson-Menominee MI,gis_extraction_needed,Boat / Backpack,official_camping_confirmed_exact_sites_missing,Medium-High,v23.1.55 WI/UP corridor worker return,NO HONEST EXACT PIN,"Official corridor/site context exists, but exact canoe/walk-in campsite coordinate not recovered.","Use WI DNR Widen downloads, canoe-trail/Pemene Falls map georeference, reservation metadata or agency GIS to recover exact points for Stoney Hill, Grand Isle, Pemebonwon and Pemene Falls canoe/walk-in campsites; determine WI/MI side for each.",,v23.1.56,"Do not use launches, river midpoint, trailhead parking, waterfalls or broad SRA center as campsite points."
mi-v23192-lead-colwell-lake-campground-layer-audit,MI,Colwell Lake Campground layer audit,Alger / Hiawatha NF,up_public_discovery_coordinate_or_correction_rescue_v23192,Needs Verification,proof_or_policy_rescue,Medium,UP public-discovery worker return,NO HONEST ACTIVE-MAP COORDINATE ACCEPTED,"USFS confirms electricity/water/dump, but restroom/shower class for Modern remains unresolved.","Acquire official/operator map, reservation map, Google/Apple/Bing map POI, OSM/Overpass point, DNR/USFS GIS, aerial-confirmed campground loop, or direct agency/operator confirmation. Do not use lake centers, park centroids, offices, boat launches, ferry docks, beaches, trailheads, or broad property centers.",,v23.1.92,
mi-v23192-lead-hiawatha-community-dispersed-poi-cluster-audit,MI,Hiawatha community/dispersed POI cluster audit,Alger / Hiawatha NF,up_public_discovery_coordinate_or_correction_rescue_v23192,Boondocking / Dispersed,proof_or_policy_rescue,Medium,UP public-discovery worker return,NO HONEST ACTIVE-MAP COORDINATE ACCEPTED,Existing community points need 3+ same-spot report count and contradiction check.,"Acquire official/operator map, reservation map, Google/Apple/Bing map POI, OSM/Overpass point, DNR/USFS GIS, aerial-confirmed campground loop, or direct agency/operator confirmation. Do not use lake centers, park centroids, offices, boat launches, ferry docks, beaches, trailheads, or broad property centers.",,v23.1.92,
mi-lead-gooseneck-lyman-camp7-hiawatha-cluster-review,MI,Gooseneck / Lyman / Camp 7 lakes Hiawatha cluster,Alger / Schoolcraft Hiawatha NF area,community_review / coordinate_rescue,Rustic / Primitive or Boondocking / Dispersed,partially_resolved_active_add,Medium,Prior personal/project notes; official/community follow-up needed,NO HONEST COORDINATE FOUND,"Prior notes mention Gooseneck/Lyman/Camp 7 area and access routing, but this backfill did not recover an official camping coordinate or 3+ community overnight proof.","Check prior notes and active MI records for exact named campgrounds/sites first. If not active, recover official Hiawatha/USFS source or 3+ community reports for a same spot/cluster.",Unknown; duplicate-check against active MI/Hiawatha exact records needed in reconciliation.,v23.1.55,Do not use lake centers. Camp 7 Lake Campground promoted to active in v23.1.55; Gooseneck/Lyman remain unresolved lead portions.
mi-lead-sturgeon-river-gorge-wilderness-backcountry-geometry,MI,Sturgeon River Gorge Wilderness backcountry / dispersed area geometry,Baraga / Houghton / Ottawa NF Kenton Ranger District,area_outline_followup,Boat / Backpack,area_outline_followup,Medium,v23.1.55 WI/UP corridor worker return,NO HONEST EXACT PIN,Sturgeon River Campground is active/corrected separately; wilderness/backcountry geometry should not use campground coordinate as centroid.,Extract official wilderness polygon and backcountry/wilderness rule context.,,v23.1.55,
mi-v23192-lead-point-abbaye-point-abbeye-boondocking-review,MI,Point Abbaye / Point Abbeye boondocking review,Baraga / Point Abbaye,up_public_discovery_coordinate_or_correction_rescue_v23192,Boondocking / Dispersed,proof_or_policy_rescue,Medium,UP public-discovery worker return,NO HONEST ACTIVE-MAP COORDINATE ACCEPTED,Active row removed; scenic/day-trip source did not prove camping.,"Acquire official/operator map, reservation map, Google/Apple/Bing map POI, OSM/Overpass point, DNR/USFS GIS, aerial-confirmed campground loop, or direct agency/operator confirmation. Do not use lake centers, park centroids, offices, boat launches, ferry docks, beaches, trailheads, or broad property centers.",,v23.1.92,
mi-v23192-lead-finlander-bay-nature-area-camping-area,MI,Finlander Bay Nature Area camping area,Baraga / Point Abbaye edge,up_public_discovery_coordinate_or_correction_rescue_v23192,Boondocking / Dispersed,coordinate_rescue,Medium,UP public-discovery worker return,NO HONEST ACTIVE-MAP COORDINATE ACCEPTED,"Land-trust source mentions camping area/access-drive restrictions, but public overnight rules and exact camping area coordinate not captured.","Acquire official/operator map, reservation map, Google/Apple/Bing map POI, OSM/Overpass point, DNR/USFS GIS, aerial-confirmed campground loop, or direct agency/operator confirmation. Do not use lake centers, park centroids, offices, boat launches, ferry docks, beaches, trailheads, or broad property centers.",,v23.1.92,
mi-v23192-lead-mouth-of-the-huron-dispersed-legality-source-upgrade,MI,Mouth of the Huron dispersed legality/source upgrade,Baraga / Skanee / Huron River mouth,up_public_discovery_coordinate_or_correction_rescue_v23192,Boondocking / Dispersed,proof_or_policy_rescue,Medium,UP public-discovery worker return,NO HONEST ACTIVE-MAP COORDINATE ACCEPTED,"Community support exists, but official land-manager proof not captured.","Acquire official/operator map, reservation map, Google/Apple/Bing map POI, OSM/Overpass point, DNR/USFS GIS, aerial-confirmed campground loop, or direct agency/operator confirmation. Do not use lake centers, park centroids, offices, boat launches, ferry docks, beaches, trailheads, or broad property centers.",,v23.1.92,
mi-v23192-lead-sturgeon-river-bridge-legality-review,MI,Sturgeon River bridge legality review,Baraga / Sturgeon River,up_public_discovery_coordinate_or_correction_rescue_v23192,Boondocking / Dispersed,proof_or_policy_rescue,Medium,UP public-discovery worker return,NO HONEST ACTIVE-MAP COORDINATE ACCEPTED,Active row removed; bridge/pull-off cannot inherit proof from formal Sturgeon River Campground.,"Acquire official/operator map, reservation map, Google/Apple/Bing map POI, OSM/Overpass point, DNR/USFS GIS, aerial-confirmed campground loop, or direct agency/operator confirmation. Do not use lake centers, park centroids, offices, boat launches, ferry docks, beaches, trailheads, or broad property centers.",,v23.1.92,
mi-lead-hiawatha-mvum-discrete-primitive-site-coordinate-rescue,MI,Hiawatha NF MVUM / discrete primitive site coordinate rescue backlog,Central/eastern UP,coordinate_rescue / gis_extraction_needed,Rustic / Primitive / Boondocking / Dispersed,coordinate_rescue,Medium,Prior exact backlog + active supplement comparison,NO HONEST COORDINATE FOUND,"Several Hiawatha primitive campsite records were resolved in v23.0.84, but older MVUM/dispersed-style backlog may still contain unresolved named primitive sites.","Compare old backlog names against current MI.js, MI2.js, and mi-exact-rustic-primitive-v23.0.84.js; close active matches, retain only missing named sites.","Active supplement includes Bay Furnace, Camp Cook, Chicago Lake, Cookson Lake, Council Lake, and others.",v23.1.54-historical-backfill,This is a cleanup guardrail so we don’t reopen already-fixed exact records.
mi-v23192-lead-community-boondocking-reports-inside-chippewa-eastern-islands-lock,MI,Community boondocking reports inside Chippewa/eastern islands lock,Chippewa / Hiawatha NF / islands / water-access corridors,up_public_discovery_coordinate_or_correction_rescue_v23192,Boondocking / Dispersed,proof_or_policy_rescue,Medium,UP public-discovery worker return,NO HONEST ACTIVE-MAP COORDINATE ACCEPTED,No active community-reported boondocking candidate met threshold in accessible pass.,"Acquire official/operator map, reservation map, Google/Apple/Bing map POI, OSM/Overpass point, DNR/USFS GIS, aerial-confirmed campground loop, or direct agency/operator confirmation. Do not use lake centers, park centroids, offices, boat launches, ferry docks, beaches, trailheads, or broad property centers.",,v23.1.92,
mi-v23193-lead-chippewa-islands-live-map-osm-poi-sweep,MI,OSM/Google/Apple live map POI campground sweep — Chippewa and eastern islands,Chippewa / St. Marys River / Drummond / Sugar / Neebish / Whitefish Bay,live_map_osm_poi_sweep,Needs Verification,external_access_required,Medium,Worker 5 U.P. lead table,NO HONEST ACTIVE-MAP COORDINATE ACCEPTED,"Worker 5 flagged live Google/Apple/OSM POI systems as incomplete, especially for small private, township, resort, RV-only, and island campgrounds.","Run a narrow source-system rescue, not broad discovery: official GIS/API/PDF/reservation-map extraction first, then OSM/Overpass and live map POI only to locate candidate geometry. Do not create exact pins from broad source-system evidence. Return active records only for honest site/loop/area coordinates; otherwise keep an improved lead with source trail and next acquisition path.",,v23.1.93,Source-system control lead; not a campsite pin.
mi-v23193-lead-western-up-live-map-poi-sweep,MI,Live Google/Apple/Bing map POI campground sweep — Western U.P. lead control,Gogebic / Ontonagon / Houghton / Keweenaw / Baraga,live_map_poi_sweep,Needs Verification,external_access_required,Medium,Worker 1 U.P. self-QA/lead table,NO HONEST ACTIVE-MAP COORDINATE ACCEPTED,"Worker 1 flagged remaining risk for map-visible private/operator/hosted sites discoverable primarily through live Google Maps, Apple Maps, Campspot, Hipcamp, or OSM/Overpass.","Run a narrow source-system rescue, not broad discovery: official GIS/API/PDF/reservation-map extraction first, then OSM/Overpass and live map POI only to locate candidate geometry. Do not create exact pins from broad source-system evidence. Return active records only for honest site/loop/area coordinates; otherwise keep an improved lead with source trail and next acquisition path.",,v23.1.93,Source-system control lead; not a campsite pin.
mi-v23193-lead-western-up-osm-overpass-campground-extract,MI,OSM/Overpass tourism=camp_site / caravan_site extract — Western U.P.,Gogebic / Ontonagon / Houghton / Keweenaw / Baraga,osm_overpass_poi_extraction,Needs Verification,external_access_required,Medium,Worker 1 U.P. lead table,NO HONEST ACTIVE-MAP COORDINATE ACCEPTED,Worker 1 did not run live Overpass; OSM campground/caravan tags may reveal small campgrounds missed by ordinary search.,"Run a narrow source-system rescue, not broad discovery: official GIS/API/PDF/reservation-map extraction first, then OSM/Overpass and live map POI only to locate candidate geometry. Do not create exact pins from broad source-system evidence. Return active records only for honest site/loop/area coordinates; otherwise keep an improved lead with source trail and next acquisition path.",,v23.1.93,"Extract and reconcile; OSM is discovery/coordinate evidence, not final proof by itself."
mi-v23193-lead-keweenaw-hipcamp-small-private-hosted-sites,MI,"Hipcamp-style small private sites: Hart’s Trail Camp, Keweenaw Homestead Camping, Constellation Farmstead",Houghton / Baraga / Keweenaw area,private_micro_site_policy_rescue,Private Campgrounds,proof_or_policy_rescue,Medium,Worker 1 U.P. public-discovery lead table,NO HONEST ACTIVE-MAP COORDINATE ACCEPTED,"Small hosted/private parcels surfaced from platform-style search, but project inclusion policy, public availability, exact site coordinates, and operator/source proof were not resolved.","Run the mandatory address-to-map rescue ladder: exact official/operator name search; official/operator address search; Google Maps, Apple Maps, Bing Maps, and OSM/Overpass POI check where available; reservation map or official GIS if available; aerial/parcel spot-check. Return active only if the point lands on the campground/camping area/RV area/campground entrance, not an office, lake center, boat launch, marina, ferry dock, trailhead, beach, scenic point, or broad park/forest centroid. If still unsafe, keep this lead and record exactly what was checked. Also confirm whether hosted micro-sites belong in project scope before recommending active import.",,v23.1.93,Do not import from platform listing alone without policy approval and exact property/site coordinates.
mi-v23192-lead-lake-perrault-perrault-lake-primitive-dispersed-support,MI,Lake Perrault / Perrault Lake primitive/dispersed support,Houghton / Keweenaw Bay area,up_public_discovery_coordinate_or_correction_rescue_v23192,Boondocking / Dispersed,proof_or_policy_rescue,Medium,UP public-discovery worker return,NO HONEST ACTIVE-MAP COORDINATE ACCEPTED,Existing/community proof appears app-heavy; official ownership/legal check needed.,"Acquire official/operator map, reservation map, Google/Apple/Bing map POI, OSM/Overpass point, DNR/USFS GIS, aerial-confirmed campground loop, or direct agency/operator confirmation. Do not use lake centers, park centroids, offices, boat launches, ferry docks, beaches, trailheads, or broad property centers.",,v23.1.92,
mi-v23193-lead-southern-up-county-state-forest-dispersed-opportunities,MI,"County forest / state forest dispersed opportunities — Iron, Dickinson, Menominee, Delta",Iron / Dickinson / Menominee / Delta,source_system / dispersed_rule_geometry_rescue,Boondocking / Dispersed,external_access_required,Medium,Worker 3 U.P. public-discovery lead table,NO HONEST ACTIVE-MAP COORDINATE ACCEPTED,Worker 3 reported broad county/state forest dispersed opportunities but no honest exact campsite pin or rule polygon was captured.,"Run a narrow source-system rescue, not broad discovery: official GIS/API/PDF/reservation-map extraction first, then OSM/Overpass and live map POI only to locate candidate geometry. Do not create exact pins from broad source-system evidence. Return active records only for honest site/loop/area coordinates; otherwise keep an improved lead with source trail and next acquisition path.",,v23.1.93,"This is a source-system lead, not an active campsite candidate. Preserve only exact legal dispersed sites or honest area/rule geometry."
mi-v23192-lead-high-rock-bay-informal-camping-legality-review,MI,High Rock Bay informal camping legality review,Keweenaw / Copper Harbor east,up_public_discovery_coordinate_or_correction_rescue_v23192,Boondocking / Dispersed,proof_or_policy_rescue,Medium,UP public-discovery worker return,NO HONEST ACTIVE-MAP COORDINATE ACCEPTED,Known scenic/ORV destination trap; official or 3+ same-spot overnight evidence not captured.,"Acquire official/operator map, reservation map, Google/Apple/Bing map POI, OSM/Overpass point, DNR/USFS GIS, aerial-confirmed campground loop, or direct agency/operator confirmation. Do not use lake centers, park centroids, offices, boat launches, ferry docks, beaches, trailheads, or broad property centers.",,v23.1.92,
mi-v23193-lead-luce-west-mackinac-fairgrounds-camping,MI,Luce & West Mackinac County Fairgrounds camping,Luce / Newberry / West Mackinac County,fairground_event_camping_status_rescue,Modern Campgrounds,proof_or_policy_rescue,Medium,Worker 4 U.P. lead table,NO HONEST ACTIVE-MAP COORDINATE ACCEPTED,"Fairgrounds surfaced near campground searches, but public transient camping/rates proof was not recovered.","Run the mandatory address-to-map rescue ladder: exact official/operator name search; official/operator address search; Google Maps, Apple Maps, Bing Maps, and OSM/Overpass POI check where available; reservation map or official GIS if available; aerial/parcel spot-check. Return active only if the point lands on the campground/camping area/RV area/campground entrance, not an office, lake center, boat launch, marina, ferry dock, trailhead, beach, scenic point, or broad park/forest centroid. If still unsafe, keep this lead and record exactly what was checked. Treat as event-only or reject unless public transient/event camping policy is confirmed.",,v23.1.93,
mi-v23193-lead-gitche-gumee-rv-newberry-transient-status,MI,Gitche Gumee RV / Newberry area transient camping status,Luce / Newberry area,operator_status_rescue,Private Campgrounds,proof_or_policy_rescue,Medium,Worker 4 U.P. lead table,NO HONEST ACTIVE-MAP COORDINATE ACCEPTED,"Search surfaced long-term/full-hookup RV material in the Newberry area, but nightly/transient public camping status was unclear.","Run the mandatory address-to-map rescue ladder: exact official/operator name search; official/operator address search; Google Maps, Apple Maps, Bing Maps, and OSM/Overpass POI check where available; reservation map or official GIS if available; aerial/parcel spot-check. Return active only if the point lands on the campground/camping area/RV area/campground entrance, not an office, lake center, boat launch, marina, ferry dock, trailhead, beach, scenic point, or broad park/forest centroid. If still unsafe, keep this lead and record exactly what was checked. Confirm whether nightly/transient public camping is available or long-term/seasonal only.",,v23.1.93,Do not confuse this with the already-active Marquette-area Gitche Gumee RV Park and Campground.
mi-v23192-lead-bois-blanc-island-public-campground-inland-lake-camping,MI,Bois Blanc Island public campground / inland lake camping,Mackinac / Bois Blanc Island,up_public_discovery_coordinate_or_correction_rescue_v23192,Needs Verification,proof_or_policy_rescue,Medium,UP public-discovery worker return,NO HONEST ACTIVE-MAP COORDINATE ACCEPTED,Historic planning source only; current official/operator proof not recovered.,"Acquire official/operator map, reservation map, Google/Apple/Bing map POI, OSM/Overpass point, DNR/USFS GIS, aerial-confirmed campground loop, or direct agency/operator confirmation. Do not use lake centers, park centroids, offices, boat launches, ferry docks, beaches, trailheads, or broad property centers.",,v23.1.92,
mi-v23193-lead-loons-nest-resort-camping-status,MI,Loon’s Nest Resort camping status,Mackinac / Curtis,operator_status_rescue,Private Campgrounds,proof_or_policy_rescue,Medium,Worker 4 U.P. lead table,NO HONEST ACTIVE-MAP COORDINATE ACCEPTED,Search surfaced resort/property but public RV/tent campground proof was not strong enough.,"Run the mandatory address-to-map rescue ladder: exact official/operator name search; official/operator address search; Google Maps, Apple Maps, Bing Maps, and OSM/Overpass POI check where available; reservation map or official GIS if available; aerial/parcel spot-check. Return active only if the point lands on the campground/camping area/RV area/campground entrance, not an office, lake center, boat launch, marina, ferry dock, trailhead, beach, scenic point, or broad park/forest centroid. If still unsafe, keep this lead and record exactly what was checked. Confirm public RV/tent camping, not lodging-only resort status.",,v23.1.93,
mi-v23193-lead-sunset-pines-resort-camping-status,MI,Sunset Pines Resort camping status,Mackinac / Curtis,operator_status_rescue,Private Campgrounds,proof_or_policy_rescue,Medium,Worker 4 U.P. lead table,NO HONEST ACTIVE-MAP COORDINATE ACCEPTED,"Search surfaced cabins/RV rental/resort material, but public campground/RV/tent site proof was unclear.","Run the mandatory address-to-map rescue ladder: exact official/operator name search; official/operator address search; Google Maps, Apple Maps, Bing Maps, and OSM/Overpass POI check where available; reservation map or official GIS if available; aerial/parcel spot-check. Return active only if the point lands on the campground/camping area/RV area/campground entrance, not an office, lake center, boat launch, marina, ferry dock, trailhead, beach, scenic point, or broad park/forest centroid. If still unsafe, keep this lead and record exactly what was checked. Confirm whether public RV/tent campsites are offered separately from lodging or RV rental.",,v23.1.93,
mi-v23192-lead-anderson-lake-pathway-dispersed-backpack-camping,MI,Anderson Lake Pathway dispersed/backpack camping,Marquette / Anderson Lake,up_public_discovery_coordinate_or_correction_rescue_v23192,Boondocking / Dispersed,proof_or_policy_rescue,Medium,UP public-discovery worker return,NO HONEST ACTIVE-MAP COORDINATE ACCEPTED,Area/rule only; DNR permit/rule source and honest geometry not captured.,"Acquire official/operator map, reservation map, Google/Apple/Bing map POI, OSM/Overpass point, DNR/USFS GIS, aerial-confirmed campground loop, or direct agency/operator confirmation. Do not use lake centers, park centroids, offices, boat launches, ferry docks, beaches, trailheads, or broad property centers.",,v23.1.92,
mi-v23192-lead-ojibwa-casino-marquette-rv-overnight-parking,MI,Ojibwa Casino Marquette RV overnight parking,Marquette / Harvey-Chocolay,up_public_discovery_coordinate_or_correction_rescue_v23192,Overnight Parking,proof_or_policy_rescue,Medium,UP public-discovery worker return,NO HONEST ACTIVE-MAP COORDINATE ACCEPTED,Operator overnight RV policy not confirmed.,"Acquire official/operator map, reservation map, Google/Apple/Bing map POI, OSM/Overpass point, DNR/USFS GIS, aerial-confirmed campground loop, or direct agency/operator confirmation. Do not use lake centers, park centroids, offices, boat launches, ferry docks, beaches, trailheads, or broad property centers.",,v23.1.92,
mi-v23193-lead-michigamme-township-campground-name-cleanup,MI,Michigamme Township campground / beach-area campground name and coordinate cleanup,Marquette / Michigamme,existing_active_record_review,Modern Campgrounds,correction_candidate,Medium,Worker 2 U.P. lead table,NO HONEST ACTIVE-MAP COORDINATE ACCEPTED,"Current package has a generic “Michigamme beach area campground” active record; worker found township camping fee proof but exact official name, campground area, and amenities need cleanup.","Run the mandatory address-to-map rescue ladder: exact official/operator name search; official/operator address search; Google Maps, Apple Maps, Bing Maps, and OSM/Overpass POI check where available; reservation map or official GIS if available; aerial/parcel spot-check. Return active only if the point lands on the campground/camping area/RV area/campground entrance, not an office, lake center, boat launch, marina, ferry dock, trailhead, beach, scenic point, or broad park/forest centroid. If still unsafe, keep this lead and record exactly what was checked. Compare current active record name/coordinate/source and return keep/rename/move/lead/reject action.",Michigamme beach area campground,v23.1.93,"Existing active record review, not a new duplicate add."
mi-v23192-lead-marquette-county-fairgrounds-event-camping,MI,Marquette County Fairgrounds event camping,Marquette / Sands Township,up_public_discovery_coordinate_or_correction_rescue_v23192,Modern Campgrounds,coordinate_rescue,Medium,UP public-discovery worker return,NO HONEST ACTIVE-MAP COORDINATE ACCEPTED,Event-associated camping only; standalone public camping policy not confirmed.,"Acquire official/operator map, reservation map, Google/Apple/Bing map POI, OSM/Overpass point, DNR/USFS GIS, aerial-confirmed campground loop, or direct agency/operator confirmation. Do not use lake centers, park centroids, offices, boat launches, ferry docks, beaches, trailheads, or broad property centers.",,v23.1.92,
mi-lead-up-route-corridor-greenbay-ishpeming-boondocking,MI,Green Bay → Menominee → Iron Mountain → Ishpeming UP route-corridor boondocking leads,Menominee / Dickinson / Marquette / Delta corridor,community_review / coordinate_rescue,Boondocking / Dispersed / Rustic / Primitive,community_review,Medium,Prior route-corridor notes,NO HONEST COORDINATE FOUND,"Older corridor work produced named leads, but some were folded into exact official records while broader boondocking/community clusters were not durably preserved.",Review prior corridor notes only. Separate already-active official campgrounds from unresolved community-supported boondocking clusters. Apply 3+ independent overnight report rule.,Several exact public campgrounds in corridor are already active/pending; do not duplicate.,v23.1.54-historical-backfill,"This is a bundle lead, not one active map pin."
mi-v23192-lead-bond-falls-east-west-undeveloped-camping-leads,MI,Bond Falls East/West undeveloped camping leads,Ontonagon / Gogebic edge,up_public_discovery_coordinate_or_correction_rescue_v23192,Boondocking / Dispersed,proof_or_policy_rescue,Medium,UP public-discovery worker return,NO HONEST ACTIVE-MAP COORDINATE ACCEPTED,Current boondocking-style leads lack new official same-spot proof.,"Acquire official/operator map, reservation map, Google/Apple/Bing map POI, OSM/Overpass point, DNR/USFS GIS, aerial-confirmed campground loop, or direct agency/operator confirmation. Do not use lake centers, park centroids, offices, boat launches, ferry docks, beaches, trailheads, or broad property centers.",,v23.1.92,
mi-v23193-lead-schoolcraft-luce-mackinac-live-map-poi-sweep,MI,"Google Maps / Apple Maps / Bing Maps full POI sweep — Schoolcraft, Luce, Mackinac",Schoolcraft / Luce / Mackinac,live_map_poi_sweep,Needs Verification,external_access_required,Medium,Worker 4 U.P. lead table,NO HONEST ACTIVE-MAP COORDINATE ACCEPTED,Worker 4 flagged that full live map POI layers were not available and could reveal small private/township/fairground/resort campgrounds.,"Run a narrow source-system rescue, not broad discovery: official GIS/API/PDF/reservation-map extraction first, then OSM/Overpass and live map POI only to locate candidate geometry. Do not create exact pins from broad source-system evidence. Return active records only for honest site/loop/area coordinates; otherwise keep an improved lead with source trail and next acquisition path.",,v23.1.93,Source-system control lead; not a campsite pin.
mi-v23193-lead-schoolcraft-luce-mackinac-osm-overpass-extract,MI,"OSM Overpass campground/caravan-site extraction — Schoolcraft, Luce, Mackinac",Schoolcraft / Luce / Mackinac,osm_overpass_poi_extraction,Needs Verification,external_access_required,Medium,Worker 4 U.P. lead table,NO HONEST ACTIVE-MAP COORDINATE ACCEPTED,Worker 4 noted OpenCampingMap/OSM exposed some coordinates but no full county-wide Overpass extraction was completed.,"Run a narrow source-system rescue, not broad discovery: official GIS/API/PDF/reservation-map extraction first, then OSM/Overpass and live map POI only to locate candidate geometry. Do not create exact pins from broad source-system evidence. Return active records only for honest site/loop/area coordinates; otherwise keep an improved lead with source trail and next acquisition path.",,v23.1.93,"Extract tourism=camp_site and tourism=caravan_site, then reconcile against official/operator sources."
mi-v23192-lead-hiawatha-nf-dispersed-rule-area-camping-inside-schoolcraft-mackinac,MI,Hiawatha NF dispersed/rule-area camping inside Schoolcraft/Mackinac,Schoolcraft / Mackinac,up_public_discovery_coordinate_or_correction_rescue_v23192,Boondocking / Dispersed,coordinate_rescue,Medium,UP public-discovery worker return,NO HONEST ACTIVE-MAP COORDINATE ACCEPTED,Broad rule/area evidence only; no exact legal dispersed site/route geometry recovered.,"Acquire official/operator map, reservation map, Google/Apple/Bing map POI, OSM/Overpass point, DNR/USFS GIS, aerial-confirmed campground loop, or direct agency/operator confirmation. Do not use lake centers, park centroids, offices, boat launches, ferry docks, beaches, trailheads, or broad property centers.",,v23.1.92,
mi-v23192-lead-seney-nwr-seasonal-deer-hunter-camping,MI,Seney NWR seasonal deer-hunter camping,Schoolcraft / Seney,up_public_discovery_coordinate_or_correction_rescue_v23192,Needs Verification,coordinate_rescue,Medium,UP public-discovery worker return,NO HONEST ACTIVE-MAP COORDINATE ACCEPTED,"Seasonal, hunting-regulation-tied camping only; exact selected areas not extracted.","Acquire official/operator map, reservation map, Google/Apple/Bing map POI, OSM/Overpass point, DNR/USFS GIS, aerial-confirmed campground loop, or direct agency/operator confirmation. Do not use lake centers, park centroids, offices, boat launches, ferry docks, beaches, trailheads, or broad property centers.",,v23.1.92,
mi-lead-forest-service-surface-ownership-up-inholdings-support,MI,UP federal forest surface-ownership / inholding exclusion support layer,UP federal forest lands,gis_extraction_needed,Info / Reference support / QA support,gis_extraction_needed,Medium,Prior outline work,NO HONEST COORDINATE FOUND,NF administrative boundaries alone are not legal camping polygons; private/state/county inholdings can create false campable areas.,Extract/overlay USFS surface ownership/basic ownership layers for Hiawatha and Ottawa before any broad rule-area polygon or Area pin is promoted.,Related to Hiawatha/Ottawa rule-area leads,v23.1.54-historical-backfill,"Durable support-layer lead, not a user-facing campsite."
wi-lead-cnf-lincoln-lake-perch-lake-armstrong-creek-coordinate-rescue,WI,Lincoln Lake / Perch Lake / Armstrong Creek CNF hard-lead set,CNF / Florence–Goodman–Armstrong Creek–Lakewood edge,coordinate_rescue / duplicate_watch,Rustic / Primitive or Boondocking / Dispersed,coordinate_rescue,Medium,Prior hard-lead list + official CNF/Map/GIS extraction needed,NO HONEST COORDINATE FOUND,These recurring CNF hard leads need identity separation and duplicate checks before active records.,"Search exact names in WI.js; then check USFS recreation pages, MVUM, visitor maps, county forest pages, and community reports if official point proof remains missing.",Possible overlap with active CNF campground records folded into WI.js.,v23.1.54-historical-backfill,Grouped because the same corridor worker can rescue them together.
wi-lead-cnf-himley-lake-coordinate-rescue,WI,Himley Lake,CNF / northeastern WI corridor,coordinate_rescue,Rustic / Primitive or Boondocking / Dispersed,coordinate_rescue,Medium,Prior hard-lead list + USFS recreation search needed,NO HONEST COORDINATE FOUND,"Named hard lead, but accessible material does not identify whether this is a formal campground, dispersed area, or trap around a lake/landing.","Search official USFS recreation pages, MVUM, CNF map layers, and county/local pages. Reject lake-center/boat-landing-only proof.",None confirmed,v23.1.54-historical-backfill,Keep as named coordinate-rescue lead so workers do not rediscover it from scratch.
wi-lead-cnf-turtle-lake-coordinate-rescue,WI,Turtle Lake CNF lead,CNF / northeastern WI corridor,coordinate_rescue,Rustic / Primitive or Boondocking / Dispersed,coordinate_rescue,Medium,Prior hard-lead list + USFS recreation search needed,NO HONEST COORDINATE FOUND,"Named hard lead, but no package-ready official point/area proof in accessible material.","Search official CNF recreation page, USFS geospatial data, MVUM, and Recreation.gov if formal campground.",None confirmed,v23.1.54-historical-backfill,Do not confuse with non-WI Turtle Lake records or lake-center points.
wi-lead-brule-river-state-forest-backpack-rule-area,WI,Brule River State Forest backpack camping rule area,Douglas County,area_outline_followup / agency_contact_needed,Boat / Backpack or Boondocking / Dispersed rule-area marker,area_outline_followup,Medium,Official Wisconsin DNR state forest page,"OFFICIAL AREA/RULE MARKER possible, exact sites not applicable","DNR allows backpack camping in remote areas if campers hike at least 1 mile from parking, camp at least 100 feet from trail and out of sight of water, and obtain a free special camp registration permit; camping along the Brule River and Lake Superior shoreline is prohibited. ([Wisconsin DNR][4])",Add or update a rule-area lead; future worker should identify defensible area/outline from DNR maps and avoid prohibited shoreline/river locations.,Possible active broad state-forest/reference record; verify WI.js.,v23.1.54-historical-backfill,Good lead because it captures both legal opportunity and shoreline trap.
wi-lead-turtle-flambeau-individual-site-geometry-upgrade,WI,Turtle-Flambeau Scenic Waters Area individual campsite coordinate/geometry upgrade,Iron County,gis_extraction_needed / duplicate_watch,Boat / Backpack,area_outline_followup,Medium,Official DNR page + GPS coordinate table,"EXACT OFFICIAL COORDINATE source exists, but active status must be checked","DNR says Turtle-Flambeau has 66 remote water-access campsites, camping only at designated sites, and provides both a campsite map and GPS coordinates. ([Wisconsin DNR][2])","If active exact points already exist, close as active. If only a broad marker exists, update to exact-site coordinate set using official DNR GPS table.",Likely active or pending from prior WI water-access work.,v23.1.54-historical-backfill,"Lead is for coordinate/geometry upgrade only, not proof that camping exists."
wi_lincoln_county_forest_horn_lake_dispersed_geometry,WI,Lincoln County Forest / Horn Lake dispersed camping rule-area lead,Lincoln County Forest / Horn Lake-Irma area,boondocking_area_rule_geometry,Boondocking / Dispersed,official_rule_plus_public_app_geometry_lead,Medium,Official Lincoln County forest camping rule + public app discovery,GEOMETRY BLOCKED / county forest boundary and restricted zones needed,"Official county rule supports possible dispersed camping on County Forest land, but no exact legal boundary/restriction geometry or Horn Lake-specific camping zone is extracted.","Acquire county forest polygon, restricted zones, registration/current rules, and Horn Lake-area same-spot evidence before creating an area/rule marker or point.",,v23.1.83,Related to broader Lincoln County Forest dispersed rule lead; keep Horn Lake specificity for follow-up.
wi-lead-willow-flowage-lower-tomahawk-site-geometry-upgrade,WI,Willow Flowage / Lower Tomahawk River campsite coordinate/geometry upgrade,Oneida County,gis_extraction_needed / duplicate_watch,Boat / Backpack,area_outline_followup,Medium,Official DNR page + GPS coordinate table,"EXACT OFFICIAL COORDINATE source exists, but active status must be checked","DNR says Willow Flowage has 37 rustic shoreline/island campsites and four Lower Tomahawk River campsites, provides a campsite map and GPS coordinates, and limits camping to designated sites only. ([Wisconsin DNR][3])","If active exact points already exist, close as active. If not, extract official GPS table and add exact water/walk-in site records.",Likely active or pending from prior WI water-access work.,v23.1.54-historical-backfill,Do not create “parking lot camping” records from boat landing parking language.
mi-lead-manistique-haywire-grade-hiawatha-atv-route-camping-review,MI,Manistique → Haywire Grade → Hiawatha → Munising/Marquette ATV route camping review,Schoolcraft / Alger / Marquette,community_review / route_corridor_review,Boondocking / Dispersed or Info / Reference,community_review,Low-Medium,Prior route/project context,NO HONEST COORDINATE FOUND,"Prior material mentions the ATV route corridor, but camping-specific points were not proved.","Only review if prior worker/chat material names actual overnight spots along this route. Do not add kiosks, trailheads, parking, or route centroids as camping.",,v23.1.54-historical-backfill,Keep as low priority unless old notes surface named overnight spots.
