id,state,name,countyRegion,leadType,likelyLayer,status,priority,sourceType,coordinateConfidence,blocker,nextAction,relatedActiveOrPendingRecord,lastCheckedVersion,notes
nd-lake-ashtabula-west-ashtabula-crossing,ND,West Ashtabula Crossing Campground,Barnes / Lake Ashtabula,coordinate_rescue,Rustic / Primitive or Modern pending shower proof,coordinate_rescue,High,USACE / Recreation.gov official,NO HONEST ACTIVE COORDINATE ACCEPTED,Shower proof not found on official page; classify conservatively unless USACE map confirms,Add component lead,,v23.1.70,
nd-valley-city-clausen-springs-park-campground-coordinate-rescue,ND,Clausen Springs Park Campground,Barnes / Lake Ashtabula-Sheyenne corridor,coordinate_rescue,Rustic / Primitive / Modern TBD,coordinate_rescue,High,Existing lead + discovery,NO HONEST ACTIVE COORDINATE ACCEPTED,Do not final-proof from The Dyrt/control snippets,Keep/update lead,,v23.1.70,
nd-valley-city-faust-park-sheyenne-primitive-camping-coordinate-rescue,ND,Faust Park / Sheyenne River primitive camping lead,Barnes / Valley City / Sheyenne River,coordinate_rescue,Rustic / Primitive or Boat / Backpack,coordinate_rescue,High,Discovery only,NO HONEST ACTIVE COORDINATE ACCEPTED,Do not import from user-review source alone,Needs official proof,,v23.1.70,
nd-lead-lake-metigoshe-modern-coordinate-rescue,ND,Lake Metigoshe State Park modern campground coordinate rescue,Bottineau / Turtle Mountains,coordinate_rescue,Modern Campgrounds,coordinate_rescue,High,Official state park / reservation / map needed,NO HONEST COORDINATE FOUND,Camping proof is strong but no defensible campground-loop coordinate has been recovered.,"Extract ReserveNDparks, OuterSpatial/ND Parks POI data, official GIS, or georeference official campground PDF. Do not use park office, lake center, or broad park centroid.",,v23.1.53,
nd-lead-lake-metigoshe-primitive-coordinate-rescue,ND,Lake Metigoshe State Park primitive campground coordinate rescue,Bottineau / Turtle Mountains,coordinate_rescue,Rustic / Primitive,coordinate_rescue,High,Official state park / reservation / map needed,NO HONEST COORDINATE FOUND,Camping proof is strong but no defensible campground-loop coordinate has been recovered.,"Extract ReserveNDparks, OuterSpatial/ND Parks POI data, official GIS, or georeference official campground PDF. Do not use park office, lake center, or broad park centroid.",,v23.1.53,
nd-lead-turtle-river-modern-coordinate-rescue,ND,Turtle River State Park modern campground coordinate rescue,Grand Forks / Arvilla,coordinate_rescue,Modern Campgrounds,coordinate_rescue,High,Official state park / reservation / map needed,NO HONEST COORDINATE FOUND,Camping proof is strong but no defensible campground-loop coordinate has been recovered.,"Extract ReserveNDparks, OuterSpatial/ND Parks POI data, official GIS, or georeference official campground PDF. Do not use park office, lake center, or broad park centroid.",,v23.1.53,
nd-lead-turtle-river-walkin-primitive-coordinate-rescue,ND,Turtle River State Park walk-in primitive camping coordinate rescue,Grand Forks / Arvilla,coordinate_rescue,Boat / Backpack,coordinate_rescue,High,Official state park / reservation / map needed,NO HONEST COORDINATE FOUND,Camping proof is strong but no defensible campground-loop coordinate has been recovered.,"Extract ReserveNDparks, OuterSpatial/ND Parks POI data, official GIS, or georeference official campground PDF. Do not use park office, lake center, or broad park centroid.",,v23.1.53,
nd-beaver-lake-state-park-component-coordinate-rescue,ND,Beaver Lake State Park campground components,Logan / Beaver Lake,coordinate_rescue,Modern + Rustic / Primitive,coordinate_rescue,High,ND Parks official,NO HONEST ACTIVE COORDINATE ACCEPTED,Inside central/east lock; missed state-park component,Add lead,,v23.1.70,
nd-white-earth-bay-campground-coordinate-rescue,ND,White Earth Bay Campground,Mountrail / White Earth / Lake Sakakawea,coordinate_rescue,Rustic / Primitive,coordinate_rescue,High,Official state license list,NO HONEST ACTIVE COORDINATE ACCEPTED,In-scope because Lake Sakakawea north shore,Add coordinate-rescue lead,,v23.1.70,
nd-lead-little-missouri-ng-geometry-upgrade,ND,Little Missouri National Grassland dispersed camping rule-area geometry upgrade,ND area/rule marker follow-up,gis_extraction_needed / area_outline_followup,Boondocking / Dispersed,gis_extraction_needed,High,Official GIS / map georeference,OFFICIAL AREA/RULE MARKER pending; exact geometry not packaged,"Accepted approximate area/rule pin should be followed by official polygon, MVUM, WMA, or route geometry.",Extract official GIS polygons/routes/MVUMs or georeference official maps; update/replace approximate Area pin when current schema supports it.,nd-v23153-little-missouri-ng-dispersed-rule-area,v23.1.53,
nd-lead-wma-devils-lake-polygon-gis,ND,NDGF WMA primitive camping — Devils Lake / north-central cluster polygon follow-up,ND area/rule marker follow-up,gis_extraction_needed / area_outline_followup,Boondocking / Dispersed,gis_extraction_needed,High,Official GIS / map georeference,OFFICIAL AREA/RULE MARKER pending; exact geometry not packaged,"Accepted approximate area/rule pin should be followed by official polygon, MVUM, WMA, or route geometry.",Extract official GIS polygons/routes/MVUMs or georeference official maps; update/replace approximate Area pin when current schema supports it.,nd-v23153-ndgf-wma-devils-lake-north-central-cluster,v23.1.53,
nd-lead-wma-pembina-hills-polygon-gis,ND,NDGF WMA primitive camping — Pembina Hills / northeast cluster polygon follow-up,ND area/rule marker follow-up,gis_extraction_needed / area_outline_followup,Boondocking / Dispersed,gis_extraction_needed,High,Official GIS / map georeference,OFFICIAL AREA/RULE MARKER pending; exact geometry not packaged,"Accepted approximate area/rule pin should be followed by official polygon, MVUM, WMA, or route geometry.",Extract official GIS polygons/routes/MVUMs or georeference official maps; update/replace approximate Area pin when current schema supports it.,nd-v23153-ndgf-wma-pembina-hills-ne-cluster,v23.1.53,
nd-lead-wma-sheyenne-mirror-pool-polygon-gis,ND,NDGF WMA primitive camping — Sheyenne / Mirror Pool / southeast cluster polygon follow-up,ND area/rule marker follow-up,gis_extraction_needed / area_outline_followup,Boondocking / Dispersed,gis_extraction_needed,High,Official GIS / map georeference,OFFICIAL AREA/RULE MARKER pending; exact geometry not packaged,"Accepted approximate area/rule pin should be followed by official polygon, MVUM, WMA, or route geometry.",Extract official GIS polygons/routes/MVUMs or georeference official maps; update/replace approximate Area pin when current schema supports it.,nd-v23153-ndgf-wma-sheyenne-mirror-pool-se-cluster,v23.1.53,
nd-lead-wma-turtle-mountains-polygon-gis,ND,NDGF WMA primitive camping — Turtle Mountains cluster polygon follow-up,ND area/rule marker follow-up,gis_extraction_needed / area_outline_followup,Boondocking / Dispersed,gis_extraction_needed,High,Official GIS / map georeference,OFFICIAL AREA/RULE MARKER pending; exact geometry not packaged,"Accepted approximate area/rule pin should be followed by official polygon, MVUM, WMA, or route geometry.",Extract official GIS polygons/routes/MVUMs or georeference official maps; update/replace approximate Area pin when current schema supports it.,nd-v23153-ndgf-wma-turtle-mountains-cluster,v23.1.53,
nd-lead-sheyenne-ng-geometry-upgrade,ND,Sheyenne National Grassland dispersed/open-prairie camping geometry upgrade,ND area/rule marker follow-up,gis_extraction_needed / area_outline_followup,Boondocking / Dispersed,gis_extraction_needed,High,Official GIS / map georeference,OFFICIAL AREA/RULE MARKER pending; exact geometry not packaged,"Accepted approximate area/rule pin should be followed by official polygon, MVUM, WMA, or route geometry.",Extract official GIS polygons/routes/MVUMs or georeference official maps; update/replace approximate Area pin when current schema supports it.,nd-v23153-sheyenne-ng-dispersed-rule-area,v23.1.53,
nd-lead-sheyenne-water-trail-corridor-upgrade,ND,Sheyenne River Water Trail semi-primitive camping corridor geometry/site upgrade,ND area/rule marker follow-up,gis_extraction_needed / area_outline_followup,Boat / Backpack,gis_extraction_needed,High,Official GIS / map georeference,OFFICIAL AREA/RULE MARKER pending; exact geometry not packaged,"Accepted approximate area/rule pin should be followed by official polygon, MVUM, WMA, or route geometry.",Extract official GIS polygons/routes/MVUMs or georeference official maps; update/replace approximate Area pin when current schema supports it.,nd-v23153-sheyenne-river-water-trail-corridor,v23.1.53,
nd-lead-icelandic-modern-coordinate-rescue,ND,Icelandic State Park modern campground coordinate rescue,Pembina / Cavalier / Lake Renwick,coordinate_rescue,Modern Campgrounds,coordinate_rescue,High,Official state park / reservation / map needed,NO HONEST COORDINATE FOUND,Camping proof is strong but no defensible campground-loop coordinate has been recovered.,"Extract ReserveNDparks, OuterSpatial/ND Parks POI data, official GIS, or georeference official campground PDF. Do not use park office, lake center, or broad park centroid.",,v23.1.53,
nd-lead-grahams-island-modern-coordinate-rescue,ND,Grahams Island State Park modern campground coordinate rescue,Ramsey / Devils Lake,coordinate_rescue,Modern Campgrounds,coordinate_rescue,High,Official state park / reservation / map needed,NO HONEST COORDINATE FOUND,Camping proof is strong but no defensible campground-loop coordinate has been recovered.,"Extract ReserveNDparks, OuterSpatial/ND Parks POI data, official GIS, or georeference official campground PDF. Do not use park office, lake center, or broad park centroid.",,v23.1.53,
nd-lead-fort-ransom-modern-horse-coordinate-rescue,ND,Fort Ransom State Park modern / horse campground coordinate rescue,Ransom / Fort Ransom,coordinate_rescue,Modern Campgrounds or Rustic / Primitive by loop,coordinate_rescue,High,Official state park / reservation / map needed,NO HONEST COORDINATE FOUND,Camping proof is strong but no defensible campground-loop coordinate has been recovered.,"Extract ReserveNDparks, OuterSpatial/ND Parks POI data, official GIS, or georeference official campground PDF. Do not use park office, lake center, or broad park centroid.",,v23.1.53,
nd-lead-mineral-springs-sheyenne-river-state-forest,ND,Mineral Springs / Sheyenne River State Forest primitive backcountry-camping lead,Ransom County / Sheyenne River State Forest,official_proof_needed,Boat / Backpack if official proof recovered,agency_contact_needed,High,North Dakota Forest Service source needed,LEAD COORDINATE ONLY — NOT IMPORT COORDINATE,"Secondary source claims primitive backcountry camping near Mineral Springs/Sheyenne River State Forest, but official NDFS proof was not recovered.","Acquire official NDFS page/PDF/rules; confirm camping legality, exact allowed area, and whether waterfall/trail coordinate is appropriate.",,v23.1.53,
nd-wahpeton-kidder-recreation-area-campground,ND,Kidder Recreation Area Campground,Richland / Wahpeton,coordinate_rescue,Modern Campgrounds + Rustic / Primitive tent area,coordinate_rescue,High,City official,NO HONEST ACTIVE COORDINATE ACCEPTED,Good municipal component; keep RV and tent area split in notes,Add lead; coordinate rescue,,v23.1.70,
nd-lead-sheyenne-river-water-trail-sites,ND,Sheyenne River Water Trail exact semi-primitive sites,Sheyenne River corridor,coordinate_rescue / area_outline_followup,Boat / Backpack,gis_extraction_needed,High,Official water trail maps/GIS,NO HONEST COORDINATE FOUND,"Approximate corridor marker is pending/accepted, but exact semi-primitive site points remain unresolved.",Extract official water trail campsite/site-map coordinates or georeference official water trail maps.,nd-v23153-sheyenne-river-water-trail-corridor,v23.1.53,
nd-patterson-lake-recreation-area-coordinate-rescue,ND,Patterson Lake Recreation Area Campground,Stark / Dickinson,coordinate_rescue,Rustic / Primitive,coordinate_rescue,High,Official city/parks,NO HONEST ACTIVE COORDINATE ACCEPTED,Do not use lake center or broad recreation-area center,Add durable coordinate-rescue lead,,v23.1.70,
nd-stutsman-jamestown-reservoir-lakeside-pelican-james-river-bay-split,ND,"Jamestown Reservoir campground components — Pelican Point, Lakeside, James River Bay",Stutsman / Jamestown Reservoir,coordinate_rescue,Modern + Rustic / Primitive,coordinate_rescue,High,County official + Recreation.gov/Reclamation,NO HONEST ACTIVE COORDINATE ACCEPTED,Major component split; active rows should be separate,Add/update lead,,v23.1.70,
nd-stutsman-parkhurst-pipestem-primitive-horse-camp,ND,Parkhurst Recreation Area / Pipestem primitive horse-trailer campground,Stutsman / Pipestem Lake,coordinate_rescue,Rustic / Primitive,coordinate_rescue,High,County official,NO HONEST ACTIVE COORDINATE ACCEPTED,Good non-modern hit; do not use Pipestem dam/lake center,Add/update lead,,v23.1.70,
nd-stutsman-sandy-beach-spiritwood-primitive-camping,ND,Sandy Beach / Spiritwood Lake primitive camping,Stutsman / Spiritwood Lake,coordinate_rescue,Rustic / Primitive,coordinate_rescue,High,County official,NO HONEST ACTIVE COORDINATE ACCEPTED,Real non-modern campground lead,Add/update lead,,v23.1.70,
nd-lead-turtle-mountain-homen-state-forest-rule-proof,ND,Turtle Mountain / Homen State Forest area-rule proof,Turtle Mountains / Bottineau-Rolette,agency_contact_needed,Boondocking / Dispersed or Info / Reference,agency_contact_needed,High,North Dakota Forest Service official rules/GIS/contact,NO HONEST COORDINATE FOUND,Official state forest camping rule and geometry remain blocked.,Get NDFS rules/PDF/GIS or agency confirmation. Keep separate from NDGF WMA camping clusters.,,v23.1.53,
nd-williams-county-blacktail-dam-campground-coordinate-rescue,ND,Blacktail Dam Campground,Williams / Blacktail Dam,coordinate_rescue,Rustic / Primitive,coordinate_rescue,High,Official county,NO HONEST ACTIVE COORDINATE ACCEPTED,Construction-limited status should be noted in lead,Add coordinate-rescue lead,,v23.1.70,
nd-williams-county-little-beaver-bay-campground-components,ND,Little Beaver Bay North/South Campgrounds,Williams / Lake Sakakawea,coordinate_rescue,Rustic / Primitive,coordinate_rescue,High,Official county + state license list,NO HONEST ACTIVE COORDINATE ACCEPTED,Good Lake Sakakawea north/west component target,Add coordinate-rescue lead,,v23.1.70,
nd-williams-county-mcgregor-dam-campground-wma-coordinate-rescue,ND,McGregor Dam Campground / WMA Camping Context,Williams / McGregor Dam,coordinate_rescue,Boondocking / Dispersed,coordinate_rescue,High,Official county + NDGF,NO HONEST ACTIVE COORDINATE ACCEPTED,Avoid broad dam/lake point,Add lead for campground + WMA geometry extraction,,v23.1.70,
nd-williams-county-little-egypt-recreation-area-campground-coordinate-rescue,ND,Little Egypt Recreation Area Campground,Williams / Ray / Lake Sakakawea,coordinate_rescue,Boondocking / Dispersed,coordinate_rescue,High,Official county + official county/agency context,NO HONEST ACTIVE COORDINATE ACCEPTED,"This is a strong area-rule candidate, but the boundary/marker must be honest",Add lead for component + boundary extraction,,v23.1.70,
nd-williams-county-epping-springbrook-dam-closed-2026-watch,ND,Epping/Springbrook Dam Campground,Williams / Springbrook,coordinate_rescue,Rustic / Primitive,coordinate_rescue,High,Official county,NO HONEST ACTIVE COORDINATE ACCEPTED,Do not import active while closed for 2026,Add closure-watch lead,,v23.1.70,
nd-williams-county-confluence-campground-coordinate-rescue,ND,Confluence Campground,Williams / Williston area,coordinate_rescue,Rustic / Primitive,coordinate_rescue,High,Official state license list,NO HONEST ACTIVE COORDINATE ACCEPTED,"License list is a discovery source, not enough alone for import","Add lead, not active",,v23.1.70,
sd-v23190-lead-white-lake-lodge-and-rv-campground,SD,White Lake Lodge & RV Campground,Aurora / White Lake,sd_public_discovery_coordinate_or_correction_rescue_v23190,Private Campgrounds,add_candidate,High,Worker 5 public-discovery return; source trail retained from worker table,Operator/booking source address: 1500 S Main St; exact campground pin required,No honest lat/lng was supplied in the worker active/correction table.,"Perform coordinate rescue using official/operator map, reservation map, Google/Apple/Bing map POI, OSM/Overpass POI, aerial imagery, parcel/GIS, agency/operator contact, or georeferenced official PDF. Import only when the point lands on the campground/camping area/entrance and does not use an office, lake center, park centroid, boat ramp, or other proxy.",,v23.1.90,Operator/booking page confirms RV campground and check-in. (whitelake.holidayfuture.com) Private campground/lodge; verify transient RV availability.
sd-lead-sage-creek-campground,SD,Sage Creek Campground,Badlands NP / Pennington-Jackson area,coordinate rescue,Rustic / Primitive,coordinate_rescue,High,Prior worker/supervisor return; official NPS proof noted,NO HONEST COORDINATE FOUND,"Official campground exists, but prior pass did not recover an import-safe coordinate.","Check NPS GIS, NPS campground map metadata, Recreation.gov/RIDB, or agency contact.",None; not active in SD.js,v23.1.54-historical-backfill,"ADD TO data/leads.js. Do not use Badlands park centroid, road pullout, or broad Sage Creek area as exact point."
sd-v23190-lead-badlands-np-north-unit-backcountry-camping-area-rule,SD,Badlands NP North Unit backcountry camping area/rule,Badlands NP North Unit,sd_public_discovery_coordinate_or_correction_rescue_v23190,Boat / Backpack,needs_verification,High,Worker 2 public-discovery return; source trail retained from worker table,Area/rule only; no point; no polygon captured.,No honest lat/lng was supplied in the worker active/correction table. Worker returned this as Needs Verification or coordinate-verification required.,"Perform coordinate rescue using official/operator map, reservation map, Google/Apple/Bing map POI, OSM/Overpass POI, aerial imagery, parcel/GIS, agency/operator contact, or georeferenced official PDF. Import only when the point lands on the campground/camping area/entrance and does not use an office, lake center, park centroid, boat ramp, or other proxy.",,v23.1.90,NPS confirms North Unit backcountry/open-hike camping rules and common areas; South Unit camping prohibited. (National Park Service) Area/rule candidate only. Not an exact campsite or legal boundary. Camp at least 0.5 mile from roads/trails and out of sight; verify current NPS rules and closures.
sd-v23190-lead-memorial-park-campground,SD,Memorial Park Campground,Beadle / Huron,sd_public_discovery_coordinate_or_correction_rescue_v23190,Modern Campgrounds,add_candidate,High,Worker 5 public-discovery return; source trail retained from worker table,Official city address: 10 Jersey Ave NE; exact campground-loop pin required before import,No honest lat/lng was supplied in the worker active/correction table.,"Perform coordinate rescue using official/operator map, reservation map, Google/Apple/Bing map POI, OSM/Overpass POI, aerial imagery, parcel/GIS, agency/operator contact, or georeferenced official PDF. Import only when the point lands on the campground/camping area/entrance and does not use an office, lake center, park centroid, boat ramp, or other proxy.",,v23.1.90,Huron city confirms 24 full hookups and campground package details. (Huron SD) City campground on James River/Ravine Lake area; verify exact entrance/loop before pinning.
sd-v23190-lead-red-wilk-campground,SD,Red Wilk Campground,Beadle / Huron,sd_public_discovery_coordinate_or_correction_rescue_v23190,Private Campgrounds,add_candidate,High,Worker 5 public-discovery return; source trail retained from worker table,Huron visitor listing address: 1562 Old Highway 14; exact pin required,No honest lat/lng was supplied in the worker active/correction table.,"Perform coordinate rescue using official/operator map, reservation map, Google/Apple/Bing map POI, OSM/Overpass POI, aerial imagery, parcel/GIS, agency/operator contact, or georeferenced official PDF. Import only when the point lands on the campground/camping area/entrance and does not use an office, lake center, park centroid, boat ramp, or other proxy.",,v23.1.90,Huron visitor page lists 46 camping spots with full hookups and reservation phone. (Huron South Dakota) Private full-hookup campground near SD State Fairgrounds; verify operator/current rates.
sd-v23190-lead-south-dakota-state-fairgrounds-campground,SD,South Dakota State Fairgrounds Campground,Beadle / Huron,sd_public_discovery_coordinate_or_correction_rescue_v23190,Modern Campgrounds,add_candidate,High,Worker 5 public-discovery return; source trail retained from worker table,Official fairgrounds/city address: 1060 3rd St SW; exact camping area/Lot J pin required,No honest lat/lng was supplied in the worker active/correction table.,"Perform coordinate rescue using official/operator map, reservation map, Google/Apple/Bing map POI, OSM/Overpass POI, aerial imagery, parcel/GIS, agency/operator contact, or georeferenced official PDF. Import only when the point lands on the campground/camping area/entrance and does not use an office, lake center, park centroid, boat ramp, or other proxy.",,v23.1.90,"Huron city and SD State Fair pages confirm year-round/nightly camping and large fairgrounds campground. (Huron SD) Fairgrounds camping; verify current public availability, event restrictions, and exact nightly-camping lot."
sd-v23190-lead-gross-hill-campground,SD,Gross Hill Campground,Beadle / Lake Byron,sd_public_discovery_coordinate_or_correction_rescue_v23190,Private Campgrounds,add_candidate,High,Worker 5 public-discovery return; source trail retained from worker table,Official city tourism listing/address: 40426 North Shore Road; exact camping loop pin required,No honest lat/lng was supplied in the worker active/correction table.,"Perform coordinate rescue using official/operator map, reservation map, Google/Apple/Bing map POI, OSM/Overpass POI, aerial imagery, parcel/GIS, agency/operator contact, or georeferenced official PDF. Import only when the point lands on the campground/camping area/entrance and does not use an office, lake center, park centroid, boat ramp, or other proxy.",,v23.1.90,Huron official camping page lists 46 full-hookup sites. (Huron SD) Operator-listed campground near Lake Byron; verify public transient availability.
sd-lead-broad-black-hills-nf-dispersed-rule-area,SD,Black Hills National Forest dispersed camping rule / MVUM area,Black Hills NF / western SD,GIS / area-outline,Boondocking / Dispersed,gis_extraction_needed,High,Prior worker/supervisor return,NO HONEST COORDINATE FOUND,Broad dispersed-rule area not imported because fake broad pin would be dishonest.,"MVUM/GIS extraction, official dispersed rule-area geometry, road/vehicle-use dataset, or area-outline schema.",Several individual Black Hills NF campgrounds active; broad dispersed rule area not active,v23.1.54-historical-backfill,"ADD TO data/leads.js. High-value future area-outline target, but no forest centroid nonsense."
sd-lead-black-hills-nf-dispersed-mvum-geometry-upgrade,SD,Black Hills NF dispersed camping MVUM / area-marker geometry upgrade,Black Hills National Forest,gis_extraction_needed / area_outline_followup,Boondocking / Dispersed,gis_extraction_needed,High,USFS Black Hills NF MVUM / official maps / v23.1.51 active markers,AREA/RULE MARKER ONLY,SD v23.1.51 added boondocking area markers; W10 should preserve future official geometry extraction rather than rediscover the same markers.,Add leads.js geometry-upgrade row tied to active SD v23.1.51 markers; extract MVUM/road/open-area geometry later.,Active SD v23.1.51 added 4 Boondocking / Dispersed area markers,v23.1.54-historical-backfill,Do not create forest-center point.
sd-v23190-lead-tabor-lakeside-use-area,SD,Tabor Lakeside Use Area,Bon Homme / Tabor,sd_public_discovery_coordinate_or_correction_rescue_v23190,Rustic / Primitive,add_candidate,High,Worker 5 public-discovery return; source trail retained from worker table,Official GFP L.U.A. and tourism source; exact camping area pin required,No honest lat/lng was supplied in the worker active/correction table.,"Perform coordinate rescue using official/operator map, reservation map, Google/Apple/Bing map POI, OSM/Overpass POI, aerial imagery, parcel/GIS, agency/operator contact, or georeferenced official PDF. Import only when the point lands on the campground/camping area/entrance and does not use an office, lake center, park centroid, boat ramp, or other proxy.",,v23.1.90,"GFP lakeside-use list and Tabor tourism page support primitive camping. (South Dakota Game, Fish, and Parks) Primitive lakeside-use camping; verify exact legal camping area before import."
sd-v23190-lead-sand-creek-lakeside-use-area,SD,Sand Creek Lakeside Use Area,Bon Homme / Tabor-Springfield area,sd_public_discovery_coordinate_or_correction_rescue_v23190,Rustic / Primitive,add_candidate,High,Worker 5 public-discovery return; source trail retained from worker table,Official GFP L.U.A. and tourism source; exact camping area pin required,No honest lat/lng was supplied in the worker active/correction table.,"Perform coordinate rescue using official/operator map, reservation map, Google/Apple/Bing map POI, OSM/Overpass POI, aerial imagery, parcel/GIS, agency/operator contact, or georeferenced official PDF. Import only when the point lands on the campground/camping area/entrance and does not use an office, lake center, park centroid, boat ramp, or other proxy.",,v23.1.90,"GFP lakeside-use list and Tabor tourism page support non-electric/primitive camping. (South Dakota Game, Fish, and Parks) Primitive lakeside-use camping; popup must warn to verify current rules/access."
sd-v23190-lead-tyndall-city-campground,SD,Tyndall City Campground,Bon Homme / Tyndall,sd_public_discovery_coordinate_or_correction_rescue_v23190,Modern Campgrounds,add_candidate,High,Worker 5 public-discovery return; source trail retained from worker table,Official city location: 19th & Birch; exact campground pin required,No honest lat/lng was supplied in the worker active/correction table.,"Perform coordinate rescue using official/operator map, reservation map, Google/Apple/Bing map POI, OSM/Overpass POI, aerial imagery, parcel/GIS, agency/operator contact, or georeferenced official PDF. Import only when the point lands on the campground/camping area/entrance and does not use an office, lake center, park centroid, boat ramp, or other proxy.",,v23.1.90,"Tyndall city page confirms campground, electric, showers, dump station, year-round electricity. (City of Tyndall) Municipal campground; verify exact entrance/pads."
sd-v23190-lead-danceland-bar-grill-and-campground,SD,"Danceland Bar, Grill & Campground",Brookings / Lake Campbell,sd_public_discovery_coordinate_or_correction_rescue_v23190,Private Campgrounds,add_candidate,High,Worker 5 public-discovery return; source trail retained from worker table,Visitor/operator listing address/source; exact campground pad pin required,No honest lat/lng was supplied in the worker active/correction table.,"Perform coordinate rescue using official/operator map, reservation map, Google/Apple/Bing map POI, OSM/Overpass POI, aerial imagery, parcel/GIS, agency/operator contact, or georeferenced official PDF. Import only when the point lands on the campground/camping area/entrance and does not use an office, lake center, park centroid, boat ramp, or other proxy.",,v23.1.90,"Visit Brookings confirms camping pads for RVs, campers, and tents. (Visit Brookings) Private/operator campground south of Brookings near Lake Campbell."
sd-v23190-lead-brown-county-fairgrounds-camping,SD,Brown County Fairgrounds Camping,Brown / Aberdeen,sd_public_discovery_coordinate_or_correction_rescue_v23190,Modern Campgrounds,add_candidate,High,Worker 4 public-discovery return; source trail retained from worker table,Official fairgrounds area; exact camping-area coordinate needed,No honest lat/lng was supplied in the worker active/correction table.,"Perform coordinate rescue using official/operator map, reservation map, Google/Apple/Bing map POI, OSM/Overpass POI, aerial imagery, parcel/GIS, agency/operator contact, or georeferenced official PDF. Import only when the point lands on the campground/camping area/entrance and does not use an office, lake center, park centroid, boat ramp, or other proxy.",,v23.1.90,"Fairgrounds lists public camping areas, water/electric and full-hookup counts, rates, and fair-week restriction. (Brown County) Fairgrounds campground; no campsites available during Brown County Fair"
sd-v23190-lead-richmond-lake-recreation-area-campground,SD,Richmond Lake Recreation Area Campground,Brown / Aberdeen area,sd_public_discovery_coordinate_or_correction_rescue_v23190,Modern Campgrounds,add_candidate,High,Worker 4 public-discovery return; source trail retained from worker table,Tourism/official address; exact loop coordinate needed,No honest lat/lng was supplied in the worker active/correction table.,"Perform coordinate rescue using official/operator map, reservation map, Google/Apple/Bing map POI, OSM/Overpass POI, aerial imagery, parcel/GIS, agency/operator contact, or georeferenced official PDF. Import only when the point lands on the campground/camping area/entrance and does not use an office, lake center, park centroid, boat ramp, or other proxy.",,v23.1.90,"Listing shows 24-site campground, 30/50 amp, restroom, dump/fill, cabin. (South Dakota Glacial Lakes and Prairies) State recreation area campground"
sd-v23190-lead-bigfoot-campground-and-rv-park,SD,BigFoot Campground & RV Park,Brown / Groton,sd_public_discovery_coordinate_or_correction_rescue_v23190,Private Campgrounds,add_candidate,High,Worker 4 public-discovery return; source trail retained from worker table,Operator/contact address; exact coordinate needed,No honest lat/lng was supplied in the worker active/correction table.,"Perform coordinate rescue using official/operator map, reservation map, Google/Apple/Bing map POI, OSM/Overpass POI, aerial imagery, parcel/GIS, agency/operator contact, or georeferenced official PDF. Import only when the point lands on the campground/camping area/entrance and does not use an office, lake center, park centroid, boat ramp, or other proxy.",,v23.1.90,"Operator/contact page gives 1502 North Broadway, Groton; TravelSD says open year-round. (Bigfoot Campground) Private RV park/campground"
sd-v23190-lead-river-city-campground,SD,River City Campground,Brule / Chamberlain,sd_public_discovery_coordinate_or_correction_rescue_v23190,Private Campgrounds,needs_verification,High,Worker 3 public-discovery return; source trail retained from worker table,Operator address only; coordinate rescue required,No honest lat/lng was supplied in the worker active/correction table. Worker returned this as Needs Verification or coordinate-verification required.,"Perform coordinate rescue using official/operator map, reservation map, Google/Apple/Bing map POI, OSM/Overpass POI, aerial imagery, parcel/GIS, agency/operator contact, or georeferenced official PDF. Import only when the point lands on the campground/camping area/entrance and does not use an office, lake center, park centroid, boat ramp, or other proxy.",,v23.1.90,"Operator page: full-hookup seasonal RV park, all sites require reservation, address 333 East Prospect Ave. (River City Campground) Confirm transient/public overnight availability vs full-time/seasonal RV-only before map add."
sd-lead-american-creek-campground-chamberlain-official-proof-coordinate-rescue,SD,American Creek Campground / City of Chamberlain Park,Brule / Chamberlain / Lake Francis Case,coordinate_rescue,Modern Campgrounds or Rustic / Primitive after proof,coordinate_rescue,High,Discovery lead; official city/operator proof needed,NO HONEST ACTIVE COORDINATE ACCEPTED,"Do not use American Creek, river, bridge, marina, or city-center proxy.",Extract official city/operator campground address/map/reservation coordinate; classify by amenities.,,v23.1.70,
sd-lead-buffalo-gap-ng-pinnacles-baja-geometry,SD,Buffalo Gap NG / Pinnacles / Baja OHV dispersed geometry and duplicate cleanup,Buffalo Gap NG / Badlands edge,area_outline_followup / duplicate_watch,Boondocking / Dispersed,area_outline_followup,High,USFS/MVUM / official maps / active SD records,AREA/RULE MARKER ONLY,Prior Worker 3 flagged Buffalo Gap dispersed leads including Pinnacles/Baja OHV and duplicate/correction notes.,"Check active SD for Pinnacles/Baja/Fort Pierre entries; extract USFS/MVUM geometry; update active rows or add a single geometry-upgrade lead, not duplicate pins.",Possible active v23.1.51 records,v23.1.54-historical-backfill,Treat as duplicate-watch as much as a geometry lead.
sd-v23190-lead-riverside-campground,SD,Riverside Campground,Butte / Belle Fourche,sd_public_discovery_coordinate_or_correction_rescue_v23190,Private Campgrounds,needs_verification,High,Worker 1 public-discovery return; source trail retained from worker table,Operator/listing address available: 418 9th Ave.; exact campground coordinate needed,No honest lat/lng was supplied in the worker active/correction table. Worker returned this as Needs Verification or coordinate-verification required.,"Perform coordinate rescue using official/operator map, reservation map, Google/Apple/Bing map POI, OSM/Overpass POI, aerial imagery, parcel/GIS, agency/operator contact, or georeferenced official PDF. Import only when the point lands on the campground/camping area/entrance and does not use an office, lake center, park centroid, boat ramp, or other proxy.",,v23.1.90,Operator/tourism source. (BFRiversideCG) Public-facing local/private campground.
sd-v23190-lead-hendersons-hideaway-wyatts-hideaway-campground,SD,Henderson’s Hideaway / Wyatt’s Hideaway Campground,Butte / Belle Fourche area,sd_public_discovery_coordinate_or_correction_rescue_v23190,Private Campgrounds,needs_verification,High,Worker 1 public-discovery return; source trail retained from worker table,Public listing; exact operator coordinate needed,No honest lat/lng was supplied in the worker active/correction table. Worker returned this as Needs Verification or coordinate-verification required.,"Perform coordinate rescue using official/operator map, reservation map, Google/Apple/Bing map POI, OSM/Overpass POI, aerial imagery, parcel/GIS, agency/operator contact, or georeferenced official PDF. Import only when the point lands on the campground/camping area/entrance and does not use an office, lake center, park centroid, boat ramp, or other proxy.",,v23.1.90,"Listing describes 13-acre campground three miles from Belle Fourche, formerly Wyatt’s Hideaway. (Camp In South Dakota) Verify current name/operator before import."
sd-v23190-lead-white-swan-lakeside-use-area,SD,White Swan Lakeside Use Area,Charles Mix / Lake Andes,sd_public_discovery_coordinate_or_correction_rescue_v23190,Rustic / Primitive,needs_verification,High,Worker 3 public-discovery return; source trail retained from worker table,Official directional text only,No honest lat/lng was supplied in the worker active/correction table. Worker returned this as Needs Verification or coordinate-verification required.,"Perform coordinate rescue using official/operator map, reservation map, Google/Apple/Bing map POI, OSM/Overpass POI, aerial imagery, parcel/GIS, agency/operator contact, or georeferenced official PDF. Import only when the point lands on the campground/camping area/entrance and does not use an office, lake center, park centroid, boat ramp, or other proxy.",,v23.1.90,"GFP LSA marks White Swan as camping. (South Dakota Game, Fish, and Parks) Official camping lead; needs exact camping-area coordinate and amenities check."
sd-v23190-lead-clay-county-park-campground,SD,Clay County Park Campground,Clay / Vermillion area,sd_public_discovery_coordinate_or_correction_rescue_v23190,Modern Campgrounds,add_candidate,High,Worker 5 public-discovery return; source trail retained from worker table,Reservation/chamber proof; exact campground loop pin required,No honest lat/lng was supplied in the worker active/correction table.,"Perform coordinate rescue using official/operator map, reservation map, Google/Apple/Bing map POI, OSM/Overpass POI, aerial imagery, parcel/GIS, agency/operator contact, or georeferenced official PDF. Import only when the point lands on the campground/camping area/entrance and does not use an office, lake center, park centroid, boat ramp, or other proxy.",,v23.1.90,GoOutdoors reservation and Vermillion chamber list Clay County Park as campground/RV park. (Go Outdoors South Dakota) County campground; verify exact loop and amenities from park map/reservation map.
sd-v23190-lead-coyote-campground-at-joy-ranch,SD,Coyote Campground at Joy Ranch,Codington / Florence-Watertown area,sd_public_discovery_coordinate_or_correction_rescue_v23190,Private Campgrounds,add_candidate,High,Worker 4 public-discovery return; source trail retained from worker table,Operator/tourism address; exact campground coordinate needed,No honest lat/lng was supplied in the worker active/correction table.,"Perform coordinate rescue using official/operator map, reservation map, Google/Apple/Bing map POI, OSM/Overpass POI, aerial imagery, parcel/GIS, agency/operator contact, or georeferenced official PDF. Import only when the point lands on the campground/camping area/entrance and does not use an office, lake center, park centroid, boat ramp, or other proxy.",,v23.1.90,"Watertown directory and Joy Ranch page state 11 sites with electric/water, dump station, fire rings, picnic tables. (Visit Watertown SD) Nonprofit/private campground at Joy Ranch"
sd-v23190-lead-codington-county-memorial-park-campground,SD,Codington County Memorial Park Campground,Codington / Lake Kampeska,sd_public_discovery_coordinate_or_correction_rescue_v23190,Modern Campgrounds,add_candidate,High,Worker 4 public-discovery return; source trail retained from worker table,Official county page; exact campground coordinate/map needed,No honest lat/lng was supplied in the worker active/correction table.,"Perform coordinate rescue using official/operator map, reservation map, Google/Apple/Bing map POI, OSM/Overpass POI, aerial imagery, parcel/GIS, agency/operator contact, or georeferenced official PDF. Import only when the point lands on the campground/camping area/entrance and does not use an office, lake center, park centroid, boat ramp, or other proxy.",,v23.1.90,"County page identifies Memorial Park as 90+ acre campground/picnic area; directory lists 107 sites, hookups, dump, showers. (Codington County) County campground; verify campground-loop point from brochure/map"
sd-v23190-lead-sandy-shore-recreation-area-campground,SD,Sandy Shore Recreation Area Campground,Codington / Lake Kampeska,sd_public_discovery_coordinate_or_correction_rescue_v23190,Modern Campgrounds,add_candidate,High,Worker 4 public-discovery return; source trail retained from worker table,Official/tourism address; exact loop coordinate needed,No honest lat/lng was supplied in the worker active/correction table.,"Perform coordinate rescue using official/operator map, reservation map, Google/Apple/Bing map POI, OSM/Overpass POI, aerial imagery, parcel/GIS, agency/operator contact, or georeferenced official PDF. Import only when the point lands on the campground/camping area/entrance and does not use an office, lake center, park centroid, boat ramp, or other proxy.",,v23.1.90,"GFP/Watertown sources show camping pads, tent sites, electricity, modern campsites, comfort station. (South Dakota Game, Fish, and Parks) State recreation area on Lake Kampeska"
sd-v23190-lead-pelican-lake-recreation-area-campground,SD,Pelican Lake Recreation Area Campground,Codington / Watertown,sd_public_discovery_coordinate_or_correction_rescue_v23190,Modern Campgrounds,add_candidate,High,Worker 4 public-discovery return; source trail retained from worker table,Official/tourism address; exact loop coordinate needed,No honest lat/lng was supplied in the worker active/correction table.,"Perform coordinate rescue using official/operator map, reservation map, Google/Apple/Bing map POI, OSM/Overpass POI, aerial imagery, parcel/GIS, agency/operator contact, or georeferenced official PDF. Import only when the point lands on the campground/camping area/entrance and does not use an office, lake center, park centroid, boat ramp, or other proxy.",,v23.1.90,Listing/search shows campground/cabins and 83 campsites with 50 amp/dump station. (South Dakota Glacial Lakes and Prairies) State recreation area campground
sd-v23190-lead-prairie-pasque-campground,SD,Prairie Pasque Campground,Codington / Watertown,sd_public_discovery_coordinate_or_correction_rescue_v23190,Private Campgrounds,add_candidate,High,Worker 4 public-discovery return; source trail retained from worker table,Operator/tourism address; exact coordinate needed,No honest lat/lng was supplied in the worker active/correction table.,"Perform coordinate rescue using official/operator map, reservation map, Google/Apple/Bing map POI, OSM/Overpass POI, aerial imagery, parcel/GIS, agency/operator contact, or georeferenced official PDF. Import only when the point lands on the campground/camping area/entrance and does not use an office, lake center, park centroid, boat ramp, or other proxy.",,v23.1.90,"Watertown directory/operator says 15 RV pads/full hookups, open mid-April–mid-October. (Visit Watertown SD) Former Watertown Mobile Estates campground; private full-hookup campground"
sd-v23190-lead-south-81-rv-court,SD,South 81 RV Court,Codington / Watertown,sd_public_discovery_coordinate_or_correction_rescue_v23190,Private Campgrounds,add_candidate,High,Worker 4 public-discovery return; source trail retained from worker table,Tourism address; exact coordinate needed,No honest lat/lng was supplied in the worker active/correction table.,"Perform coordinate rescue using official/operator map, reservation map, Google/Apple/Bing map POI, OSM/Overpass POI, aerial imagery, parcel/GIS, agency/operator contact, or georeferenced official PDF. Import only when the point lands on the campground/camping area/entrance and does not use an office, lake center, park centroid, boat ramp, or other proxy.",,v23.1.90,"Watertown directory says 17 full-hookup drive-through RV pads, no tent spots. (Visit Watertown SD) Private RV court; verify transient vs long-term policy before import"
sd-lead-watertown-memorial-park-campground-lake-kampeska,SD,Memorial Park Campground / Lake Kampeska camping,Codington / Watertown / Lake Kampeska,coordinate_rescue,Modern Campgrounds or Rustic / Primitive TBD,coordinate_rescue,High,Public discovery / local park lead; official city/county proof needed,NO HONEST ACTIVE COORDINATE ACCEPTED,Realistic missed local campground lead but not import-safe yet.,Acquire official Memorial Park campground page/map or city/county reservation metadata; then address-map check.,,v23.1.70,
sd-lead-watertown-stokes-thomas-lake-city-park-campground,SD,Stokes-Thomas Lake City Park Campground,Codington / Watertown / Lake Kampeska,coordinate_rescue,Modern Campgrounds or Rustic / Primitive TBD,coordinate_rescue,High,Public discovery / local city park lead,NO HONEST ACTIVE COORDINATE ACCEPTED,Keep durable lead so it is not silently missed again.,Normal browser city parks/reservation search; coordinate from official map or map-checked campground address.,,v23.1.70,
sd-v23190-lead-buffalo-ridge-camp-resort,SD,Buffalo Ridge Camp Resort,Custer / Custer,sd_public_discovery_coordinate_or_correction_rescue_v23190,Private Campgrounds,needs_verification,High,Worker 1 public-discovery return; source trail retained from worker table,Operator proof; exact campground coordinate needed,No honest lat/lng was supplied in the worker active/correction table. Worker returned this as Needs Verification or coordinate-verification required.,"Perform coordinate rescue using official/operator map, reservation map, Google/Apple/Bing map POI, OSM/Overpass POI, aerial imagery, parcel/GIS, agency/operator contact, or georeferenced official PDF. Import only when the point lands on the campground/camping area/entrance and does not use an office, lake center, park centroid, boat ramp, or other proxy.",,v23.1.90,"Operator source lists camping, cabins, glamping, tent sites, RV hookups. (Custer Hospitality) Public-facing private campground."
sd-v23190-lead-fort-welikit-family-campground,SD,Fort Welikit Family Campground,Custer / Custer,sd_public_discovery_coordinate_or_correction_rescue_v23190,Private Campgrounds,needs_verification,High,Worker 1 public-discovery return; source trail retained from worker table,Operator proof; exact campground coordinate needed,No honest lat/lng was supplied in the worker active/correction table. Worker returned this as Needs Verification or coordinate-verification required.,"Perform coordinate rescue using official/operator map, reservation map, Google/Apple/Bing map POI, OSM/Overpass POI, aerial imagery, parcel/GIS, agency/operator contact, or georeferenced official PDF. Import only when the point lands on the campground/camping area/entrance and does not use an office, lake center, park centroid, boat ramp, or other proxy.",,v23.1.90,"Operator/tourism source lists full-hookup, rustic, and group sites one mile north of Custer. (fort-welikit-rv) Public-facing private campground."
sd-v23190-lead-dakota-campground,SD,Dakota Campground,Davison / Mitchell,sd_public_discovery_coordinate_or_correction_rescue_v23190,Private Campgrounds,add_candidate,High,Worker 5 public-discovery return; source trail retained from worker table,Operator address: 1800 W Spruce Ave; exact campground pin required,No honest lat/lng was supplied in the worker active/correction table.,"Perform coordinate rescue using official/operator map, reservation map, Google/Apple/Bing map POI, OSM/Overpass POI, aerial imagery, parcel/GIS, agency/operator contact, or georeferenced official PDF. Import only when the point lands on the campground/camping area/entrance and does not use an office, lake center, park centroid, boat ramp, or other proxy.",,v23.1.90,Dakota Campground operator page confirms location and campground. (Dakota Campground) Private campground in Mitchell; verify entrance/loop.
sd-v23190-lead-mitchell-koa-journey,SD,Mitchell KOA Journey,Davison / Mitchell,sd_public_discovery_coordinate_or_correction_rescue_v23190,Private Campgrounds,add_candidate,High,Worker 5 public-discovery return; source trail retained from worker table,Operator proof; exact campground pin required,No honest lat/lng was supplied in the worker active/correction table.,"Perform coordinate rescue using official/operator map, reservation map, Google/Apple/Bing map POI, OSM/Overpass POI, aerial imagery, parcel/GIS, agency/operator contact, or georeferenced official PDF. Import only when the point lands on the campground/camping area/entrance and does not use an office, lake center, park centroid, boat ramp, or other proxy.",,v23.1.90,KOA page confirms Mitchell KOA Journey. (KOA) Private KOA campground near I-90.
sd-v23190-lead-pickerel-lake-recreation-area-campgrounds,SD,Pickerel Lake Recreation Area Campgrounds,Day / Grenville-Waubay area,sd_public_discovery_coordinate_or_correction_rescue_v23190,Modern Campgrounds,add_candidate,High,Worker 4 public-discovery return; source trail retained from worker table,Official GFP; two campground units need separate coordinates,No honest lat/lng was supplied in the worker active/correction table.,"Perform coordinate rescue using official/operator map, reservation map, Google/Apple/Bing map POI, OSM/Overpass POI, aerial imagery, parcel/GIS, agency/operator contact, or georeferenced official PDF. Import only when the point lands on the campground/camping area/entrance and does not use an office, lake center, park centroid, boat ramp, or other proxy.",,v23.1.90,"GFP says 2 campgrounds, 65 campsites, 7 cabins, 1 modern cabin. (South Dakota Game, Fish, and Parks) State recreation area; map East/West campgrounds separately if coordinates recovered"
sd-v23190-lead-bettys-camping,SD,Betty’s Camping,Day / Waubay,sd_public_discovery_coordinate_or_correction_rescue_v23190,Private Campgrounds,add_candidate,High,Worker 4 public-discovery return; source trail retained from worker table,Tourism/operator listing; exact coordinate needed,No honest lat/lng was supplied in the worker active/correction table.,"Perform coordinate rescue using official/operator map, reservation map, Google/Apple/Bing map POI, OSM/Overpass POI, aerial imagery, parcel/GIS, agency/operator contact, or georeferenced official PDF. Import only when the point lands on the campground/camping area/entrance and does not use an office, lake center, park centroid, boat ramp, or other proxy.",,v23.1.90,"Listing gives Waubay address and pull-through, electric/water/sewer, dump station, April–October. (South Dakota Glacial Lakes and Prairies) Private campground; no showers per listing"
sd-v23190-lead-boomers-outback-lodge-cabins-and-campground,SD,"Boomers Outback Lodge, Cabins & Campground",Day / Webster,sd_public_discovery_coordinate_or_correction_rescue_v23190,Private Campgrounds,add_candidate,High,Worker 4 public-discovery return; source trail retained from worker table,Tourism/operator listing; exact coordinate needed,No honest lat/lng was supplied in the worker active/correction table.,"Perform coordinate rescue using official/operator map, reservation map, Google/Apple/Bing map POI, OSM/Overpass POI, aerial imagery, parcel/GIS, agency/operator contact, or georeferenced official PDF. Import only when the point lands on the campground/camping area/entrance and does not use an office, lake center, park centroid, boat ramp, or other proxy.",,v23.1.90,Listing gives Webster address and 5 full-service pads plus cabins/lodging. (South Dakota Glacial Lakes and Prairies) Private lodge/campground
sd-v23190-lead-icerock-campground,SD,IceRock Campground,Day / Webster,sd_public_discovery_coordinate_or_correction_rescue_v23190,Private Campgrounds,add_candidate,High,Worker 4 public-discovery return; source trail retained from worker table,Operator address; coordinate rescue needed,No honest lat/lng was supplied in the worker active/correction table.,"Perform coordinate rescue using official/operator map, reservation map, Google/Apple/Bing map POI, OSM/Overpass POI, aerial imagery, parcel/GIS, agency/operator contact, or georeferenced official PDF. Import only when the point lands on the campground/camping area/entrance and does not use an office, lake center, park centroid, boat ramp, or other proxy.",,v23.1.90,"Operator page says full hookups/gravel pads; contact page gives 13486 SD Hwy 25, Webster. (IceRock Campground, LLC) Private campground; “permanent campground” wording means verify transient/nightly availability"
sd-v23190-lead-lake-country-campground,SD,Lake Country Campground,Day/Hamlin/Codington edge / Waubay-Pickerel area,sd_public_discovery_coordinate_or_correction_rescue_v23190,Private Campgrounds,add_candidate,High,Worker 4 public-discovery return; source trail retained from worker table,Operator page; address/coordinate rescue needed,No honest lat/lng was supplied in the worker active/correction table.,"Perform coordinate rescue using official/operator map, reservation map, Google/Apple/Bing map POI, OSM/Overpass POI, aerial imagery, parcel/GIS, agency/operator contact, or georeferenced official PDF. Import only when the point lands on the campground/camping area/entrance and does not use an office, lake center, park centroid, boat ramp, or other proxy.",,v23.1.90,"Operator page describes full-service campground, bath house, fish cleaning, near Waubay/Pick/Enemy Swim/Bitter/Blue Dog. (Lake Country Campground) Private campground; do not use lake-center pin"
sd-v23190-lead-ulven-park-clear-lake-city-park-campground,SD,Ulven Park / Clear Lake City Park Campground,Deuel / Clear Lake,sd_public_discovery_coordinate_or_correction_rescue_v23190,Modern Campgrounds,add_candidate,High,Worker 4 public-discovery return; source trail retained from worker table,Official city park address; exact campground point needed,No honest lat/lng was supplied in the worker active/correction table.,"Perform coordinate rescue using official/operator map, reservation map, Google/Apple/Bing map POI, OSM/Overpass POI, aerial imagery, parcel/GIS, agency/operator contact, or georeferenced official PDF. Import only when the point lands on the campground/camping area/entrance and does not use an office, lake center, park centroid, boat ramp, or other proxy.",,v23.1.90,"Clear Lake official parks page says Ulven Park offers camping, fishing, water sports, nature trail. (Clear Lake SD) Municipal lake campground; verify current site count/utility details"
sd-v23190-lead-lake-cochrane-recreation-area-campground,SD,Lake Cochrane Recreation Area Campground,Deuel / Gary-Clear Lake area,sd_public_discovery_coordinate_or_correction_rescue_v23190,Modern Campgrounds,add_candidate,High,Worker 4 public-discovery return; source trail retained from worker table,Official GFP directions; exact loop coordinate needed,No honest lat/lng was supplied in the worker active/correction table.,"Perform coordinate rescue using official/operator map, reservation map, Google/Apple/Bing map POI, OSM/Overpass POI, aerial imagery, parcel/GIS, agency/operator contact, or georeferenced official PDF. Import only when the point lands on the campground/camping area/entrance and does not use an office, lake center, park centroid, boat ramp, or other proxy.",,v23.1.90,"GFP lists 30 campsites and 1 camping cabin, 10 miles east of Clear Lake. (South Dakota Game, Fish, and Parks) State recreation area campground; verify exact campground entrance/loop"
sd-v23190-lead-armour-lions-park-campground,SD,Armour Lions Park Campground,Douglas / Armour,sd_public_discovery_coordinate_or_correction_rescue_v23190,Modern Campgrounds,add_candidate,High,Worker 5 public-discovery return; source trail retained from worker table,Official city park proof; exact campground pin required,No honest lat/lng was supplied in the worker active/correction table.,"Perform coordinate rescue using official/operator map, reservation map, Google/Apple/Bing map POI, OSM/Overpass POI, aerial imagery, parcel/GIS, agency/operator contact, or georeferenced official PDF. Import only when the point lands on the campground/camping area/entrance and does not use an office, lake center, park centroid, boat ramp, or other proxy.",,v23.1.90,"Armour official page confirms 10 camping pads, cabins, bathhouse, dump station. (armoursd.com) Municipal campground; verify pad area within Lions Park."
sd-lead-east-river-gpa-wma-camping-rule-review,SD,East River Game Production Area / WMA-style camping rule review,East River / Glacial Lakes / James-Big Sioux-Vermillion corridors,coordinate_rescue,Boondocking / Dispersed possible; hold as rule lead,coordinate_rescue,High,Official rule/GIS acquisition needed,NO HONEST ACTIVE COORDINATE ACCEPTED,Important non-modern check; do not add an area marker until official camping legality and geometry are proven.,Source-system pass for SD GFP GPA/WIA/WMA camping rules and GIS boundaries.,,v23.1.70,
sd-v23190-lead-mina-lake-recreation-area-campground,SD,Mina Lake Recreation Area Campground,Edmunds / Mina,sd_public_discovery_coordinate_or_correction_rescue_v23190,Modern Campgrounds,add_candidate,High,Worker 4 public-discovery return; source trail retained from worker table,Tourism/official address; exact loop coordinate needed,No honest lat/lng was supplied in the worker active/correction table.,"Perform coordinate rescue using official/operator map, reservation map, Google/Apple/Bing map POI, OSM/Overpass POI, aerial imagery, parcel/GIS, agency/operator contact, or georeferenced official PDF. Import only when the point lands on the campground/camping area/entrance and does not use an office, lake center, park centroid, boat ramp, or other proxy.",,v23.1.90,"Listing shows 37-site campground, 30/50 amp, restroom, dump/fill, cabin/modern cabin. (South Dakota Glacial Lakes and Prairies) State recreation area campground"
sd-v23190-lead-allen-ranch-campground,SD,Allen Ranch Campground,Fall River / Hot Springs,sd_public_discovery_coordinate_or_correction_rescue_v23190,Private Campgrounds,needs_verification,High,Worker 1 public-discovery return; source trail retained from worker table,Operator proof; exact campground coordinate needed,No honest lat/lng was supplied in the worker active/correction table. Worker returned this as Needs Verification or coordinate-verification required.,"Perform coordinate rescue using official/operator map, reservation map, Google/Apple/Bing map POI, OSM/Overpass POI, aerial imagery, parcel/GIS, agency/operator contact, or georeferenced official PDF. Import only when the point lands on the campground/camping area/entrance and does not use an office, lake center, park centroid, boat ramp, or other proxy.",,v23.1.90,"Operator/chamber sources list RV sites, tent sites, tipi/glamping, showers/restrooms. (Allen Ranch Campground) Public-facing private campground."
sd-v23190-lead-fall-river-ranch-rv-resort,SD,Fall River Ranch RV Resort,Fall River / Hot Springs,sd_public_discovery_coordinate_or_correction_rescue_v23190,Private Campgrounds,needs_verification,High,Worker 1 public-discovery return; source trail retained from worker table,Operator address available: 1701 US-18 Bypass; exact campground coordinate needed,No honest lat/lng was supplied in the worker active/correction table. Worker returned this as Needs Verification or coordinate-verification required.,"Perform coordinate rescue using official/operator map, reservation map, Google/Apple/Bing map POI, OSM/Overpass POI, aerial imagery, parcel/GIS, agency/operator contact, or georeferenced official PDF. Import only when the point lands on the campground/camping area/entrance and does not use an office, lake center, park centroid, boat ramp, or other proxy.",,v23.1.90,Operator source lists RV parking/camping. (Fall River Ranch RV Resort) Public-facing private campground.
sd-v23190-lead-hot-springs-black-hills-koa-holiday,SD,Hot Springs / Black Hills KOA Holiday,Fall River / Hot Springs,sd_public_discovery_coordinate_or_correction_rescue_v23190,Private Campgrounds,needs_verification,High,Worker 1 public-discovery return; source trail retained from worker table,KOA/operator proof; exact campground coordinate needed,No honest lat/lng was supplied in the worker active/correction table. Worker returned this as Needs Verification or coordinate-verification required.,"Perform coordinate rescue using official/operator map, reservation map, Google/Apple/Bing map POI, OSM/Overpass POI, aerial imagery, parcel/GIS, agency/operator contact, or georeferenced official PDF. Import only when the point lands on the campground/camping area/entrance and does not use an office, lake center, park centroid, boat ramp, or other proxy.",,v23.1.90,"KOA/operator source lists RV, tent, and cabin camping near Hot Springs. (KOA) Public-facing private campground."
sd-v23190-lead-lake-faulkton-camping,SD,Lake Faulkton Camping,Faulk / Faulkton,sd_public_discovery_coordinate_or_correction_rescue_v23190,Modern Campgrounds,needs_verification,High,Worker 4 public-discovery return; source trail retained from worker table,Broad city/tourism statement only; exact campground/rule missing,No honest lat/lng was supplied in the worker active/correction table. Worker returned this as Needs Verification or coordinate-verification required.,"Perform coordinate rescue using official/operator map, reservation map, Google/Apple/Bing map POI, OSM/Overpass POI, aerial imagery, parcel/GIS, agency/operator contact, or georeferenced official PDF. Import only when the point lands on the campground/camping area/entrance and does not use an office, lake center, park centroid, boat ramp, or other proxy.",,v23.1.90,"Glacial Lakes directory says camping available at Lake Faulkton. (South Dakota Glacial Lakes and Prairies) Separate from Faulkton City Park; needs exact location, rules, and amenities"
sd-lead-fort-pierre-ng-dispersed-mvum-geometry-upgrade,SD,Fort Pierre National Grassland dispersed/MVUM geometry upgrade,Fort Pierre National Grassland,gis_extraction_needed / area_outline_followup,Boondocking / Dispersed,gis_extraction_needed,High,USFS / Dakota Prairie or Nebraska NF & Grasslands maps / MVUM,AREA/RULE MARKER ONLY,"Prior SD deeper-dig flagged Fort Pierre MVUM-supported area work and v23.1.51 added area markers, but future official polygon/route extraction remains valuable.",Extract official grassland boundary/MVUM/open-camping rule geometry; link to active area marker if present.,Likely active SD v23.1.51 area marker,v23.1.54-historical-backfill,Do not use ranger office or grassland centroid as campsite.
sd-v23190-lead-hartford-beach-state-park-campground,SD,Hartford Beach State Park Campground,Grant / Big Stone Lake,sd_public_discovery_coordinate_or_correction_rescue_v23190,Modern Campgrounds,add_candidate,High,Worker 4 public-discovery return; source trail retained from worker table,Official GFP/tourism; exact campground coordinate needed,No honest lat/lng was supplied in the worker active/correction table.,"Perform coordinate rescue using official/operator map, reservation map, Google/Apple/Bing map POI, OSM/Overpass POI, aerial imagery, parcel/GIS, agency/operator contact, or georeferenced official PDF. Import only when the point lands on the campground/camping area/entrance and does not use an office, lake center, park centroid, boat ramp, or other proxy.",,v23.1.90,"GFP states Hartford Beach amenities include campgrounds; Milbank page says electric-hookup campsites/cabins. (South Dakota Game, Fish, and Parks) SD-side Big Stone Lake state park campground"
sd-v23190-lead-schmidts-landing,SD,Schmidt’s Landing,Grant / Big Stone Lake,sd_public_discovery_coordinate_or_correction_rescue_v23190,Private Campgrounds,add_candidate,High,Worker 4 public-discovery return; source trail retained from worker table,Operator page/address; exact coordinate needed,No honest lat/lng was supplied in the worker active/correction table.,"Perform coordinate rescue using official/operator map, reservation map, Google/Apple/Bing map POI, OSM/Overpass POI, aerial imagery, parcel/GIS, agency/operator contact, or georeferenced official PDF. Import only when the point lands on the campground/camping area/entrance and does not use an office, lake center, park centroid, boat ramp, or other proxy.",,v23.1.90,Operator says SD-side Big Stone Lake camping spots; TravelSD/directory gives Big Stone City area. (Schmidt's Landing) Private resort campground on SD side of Big Stone Lake
sd-v23190-lead-lake-farley-campground,SD,Lake Farley Campground,Grant / Milbank,sd_public_discovery_coordinate_or_correction_rescue_v23190,Modern Campgrounds,add_candidate,High,Worker 4 public-discovery return; source trail retained from worker table,Official city address; exact campground coordinate needed,No honest lat/lng was supplied in the worker active/correction table.,"Perform coordinate rescue using official/operator map, reservation map, Google/Apple/Bing map POI, OSM/Overpass POI, aerial imagery, parcel/GIS, agency/operator contact, or georeferenced official PDF. Import only when the point lands on the campground/camping area/entrance and does not use an office, lake center, park centroid, boat ramp, or other proxy.",,v23.1.90,Official city campground page gives season and 234 N Dakota Street; city parks page also lists Lake Farley Park campground. (Milbank SD) City campground; resolve 234 vs 302 N Dakota Street coordinate before import
sd-v23190-lead-whetstone-bay-lakeside-use-area,SD,Whetstone Bay Lakeside Use Area,Gregory / Bonesteel / Lake Francis Case,sd_public_discovery_coordinate_or_correction_rescue_v23190,Modern Campgrounds,needs_verification,High,Worker 3 public-discovery return; source trail retained from worker table,Official LSA text + PDF map; not georeferenced,No honest lat/lng was supplied in the worker active/correction table. Worker returned this as Needs Verification or coordinate-verification required.,"Perform coordinate rescue using official/operator map, reservation map, Google/Apple/Bing map POI, OSM/Overpass POI, aerial imagery, parcel/GIS, agency/operator contact, or georeferenced official PDF. Import only when the point lands on the campground/camping area/entrance and does not use an office, lake center, park centroid, boat ramp, or other proxy.",,v23.1.90,"GFP LSA marks Whetstone Bay entrance/self-serve/camping; PDF map shows campsite/electric-site layout. (South Dakota Game, Fish, and Parks) Add only after extracting honest campground-loop point or map-georeferenced coordinate."
sd-v23190-lead-south-shore-lakeside-use-area,SD,South Shore Lakeside Use Area,Gregory/Charles Mix / Fort Randall,sd_public_discovery_coordinate_or_correction_rescue_v23190,Rustic / Primitive,needs_verification,High,Worker 3 public-discovery return; source trail retained from worker table,Official directional text only,No honest lat/lng was supplied in the worker active/correction table. Worker returned this as Needs Verification or coordinate-verification required.,"Perform coordinate rescue using official/operator map, reservation map, Google/Apple/Bing map POI, OSM/Overpass POI, aerial imagery, parcel/GIS, agency/operator contact, or georeferenced official PDF. Import only when the point lands on the campground/camping area/entrance and does not use an office, lake center, park centroid, boat ramp, or other proxy.",,v23.1.90,"GFP LSA marks South Shore with entrance/self-serve/camping grouping. (South Dakota Game, Fish, and Parks) Coordinate rescue; avoid dam/boat-ramp proxy."
sd-v23190-lead-lake-waggoner-golf-course-and-campground,SD,Lake Waggoner Golf Course & Campground,Haakon / Philip,sd_public_discovery_coordinate_or_correction_rescue_v23190,Needs Verification,needs_verification,High,Worker 2 public-discovery return; source trail retained from worker table,Official address/reservation property only; exact camping loop/entrance not verified.,No honest lat/lng was supplied in the worker active/correction table. Worker returned this as Needs Verification or coordinate-verification required.,"Perform coordinate rescue using official/operator map, reservation map, Google/Apple/Bing map POI, OSM/Overpass POI, aerial imagery, parcel/GIS, agency/operator contact, or georeferenced official PDF. Import only when the point lands on the campground/camping area/entrance and does not use an office, lake center, park centroid, boat ramp, or other proxy.",,v23.1.90,Philip official city page gives campground location/address; reservation system shows nightly RV/tent inventory. (City of Philip) Public-facing Lake Waggoner campground north of Philip. Verify exact campground pin and amenities/layer before import.
sd-v23190-lead-castlewood-memorial-city-park-campground,SD,Castlewood Memorial City Park Campground,Hamlin / Castlewood,sd_public_discovery_coordinate_or_correction_rescue_v23190,Modern Campgrounds,add_candidate,High,Worker 4 public-discovery return; source trail retained from worker table,City/tourism listing; exact campsite loop coordinate needed,No honest lat/lng was supplied in the worker active/correction table.,"Perform coordinate rescue using official/operator map, reservation map, Google/Apple/Bing map POI, OSM/Overpass POI, aerial imagery, parcel/GIS, agency/operator contact, or georeferenced official PDF. Import only when the point lands on the campground/camping area/entrance and does not use an office, lake center, park centroid, boat ramp, or other proxy.",,v23.1.90,"Listing states 12 electrical campsites, fire pits, picnic tables, dump station. (South Dakota Glacial Lakes and Prairies) Municipal campground"
sd-v23190-lead-lake-poinsett-recreation-area-campgrounds,SD,Lake Poinsett Recreation Area Campgrounds,Hamlin/Brookings edge / Lake Poinsett,sd_public_discovery_coordinate_or_correction_rescue_v23190,Modern Campgrounds,add_candidate,High,Worker 4 public-discovery return; source trail retained from worker table,Official/tourism; scope-edge county verification needed,No honest lat/lng was supplied in the worker active/correction table.,"Perform coordinate rescue using official/operator map, reservation map, Google/Apple/Bing map POI, OSM/Overpass POI, aerial imagery, parcel/GIS, agency/operator contact, or georeferenced official PDF. Import only when the point lands on the campground/camping area/entrance and does not use an office, lake center, park centroid, boat ramp, or other proxy.",,v23.1.90,Listing/GFP search show 106+ campsites and camping cabins. (South Dakota Glacial Lakes and Prairies) Scope-edge candidate; verify campground footprint is within assigned geography before import
sd-v23190-lead-slim-buttes-lodge-and-campground,SD,Slim Buttes Lodge & Campground,Harding / Reva,sd_public_discovery_coordinate_or_correction_rescue_v23190,Private Campgrounds,add_candidate,High,Worker 2 public-discovery return; source trail retained from worker table,"Operator address only: 14703 SD Highway 20, Reva. No honest exact camping-loop coordinate surfaced.",No honest lat/lng was supplied in the worker active/correction table.,"Perform coordinate rescue using official/operator map, reservation map, Google/Apple/Bing map POI, OSM/Overpass POI, aerial imagery, parcel/GIS, agency/operator contact, or georeferenced official PDF. Import only when the point lands on the campground/camping area/entrance and does not use an office, lake center, park centroid, boat ramp, or other proxy.",,v23.1.90,"Operator site gives physical address/name; social/operator snippet says RV hookups. (Slim Buttes Lodge) Private/operator campground near Reva with RV hookups per operator/social proof. Confirm exact camping area, current public booking/access, fees, and season before import."
sd-v23190-lead-menno-city-park-campground,SD,Menno City Park Campground,Hutchinson / Menno,sd_public_discovery_coordinate_or_correction_rescue_v23190,Modern Campgrounds,add_candidate,High,Worker 5 public-discovery return; source trail retained from worker table,Official city proof; exact campground pin required,No honest lat/lng was supplied in the worker active/correction table.,"Perform coordinate rescue using official/operator map, reservation map, Google/Apple/Bing map POI, OSM/Overpass POI, aerial imagery, parcel/GIS, agency/operator contact, or georeferenced official PDF. Import only when the point lands on the campground/camping area/entrance and does not use an office, lake center, park centroid, boat ramp, or other proxy.",,v23.1.90,Menno official page confirms six camp pads with electric/water/dump/bath house. (mennosd.org) Municipal campground; first-come/fee details should be included in popup after verification.
sd-v23190-lead-ingalls-homestead-camping,SD,Ingalls Homestead Camping,Kingsbury / De Smet,sd_public_discovery_coordinate_or_correction_rescue_v23190,Private Campgrounds,add_candidate,High,Worker 5 public-discovery return; source trail retained from worker table,Operator address: 20812 Homestead Road; exact campground area pin required,No honest lat/lng was supplied in the worker active/correction table.,"Perform coordinate rescue using official/operator map, reservation map, Google/Apple/Bing map POI, OSM/Overpass POI, aerial imagery, parcel/GIS, agency/operator contact, or georeferenced official PDF. Import only when the point lands on the campground/camping area/entrance and does not use an office, lake center, park centroid, boat ramp, or other proxy.",,v23.1.90,"Operator pages confirm RV sites, tent camping, covered wagons, bunkhouse; RV sites have water/electric. (Ingalls Homestead) Private/attraction campground; small site count; verify camping area versus museum entrance."
sd-v23190-lead-washington-park-campground,SD,Washington Park Campground,Kingsbury / De Smet,sd_public_discovery_coordinate_or_correction_rescue_v23190,Modern Campgrounds,add_candidate,High,Worker 5 public-discovery return; source trail retained from worker table,Official city park location: Third Street & Harvey Dunn Ave area; exact camping pad pin required,No honest lat/lng was supplied in the worker active/correction table.,"Perform coordinate rescue using official/operator map, reservation map, Google/Apple/Bing map POI, OSM/Overpass POI, aerial imagery, parcel/GIS, agency/operator contact, or georeferenced official PDF. Import only when the point lands on the campground/camping area/entrance and does not use an office, lake center, park centroid, boat ramp, or other proxy.",,v23.1.90,"De Smet official page confirms tent/RV camping, electricity, water, bathhouse, showers. (City of De Smet) Municipal campground in Washington Park; verify pad area before import."
sd-v23190-lead-lake-preston-city-campground,SD,Lake Preston City Campground,Kingsbury / Lake Preston,sd_public_discovery_coordinate_or_correction_rescue_v23190,Modern Campgrounds,add_candidate,High,Worker 5 public-discovery return; source trail retained from worker table,Official city campground page; exact park/campground pin required,No honest lat/lng was supplied in the worker active/correction table.,"Perform coordinate rescue using official/operator map, reservation map, Google/Apple/Bing map POI, OSM/Overpass POI, aerial imagery, parcel/GIS, agency/operator contact, or georeferenced official PDF. Import only when the point lands on the campground/camping area/entrance and does not use an office, lake center, park centroid, boat ramp, or other proxy.",,v23.1.90,Lake Preston official page confirms campground reservations and nightly/monthly rates. (Lake Preston) Municipal campground; verify exact Park Ave campground location.
sd-v23190-lead-prairie-village-camping,SD,Prairie Village Camping,Lake / Madison,sd_public_discovery_coordinate_or_correction_rescue_v23190,Private Campgrounds,add_candidate,High,Worker 5 public-discovery return; source trail retained from worker table,Operator address: 45205 SD Hwy 34; exact campsite area pin required,No honest lat/lng was supplied in the worker active/correction table.,"Perform coordinate rescue using official/operator map, reservation map, Google/Apple/Bing map POI, OSM/Overpass POI, aerial imagery, parcel/GIS, agency/operator contact, or georeferenced official PDF. Import only when the point lands on the campground/camping area/entrance and does not use an office, lake center, park centroid, boat ramp, or other proxy.",,v23.1.90,"Prairie Village/Travel SD confirm public camping, electrical/non-electrical rates, and many campsites. (Travel South Dakota) Private/attraction campground near Lake Herman; verify camping area, not museum entrance."
sd-v23190-lead-days-of-76-campground,SD,Days of ’76 Campground,Lawrence / Deadwood,sd_public_discovery_coordinate_or_correction_rescue_v23190,Private Campgrounds,needs_verification,High,Worker 1 public-discovery return; source trail retained from worker table,Operator/tourism proof; exact campground coordinate needed,No honest lat/lng was supplied in the worker active/correction table. Worker returned this as Needs Verification or coordinate-verification required.,"Perform coordinate rescue using official/operator map, reservation map, Google/Apple/Bing map POI, OSM/Overpass POI, aerial imagery, parcel/GIS, agency/operator contact, or georeferenced official PDF. Import only when the point lands on the campground/camping area/entrance and does not use an office, lake center, park centroid, boat ramp, or other proxy.",,v23.1.90,"Operator/tourism sources describe water/electric sites, tent/dry camping, showers, dump, trolley access. (Days of '76) Public-facing Deadwood campground."
sd-v23190-lead-whistler-gulch-campground,SD,Whistler Gulch Campground,Lawrence / Deadwood,sd_public_discovery_coordinate_or_correction_rescue_v23190,Private Campgrounds,needs_verification,High,Worker 1 public-discovery return; source trail retained from worker table,Operator address available: 235 Cliff St / Hwy 85 South; exact camping-loop coordinate needed,No honest lat/lng was supplied in the worker active/correction table. Worker returned this as Needs Verification or coordinate-verification required.,"Perform coordinate rescue using official/operator map, reservation map, Google/Apple/Bing map POI, OSM/Overpass POI, aerial imagery, parcel/GIS, agency/operator contact, or georeferenced official PDF. Import only when the point lands on the campground/camping area/entrance and does not use an office, lake center, park centroid, boat ramp, or other proxy.",,v23.1.90,Operator source. (Whistler Gulch Campground) Public-facing private campground.
sd-v23190-lead-camp-5-road-dispersed-cluster,SD,Camp 5 Road Dispersed Cluster,Lawrence / Meade edge,sd_public_discovery_coordinate_or_correction_rescue_v23190,Boondocking / Dispersed,needs_verification,High,Worker 1 public-discovery return; source trail retained from worker table,Existing legacy coordinate; community source plus broad official BHNF dispersed rule; MVUM same-spot check needed,Worker returned this as Needs Verification or coordinate-verification required.,"Perform coordinate rescue using official/operator map, reservation map, Google/Apple/Bing map POI, OSM/Overpass POI, aerial imagery, parcel/GIS, agency/operator contact, or georeferenced official PDF. Import only when the point lands on the campground/camping area/entrance and does not use an office, lake center, park centroid, boat ramp, or other proxy.",,v23.1.90,Camp 5 community listing plus official BHNF dispersed rules. (The Dyrt) Keep as Needs Verification unless MVUM/legal same-spot and 3+ independent reports are documented.
sd-lead-spearfish-city-campground,SD,Spearfish City Campground,Lawrence / Spearfish,coordinate rescue,Modern Campgrounds,coordinate_rescue,High,Prior municipal/operator proof return,NO HONEST COORDINATE FOUND,"Strong municipal/operator proof, but no official/import-safe campground coordinate recovered.","Check City of Spearfish campground map, reservation metadata, GIS, or agency contact.",None; not active in SD.js,v23.1.54-historical-backfill,ADD TO data/leads.js. Likely useful; don’t let a future worker re-discover it from scratch.
sd-v23190-lead-new-frontier-campground-and-rv-park,SD,New Frontier Campground and RV Park,Lyman / Presho,sd_public_discovery_coordinate_or_correction_rescue_v23190,Private Campgrounds,needs_verification,High,Worker 3 public-discovery return; source trail retained from worker table,Operator address only; coordinate rescue required,No honest lat/lng was supplied in the worker active/correction table. Worker returned this as Needs Verification or coordinate-verification required.,"Perform coordinate rescue using official/operator map, reservation map, Google/Apple/Bing map POI, OSM/Overpass POI, aerial imagery, parcel/GIS, agency/operator contact, or georeferenced official PDF. Import only when the point lands on the campground/camping area/entrance and does not use an office, lake center, park centroid, boat ramp, or other proxy.",,v23.1.90,"Operator page: full hookups, tent area, pull-throughs, showers, laundry, address; reservation page lists tent/full-hookup/cabin rates. (New Frontier Campground) Strong private campground candidate; do not import until campground-loop coordinate is verified."
sd-v23190-lead-fort-sisseton-historic-state-park-campground,SD,Fort Sisseton Historic State Park Campground,Marshall / Lake City area,sd_public_discovery_coordinate_or_correction_rescue_v23190,Modern Campgrounds,add_candidate,High,Worker 4 public-discovery return; source trail retained from worker table,Official/tourism address; exact campground-loop coordinate needed,No honest lat/lng was supplied in the worker active/correction table.,"Perform coordinate rescue using official/operator map, reservation map, Google/Apple/Bing map POI, OSM/Overpass POI, aerial imagery, parcel/GIS, agency/operator contact, or georeferenced official PDF. Import only when the point lands on the campground/camping area/entrance and does not use an office, lake center, park centroid, boat ramp, or other proxy.",,v23.1.90,Fort Sisseton listing shows camping/camping cabins and address. (South Dakota Glacial Lakes and Prairies) State historic park campground/cabins; verify exact campground point and current reservation details
sd-v23190-lead-roy-lake-state-park-campgrounds,SD,Roy Lake State Park Campgrounds,Marshall / Roy Lake,sd_public_discovery_coordinate_or_correction_rescue_v23190,Modern Campgrounds,add_candidate,High,Worker 4 public-discovery return; source trail retained from worker table,Official/tourism address; two-unit coordinate rescue needed,No honest lat/lng was supplied in the worker active/correction table.,"Perform coordinate rescue using official/operator map, reservation map, Google/Apple/Bing map POI, OSM/Overpass POI, aerial imagery, parcel/GIS, agency/operator contact, or georeferenced official PDF. Import only when the point lands on the campground/camping area/entrance and does not use an office, lake center, park centroid, boat ramp, or other proxy.",,v23.1.90,"Roy Lake listing shows two units, camping cabins, boat launches, beaches. (South Dakota Glacial Lakes and Prairies) State park with multiple campground units; do not collapse to lake center"
sd-v23190-lead-montrose-city-campground-pioneer-park-campground,SD,Montrose City Campground / Pioneer Park Campground,McCook / Montrose,sd_public_discovery_coordinate_or_correction_rescue_v23190,Modern Campgrounds,add_candidate,High,Worker 5 public-discovery return; source trail retained from worker table,Official city proof; exact campground pin required,No honest lat/lng was supplied in the worker active/correction table.,"Perform coordinate rescue using official/operator map, reservation map, Google/Apple/Bing map POI, OSM/Overpass POI, aerial imagery, parcel/GIS, agency/operator contact, or georeferenced official PDF. Import only when the point lands on the campground/camping area/entrance and does not use an office, lake center, park centroid, boat ramp, or other proxy.",,v23.1.90,Montrose official page confirms 39 sites with full hookup/electric/water/electric options. (City of Montrose SD) Municipal campground; verify current name and exact pad area.
sd-v23190-lead-dakota-sunsets-rv-park-and-campground,SD,Dakota Sunsets RV Park & Campground,McCook / Salem,sd_public_discovery_coordinate_or_correction_rescue_v23190,Private Campgrounds,add_candidate,High,Worker 5 public-discovery return; source trail retained from worker table,Operator address: 25495 US-81; exact campground pin required,No honest lat/lng was supplied in the worker active/correction table.,"Perform coordinate rescue using official/operator map, reservation map, Google/Apple/Bing map POI, OSM/Overpass POI, aerial imagery, parcel/GIS, agency/operator contact, or georeferenced official PDF. Import only when the point lands on the campground/camping area/entrance and does not use an office, lake center, park centroid, boat ramp, or other proxy.",,v23.1.90,"Operator/Travel SD pages confirm 54 sites, full hookups, season, I-90/US-81 location. (Dakota Sunsets Campground) Private campground north of I-90 Exit 364."
sd-lead-alkali-creek-trailhead-campground,SD,Alkali Creek Trailhead Campground,Meade / BLM Black Hills edge,coordinate rescue / GIS extraction,Rustic / Primitive,gis_extraction_needed,High,Prior BLM proof return,NO HONEST COORDINATE FOUND,"Official BLM camping proof exists, but no safe campground/trailhead-campground coordinate recovered.","BLM GIS, official map service, field office contact, or official trailhead/campground map extraction.",None; not active in SD.js,v23.1.54-historical-backfill,ADD TO data/leads.js. Do not use generic trailhead/parking coordinate unless official source identifies it as campground marker.
sd-v23190-lead-days-end-campground,SD,Days End Campground,Meade / Sturgis,sd_public_discovery_coordinate_or_correction_rescue_v23190,Private Campgrounds,needs_verification,High,Worker 1 public-discovery return; source trail retained from worker table,Operator site; exact campground coordinate needed,No honest lat/lng was supplied in the worker active/correction table. Worker returned this as Needs Verification or coordinate-verification required.,"Perform coordinate rescue using official/operator map, reservation map, Google/Apple/Bing map POI, OSM/Overpass POI, aerial imagery, parcel/GIS, agency/operator contact, or georeferenced official PDF. Import only when the point lands on the campground/camping area/entrance and does not use an office, lake center, park centroid, boat ramp, or other proxy.",,v23.1.90,"Operator source lists RV, tent, cabins, and glamping. (Days End Campground) Public-facing private campground."
sd-v23190-lead-sturgis-downtown-rv-park,SD,Sturgis Downtown RV Park,Meade / Sturgis,sd_public_discovery_coordinate_or_correction_rescue_v23190,Private Campgrounds,needs_verification,High,Worker 1 public-discovery return; source trail retained from worker table,Operator site; exact campground coordinate needed,No honest lat/lng was supplied in the worker active/correction table. Worker returned this as Needs Verification or coordinate-verification required.,"Perform coordinate rescue using official/operator map, reservation map, Google/Apple/Bing map POI, OSM/Overpass POI, aerial imagery, parcel/GIS, agency/operator contact, or georeferenced official PDF. Import only when the point lands on the campground/camping area/entrance and does not use an office, lake center, park centroid, boat ramp, or other proxy.",,v23.1.90,Operator source lists 152 full-hookup sites. (Sturgis RV Park) Public-facing RV park.
sd-v23190-lead-buffalo-chip-campground,SD,Buffalo Chip Campground,Meade / Sturgis area,sd_public_discovery_coordinate_or_correction_rescue_v23190,Private Campgrounds,needs_verification,High,Worker 1 public-discovery return; source trail retained from worker table,Operator source; exact campground coordinate needed,No honest lat/lng was supplied in the worker active/correction table. Worker returned this as Needs Verification or coordinate-verification required.,"Perform coordinate rescue using official/operator map, reservation map, Google/Apple/Bing map POI, OSM/Overpass POI, aerial imagery, parcel/GIS, agency/operator contact, or georeferenced official PDF. Import only when the point lands on the campground/camping area/entrance and does not use an office, lake center, park centroid, boat ramp, or other proxy.",,v23.1.90,Operator source. (Buffalo Chip Campground) Event/rally campground; verify normal-season public availability before import.
sd-v23190-lead-hog-heaven-campground,SD,Hog Heaven Campground,Meade / Sturgis area,sd_public_discovery_coordinate_or_correction_rescue_v23190,Private Campgrounds,needs_verification,High,Worker 1 public-discovery return; source trail retained from worker table,Operator source; exact campground coordinate needed,No honest lat/lng was supplied in the worker active/correction table. Worker returned this as Needs Verification or coordinate-verification required.,"Perform coordinate rescue using official/operator map, reservation map, Google/Apple/Bing map POI, OSM/Overpass POI, aerial imagery, parcel/GIS, agency/operator contact, or georeferenced official PDF. Import only when the point lands on the campground/camping area/entrance and does not use an office, lake center, park centroid, boat ramp, or other proxy.",,v23.1.90,Operator source describes 320-acre RV/tent campground. (Hog Heaven Campground) Event/rally campground; verify normal-season public availability.
sd-v23190-lead-katmandu-campground,SD,Katmandu Campground,Meade / Sturgis area,sd_public_discovery_coordinate_or_correction_rescue_v23190,Private Campgrounds,needs_verification,High,Worker 1 public-discovery return; source trail retained from worker table,Operator source; exact campground coordinate needed,No honest lat/lng was supplied in the worker active/correction table. Worker returned this as Needs Verification or coordinate-verification required.,"Perform coordinate rescue using official/operator map, reservation map, Google/Apple/Bing map POI, OSM/Overpass POI, aerial imagery, parcel/GIS, agency/operator contact, or georeferenced official PDF. Import only when the point lands on the campground/camping area/entrance and does not use an office, lake center, park centroid, boat ramp, or other proxy.",,v23.1.90,Operator source lists full-hookup RV sites plus tent sites/cabins. (Katmandu RV Park) Public-facing private campground.
sd-v23190-lead-rush-no-more-rv-resort-and-campground,SD,Rush No More RV Resort & Campground,Meade / Sturgis area,sd_public_discovery_coordinate_or_correction_rescue_v23190,Private Campgrounds,needs_verification,High,Worker 1 public-discovery return; source trail retained from worker table,Operator address available: 21137 Brimstone Pl.; exact campground-loop coordinate needed,No honest lat/lng was supplied in the worker active/correction table. Worker returned this as Needs Verification or coordinate-verification required.,"Perform coordinate rescue using official/operator map, reservation map, Google/Apple/Bing map POI, OSM/Overpass POI, aerial imagery, parcel/GIS, agency/operator contact, or georeferenced official PDF. Import only when the point lands on the campground/camping area/entrance and does not use an office, lake center, park centroid, boat ramp, or other proxy.",,v23.1.90,"Operator source lists RV sites, cabins, tent camping. (Rush No More RV Resort & Campground) Public-facing private campground."
sd-v23190-lead-pappy-hoel-campground,SD,Pappy Hoel Campground,Meade / Vale / Sturgis area,sd_public_discovery_coordinate_or_correction_rescue_v23190,Private Campgrounds,needs_verification,High,Worker 1 public-discovery return; source trail retained from worker table,"Operator address available: 19942 SD-79, Vale; exact camping-loop coordinate needed",No honest lat/lng was supplied in the worker active/correction table. Worker returned this as Needs Verification or coordinate-verification required.,"Perform coordinate rescue using official/operator map, reservation map, Google/Apple/Bing map POI, OSM/Overpass POI, aerial imagery, parcel/GIS, agency/operator contact, or georeferenced official PDF. Import only when the point lands on the campground/camping area/entrance and does not use an office, lake center, park centroid, boat ramp, or other proxy.",,v23.1.90,Operator source. (Pappy Hoel Campground) Public-facing/event campground; verify non-rally public availability.
sd-v23190-lead-yogi-bears-jellystone-park-of-sioux-falls,SD,Yogi Bear’s Jellystone Park of Sioux Falls,Minnehaha / Brandon area,sd_public_discovery_coordinate_or_correction_rescue_v23190,Private Campgrounds,add_candidate,High,Worker 5 public-discovery return; source trail retained from worker table,Operator address: 26014 478th Ave; exact campground pin required,No honest lat/lng was supplied in the worker active/correction table.,"Perform coordinate rescue using official/operator map, reservation map, Google/Apple/Bing map POI, OSM/Overpass POI, aerial imagery, parcel/GIS, agency/operator contact, or georeferenced official PDF. Import only when the point lands on the campground/camping area/entrance and does not use an office, lake center, park centroid, boat ramp, or other proxy.",,v23.1.90,Operator sources confirm year-round reservations and campground location. (Jellystone Park Sioux Falls) Private Jellystone campground; verify camping loop centroid/entrance.
sd-lead-big-sioux-jay-heath-water-trail-overnight-review,SD,Big Sioux / Jay Heath Canoe & Kayak Trail overnight camping review,Minnehaha / Lincoln / Moody / Brookings river corridor,coordinate_rescue,Boat / Backpack possible; hold as water-trail lead,coordinate_rescue,High,Water-trail source-family lead; official overnight proof needed,NO HONEST ACTIVE COORDINATE ACCEPTED,Keeps water-trail check visible without inventing boat-in sites.,Water-trail specific extraction pass; reject if official maps show access-only/no overnight.,,v23.1.70,
sd-v23190-lead-flamingo-falls-campground,SD,Flamingo Falls Campground,Minnehaha / Sioux Falls,sd_public_discovery_coordinate_or_correction_rescue_v23190,Private Campgrounds,add_candidate,High,Worker 5 public-discovery return; source trail retained from worker table,Operator/Experience Sioux Falls address: 26767 466th Ave; exact campground pin required,No honest lat/lng was supplied in the worker active/correction table.,"Perform coordinate rescue using official/operator map, reservation map, Google/Apple/Bing map POI, OSM/Overpass POI, aerial imagery, parcel/GIS, agency/operator contact, or georeferenced official PDF. Import only when the point lands on the campground/camping area/entrance and does not use an office, lake center, park centroid, boat ramp, or other proxy.",,v23.1.90,Operator/tourism sources confirm RV and tent camping at Wild Water West. (Wild Water West) Private campground tied to waterpark; seasonal rules should be verified.
sd-v23190-lead-sioux-falls-koa-journey,SD,Sioux Falls KOA Journey,Minnehaha / Sioux Falls,sd_public_discovery_coordinate_or_correction_rescue_v23190,Private Campgrounds,add_candidate,High,Worker 5 public-discovery return; source trail retained from worker table,Operator address: 1401 E Robur Dr; exact campground pin required,No honest lat/lng was supplied in the worker active/correction table.,"Perform coordinate rescue using official/operator map, reservation map, Google/Apple/Bing map POI, OSM/Overpass POI, aerial imagery, parcel/GIS, agency/operator contact, or georeferenced official PDF. Import only when the point lands on the campground/camping area/entrance and does not use an office, lake center, park centroid, boat ramp, or other proxy.",,v23.1.90,KOA page confirms RV/tent/cabin camping near I-90 Exit 399. (KOA) Private KOA campground; verify entrance/pin.
sd-lead-left-tailrace-campground,SD,Left Tailrace Campground,Missouri River / Fort Randall or Oahe system context,coordinate rescue,Modern Campgrounds,coordinate_rescue,High,Recreation.gov / prior USACE-style lead,NO HONEST COORDINATE FOUND,"Recreation.gov proof exists, but prior supervisor rejected boat-ramp coordinate as unsafe.","Use Recreation.gov/RIDB API payload, USACE GIS, official campground map, or agency contact.",None; not active in SD.js,v23.1.54-historical-backfill,ADD TO data/leads.js. Wrong-feature trap: boat ramp is not campground coordinate.
sd-v23190-lead-black-hills-trailside-park-resort,SD,Black Hills Trailside Park Resort,Pennington / Hill City,sd_public_discovery_coordinate_or_correction_rescue_v23190,Private Campgrounds,needs_verification,High,Worker 1 public-discovery return; source trail retained from worker table,Operator/tourism proof; exact campground coordinate needed,No honest lat/lng was supplied in the worker active/correction table. Worker returned this as Needs Verification or coordinate-verification required.,"Perform coordinate rescue using official/operator map, reservation map, Google/Apple/Bing map POI, OSM/Overpass POI, aerial imagery, parcel/GIS, agency/operator contact, or georeferenced official PDF. Import only when the point lands on the campground/camping area/entrance and does not use an office, lake center, park centroid, boat ramp, or other proxy.",,v23.1.90,"Source lists 46 RV sites, 10 tent sites, 9 cabins near Hill City/Mickelson Trail. (Black Hills Trailside Park Resort) Public-facing private campground."
sd-v23190-lead-horse-thief-campground,SD,Horse Thief Campground,Pennington / Hill City,sd_public_discovery_coordinate_or_correction_rescue_v23190,Private Campgrounds,needs_verification,High,Worker 1 public-discovery return; source trail retained from worker table,Operator proof; exact campground coordinate needed,No honest lat/lng was supplied in the worker active/correction table. Worker returned this as Needs Verification or coordinate-verification required.,"Perform coordinate rescue using official/operator map, reservation map, Google/Apple/Bing map POI, OSM/Overpass POI, aerial imagery, parcel/GIS, agency/operator contact, or georeferenced official PDF. Import only when the point lands on the campground/camping area/entrance and does not use an office, lake center, park centroid, boat ramp, or other proxy.",,v23.1.90,Operator source. (Horse Thief) Public-facing private campground.
sd-v23190-lead-rafter-j-bar-ranch-campground,SD,Rafter J Bar Ranch Campground,Pennington / Hill City,sd_public_discovery_coordinate_or_correction_rescue_v23190,Private Campgrounds,needs_verification,High,Worker 1 public-discovery return; source trail retained from worker table,Operator address available: 12325 Rafter J Rd.; exact loop coordinate needed,No honest lat/lng was supplied in the worker active/correction table. Worker returned this as Needs Verification or coordinate-verification required.,"Perform coordinate rescue using official/operator map, reservation map, Google/Apple/Bing map POI, OSM/Overpass POI, aerial imagery, parcel/GIS, agency/operator contact, or georeferenced official PDF. Import only when the point lands on the campground/camping area/entrance and does not use an office, lake center, park centroid, boat ramp, or other proxy.",,v23.1.90,"Operator source lists six camping areas, electric/water/sewer sites, limited tent sites/cabins. (Rafter J) Public-facing private campground."
sd-v23190-lead-kemps-kamp,SD,Kemp’s Kamp,Pennington / Keystone,sd_public_discovery_coordinate_or_correction_rescue_v23190,Private Campgrounds,needs_verification,High,Worker 1 public-discovery return; source trail retained from worker table,Operator address available: 1022 Old Hill City Rd.; exact campground coordinate needed,No honest lat/lng was supplied in the worker active/correction table. Worker returned this as Needs Verification or coordinate-verification required.,"Perform coordinate rescue using official/operator map, reservation map, Google/Apple/Bing map POI, OSM/Overpass POI, aerial imagery, parcel/GIS, agency/operator contact, or georeferenced official PDF. Import only when the point lands on the campground/camping area/entrance and does not use an office, lake center, park centroid, boat ramp, or other proxy.",,v23.1.90,Operator source lists RV sites and 2026 season dates. (Kemps Kamp) Public-facing private campground.
sd-v23190-lead-spokane-creek-cabins-and-campground,SD,Spokane Creek Cabins & Campground,Pennington / Keystone area,sd_public_discovery_coordinate_or_correction_rescue_v23190,Private Campgrounds,needs_verification,High,Worker 1 public-discovery return; source trail retained from worker table,Operator proof; exact campground coordinate needed,No honest lat/lng was supplied in the worker active/correction table. Worker returned this as Needs Verification or coordinate-verification required.,"Perform coordinate rescue using official/operator map, reservation map, Google/Apple/Bing map POI, OSM/Overpass POI, aerial imagery, parcel/GIS, agency/operator contact, or georeferenced official PDF. Import only when the point lands on the campground/camping area/entrance and does not use an office, lake center, park centroid, boat ramp, or other proxy.",,v23.1.90,Operator source lists RV and tent sites seven miles south of Keystone. (Spokanecreek) Public-facing private campground.
sd-v23190-lead-lake-park-campground,SD,Lake Park Campground,Pennington / Rapid City,sd_public_discovery_coordinate_or_correction_rescue_v23190,Private Campgrounds,needs_verification,High,Worker 1 public-discovery return; source trail retained from worker table,Operator proof; exact campground coordinate needed,No honest lat/lng was supplied in the worker active/correction table. Worker returned this as Needs Verification or coordinate-verification required.,"Perform coordinate rescue using official/operator map, reservation map, Google/Apple/Bing map POI, OSM/Overpass POI, aerial imagery, parcel/GIS, agency/operator contact, or georeferenced official PDF. Import only when the point lands on the campground/camping area/entrance and does not use an office, lake center, park centroid, boat ramp, or other proxy.",,v23.1.90,"Operator source lists RV sites, tent camping, cabins along Canyon Lake. (Lake Park Campground and Cabins) Public-facing private campground."
sd-v23190-lead-rapid-city-black-hills-koa-holiday,SD,Rapid City / Black Hills KOA Holiday,Pennington / Rapid City,sd_public_discovery_coordinate_or_correction_rescue_v23190,Private Campgrounds,needs_verification,High,Worker 1 public-discovery return; source trail retained from worker table,KOA/operator proof; exact campground coordinate needed,No honest lat/lng was supplied in the worker active/correction table. Worker returned this as Needs Verification or coordinate-verification required.,"Perform coordinate rescue using official/operator map, reservation map, Google/Apple/Bing map POI, OSM/Overpass POI, aerial imagery, parcel/GIS, agency/operator contact, or georeferenced official PDF. Import only when the point lands on the campground/camping area/entrance and does not use an office, lake center, park centroid, boat ramp, or other proxy.",,v23.1.90,KOA/operator listing. (KOA) Public-facing private campground.
sd-v23190-lead-rapid-city-rv-park-and-campground,SD,Rapid City RV Park & Campground,Pennington / Rapid City,sd_public_discovery_coordinate_or_correction_rescue_v23190,Private Campgrounds,needs_verification,High,Worker 1 public-discovery return; source trail retained from worker table,Operator address available: 4110 Mount Rushmore Rd.; exact loop/entrance coordinate needed,No honest lat/lng was supplied in the worker active/correction table. Worker returned this as Needs Verification or coordinate-verification required.,"Perform coordinate rescue using official/operator map, reservation map, Google/Apple/Bing map POI, OSM/Overpass POI, aerial imagery, parcel/GIS, agency/operator contact, or georeferenced official PDF. Import only when the point lands on the campground/camping area/entrance and does not use an office, lake center, park centroid, boat ramp, or other proxy.",,v23.1.90,"Operator/tourism sources list RV, cabins, dry cabins, tenting, bath houses, pool, Wi-Fi, laundry. (Rapid City RV Park & Campground) Public-facing private campground."
sd-v23190-lead-east-whitlock-lakeside-use-area,SD,East Whitlock Lakeside Use Area,Potter / Gettysburg / Lake Oahe,sd_public_discovery_coordinate_or_correction_rescue_v23190,Rustic / Primitive,needs_verification,High,Worker 3 public-discovery return; source trail retained from worker table,Official directional text only,No honest lat/lng was supplied in the worker active/correction table. Worker returned this as Needs Verification or coordinate-verification required.,"Perform coordinate rescue using official/operator map, reservation map, Google/Apple/Bing map POI, OSM/Overpass POI, aerial imagery, parcel/GIS, agency/operator contact, or georeferenced official PDF. Import only when the point lands on the campground/camping area/entrance and does not use an office, lake center, park centroid, boat ramp, or other proxy.",,v23.1.90,"GFP LSA marks East Whitlock as entrance/camping. (South Dakota Game, Fish, and Parks) Do not collapse into West Whitlock. Needs exact camping-area geometry."
sd-v23190-lead-red-side-inn-and-campground,SD,Red Side Inn and Campground,Roberts / Claire City,sd_public_discovery_coordinate_or_correction_rescue_v23190,Private Campgrounds,add_candidate,High,Worker 4 public-discovery return; source trail retained from worker table,Operator-social + Hipcamp; exact coordinate needed,No honest lat/lng was supplied in the worker active/correction table.,"Perform coordinate rescue using official/operator map, reservation map, Google/Apple/Bing map POI, OSM/Overpass POI, aerial imagery, parcel/GIS, agency/operator contact, or georeferenced official PDF. Import only when the point lands on the campground/camping area/entrance and does not use an office, lake center, park centroid, boat ramp, or other proxy.",,v23.1.90,Facebook/operator listing and Hipcamp show 7 RV/tent sites with full hookups. (Facebook) Private small campground; verify operator address and current public booking
sd-v23190-lead-sica-hollow-state-park-campground-horse-camp,SD,Sica Hollow State Park Campground / Horse Camp,Roberts / Sisseton area,sd_public_discovery_coordinate_or_correction_rescue_v23190,Rustic / Primitive,add_candidate,High,Worker 4 public-discovery return; source trail retained from worker table,Official park directions; exact loop coordinate needed,No honest lat/lng was supplied in the worker active/correction table.,"Perform coordinate rescue using official/operator map, reservation map, Google/Apple/Bing map POI, OSM/Overpass POI, aerial imagery, parcel/GIS, agency/operator contact, or georeferenced official PDF. Import only when the point lands on the campground/camping area/entrance and does not use an office, lake center, park centroid, boat ramp, or other proxy.",,v23.1.90,"GFP lists 14 campsites, non-electrical campsite fee, horse camp fee, year-round. (South Dakota Game, Fish, and Parks) Primitive/non-electric campground with horse-friendly sites; verify current conditions, reservations, access, and seasonal services"
sd-v23190-lead-county-line-campground,SD,County Line Campground,Roberts/Grant edge / Summit,sd_public_discovery_coordinate_or_correction_rescue_v23190,Private Campgrounds,add_candidate,High,Worker 4 public-discovery return; source trail retained from worker table,Operator/tourism address; exact coordinate needed,No honest lat/lng was supplied in the worker active/correction table.,"Perform coordinate rescue using official/operator map, reservation map, Google/Apple/Bing map POI, OSM/Overpass POI, aerial imagery, parcel/GIS, agency/operator contact, or georeferenced official PDF. Import only when the point lands on the campground/camping area/entrance and does not use an office, lake center, park centroid, boat ramp, or other proxy.",,v23.1.90,"Listing gives location at Hwy 12/I-29, full hookups, tent sites, cabins, seasonal RV. (South Dakota Glacial Lakes and Prairies) Private/operator campground"
sd-v23190-lead-fisher-grove-state-park-campground,SD,Fisher Grove State Park Campground,Spink / Frankfort-Redfield area,sd_public_discovery_coordinate_or_correction_rescue_v23190,Modern Campgrounds,add_candidate,High,Worker 4 public-discovery return; source trail retained from worker table,Tourism/official address; exact loop coordinate needed,No honest lat/lng was supplied in the worker active/correction table.,"Perform coordinate rescue using official/operator map, reservation map, Google/Apple/Bing map POI, OSM/Overpass POI, aerial imagery, parcel/GIS, agency/operator contact, or georeferenced official PDF. Import only when the point lands on the campground/camping area/entrance and does not use an office, lake center, park centroid, boat ramp, or other proxy.",,v23.1.90,"Listing shows 22 electrical campsites, restroom, dump/fill, address. (South Dakota Glacial Lakes and Prairies) State park campground"
sd-v23190-lead-hav-a-rest-campground,SD,Hav-A-Rest Campground,Spink / Redfield,sd_public_discovery_coordinate_or_correction_rescue_v23190,Modern Campgrounds,add_candidate,High,Worker 4 public-discovery return; source trail retained from worker table,Tourism/city-style listing address; exact loop coordinate needed,No honest lat/lng was supplied in the worker active/correction table.,"Perform coordinate rescue using official/operator map, reservation map, Google/Apple/Bing map POI, OSM/Overpass POI, aerial imagery, parcel/GIS, agency/operator contact, or georeferenced official PDF. Import only when the point lands on the campground/camping area/entrance and does not use an office, lake center, park centroid, boat ramp, or other proxy.",,v23.1.90,"Listing shows tent sites, electric pads, dump station, restrooms/showers, boat ramp, fishing dock. (South Dakota Glacial Lakes and Prairies) Public campground near Redfield Lake"
sd-v23190-lead-parker-rv-campground,SD,Parker RV Campground,Turner / Parker,sd_public_discovery_coordinate_or_correction_rescue_v23190,Modern Campgrounds,add_candidate,High,Worker 5 public-discovery return; source trail retained from worker table,Official city location on SD Hwy 44 west of Main Ave; exact pin required,No honest lat/lng was supplied in the worker active/correction table.,"Perform coordinate rescue using official/operator map, reservation map, Google/Apple/Bing map POI, OSM/Overpass POI, aerial imagery, parcel/GIS, agency/operator contact, or georeferenced official PDF. Import only when the point lands on the campground/camping area/entrance and does not use an office, lake center, park centroid, boat ramp, or other proxy.",,v23.1.90,Parker official page confirms 7-site RV campground with water/sewer/electric or electric-only sites. (Parker School District) Municipal RV campground; verify no tent camping.
sd-v23190-lead-elk-point-city-park-and-campground,SD,Elk Point City Park & Campground,Union / Elk Point,sd_public_discovery_coordinate_or_correction_rescue_v23190,Modern Campgrounds,add_candidate,High,Worker 5 public-discovery return; source trail retained from worker table,Official tourism location: Heritage Park off I-29 Exit 18; exact campground pin required,No honest lat/lng was supplied in the worker active/correction table.,"Perform coordinate rescue using official/operator map, reservation map, Google/Apple/Bing map POI, OSM/Overpass POI, aerial imagery, parcel/GIS, agency/operator contact, or georeferenced official PDF. Import only when the point lands on the campground/camping area/entrance and does not use an office, lake center, park centroid, boat ramp, or other proxy.",,v23.1.90,"Travel SD confirms 23 electrical sites, bathhouse, fire pits/tables, May 1–Oct. 1 camping. (Travel South Dakota) Municipal campground; good I-29 corridor add."
sd-lead-buffalo-gap-ng-dispersed-mvum-geometry,SD,Buffalo Gap National Grassland dispersed camping / MVUM geometry,Wall / Fall River / Buffalo Gap NG,coordinate_rescue,Boondocking / Dispersed,coordinate_rescue,High,Official USFS,NO HONEST ACTIVE COORDINATE ACCEPTED,"Useful as future area/rule geometry, not an exact campsite.","Add lead only, not active point.",,v23.1.70,
sd-v23190-lead-walth-bay-lakeside-use-area,SD,Walth Bay Lakeside Use Area,Walworth / Selby,sd_public_discovery_coordinate_or_correction_rescue_v23190,Rustic / Primitive,needs_verification,High,Worker 3 public-discovery return; source trail retained from worker table,Official directional text only + third-party hints,No honest lat/lng was supplied in the worker active/correction table. Worker returned this as Needs Verification or coordinate-verification required.,"Perform coordinate rescue using official/operator map, reservation map, Google/Apple/Bing map POI, OSM/Overpass POI, aerial imagery, parcel/GIS, agency/operator contact, or georeferenced official PDF. Import only when the point lands on the campground/camping area/entrance and does not use an office, lake center, park centroid, boat ramp, or other proxy.",,v23.1.90,"GFP LSA marks Walth Bay within camping-fee grouping. (South Dakota Game, Fish, and Parks) Needs official map/GIS or operator-confirmed camping point."
sd-v23190-lead-yankton-missouri-river-koa-journey,SD,Yankton / Missouri River KOA Journey,Yankton,sd_public_discovery_coordinate_or_correction_rescue_v23190,Private Campgrounds,add_candidate,High,Worker 5 public-discovery return; source trail retained from worker table,KOA/operator address; exact campground pin required,No honest lat/lng was supplied in the worker active/correction table.,"Perform coordinate rescue using official/operator map, reservation map, Google/Apple/Bing map POI, OSM/Overpass POI, aerial imagery, parcel/GIS, agency/operator contact, or georeferenced official PDF. Import only when the point lands on the campground/camping area/entrance and does not use an office, lake center, park centroid, boat ramp, or other proxy.",,v23.1.90,KOA/chamber sources confirm campground. (KOA) Private KOA campground near Missouri River/Yankton.
sd-v23190-lead-lewis-and-clark-resort-campsites,SD,Lewis & Clark Resort Campsites,Yankton / Lewis & Clark Lake,sd_public_discovery_coordinate_or_correction_rescue_v23190,Private Campgrounds,add_candidate,High,Worker 5 public-discovery return; source trail retained from worker table,Operator address: 43496 Shore Dr; exact campsite area pin required,No honest lat/lng was supplied in the worker active/correction table.,"Perform coordinate rescue using official/operator map, reservation map, Google/Apple/Bing map POI, OSM/Overpass POI, aerial imagery, parcel/GIS, agency/operator contact, or georeferenced official PDF. Import only when the point lands on the campground/camping area/entrance and does not use an office, lake center, park centroid, boat ramp, or other proxy.",,v23.1.90,Operator/source trail confirms camping/campsites at resort. (Lewis & Clark Resort) Private resort camping; verify transient campsite inventory/current access.
sd-lead-badlands-np-backcountry-zone-geometry,SD,Badlands NP backcountry camping zone/rule geometry,Badlands National Park,area_outline_followup,Boat / Backpack or Info / Reference,area_outline_followup,Medium-High,NPS backcountry rules / official maps / GIS,NO HONEST EXACT PIN,Prior SD worker flagged Badlands NP backcountry rule areas; random pullouts and broad park points are not importable.,Extract official backcountry zones/rules/GIS; represent as Info/Reference or Boat/Backpack area/rule only if camping opportunity can be honestly shown.,Sage Creek formal campground may already be active/lead; keep separate,v23.1.54-historical-backfill,Do not merge formal Sage Creek campground with backcountry zones.
nd-lake-ashtabula-east-ashtabula-crossing,ND,East Ashtabula Crossing Campground,Barnes / Lake Ashtabula,coordinate_rescue,Modern Campgrounds,coordinate_rescue,Medium,USACE / Recreation.gov official,NO HONEST ACTIVE COORDINATE ACCEPTED,One of four Lake Ashtabula campgrounds; don’t use lake/dam/boat ramp,Add component lead,,v23.1.70,
nd-lake-ashtabula-eggerts-landing,ND,Eggerts Landing Campground,Barnes / Lake Ashtabula,coordinate_rescue,Modern Campgrounds,coordinate_rescue,Medium,USACE / Recreation.gov + state tourism,NO HONEST ACTIVE COORDINATE ACCEPTED,Best Lake Ashtabula candidate to promote first because coordinate is available,Add lead or promote after final coordinate QA,,v23.1.70,
nd-lake-ashtabula-mel-rieman-rec-campground,ND,Mel Rieman Recreation Area Campground,Barnes / Lake Ashtabula,coordinate_rescue,Modern Campgrounds,coordinate_rescue,Medium,USACE / Recreation.gov official,NO HONEST ACTIVE COORDINATE ACCEPTED,Modern triad is present,Add component lead,,v23.1.70,
nd-lead-bull-creek-community-review,ND,Bull Creek WMA community boondocking lead,Billings County / western ND,community_review / gis_extraction_needed,Boondocking / Dispersed,community_review,Medium,3+ community reports needed; official disproof check,NO HONEST COORDINATE FOUND,No 3+ independent overnight-use reports or safe marker recovered yet.,Search community platforms and extract official WMA map/GIS geometry; accept if 3+ overnight reports cluster and no clear disproof.,,v23.1.53,
nd-lead-killdeer-mountains-community-review,ND,Killdeer Mountains WMA community boondocking lead,Dunn County / Killdeer Mountains,community_review / gis_extraction_needed,Boondocking / Dispersed,community_review,Medium,3+ community reports needed; official disproof check,NO HONEST COORDINATE FOUND,No 3+ independent overnight-use reports or safe marker recovered yet.,Search community platforms and extract official WMA map/GIS geometry; accept if 3+ overnight reports cluster and no clear disproof.,,v23.1.53,
nd-grand-forks-campground-coordinate-rescue,ND,Grand Forks Campground,Grand Forks,coordinate_rescue,Private Campgrounds,coordinate_rescue,Medium,State tourism / private lead,NO HONEST ACTIVE COORDINATE ACCEPTED,Don’t final-proof private campground solely from tourism if stricter operator proof is required,Add lead; operator proof,,v23.1.70,
nd-grand-forks-afb-famcamp-restricted-access,ND,Grand Forks AFB FamCamp,Grand Forks AFB,coordinate_rescue,Private Campgrounds / Restricted military,coordinate_rescue,Medium,Federal/military official,NO HONEST ACTIVE COORDINATE ACCEPTED,Useful reject/lead memory so it doesn’t become a public pin,Add restricted-access lead or reject memory,,v23.1.70,
nd-larimore-dam-recreation-area-campground,ND,Larimore Dam Recreation Area & Campground,Grand Forks County / Larimore,coordinate_rescue,Modern Campgrounds,coordinate_rescue,Medium,County official,NO HONEST ACTIVE COORDINATE ACCEPTED,"Real county campground, but do not pin dam structure",Add lead; coordinate rescue,,v23.1.70,
nd-tobacco-gardens-resort-marina-campground-coordinate-rescue,ND,Tobacco Gardens Resort & Marina Campground,McKenzie / Watford City / Lake Sakakawea,coordinate_rescue,Private Campgrounds,coordinate_rescue,Medium,Operator + official tourism,NO HONEST ACTIVE COORDINATE ACCEPTED,Do not use marina office/boat ramp as campground pin,Add coordinate-rescue lead,,v23.1.70,
nd-lead-cedar-river-ng-geometry-upgrade,ND,Cedar River National Grassland dispersed camping geometry upgrade,ND area/rule marker follow-up,gis_extraction_needed / area_outline_followup,Boondocking / Dispersed,gis_extraction_needed,Medium,Official GIS / map georeference,OFFICIAL AREA/RULE MARKER pending; exact geometry not packaged,"Accepted approximate area/rule pin should be followed by official polygon, MVUM, WMA, or route geometry.",Extract official GIS polygons/routes/MVUMs or georeference official maps; update/replace approximate Area pin when current schema supports it.,nd-v23153-cedar-river-ng-dispersed-rule-area,v23.1.53,
nd-lead-icelandic-primitive-coordinate-rescue,ND,Icelandic State Park primitive campground coordinate rescue,Pembina / Cavalier / Lake Renwick,coordinate_rescue,Rustic / Primitive,coordinate_rescue,Medium,Official state park / reservation / map needed,NO HONEST COORDINATE FOUND,Camping proof is strong but no defensible campground-loop coordinate has been recovered.,"Extract ReserveNDparks, OuterSpatial/ND Parks POI data, official GIS, or georeference official campground PDF. Do not use park office, lake center, or broad park centroid.",,v23.1.53,
nd-lead-grahams-island-primitive-coordinate-rescue,ND,Grahams Island State Park primitive campground coordinate rescue,Ramsey / Devils Lake,coordinate_rescue,Rustic / Primitive,coordinate_rescue,Medium,Official state park / reservation / map needed,NO HONEST COORDINATE FOUND,Camping proof is strong but no defensible campground-loop coordinate has been recovered.,"Extract ReserveNDparks, OuterSpatial/ND Parks POI data, official GIS, or georeference official campground PDF. Do not use park office, lake center, or broad park centroid.",,v23.1.53,
nd-lead-fort-ransom-primitive-walkin-coordinate-rescue,ND,Fort Ransom State Park primitive / walk-in campground coordinate rescue,Ransom / Fort Ransom,coordinate_rescue,Rustic / Primitive or Boat / Backpack,coordinate_rescue,Medium,Official state park / reservation / map needed,NO HONEST COORDINATE FOUND,Camping proof is strong but no defensible campground-loop coordinate has been recovered.,"Extract ReserveNDparks, OuterSpatial/ND Parks POI data, official GIS, or georeference official campground PDF. Do not use park office, lake center, or broad park centroid.",,v23.1.53,
nd-lead-cedar-lake-community-review,ND,Cedar Lake WMA community boondocking lead,Slope County / western ND,community_review / gis_extraction_needed,Boondocking / Dispersed,community_review,Medium,3+ community reports needed; official disproof check,NO HONEST COORDINATE FOUND,No 3+ independent overnight-use reports or safe marker recovered yet.,Search community platforms and extract official WMA map/GIS geometry; accept if 3+ overnight reports cluster and no clear disproof.,,v23.1.53,
nd-lead-speck-davis-pond-community-review,ND,Speck Davis Pond WMA community boondocking lead,Slope County / western ND,community_review / gis_extraction_needed,Boondocking / Dispersed,community_review,Medium,3+ community reports needed; official disproof check,NO HONEST COORDINATE FOUND,No 3+ independent overnight-use reports or safe marker recovered yet.,Search community platforms and extract official WMA map/GIS geometry; accept if 3+ overnight reports cluster and no clear disproof.,,v23.1.53,
nd-lead-adam-teresa-raab-wma-community-review,ND,Adam and Teresa Raab WMA community-proof lead,Stark County / Gladstone region,community_review / gis_extraction_needed,Boondocking / Dispersed,community_review,Medium,3+ community reports needed; official disproof check,NO HONEST COORDINATE FOUND,No 3+ independent overnight-use reports or safe marker recovered yet.,Search community platforms and extract official WMA map/GIS geometry; accept if 3+ overnight reports cluster and no clear disproof.,,v23.1.53,
nd-medora-belfield-crossings-whispering-pines-coordinate-rescue,ND,Crossings Campground / Whispering Pines Campground,Stark/Billings / Belfield-Medora area,coordinate_rescue,Private Campgrounds,coordinate_rescue,Medium,Operator,NO HONEST ACTIVE COORDINATE ACCEPTED,Do not collapse all three to Boots; Crossings/Whispering Pines need separate coordinate rescue,Add lead,,v23.1.70,
nd-frontier-fort-campground-private-coordinate-rescue,ND,Frontier Fort Campground,Stutsman / Jamestown,coordinate_rescue,Private Campgrounds,coordinate_rescue,Medium,State tourism / private lead,NO HONEST ACTIVE COORDINATE ACCEPTED,Keep as lead until operator proof captured,Add lead,,v23.1.70,
nd-jamestown-campground-private-operator,ND,Jamestown Campground,Stutsman / Jamestown,coordinate_rescue,Private Campgrounds,coordinate_rescue,Medium,Operator official,NO HONEST ACTIVE COORDINATE ACCEPTED,Obvious private/operator miss,Add lead,,v23.1.70,
nd-lead-trnp-backcountry-little-missouri-boating-geometry,ND,TRNP backcountry / Little Missouri River overnight boating area geometry,Theodore Roosevelt NP / Little Missouri River,area_outline_followup,Boat / Backpack or Info / Reference,area_outline_followup,Medium,NPS GIS / official backcountry rules / river corridor geometry,NO HONEST COORDINATE FOUND,Need official backcountry zones / river corridor rules; cannot use random pullouts.,"Use NPS GIS, backcountry permit maps, and Little Missouri river corridor geometry to replace broad/vague point assumptions.",TRNP Info / Reference s1095; Campsite #2 s1102,v23.1.53,
nd-lead-cottonwood-campground-coordinate-rescue,ND,Cottonwood Campground,Theodore Roosevelt NP / western ND,coordinate_rescue,Rustic / Primitive,coordinate_rescue,Medium,NPS / Recreation.gov / GIS metadata needed,NO HONEST COORDINATE FOUND,"Real NPS campground/horse camp proof exists, but official coordinate not recovered.","Extract RIDB/Recreation.gov API metadata, NPS GIS, NPS app map data, or agency coordinate. Do not use entrances, visitor centers, or broad park point.",TRNP Info / Reference s1095,v23.1.53,
nd-lead-juniper-campground-coordinate-rescue,ND,Juniper Campground,Theodore Roosevelt NP / western ND,coordinate_rescue,Rustic / Primitive,coordinate_rescue,Medium,NPS / Recreation.gov / GIS metadata needed,NO HONEST COORDINATE FOUND,"Real NPS campground/horse camp proof exists, but official coordinate not recovered.","Extract RIDB/Recreation.gov API metadata, NPS GIS, NPS app map data, or agency coordinate. Do not use entrances, visitor centers, or broad park point.",TRNP Info / Reference s1095,v23.1.53,
nd-lead-roundup-group-horse-camp-coordinate-rescue,ND,Roundup Group Horse Camp,Theodore Roosevelt NP / western ND,coordinate_rescue,Rustic / Primitive,coordinate_rescue,Medium,NPS / Recreation.gov / GIS metadata needed,NO HONEST COORDINATE FOUND,"Real NPS campground/horse camp proof exists, but official coordinate not recovered.","Extract RIDB/Recreation.gov API metadata, NPS GIS, NPS app map data, or agency coordinate. Do not use entrances, visitor centers, or broad park point.",TRNP Info / Reference s1095,v23.1.53,
nd-lead-nd-state-fairgrounds-camping-lane,ND,North Dakota State Fairgrounds camping lane,Ward / Minot,coordinate_rescue,Rustic / Primitive unless Modern triad recovered,coordinate_rescue,Medium,Official fairgrounds / booking / map needed,NO HONEST COORDINATE FOUND,"Official fair camping and off-season public camping exist, but camping-lane coordinate and shower/restroom proof are incomplete.","Extract fairgrounds camping map, Etix/reservation metadata, site-map PDF, GIS layer, or fairgrounds contact. Do not use fair office or broad fairgrounds address.",,v23.1.53,
nd-williams-county-kota-ray-dam-campground-coordinate-rescue,ND,Kota Ray Dam Campground,Williams / Ray,coordinate_rescue,Modern Campgrounds,coordinate_rescue,Medium,Official county,NO HONEST ACTIVE COORDINATE ACCEPTED,Likely Modern if flush/modern restroom proof confirmed; county “comfort stations” + showers is close but still worth verifying,Add coordinate-rescue lead,,v23.1.70,
nd-links-of-north-dakota-campground-coordinate-rescue,ND,Links of North Dakota Campground,Williams / Ray / Lake Sakakawea,coordinate_rescue,Private Campgrounds,coordinate_rescue,Medium,Official state license list,NO HONEST ACTIVE COORDINATE ACCEPTED,"Likely golf-course/resort campground, but not enough proof from license alone",Add lead,,v23.1.70,
nd-lunds-landing-whitetail-bay-campground-coordinate-rescue,ND,Lund’s Landing / Whitetail Bay Campground,Williams / Ray / Lake Sakakawea,coordinate_rescue,Private Campgrounds,coordinate_rescue,Medium,Operator + official tourism/license context,NO HONEST ACTIVE COORDINATE ACCEPTED,Do not use boat ramp/marina coordinate as campsite pin,Add coordinate-rescue lead,,v23.1.70,
sd-lead-badlands-north-unit-backcountry,SD,Badlands North Unit backcountry rule area,Badlands NP / North Unit,area/rule follow-up,"Boondocking / Dispersed or Boat / Backpack, depending schema",area_outline_followup,Medium,Prior NPS worker return,NO HONEST COORDINATE FOUND,"Official backcountry/rule context exists, but no honest point marker under current schema.","NPS GIS/backcountry rules, area-outline schema, or Info/Reference fallback.",None; not active in SD.js,v23.1.54-historical-backfill,ADD TO data/leads.js. Do not confuse with Badlands South Unit official no-camping rejection.
sd-lead-south-dakota-state-fairgrounds-huron-camping-check,SD,South Dakota State Fairgrounds / Huron camping check,Beadle / Huron,coordinate_rescue,Needs Verification,coordinate_rescue,Medium,Official fairground/source-family follow-up needed,NO HONEST ACTIVE COORDINATE ACCEPTED,"Treat as future verification, not active import.",Confirm ordinary public non-event camping or reject as event-only.,,v23.1.70,
sd-lead-little-white-river-lacreek-nwr,SD,Little White River Recreation Area / Lacreek NWR,Bennett / Lacreek NWR area,coordinate rescue,Rustic / Primitive,coordinate_rescue,Medium,Prior official proof return,NO HONEST COORDINATE FOUND,"Official camping proof noted, but no honest coordinate recovered.","Check USFWS/Lacreek NWR official maps, GIS, refuge brochure, or agency contact.",None; not active in SD.js,v23.1.54-historical-backfill,"ADD TO data/leads.js. Keep as lead, not reject; the blocker is coordinate, not camping proof."
sd-lead-brown-county-fairgrounds-non-event-camping-check,SD,Brown County Fairgrounds public non-event camping check,Brown / Aberdeen,coordinate_rescue,Needs Verification,coordinate_rescue,Medium,Fairgrounds source-family lead; official proof needed,NO HONEST ACTIVE COORDINATE ACCEPTED,Only becomes useful if ordinary public overnight camping is proven.,Official fairgrounds/county contact; reject if event-only.,,v23.1.70,
sd-lead-aberdeen-wylie-park-campground-coordinate-proof,SD,Wylie Park Campground / Wylie Park camping area,Brown / Aberdeen,coordinate_rescue,"Modern Campgrounds likely, but hold as lead",coordinate_rescue,Medium,Public discovery lead; official city/park page needed,NO HONEST ACTIVE COORDINATE ACCEPTED,"Useful obvious-miss lead. Needs official city/operator page, reservation record, or campground map; public discovery alone is not final proof.","Normal browser check City of Aberdeen/Wylie Park campground pages, reservation source, or city parks contact; then address-map/parcel spot-check campground area.",,v23.1.70,
sd-lead-wind-cave-backcountry,SD,Wind Cave National Park backcountry camping rule area,Custer / Wind Cave NP,area/rule follow-up,"Boondocking / Dispersed or Boat / Backpack, depending schema",area_outline_followup,Medium,Prior NPS worker return,NO HONEST COORDINATE FOUND,"Official rule-area/backcountry context exists, but current point schema could not honestly represent it.","Area-outline schema, NPS backcountry zone geometry, permit/rule page, or Info/Reference fallback.",None; not active in SD.js,v23.1.54-historical-backfill,ADD TO data/leads.js. Better as polygon/rule area than fake point.
sd-v23190-lead-lake-mitchell-campground,SD,Lake Mitchell Campground,Davison / Mitchell,sd_public_discovery_coordinate_or_correction_rescue_v23190,Modern Campgrounds,move___correction_candidate,Medium,Worker 5 public-discovery return; source trail retained from worker table,Existing repo coordinate; official amenities support modern layer,"Worker returned this as a correction candidate, not a new import-ready site.","Perform coordinate rescue using official/operator map, reservation map, Google/Apple/Bing map POI, OSM/Overpass POI, aerial imagery, parcel/GIS, agency/operator contact, or georeferenced official PDF. Import only when the point lands on the campground/camping area/entrance and does not use an office, lake center, park centroid, boat ramp, or other proxy.",,v23.1.90,Mitchell city page confirms 48 RV hookup sites and 9 tent sites. (City of Mitchell) Correct layer from Rustic / Primitive to Modern.
sd-lead-milbank-lake-farley-park-camping-check,SD,Lake Farley Park camping check,Grant / Milbank,coordinate_rescue,Needs Verification,coordinate_rescue,Medium,City/lake public-discovery lead; official proof needed,NO HONEST ACTIVE COORDINATE ACCEPTED,Keep as small-town Glacial Lakes lead; reject later if day-use/event-only.,Official city source or contact.,,v23.1.70,
sd-v23190-lead-hidden-valley-campground,SD,Hidden Valley Campground,Lawrence / Deadwood south,sd_public_discovery_coordinate_or_correction_rescue_v23190,Private Campgrounds,move___correction_candidate,Medium,Worker 1 public-discovery return; source trail retained from worker table,Existing legacy coordinate retained only as candidate; needs map/aerial verification,"Worker returned this as a correction candidate, not a new import-ready site.","Perform coordinate rescue using official/operator map, reservation map, Google/Apple/Bing map POI, OSM/Overpass POI, aerial imagery, parcel/GIS, agency/operator contact, or georeferenced official PDF. Import only when the point lands on the campground/camping area/entrance and does not use an office, lake center, park centroid, boat ramp, or other proxy.",,v23.1.90,Hidden Valley Campground public listing describes an 87-acre campground six miles south of Deadwood. (Black Hills Badlands) Rename/resolve uncertain record. Current popup/name is not trustworthy enough.
sd-v23190-lead-city-of-britton-rv-park,SD,City of Britton RV Park,Marshall / Britton,sd_public_discovery_coordinate_or_correction_rescue_v23190,Modern Campgrounds,community_reported_candidate,Medium,Worker 4 public-discovery return; source trail retained from worker table,3+ community reports; no official city proof recovered,No honest lat/lng was supplied in the worker active/correction table.,"Perform coordinate rescue using official/operator map, reservation map, Google/Apple/Bing map POI, OSM/Overpass POI, aerial imagery, parcel/GIS, agency/operator contact, or georeferenced official PDF. Import only when the point lands on the campground/camping area/entrance and does not use an office, lake center, park centroid, boat ramp, or other proxy.",,v23.1.90,"Dyrt/Campendium/blog-style reports support public RV/camping use. (The Dyrt) Community Reported — overnight camping supported by multiple independent user/community reports; not confirmed by official city source. Verify legality, access, fees, utilities, and current operation before staying"
sd-lead-lake-carthage-lakeside-use-area,SD,Lake Carthage Lakeside Use Area,Miner / Carthage area,coordinate rescue,Rustic / Primitive,coordinate_rescue,Medium,Prior Worker 5 / supervisor return,NO HONEST COORDINATE FOUND,"Official camping proof found, but no safe coordinate.","Check South Dakota GFP/county GIS, official lakeside-use map, or agency contact.",None; not active in SD.js,v23.1.54-historical-backfill,ADD TO data/leads.js. Do not use lake center or boat-ramp marker.
sd-lead-lake-carthage-lakeside-use-area-camping-proof,SD,Lake Carthage Lakeside Use Area,Miner / Lake Carthage area,coordinate_rescue,Needs Verification,coordinate_rescue,Medium,Official GFP index/listing lead; detail page not recovered,NO HONEST ACTIVE COORDINATE ACCEPTED,Do not import based on list presence alone. It may be day-use/water access or could have camping; unresolved.,Use normal browser/GFP park finder or agency contact to confirm camping and extract official coordinate.,,v23.1.70,
sd-lead-dell-rapids-campground,SD,Dell Rapids Campground,Minnehaha / Dell Rapids,coordinate rescue,Modern Campgrounds,coordinate_rescue,Medium,Prior municipal proof return,NO HONEST COORDINATE FOUND,"Official proof strong, but no import-safe coordinate.","City campground page, reservation/payment metadata, city GIS, or city parks contact.",None; not active in SD.js,v23.1.54-historical-backfill,ADD TO data/leads.js. Likely good count later if coordinate is rescued.
sd-v23190-lead-split-rock-park-campground,SD,Split Rock Park Campground,Minnehaha / Garretson,sd_public_discovery_coordinate_or_correction_rescue_v23190,Modern Campgrounds,move___correction_candidate,Medium,Worker 5 public-discovery return; source trail retained from worker table,Existing repo coordinate; official/operator amenities support modern or mixed modern layer,"Worker returned this as a correction candidate, not a new import-ready site.","Perform coordinate rescue using official/operator map, reservation map, Google/Apple/Bing map POI, OSM/Overpass POI, aerial imagery, parcel/GIS, agency/operator contact, or georeferenced official PDF. Import only when the point lands on the campground/camping area/entrance and does not use an office, lake center, park centroid, boat ramp, or other proxy.",,v23.1.90,Operator/city pages confirm RV/tent camping and 30/50 amp sites. (Split Rock Park Campground) Correct layer to Modern or consider mixed note: RV electric plus primitive tent area.
sd-lead-wh-lyon-fairgrounds-campground,SD,W.H. Lyon Fairgrounds Campground,Minnehaha / Sioux Falls,coordinate rescue,Modern Campgrounds,coordinate_rescue,Medium,Prior fairground/municipal proof return,NO HONEST COORDINATE FOUND,"Public seasonal camping proof exists, but no campground geometry/coordinate recovered.","Fairgrounds camping map, booking system metadata, county GIS, or operator contact.",None; not active in SD.js,v23.1.54-historical-backfill,ADD TO data/leads.js. Do not use fair office or broad fairgrounds centroid.
sd-lead-james-river-island-mnrra,SD,James River Island primitive camping opportunity,Missouri National Recreational River / James River confluence area,GIS / area geometry,Boat / Backpack,area_outline_followup,Medium,Prior NPS/MNRR worker return,NO HONEST COORDINATE FOUND,"Official NPS opportunity noted, but no honest campsite/area geometry recovered.","NPS GIS, MNRR water-trail/camping map, official island boundary/campsite metadata, or NPS contact.",None; not active in SD.js,v23.1.54-historical-backfill,ADD TO data/leads.js. Same trap: island center is not a campsite.
sd-lead-goat-island-mnrra,SD,Goat Island primitive camping opportunity,Missouri National Recreational River / Yankton-area island context,GIS / area geometry,Boat / Backpack,area_outline_followup,Medium,Prior NPS/MNRR worker return,NO HONEST COORDINATE FOUND,"Official NPS opportunity noted, but no honest campsite/area geometry recovered.","NPS GIS, MNRR water-trail/camping map, official island boundary/campsite metadata, or NPS contact.",None; not active in SD.js,v23.1.54-historical-backfill,ADD TO data/leads.js. Do not use island center as campsite pin.
sd-future-lead-missouri-river-main-reservoir-campgrounds-worker2,SD,Missouri River main-reservoir campground residuals,Missouri River / central reservoirs west or edge of W3 lock,out_of_scope_future_lead,Mixed,future_lead,Medium,Scope-control note,NO HONEST ACTIVE COORDINATE ACCEPTED,Parked to obey scope-control; do not let W3 roam into Worker 2.,Handle only in W2 or supervisor reconciliation if needed.,,v23.1.70,
sd-lead-missouri-river-usace-rec-system-gis,SD,South Dakota Missouri River / USACE recreation-system GIS extraction,Missouri River corridor / Oahe-Fort Randall-Big Bend area,gis_extraction_needed / coordinate_rescue,Rustic / Primitive / Modern / Boat / Backpack by site,gis_extraction_needed,Medium,USACE maps/GIS / Recreation.gov/RIDB / official PDFs,NO HONEST EXACT PIN,"Prior SD work had USACE/river-corridor follow-ups; W10 should preserve this as a source-system extraction problem, not a statewide dot hunt.",Extract official USACE recreation-area/campground GIS or reservation metadata; reject day-use-only shelters/ramps/lake centers.,Possible active SD records; verify state file before adds,v23.1.54-historical-backfill,Only named recreation areas with overnight proof should become site rows.
sd-lead-usace-oahe-sharpe-francis-case-fort-randall-geometry-component-extraction,SD,USACE/GFP Missouri River reservoir component geometry extraction,Oahe / Sharpe / Francis Case / Fort Randall corridor,coordinate_rescue,Area/rule / component extraction lead,coordinate_rescue,Medium,USACE / GFP / Recreation.gov / GIS,NO HONEST ACTIVE COORDINATE ACCEPTED,Do not create reservoir mush pins. This is for future geometry and component precision.,Add durable geometry/component extraction lead.,,v23.1.70,
sd-lead-colome-city-camp-sites,SD,Colome City Camp Sites,Tripp / Colome,coordinate rescue,Rustic / Primitive,coordinate_rescue,Medium,Prior municipal proof return,NO HONEST COORDINATE FOUND,"Official proof found, but no safe coordinate.","City map, city contact, campground utility/payment source, or official GIS.",None; not active in SD.js,v23.1.54-historical-backfill,ADD TO data/leads.js. Do not use city hall or broad city park centroid.
sd-lead-alcester-city-park-campsites,SD,Alcester City Park Campsites,Union / Alcester,coordinate rescue,Rustic / Primitive,coordinate_rescue,Medium,Prior municipal proof return,NO HONEST COORDINATE FOUND,"Official proof found, but no safe coordinate; no restroom/shower proof for Modern.","City map/GIS, park board/city contact, or official campground map.",None; not active in SD.js,v23.1.54-historical-backfill,ADD TO data/leads.js. Keep Rustic / Primitive unless modern restroom/shower proof appears.
sd-lead-elk-point-city-campground-heritage-park,SD,Elk Point City Campground / Heritage Park,Union / Elk Point,agency contact needed,Rustic / Primitive,agency_contact_needed,Medium,Prior municipal lead,NO HONEST COORDINATE FOUND,"Likely real, but official detail not accessible enough in prior pass.","City contact, park board contact, official city campground page, or reservation/payment source.",None; not active in SD.js,v23.1.54-historical-backfill,"ADD TO data/leads.js, not rejected. This is exactly the kind of recurring “maybe real” lead that otherwise wastes worker time."
sd-lead-lake-oahe-private-resorts-operator-proof-sweep,SD,Lake Oahe private/operator resort campgrounds — operator proof sweep,Walworth / Potter / Sully / Stanley / Dewey / Corson,coordinate_rescue,Private Campgrounds or Needs Verification by site,coordinate_rescue,Medium,Operator/private source follow-up,NO HONEST ACTIVE COORDINATE ACCEPTED,Keep as source-family lead to avoid fake pins.,Dedicated operator-proof sweep for Bob’s Resort/West Whitlock-area resorts/Lake Oahe camping operators and exact campground/RV areas.,,v23.1.70,
sd-future-lead-lewis-and-clark-yankton-reservoir-cluster,SD,Lewis and Clark / Yankton reservoir campground cluster,Yankton / Bon Homme lower Missouri River,out_of_scope_future_lead,Future lead / duplicate-check note,future_lead,Medium,Official GFP,NO HONEST ACTIVE COORDINATE ACCEPTED,Parked only to prevent scope creep.,Leave for separate/lower-river worker if needed.,,v23.1.70,
sd-verify-yankton-edge-private-operator-campgrounds,SD,Yankton edge private/operator campgrounds not covered by Missouri River Worker 2,Yankton / East River-Missouri River edge,needs_verification,Private Campgrounds possible,needs_verification,Medium,Public discovery/source-family note,NO HONEST ACTIVE COORDINATE ACCEPTED,Scope edge. Keep for supervisor if W2 did not handle Yankton private/operator residuals.,Supervisor decide whether to assign Yankton private/operator cleanup to W2 Missouri River or East River closeout.,,v23.1.70,
nd-lead-clausen-springs-wma-nct-overnight-proof,ND,Clausen Springs WMA / North Country Trail crossing overnight-use proof,Barnes County / Sheyenne River-Lake Ashtabula corridor,community_review / official_rule_needed,Boat / Backpack or Boondocking / Dispersed if overnight proof recovered,community_review,Low-Medium,Official WMA rules or 3+ community reports needed,NO HONEST COORDINATE FOUND,NCT/WMA crossing context exists but camping at a specific spot was not proven.,Need official WMA rules and 3+ overnight reports or official primitive camping proof.,,v23.1.53,
nd-lead-warsing-dam-sheyenne-local-campground,ND,Warsing Dam / Sheyenne local campground lead,Eddy County / Sheyenne,coordinate_rescue,Rustic / Primitive or local campground if official proof recovered,official_source_needed,Low-Medium,Official/operator or community proof needed,NO HONEST COORDINATE FOUND,Only a secondary-source mention of campsites at Warsing Dam was recovered; no official/operator page or 3+ reports.,"Find city/county/operator page or contact local officials; recover coordinate, amenities, fees, and season.",,v23.1.53,
nd-lead-jamestown-municipal-county-camping,ND,Jamestown municipal/county camping lead,Stutsman / Jamestown,community_review / agency_contact_needed,Rustic / Primitive or Modern if official proof recovered,unattainable_from_accessible_sources,Low-Medium,Official/operator or 3+ community proof needed,NO HONEST COORDINATE FOUND,Prior pass did not recover usable official/operator proof or 3+ community overnight proof.,"City/county parks contact, official campground page search, or community proof review.",,v23.1.53,
sd-lead-lacreek-little-white-river-overnight-proof,SD,Lacreek NWR / Little White River corridor overnight-use proof,Bennett County / Little White River / Lacreek NWR region,agency_contact_needed / official_proof_needed,Boondocking / Dispersed or Boat / Backpack only if proof recovered,agency_contact_needed,Low-Medium,USFWS/refuge rules / agency contact / official maps,NO HONEST EXACT PIN,"Prior SD historical backfill mentioned Little White River/Lacreek NWR as a follow-up, but overnight legality/geometry is not clear from accessible prior context.",Check official refuge rules and river-corridor permissions; reject if no overnight camping is allowed.,,v23.1.54-historical-backfill,Keep out of active map until proof is recovered.
sd-lead-white-river-city-park-camping,SD,White River City Park Camping,Mellette / White River,agency contact needed,Rustic / Primitive,unattainable_from_accessible_sources,Low,Prior municipal search conclusion,NO HONEST COORDINATE FOUND,"Not importable from accessible official/operator sources, but not formally disproven.",Agency/city contact only; do not re-web-search casually unless new official source appears.,None; not active in SD.js,v23.1.54-historical-backfill,"ADD TO data/leads.js as low-priority historical hold, not rejected.js; failure to prove is not the same as official disproof."
sd-lead-chantier-creek-usace,SD,Chantier Creek USACE lead,Missouri River / Lake Oahe system,GIS / coordinate rescue,Rustic / Primitive or Modern unknown,needs_supervisor_review,Low,Prior Worker 4 hold,NO HONEST COORDINATE FOUND,Need official proof and coordinate.,"USACE recreation map/GIS, Recreation.gov, official campground map, or reject if day-use/non-camping.",None identified active,v23.1.54-historical-backfill,ADD TO data/leads.js only as low-priority unresolved USACE lead.
sd-lead-foster-bay-usace,SD,Foster Bay USACE lead,Missouri River / Lake Oahe system,GIS / coordinate rescue,Rustic / Primitive or Modern unknown,needs_supervisor_review,Low,Prior Worker 4 hold,NO HONEST COORDINATE FOUND,Need official proof and coordinate; prior pass only left it as verification/USACE lead.,"USACE recreation map/GIS, Recreation.gov, official campground map, or reject if day-use/non-camping.",None identified active,v23.1.54-historical-backfill,ADD TO data/leads.js only if you want USACE unresolved items tracked; not enough for active import.
sd-lead-minneconjou-usace,SD,Minneconjou USACE lead,Missouri River / Lake Oahe system,GIS / coordinate rescue,Rustic / Primitive or Modern unknown,needs_supervisor_review,Low,Prior Worker 4 hold,NO HONEST COORDINATE FOUND,Need official proof and coordinate; prior pass left it unresolved.,"USACE recreation map/GIS, Recreation.gov, official campground map, or reject if day-use/non-camping.",None identified active,v23.1.54-historical-backfill,ADD TO data/leads.js only as low-priority unresolved USACE lead.
sd-lead-west-shore-usace,SD,West Shore USACE lead,Missouri River / Lake Oahe/Fort Randall system context,GIS / coordinate rescue,Rustic / Primitive or Modern unknown,needs_supervisor_review,Low,Prior Worker 4 hold,NO HONEST COORDINATE FOUND,Need official proof and coordinate.,"USACE recreation map/GIS, Recreation.gov, official campground map, or reject if day-use/non-camping.",None identified active,v23.1.54-historical-backfill,ADD TO data/leads.js only as low-priority unresolved USACE lead.
